applicant_id,credit_score,num_credit_accounts,num_active_accounts,credit_history_months,num_delinquent_accounts,max_dpd_last_12m,num_enquiries_6m,num_enquiries_12m,total_outstanding_debt,secured_loan_percentage,num_written_off_accounts,num_settled_accounts
APP000001,725,2,2,78,1,90,4,7,660600.0,49.4,0,0
APP000002,656,3,2,0,0,0,2,5,163400.0,60.7,0,0
APP000003,748,4,2,24,1,30,4,5,1310400.0,92.5,1,0
APP000004,652,1,1,206,1,180,1,2,718400.0,78.7,0,0
APP000005,806,3,1,41,0,0,0,1,884900.0,71.6,0,0
APP000006,614,2,2,71,1,30,1,3,577500.0,79.6,0,0
APP000007,713,3,0,8,0,0,0,0,16400.0,64.7,0,0
APP000008,699,6,2,5,2,90,2,5,647500.0,72.3,0,0
APP000009,783,2,1,40,0,0,2,3,151800.0,96.5,0,0
APP000010,680,1,1,82,1,60,2,2,539200.0,97.5,0,0
APP000011,715,2,2,155,3,30,3,5,443900.0,82.3,0,0
APP000012,761,3,1,30,1,90,3,5,1416100.0,50.9,0,0
APP000013,742,0,0,105,1,30,4,4,902500.0,60.5,0,0
APP000014,663,1,1,25,1,90,2,3,312300.0,87.4,0,0
APP000015,800,3,3,157,0,0,0,2,61200.0,76.3,0,0
APP000016,655,4,3,109,0,0,1,4,86400.0,93.4,0,0
APP000017,654,5,1,13,1,30,4,6,125500.0,26.1,0,0
APP000018,701,3,1,40,1,30,1,4,58800.0,8.4,0,0
APP000019,736,1,1,121,2,90,4,4,402600.0,64.6,0,1
APP000020,601,4,2,76,1,30,2,4,473600.0,46.8,0,0
APP000021,750,3,3,143,1,30,1,2,18300.0,68.0,0,0
APP000022,720,2,1,59,1,60,3,5,467500.0,12.5,1,0
APP000023,757,4,2,4,0,0,4,5,763100.0,89.1,0,1
APP000024,766,4,0,43,1,60,3,5,283500.0,44.7,0,0
APP000025,598,3,0,31,2,60,2,4,42800.0,18.6,0,0
APP000026,716,5,2,1,0,0,1,3,550200.0,74.4,0,0
APP000027,674,1,1,10,1,30,3,5,338900.0,1.2,0,0
APP000028,828,4,3,78,0,0,2,4,1139200.0,3.1,0,1
APP000029,668,4,2,45,1,30,2,3,56500.0,87.4,0,0
APP000030,614,7,2,26,0,0,0,1,129400.0,93.3,1,0
APP000031,735,0,0,156,0,0,6,10,752800.0,71.4,0,0
APP000032,857,2,2,11,0,0,1,2,129800.0,90.9,0,0
APP000033,762,4,4,13,0,0,4,8,211200.0,74.4,0,0
APP000034,756,3,2,28,0,0,2,4,529700.0,1.5,0,1
APP000035,741,5,0,64,0,0,2,3,114500.0,81.5,0,0
APP000036,604,2,1,33,0,0,3,4,467300.0,83.4,0,1
APP000037,756,2,0,155,2,60,1,3,555000.0,35.7,0,1
APP000038,568,1,1,21,5,90,1,2,71500.0,20.2,0,0
APP000039,666,2,0,12,1,60,3,3,322400.0,79.9,0,0
APP000040,614,3,3,63,0,0,0,1,433000.0,3.0,0,0
APP000041,628,3,0,232,1,120,1,3,143600.0,71.2,0,0
APP000042,698,2,2,19,0,0,0,1,33300.0,62.3,0,0
APP000043,885,5,1,267,1,60,1,3,204300.0,28.7,2,2
APP000044,802,2,2,28,0,0,2,3,366100.0,3.4,0,0
APP000045,653,3,3,104,4,180,4,6,942700.0,25.0,0,1
APP000046,701,3,2,53,1,30,2,4,285400.0,45.2,0,0
APP000047,814,1,1,0,0,0,0,0,1087900.0,10.5,0,0
APP000048,708,2,2,226,0,0,2,5,1396200.0,68.4,0,0
APP000049,635,3,1,46,0,0,3,4,819200.0,58.7,0,0
APP000050,759,8,1,26,0,0,2,4,154400.0,95.9,0,0
APP000051,666,5,3,62,2,120,4,6,8600.0,83.4,0,0
APP000052,654,1,1,51,1,30,2,6,823000.0,8.7,2,0
APP000053,741,4,0,25,0,0,4,5,97500.0,18.6,0,0
APP000054,756,6,1,17,3,90,1,2,252200.0,45.8,0,0
APP000055,798,4,1,3,3,60,0,3,63100.0,49.6,0,0
APP000056,726,2,2,129,0,0,3,5,213500.0,26.7,0,2
APP000057,685,3,0,24,1,30,2,5,239600.0,26.7,0,1
APP000058,741,4,0,53,0,0,3,5,609500.0,56.6,0,0
APP000059,649,2,2,58,3,120,1,1,362500.0,94.6,0,0
APP000060,856,3,3,94,2,60,1,2,584100.0,16.3,3,0
APP000061,725,5,0,176,1,30,2,3,486600.0,66.1,0,0
APP000062,692,8,3,61,2,90,5,6,315400.0,60.2,0,0
APP000063,632,1,1,121,0,0,1,2,424300.0,1.3,2,0
APP000064,626,2,2,43,1,30,2,3,84900.0,34.8,0,0
APP000065,679,2,2,2,0,0,3,6,796000.0,80.3,0,0
APP000066,622,3,3,84,3,90,3,5,115900.0,42.1,0,0
APP000067,721,4,1,42,3,180,2,4,837300.0,79.9,0,0
APP000068,554,3,1,30,1,90,4,6,264000.0,12.8,0,0
APP000069,614,3,0,14,1,60,2,6,147200.0,86.3,1,0
APP000070,684,2,2,40,0,0,1,3,427200.0,38.0,0,0
APP000071,781,3,1,76,0,0,3,4,1139900.0,78.6,0,0
APP000072,765,2,0,57,0,0,2,3,268900.0,96.8,0,0
APP000073,648,7,1,2,0,0,2,4,199500.0,66.2,1,0
APP000074,620,2,1,165,0,0,3,6,863400.0,46.8,0,0
APP000075,757,3,3,12,0,0,3,5,858600.0,97.2,0,0
APP000076,636,2,2,88,0,0,2,4,550000.0,0.5,0,0
APP000077,813,1,0,171,1,30,4,7,1099900.0,92.3,1,0
APP000078,725,3,3,43,0,0,3,4,645400.0,37.2,0,0
APP000079,805,2,1,18,2,30,4,4,515800.0,55.2,0,1
APP000080,565,3,1,28,5,30,2,4,181700.0,80.2,0,0
APP000081,726,6,2,17,0,0,3,6,35600.0,96.5,0,1
APP000082,579,4,0,2,0,0,5,5,172100.0,37.7,0,0
APP000083,683,2,1,19,1,60,0,0,153300.0,25.1,0,0
APP000084,674,4,4,12,5,60,3,4,672300.0,56.4,0,0
APP000085,702,3,3,92,3,90,0,2,569300.0,57.2,2,0
APP000086,837,1,1,16,0,0,1,4,375300.0,74.6,0,0
APP000087,755,3,3,92,1,60,3,5,117000.0,38.6,0,0
APP000088,767,2,2,32,1,90,2,4,741700.0,91.0,0,0
APP000089,623,4,0,46,0,0,0,3,1025500.0,73.0,0,0
APP000090,633,3,2,27,0,0,4,5,296000.0,56.9,0,0
APP000091,634,2,1,181,0,0,5,7,71100.0,71.4,0,0
APP000092,560,5,2,22,0,0,0,0,311600.0,26.3,2,0
APP000093,745,6,4,165,1,30,2,3,63600.0,90.6,0,0
APP000094,822,3,1,25,0,0,2,3,744100.0,83.2,1,0
APP000095,708,3,1,2,0,0,2,2,442400.0,88.4,0,0
APP000096,794,4,2,73,0,0,1,4,38700.0,77.3,0,0
APP000097,705,0,0,88,3,60,2,3,371500.0,47.4,0,0
APP000098,575,1,1,0,1,30,2,4,220200.0,95.4,1,0
APP000099,602,0,0,33,0,0,2,3,428600.0,36.4,0,0
APP000100,608,10,4,97,0,0,2,3,528800.0,75.2,0,0
APP000101,645,2,1,75,2,30,0,1,84000.0,50.6,0,0
APP000102,769,2,2,0,0,0,2,4,570000.0,45.1,0,0
APP000103,614,2,2,40,0,0,5,10,307900.0,86.4,0,0
APP000104,611,3,1,30,1,30,0,4,215800.0,38.4,0,0
APP000105,625,5,2,23,0,0,1,3,82700.0,44.6,2,0
APP000106,651,3,1,78,1,120,4,10,65100.0,54.4,0,0
APP000107,626,3,3,60,0,0,5,6,158600.0,39.0,0,0
APP000108,801,5,3,2,0,0,2,5,653600.0,37.5,0,0
APP000109,767,2,1,10,0,0,2,4,129400.0,56.1,0,0
APP000110,656,1,1,32,0,0,2,6,315500.0,19.8,0,0
APP000111,900,0,0,106,0,0,2,4,37000.0,69.4,0,0
APP000112,762,1,1,0,0,0,1,4,39700.0,9.9,0,0
APP000113,833,5,2,10,0,0,1,6,126500.0,30.8,0,0
APP000114,811,1,1,3,0,0,0,3,1024100.0,3.1,0,0
APP000115,844,2,2,32,1,30,5,7,253100.0,44.4,1,0
APP000116,581,5,0,48,0,0,3,5,708300.0,50.7,0,0
APP000117,731,4,2,23,2,90,4,7,255700.0,42.9,0,0
APP000118,787,3,3,74,0,0,1,2,749700.0,82.5,1,0
APP000119,636,5,2,47,0,0,1,4,439400.0,67.5,0,0
APP000120,675,6,3,79,1,30,1,6,203100.0,10.6,0,0
APP000121,715,4,4,54,5,90,1,4,1899200.0,4.2,0,0
APP000122,696,2,2,50,1,30,1,2,141400.0,50.7,0,2
APP000123,712,0,0,21,3,60,0,0,498700.0,64.1,0,0
APP000124,702,3,3,35,0,0,2,2,23000.0,76.2,0,0
APP000125,649,3,3,25,4,30,2,4,633000.0,99.3,0,0
APP000126,649,5,3,9,0,0,1,3,288800.0,26.5,0,1
APP000127,756,1,0,33,0,0,5,8,1087600.0,51.6,0,0
APP000128,675,6,1,169,1,60,0,4,842500.0,81.7,0,0
APP000129,650,1,1,11,1,30,2,6,189900.0,98.1,2,0
APP000130,719,4,3,165,3,30,1,1,323500.0,90.0,0,0
APP000131,715,2,0,30,3,90,0,2,896000.0,11.8,1,0
APP000132,734,4,3,13,0,0,2,6,1801100.0,19.9,0,0
APP000133,732,5,1,73,4,60,3,4,1701400.0,16.8,1,0
APP000134,695,3,3,100,0,0,2,2,819300.0,49.3,0,0
APP000135,537,5,2,155,0,0,4,6,602100.0,61.3,0,0
APP000136,725,1,1,41,0,0,1,3,6252900.0,74.5,0,0
APP000137,851,5,0,75,1,180,2,4,55000.0,46.1,0,1
APP000138,716,3,3,28,4,60,1,3,107900.0,30.3,0,2
APP000139,696,2,1,38,0,0,1,3,1572000.0,94.3,0,0
APP000140,736,2,1,122,2,60,1,2,246300.0,12.2,0,0
APP000141,747,4,0,89,0,0,3,5,785500.0,4.6,0,1
APP000142,685,3,3,90,0,0,5,7,224900.0,13.8,0,0
APP000143,681,3,3,9,1,60,6,8,133700.0,10.3,0,2
APP000144,819,2,1,1,2,60,3,7,356600.0,22.3,0,0
APP000145,603,1,1,17,3,90,3,3,847700.0,87.7,0,0
APP000146,556,2,0,5,0,0,0,3,243700.0,75.3,2,0
APP000147,698,2,2,11,1,90,2,3,249900.0,64.0,1,0
APP000148,672,4,4,18,1,30,1,2,563100.0,94.3,0,0
APP000149,714,1,1,93,0,0,2,8,961100.0,63.2,1,0
APP000150,665,2,2,65,0,0,1,3,2165100.0,85.6,0,0
APP000151,589,6,2,182,1,180,1,1,100100.0,82.5,0,0
APP000152,806,5,1,4,0,0,1,1,354600.0,79.0,0,0
APP000153,790,4,3,155,0,0,5,6,27100.0,44.7,0,1
APP000154,710,0,0,49,0,0,2,3,307300.0,25.1,0,0
APP000155,707,1,1,9,0,0,3,5,49700.0,69.7,0,0
APP000156,852,4,3,60,0,0,1,3,837000.0,5.5,0,0
APP000157,749,2,2,10,0,0,2,2,601200.0,28.0,0,0
APP000158,580,4,0,119,2,30,1,1,72700.0,43.8,0,0
APP000159,703,4,1,17,0,0,3,5,174400.0,38.0,1,0
APP000160,607,7,2,174,0,0,3,5,1843100.0,9.7,0,0
APP000161,638,4,3,5,2,60,2,5,82700.0,22.5,2,0
APP000162,741,5,1,10,0,0,5,5,24500.0,46.2,0,0
APP000163,634,4,1,10,0,0,0,1,661100.0,62.6,0,0
APP000164,736,1,1,107,1,60,6,7,647200.0,65.9,0,0
APP000165,707,1,1,15,0,0,2,4,39400.0,28.4,0,0
APP000166,706,3,3,122,0,0,8,10,401900.0,61.3,0,0
APP000167,859,6,3,24,3,60,3,4,1840900.0,1.8,0,1
APP000168,656,4,2,25,5,30,2,4,61700.0,36.7,0,0
APP000169,741,7,3,24,0,0,1,1,562700.0,55.9,0,0
APP000170,627,3,0,131,0,0,2,4,2311400.0,59.0,1,0
APP000171,543,3,2,30,0,0,3,5,68600.0,64.5,0,1
APP000172,822,1,1,11,5,30,4,8,345400.0,74.4,0,0
APP000173,764,4,2,93,1,120,2,5,392000.0,98.5,0,0
APP000174,807,4,1,8,2,30,4,6,838800.0,22.3,0,1
APP000175,604,2,0,35,0,0,1,2,874500.0,41.3,0,0
APP000176,705,3,2,111,1,30,2,4,361600.0,30.1,1,0
APP000177,776,4,2,35,0,0,2,6,72500.0,18.9,0,0
APP000178,539,2,2,136,1,60,1,2,27300.0,92.6,0,0
APP000179,611,2,2,1,4,120,3,5,545400.0,17.9,0,0
APP000180,569,1,0,100,0,0,0,2,171800.0,13.8,0,0
APP000181,755,4,1,12,0,0,1,2,639400.0,80.4,0,0
APP000182,791,4,2,48,1,60,0,2,21600.0,87.6,0,0
APP000183,764,3,2,61,0,0,1,2,589600.0,85.3,0,1
APP000184,727,5,2,42,1,90,2,4,1700.0,61.8,0,0
APP000185,805,3,1,0,0,0,1,2,385300.0,64.2,0,1
APP000186,688,3,0,40,0,0,1,3,149200.0,24.8,1,0
APP000187,755,7,3,10,0,0,1,3,127800.0,61.3,0,0
APP000188,653,1,1,31,0,0,1,3,14600.0,87.4,0,0
APP000189,712,3,1,17,2,180,0,0,643600.0,6.2,0,0
APP000190,676,7,1,91,0,0,1,3,104100.0,47.9,0,0
APP000191,739,5,3,18,0,0,0,2,541700.0,84.1,0,1
APP000192,710,3,1,26,2,60,0,2,1433400.0,15.7,0,0
APP000193,744,4,4,46,0,0,3,6,738500.0,26.6,0,2
APP000194,660,6,2,47,0,0,3,5,477500.0,30.3,0,0
APP000195,754,3,1,58,0,0,1,5,1606500.0,10.1,0,0
APP000196,672,1,0,37,0,0,1,6,353700.0,18.1,0,1
APP000197,621,2,2,21,1,60,2,7,361800.0,49.7,0,0
APP000198,694,5,2,14,0,0,0,0,720300.0,99.4,0,0
APP000199,820,3,2,3,0,0,1,5,882700.0,55.7,0,0
APP000200,627,2,1,55,1,30,1,5,91900.0,76.5,2,0
APP000201,594,2,2,31,0,0,3,4,2113000.0,60.1,3,0
APP000202,627,2,2,198,0,0,1,2,822100.0,89.5,0,0
APP000203,666,3,1,60,0,0,2,5,359700.0,98.7,0,0
APP000204,731,2,2,14,1,120,1,5,887700.0,18.4,0,0
APP000205,657,5,4,16,0,0,3,3,144500.0,63.2,0,0
APP000206,688,5,3,26,0,0,3,5,240400.0,28.5,0,0
APP000207,670,3,0,54,0,0,0,0,170000.0,88.8,0,0
APP000208,794,2,0,23,0,0,1,4,34700.0,88.6,0,0
APP000209,605,3,1,5,2,120,2,8,739200.0,1.6,0,0
APP000210,710,2,0,15,0,0,1,2,277400.0,65.0,0,0
APP000211,632,4,2,200,2,30,1,1,209300.0,10.4,0,0
APP000212,702,5,1,158,3,30,0,1,694300.0,22.8,0,0
APP000213,653,4,1,81,0,0,2,4,411900.0,69.6,0,0
APP000214,732,4,2,55,0,0,2,4,102200.0,66.9,1,0
APP000215,811,3,3,153,0,0,1,3,554900.0,67.4,0,0
APP000216,641,0,0,5,2,30,2,3,648300.0,57.6,0,0
APP000217,688,1,1,20,0,0,3,4,187700.0,80.0,0,0
APP000218,791,0,0,5,1,30,0,1,1016300.0,95.4,0,0
APP000219,693,2,1,103,0,0,2,3,410500.0,96.7,0,0
APP000220,893,0,0,159,4,30,2,5,8900.0,64.4,0,0
APP000221,714,2,1,34,1,30,1,2,595700.0,94.4,0,1
APP000222,829,5,3,48,0,0,3,6,95400.0,41.5,0,0
APP000223,641,3,3,25,0,0,2,3,216600.0,70.9,0,0
APP000224,784,3,2,185,2,30,2,5,30900.0,59.0,0,0
APP000225,733,1,1,47,0,0,2,3,16400.0,60.5,0,0
APP000226,746,5,3,13,0,0,0,1,21000.0,1.4,1,0
APP000227,846,5,0,2,0,0,2,3,491300.0,1.7,0,0
APP000228,793,3,2,38,0,0,3,8,553500.0,88.0,0,0
APP000229,678,2,1,38,0,0,2,8,1435800.0,85.4,0,0
APP000230,548,2,2,3,3,60,0,3,374900.0,76.6,0,0
APP000231,558,7,1,1,1,180,3,3,77500.0,66.1,0,0
APP000232,793,0,0,14,0,0,0,3,49400.0,99.8,0,0
APP000233,750,0,0,188,0,0,1,2,588300.0,48.4,1,0
APP000234,731,3,3,124,1,90,0,1,134800.0,12.4,0,0
APP000235,590,4,3,2,5,30,1,4,201800.0,39.2,0,0
APP000236,752,5,4,9,3,90,3,5,480900.0,61.2,0,0
APP000237,691,3,1,0,1,30,4,4,96300.0,2.0,0,0
APP000238,661,6,3,10,3,60,2,6,974300.0,31.1,0,0
APP000239,584,3,0,147,3,30,3,4,66400.0,50.9,0,1
APP000240,573,3,1,3,1,90,1,3,254600.0,84.1,0,0
APP000241,625,3,3,51,1,90,2,5,329500.0,83.6,1,0
APP000242,732,2,2,88,0,0,3,3,99600.0,19.1,0,0
APP000243,551,4,1,108,0,0,4,7,764800.0,17.2,0,0
APP000244,713,2,1,24,1,90,1,2,228300.0,97.2,0,0
APP000245,810,6,1,288,0,0,1,2,789700.0,6.8,0,0
APP000246,577,2,2,6,4,30,1,3,752000.0,17.8,0,0
APP000247,724,4,0,67,0,0,0,3,164700.0,72.3,0,0
APP000248,858,3,0,1,3,30,1,2,893000.0,19.3,0,0
APP000249,675,10,1,129,1,180,0,5,16200.0,32.0,0,0
APP000250,766,4,1,56,5,180,2,6,224400.0,18.3,0,0
APP000251,697,1,0,237,1,60,3,6,185300.0,15.6,1,0
APP000252,734,7,1,42,0,0,3,10,816300.0,53.3,0,0
APP000253,672,5,2,44,0,0,0,1,6200.0,7.2,0,0
APP000254,796,2,2,100,3,90,3,4,422300.0,54.3,0,0
APP000255,642,4,0,37,1,30,3,5,433600.0,32.6,0,0
APP000256,673,2,2,53,1,30,2,2,806700.0,73.2,0,0
APP000257,614,2,0,92,0,0,2,5,223700.0,13.6,0,0
APP000258,766,3,2,75,0,0,2,5,130700.0,54.8,0,0
APP000259,769,2,2,129,0,0,1,4,146700.0,50.5,0,0
APP000260,643,2,2,26,0,0,1,1,33000.0,16.0,0,0
APP000261,658,6,2,16,0,0,3,5,575000.0,53.0,2,0
APP000262,626,2,2,101,0,0,4,8,529800.0,78.6,0,0
APP000263,777,4,1,41,0,0,3,4,1132200.0,14.0,0,0
APP000264,667,1,1,50,0,0,1,3,528600.0,78.2,1,0
APP000265,680,2,1,55,0,0,1,1,874100.0,30.0,1,0
APP000266,643,1,1,49,0,0,0,3,1203400.0,51.5,0,0
APP000267,727,0,0,73,0,0,2,2,979600.0,52.9,0,0
APP000268,657,2,1,25,0,0,1,3,130900.0,53.0,0,0
APP000269,664,4,2,28,2,90,3,4,14100.0,4.9,0,1
APP000270,573,2,1,36,1,30,4,5,1729300.0,0.5,0,0
APP000271,629,2,1,174,0,0,0,1,91800.0,2.7,0,1
APP000272,685,2,0,8,0,0,1,1,72800.0,88.4,1,0
APP000273,621,1,1,74,1,180,3,4,285000.0,33.5,0,0
APP000274,705,7,2,17,0,0,2,3,307500.0,5.0,0,0
APP000275,706,2,1,112,0,0,1,6,15000.0,55.2,0,0
APP000276,754,1,1,9,1,30,5,9,70200.0,98.7,0,0
APP000277,793,4,0,197,1,60,2,4,448400.0,45.0,0,0
APP000278,704,3,1,37,0,0,1,2,273700.0,28.8,0,0
APP000279,697,4,3,80,0,0,0,4,1050100.0,64.0,0,0
APP000280,733,4,1,12,2,30,3,6,113400.0,40.5,0,0
APP000281,601,0,0,8,0,0,4,5,316900.0,73.2,0,1
APP000282,769,4,3,175,0,0,1,3,34700.0,19.2,0,0
APP000283,558,2,2,38,2,90,1,1,384600.0,44.0,0,0
APP000284,516,4,0,31,0,0,2,3,334800.0,13.9,2,0
APP000285,663,5,2,22,0,0,3,4,191600.0,40.9,3,0
APP000286,625,2,1,13,0,0,1,5,117800.0,95.5,0,0
APP000287,622,1,0,53,1,120,1,4,224400.0,64.7,0,0
APP000288,603,1,1,18,0,0,2,3,1000400.0,21.5,0,0
APP000289,542,4,1,10,0,0,1,4,268900.0,7.6,0,1
APP000290,768,5,0,135,3,30,3,8,9300.0,96.9,0,0
APP000291,704,2,1,57,0,0,3,6,275400.0,78.1,0,0
APP000292,568,4,1,41,0,0,2,5,140100.0,47.2,2,0
APP000293,662,5,3,116,1,30,1,3,633300.0,21.5,0,0
APP000294,739,2,2,54,2,60,2,5,524600.0,4.1,0,0
APP000295,657,2,2,47,0,0,2,2,2036900.0,80.6,0,0
APP000296,578,2,0,32,2,60,1,3,505000.0,66.6,0,0
APP000297,585,4,1,13,0,0,2,4,16500.0,10.2,0,0
APP000298,711,0,0,34,1,120,0,2,1024600.0,42.1,1,0
APP000299,697,4,3,65,0,0,1,2,1478700.0,7.2,0,0
APP000300,656,5,3,6,0,0,1,1,1008800.0,59.2,0,0
APP000301,580,1,1,43,3,30,2,5,385400.0,55.7,1,0
APP000302,751,1,1,284,0,0,3,5,733000.0,46.5,0,2
APP000303,655,0,0,38,0,0,1,3,30400.0,84.0,0,0
APP000304,725,3,2,10,0,0,3,6,420600.0,83.3,0,0
APP000305,652,0,0,226,0,0,2,5,181200.0,30.9,0,1
APP000306,848,5,4,14,0,0,2,5,459700.0,82.3,0,0
APP000307,853,1,1,82,2,60,2,5,255300.0,3.5,0,0
APP000308,665,3,0,68,1,120,1,3,1068900.0,28.3,0,0
APP000309,624,1,1,327,0,0,2,4,166700.0,59.4,0,1
APP000310,739,4,1,59,0,0,1,5,326800.0,23.3,1,0
APP000311,741,3,2,77,1,90,5,7,502500.0,44.1,0,0
APP000312,536,3,3,7,0,0,5,7,706900.0,27.7,0,1
APP000313,766,3,3,332,0,0,1,2,327000.0,91.6,0,0
APP000314,667,2,2,36,4,30,2,3,149700.0,98.2,0,0
APP000315,785,4,2,60,0,0,1,4,36500.0,16.5,1,0
APP000316,767,2,0,42,0,0,2,3,172000.0,80.9,0,0
APP000317,758,4,3,14,0,0,1,2,70600.0,55.6,0,0
APP000318,640,8,2,35,2,30,2,7,148900.0,99.6,0,0
APP000319,711,3,1,189,0,0,1,2,339000.0,7.6,0,2
APP000320,741,3,2,65,0,0,1,1,30400.0,35.7,2,0
APP000321,876,4,4,5,0,0,1,4,722100.0,6.1,0,0
APP000322,697,3,3,180,1,60,1,2,139200.0,70.7,0,0
APP000323,761,3,0,9,2,30,2,4,378400.0,63.2,0,0
APP000324,720,2,2,53,0,0,1,2,594000.0,53.0,1,0
APP000325,876,3,3,89,0,0,2,6,41000.0,85.5,0,0
APP000326,586,3,3,20,0,0,2,4,53400.0,86.2,0,0
APP000327,599,8,1,221,0,0,2,2,528100.0,65.6,0,0
APP000328,684,3,1,44,2,60,3,4,1722500.0,36.2,0,0
APP000329,734,2,2,156,0,0,3,4,1025100.0,60.4,0,0
APP000330,666,1,1,49,0,0,0,1,430400.0,83.5,0,2
APP000331,714,6,5,175,3,30,2,6,344000.0,56.0,0,0
APP000332,715,3,1,19,0,0,2,2,803000.0,4.3,0,0
APP000333,791,1,1,16,0,0,2,6,1011000.0,63.2,0,0
APP000334,738,0,0,35,2,120,0,2,562500.0,31.8,0,0
APP000335,634,5,0,24,0,0,2,5,851400.0,94.3,0,0
APP000336,711,2,1,53,0,0,1,4,660100.0,18.2,0,0
APP000337,764,1,1,36,0,0,3,6,857200.0,57.4,0,0
APP000338,600,3,1,46,0,0,4,4,208700.0,93.0,0,0
APP000339,621,3,0,107,0,0,0,1,383900.0,84.8,1,0
APP000340,705,3,2,163,0,0,4,6,1084000.0,83.4,0,0
APP000341,704,6,1,53,4,90,2,2,175300.0,45.0,0,0
APP000342,670,4,2,15,1,30,2,3,1599700.0,14.9,0,0
APP000343,642,3,2,69,1,30,3,8,783800.0,2.2,0,0
APP000344,683,4,4,190,0,0,1,3,968500.0,61.9,0,0
APP000345,686,2,1,237,1,90,0,1,966400.0,89.2,1,0
APP000346,743,3,3,31,1,30,2,3,103400.0,42.4,1,0
APP000347,583,2,1,59,0,0,3,3,155900.0,5.1,0,0
APP000348,727,3,2,73,0,0,1,2,71700.0,49.3,0,0
APP000349,798,3,3,149,0,0,2,2,153600.0,39.9,0,0
APP000350,713,2,2,78,2,30,3,5,528300.0,13.1,0,0
APP000351,703,2,2,55,1,30,2,2,106500.0,77.4,0,0
APP000352,626,1,1,4,0,0,5,6,756800.0,31.8,0,0
APP000353,745,6,0,42,0,0,0,4,260100.0,66.3,0,0
APP000354,688,7,1,54,1,30,2,5,278700.0,4.7,0,0
APP000355,743,3,1,16,2,30,1,4,107300.0,0.4,0,0
APP000356,546,3,0,41,0,0,1,3,113000.0,14.7,0,0
APP000357,723,4,3,80,1,60,2,7,879300.0,56.2,0,0
APP000358,717,0,0,17,0,0,2,3,673400.0,28.0,0,0
APP000359,717,2,2,3,0,0,1,3,726400.0,36.7,0,0
APP000360,670,1,1,145,0,0,3,3,99100.0,63.0,0,0
APP000361,760,3,2,26,0,0,3,4,159000.0,26.1,0,0
APP000362,771,7,4,33,0,0,2,5,433300.0,33.7,0,0
APP000363,661,3,1,182,1,90,0,0,648700.0,85.3,2,1
APP000364,668,3,1,16,0,0,3,6,1863000.0,17.1,0,0
APP000365,765,4,4,61,0,0,1,4,433700.0,36.0,0,0
APP000366,602,2,2,104,2,180,1,2,143400.0,13.4,0,0
APP000367,748,2,2,16,0,0,2,2,1049000.0,71.3,0,1
APP000368,806,5,2,43,3,60,2,4,74100.0,11.0,0,0
APP000369,754,2,2,29,0,0,2,2,508100.0,71.3,1,0
APP000370,700,1,1,9,0,0,0,4,105800.0,11.6,0,2
APP000371,668,2,2,41,0,0,5,7,29800.0,51.0,1,0
APP000372,750,3,1,144,0,0,1,3,115700.0,95.9,0,0
APP000373,694,0,0,4,0,0,1,2,37400.0,46.7,0,0
APP000374,728,3,0,36,5,60,2,6,945900.0,0.3,0,0
APP000375,646,2,1,44,3,30,3,5,20100.0,64.7,0,0
APP000376,780,2,1,29,0,0,1,1,484300.0,25.3,0,0
APP000377,746,2,2,9,0,0,6,9,643500.0,94.4,0,0
APP000378,712,2,2,67,5,30,2,4,33500.0,93.0,0,0
APP000379,795,3,3,56,0,0,2,2,36300.0,1.1,0,0
APP000380,708,2,0,20,1,180,2,7,219500.0,65.6,0,0
APP000381,637,4,4,5,1,30,3,7,358700.0,9.8,0,0
APP000382,600,2,2,34,0,0,2,4,330900.0,96.2,0,0
APP000383,788,1,1,42,0,0,2,6,160900.0,34.0,0,0
APP000384,724,3,1,0,0,0,4,5,83300.0,49.1,0,0
APP000385,714,5,3,8,0,0,3,4,243000.0,45.4,0,0
APP000386,690,4,2,13,1,30,1,2,419100.0,5.5,2,0
APP000387,720,1,1,44,1,30,1,5,194400.0,24.5,1,0
APP000388,728,6,4,43,1,90,0,6,495600.0,89.6,0,0
APP000389,672,6,2,25,1,60,0,2,1128700.0,69.9,0,0
APP000390,751,2,1,1,1,30,0,0,1299000.0,64.7,0,0
APP000391,722,1,1,11,0,0,3,5,2811600.0,46.4,0,0
APP000392,610,4,1,31,1,60,2,2,105500.0,96.0,0,0
APP000393,721,3,2,2,2,180,2,3,47400.0,65.5,0,0
APP000394,675,2,2,77,0,0,2,3,817500.0,74.1,0,0
APP000395,835,1,0,17,2,60,3,4,1583600.0,87.9,0,0
APP000396,746,0,0,0,0,0,2,4,564300.0,2.8,0,0
APP000397,758,6,0,143,0,0,1,1,844600.0,65.9,0,0
APP000398,762,3,2,34,1,30,3,4,78500.0,44.2,0,1
APP000399,666,2,2,8,0,0,0,1,1069200.0,75.1,0,0
APP000400,759,1,1,15,0,0,0,1,362800.0,39.6,0,0
APP000401,753,4,1,5,1,180,2,3,433800.0,96.5,2,0
APP000402,736,1,1,49,0,0,0,2,38700.0,66.0,1,0
APP000403,588,1,0,40,0,0,2,3,1498900.0,80.4,0,0
APP000404,831,2,2,242,0,0,1,1,507700.0,38.3,0,0
APP000405,737,1,1,40,0,0,0,4,505700.0,19.9,0,0
APP000406,688,3,1,2,0,0,4,7,289900.0,57.8,0,0
APP000407,663,2,1,84,0,0,5,6,325400.0,93.3,0,0
APP000408,585,5,2,9,1,60,2,3,65000.0,71.6,0,0
APP000409,693,1,1,48,0,0,5,7,277800.0,38.9,0,0
APP000410,898,0,0,15,0,0,4,8,59900.0,62.3,0,0
APP000411,547,1,1,185,1,60,2,4,1458000.0,22.0,0,0
APP000412,721,4,1,55,0,0,3,3,457900.0,29.7,0,0
APP000413,564,3,2,8,0,0,1,2,474900.0,39.0,0,0
APP000414,708,3,2,111,0,0,1,1,878000.0,90.5,0,0
APP000415,590,4,3,108,1,60,2,3,88400.0,1.8,0,0
APP000416,714,3,2,4,0,0,3,4,86500.0,33.5,0,0
APP000417,628,2,2,112,0,0,4,8,820100.0,69.2,0,0
APP000418,675,1,1,127,0,0,3,5,607000.0,47.8,0,0
APP000419,821,1,1,85,4,30,1,2,1927500.0,24.4,0,0
APP000420,589,3,2,3,2,30,2,4,480200.0,60.0,0,1
APP000421,684,1,1,138,1,30,1,1,3302600.0,77.4,0,0
APP000422,651,3,1,53,1,30,3,5,137400.0,14.4,0,0
APP000423,669,2,2,105,0,0,0,0,50200.0,99.5,1,0
APP000424,765,3,1,61,2,30,1,3,802500.0,28.9,0,1
APP000425,688,2,1,66,3,30,1,1,14700.0,88.5,0,0
APP000426,632,4,2,74,0,0,0,4,759500.0,81.1,0,1
APP000427,754,3,3,44,0,0,5,7,1258800.0,20.8,1,2
APP000428,652,0,0,186,0,0,0,2,199700.0,74.8,1,0
APP000429,736,8,7,59,1,30,1,2,206600.0,23.9,0,0
APP000430,632,3,3,2,0,0,0,0,413700.0,30.9,0,0
APP000431,637,4,3,183,2,30,1,3,618900.0,28.6,0,0
APP000432,565,3,1,159,0,0,1,4,139600.0,38.6,1,0
APP000433,621,4,4,21,2,30,2,5,82000.0,96.4,0,0
APP000434,739,5,1,45,0,0,2,4,479000.0,35.3,0,0
APP000435,588,1,1,59,0,0,2,3,2090700.0,83.4,0,0
APP000436,689,3,3,82,1,90,3,5,892600.0,85.2,0,0
APP000437,720,4,2,93,0,0,0,3,246900.0,24.8,1,1
APP000438,580,4,1,41,0,0,1,2,99300.0,53.2,2,1
APP000439,687,3,0,66,1,60,1,2,25000.0,8.2,1,0
APP000440,535,2,2,93,0,0,2,5,37300.0,50.1,0,0
APP000441,688,2,1,136,3,90,5,8,29300.0,37.1,0,0
APP000442,730,1,1,90,1,30,2,3,402000.0,26.9,0,0
APP000443,663,3,0,85,5,60,3,4,216700.0,71.3,0,0
APP000444,651,1,1,14,4,120,1,2,1762700.0,70.9,0,0
APP000445,703,1,1,44,2,60,2,3,468500.0,27.0,0,0
APP000446,799,2,2,12,0,0,0,2,392000.0,51.3,0,0
APP000447,781,1,1,90,1,30,4,6,553300.0,65.0,0,0
APP000448,869,3,3,48,2,90,4,9,72000.0,62.4,0,0
APP000449,617,4,2,15,1,30,3,6,948300.0,29.4,0,0
APP000450,747,4,1,8,0,0,2,4,144400.0,98.3,0,0
APP000451,779,5,0,9,0,0,2,3,559400.0,14.5,0,0
APP000452,667,1,1,115,1,120,3,8,2370900.0,80.2,0,0
APP000453,642,1,1,85,2,30,5,6,539500.0,22.2,0,0
APP000454,647,4,0,90,4,30,2,5,756200.0,73.9,0,0
APP000455,663,4,2,70,0,0,6,8,1896500.0,31.5,0,0
APP000456,734,3,1,12,2,120,1,2,273200.0,80.0,0,0
APP000457,682,2,2,9,3,30,0,3,655900.0,41.8,0,0
APP000458,724,2,0,28,0,0,2,2,191500.0,70.1,0,0
APP000459,701,5,3,82,4,60,4,7,1832400.0,16.1,0,0
APP000460,595,3,2,125,1,30,4,6,146900.0,62.5,0,0
APP000461,714,0,0,18,1,120,1,2,196500.0,95.3,0,0
APP000462,701,4,1,74,1,120,2,2,773100.0,79.9,1,1
APP000463,742,5,1,58,2,90,3,7,164100.0,31.2,0,0
APP000464,768,6,2,13,0,0,1,3,27000.0,80.6,0,0
APP000465,591,3,0,63,0,0,3,3,364500.0,60.6,0,0
APP000466,664,3,3,18,0,0,2,4,388600.0,35.6,0,0
APP000467,610,3,2,36,0,0,2,4,43200.0,86.3,2,0
APP000468,864,2,0,107,4,30,2,2,432500.0,76.7,0,0
APP000469,597,5,2,41,4,180,1,2,1111600.0,30.2,0,0
APP000470,732,3,0,1,1,120,1,3,453600.0,6.8,0,0
APP000471,852,6,3,160,0,0,0,1,12300.0,37.4,0,0
APP000472,747,2,1,97,1,60,3,3,181700.0,9.3,0,0
APP000473,724,2,2,41,2,90,2,4,1573800.0,44.5,0,0
APP000474,796,3,3,114,0,0,1,2,1490300.0,61.0,0,0
APP000475,900,6,2,123,0,0,1,3,363900.0,73.7,1,0
APP000476,737,2,0,23,0,0,3,5,110400.0,34.7,0,0
APP000477,700,5,3,41,0,0,2,5,834600.0,20.1,0,0
APP000478,813,3,0,55,0,0,2,3,449300.0,60.8,1,0
APP000479,559,3,2,41,0,0,4,4,18000.0,4.7,0,0
APP000480,666,7,1,56,2,180,4,6,168400.0,45.7,0,1
APP000481,556,1,1,12,0,0,3,4,866200.0,76.2,0,0
APP000482,769,4,1,21,0,0,3,3,148700.0,56.9,0,0
APP000483,782,4,0,149,0,0,2,5,222800.0,89.8,0,0
APP000484,765,4,1,18,0,0,4,8,661400.0,33.5,0,1
APP000485,676,3,3,15,0,0,1,4,234200.0,4.3,0,0
APP000486,900,1,1,7,0,0,1,1,1139800.0,62.8,0,0
APP000487,582,4,2,50,3,30,4,9,1207900.0,66.2,0,0
APP000488,707,5,3,94,0,0,3,5,3577200.0,55.8,0,0
APP000489,829,3,2,101,0,0,2,3,1165000.0,16.3,0,0
APP000490,562,5,3,53,0,0,3,4,112200.0,49.8,1,0
APP000491,814,4,1,80,0,0,1,2,198400.0,6.7,0,0
APP000492,796,6,1,151,0,0,1,1,124000.0,47.0,0,0
APP000493,638,4,2,24,0,0,2,3,452300.0,50.5,0,0
APP000494,610,1,1,44,1,60,2,3,496800.0,65.1,1,0
APP000495,810,4,2,6,0,0,0,1,233700.0,12.5,0,2
APP000496,722,3,2,114,5,90,2,5,8800.0,68.6,0,0
APP000497,702,5,3,6,1,30,0,0,181800.0,66.4,0,0
APP000498,716,4,2,39,1,60,2,2,365800.0,37.2,0,0
APP000499,742,6,0,27,0,0,1,1,1173500.0,19.9,0,0
APP000500,832,5,1,8,0,0,3,9,1372100.0,25.3,0,0
APP000501,646,1,1,159,1,60,3,4,38000.0,78.4,0,0
APP000502,794,3,2,62,0,0,1,3,12000.0,16.5,0,0
APP000503,701,4,4,1,0,0,0,2,47100.0,48.9,0,0
APP000504,708,3,2,1,1,30,5,7,592400.0,50.9,0,0
APP000505,842,3,0,68,0,0,2,4,396900.0,1.7,0,0
APP000506,621,4,4,2,0,0,2,4,339500.0,29.9,0,0
APP000507,670,1,1,28,1,30,0,3,209600.0,36.8,0,1
APP000508,769,1,1,78,2,120,2,4,1565000.0,55.3,0,0
APP000509,709,3,3,31,4,60,0,4,30200.0,83.0,1,0
APP000510,804,0,0,46,0,0,1,2,93100.0,6.1,0,0
APP000511,581,4,3,71,0,0,1,2,51300.0,95.8,0,0
APP000512,724,4,0,18,1,60,3,7,49300.0,71.8,1,0
APP000513,808,5,3,47,0,0,2,3,181600.0,86.5,0,0
APP000514,716,2,0,43,1,30,1,3,49800.0,26.4,0,0
APP000515,696,3,2,2,4,30,1,1,408900.0,71.9,0,0
APP000516,750,2,2,19,0,0,1,3,318600.0,25.6,0,0
APP000517,868,6,3,13,2,60,2,5,663500.0,83.9,0,0
APP000518,768,0,0,21,2,60,3,6,716200.0,92.9,0,0
APP000519,707,4,3,29,1,60,2,5,937500.0,46.6,0,0
APP000520,776,2,2,64,1,90,6,10,688500.0,22.9,0,0
APP000521,808,7,0,55,0,0,2,6,617000.0,95.1,0,0
APP000522,539,0,0,7,0,0,1,2,744200.0,66.3,0,0
APP000523,727,2,1,151,0,0,0,2,254500.0,91.7,0,0
APP000524,562,3,2,44,0,0,1,1,100000.0,71.2,0,0
APP000525,578,4,2,71,0,0,1,7,631300.0,58.5,0,0
APP000526,695,6,3,213,0,0,2,3,971100.0,76.3,0,0
APP000527,767,1,1,40,1,60,7,7,370900.0,38.2,2,0
APP000528,533,2,1,29,2,60,3,4,313500.0,84.8,0,0
APP000529,637,5,2,21,4,120,2,4,542100.0,75.5,1,0
APP000530,798,3,3,55,1,60,2,4,666100.0,42.1,0,0
APP000531,579,3,0,33,0,0,5,6,1532600.0,90.1,0,0
APP000532,623,1,1,63,0,0,2,6,53700.0,66.2,3,0
APP000533,599,2,1,124,5,30,3,5,980800.0,49.3,0,0
APP000534,805,6,2,38,0,0,2,7,98100.0,90.4,0,0
APP000535,647,3,2,68,0,0,1,2,165700.0,23.3,0,0
APP000536,546,2,2,100,0,0,2,4,969100.0,89.5,0,0
APP000537,688,3,1,80,0,0,0,2,393300.0,95.2,0,0
APP000538,814,6,2,337,0,0,3,3,376500.0,73.5,1,0
APP000539,575,4,3,14,1,120,2,3,234000.0,83.6,0,0
APP000540,680,1,1,68,3,90,1,1,66000.0,13.0,0,0
APP000541,696,2,2,99,0,0,4,4,539600.0,73.8,0,0
APP000542,840,6,3,143,0,0,1,4,11400.0,88.6,0,0
APP000543,699,5,1,86,3,90,1,4,230900.0,67.9,0,0
APP000544,708,5,2,9,1,60,1,3,108400.0,21.6,1,0
APP000545,655,5,3,5,0,0,1,3,723000.0,5.1,0,0
APP000546,734,5,2,17,0,0,5,5,1058800.0,62.3,0,0
APP000547,704,1,1,210,0,0,1,1,89500.0,92.7,0,0
APP000548,653,6,2,8,0,0,4,5,195900.0,60.2,0,0
APP000549,728,4,4,89,0,0,1,3,900500.0,77.4,0,0
APP000550,857,3,3,113,1,120,1,1,258800.0,73.3,0,0
APP000551,555,3,3,68,0,0,0,2,1265500.0,54.4,0,0
APP000552,734,2,2,3,2,30,5,6,53200.0,18.1,0,0
APP000553,733,3,2,121,2,60,3,5,442300.0,91.0,0,0
APP000554,624,4,1,32,0,0,0,3,246500.0,39.9,0,0
APP000555,666,2,2,62,0,0,1,5,1026900.0,3.5,0,0
APP000556,716,4,0,202,0,0,0,1,83500.0,78.1,0,1
APP000557,668,5,3,81,0,0,0,5,43000.0,1.0,0,0
APP000558,622,1,1,159,0,0,0,2,128200.0,93.2,0,0
APP000559,616,7,3,33,0,0,2,4,126600.0,9.8,0,0
APP000560,662,2,2,47,0,0,1,1,216200.0,86.9,2,2
APP000561,712,4,4,49,3,60,1,3,738000.0,26.6,0,0
APP000562,762,4,1,96,0,0,2,4,642000.0,43.1,0,1
APP000563,814,3,0,56,0,0,0,0,987300.0,35.8,0,0
APP000564,757,4,0,137,0,0,3,5,330600.0,40.5,0,0
APP000565,814,0,0,32,2,30,3,8,1211900.0,89.7,0,0
APP000566,514,5,2,9,2,30,1,4,180900.0,24.6,1,0
APP000567,827,2,2,105,1,90,3,6,81100.0,93.5,1,2
APP000568,631,2,2,15,1,180,4,7,43800.0,20.3,0,0
APP000569,574,4,3,91,0,0,2,7,715200.0,51.0,0,1
APP000570,759,3,1,17,0,0,2,4,314900.0,20.0,2,1
APP000571,862,6,3,23,2,30,2,3,897700.0,59.3,0,0
APP000572,605,4,2,1,1,90,4,6,237800.0,99.7,0,0
APP000573,799,2,2,203,0,0,1,4,6600.0,22.8,0,0
APP000574,839,1,1,149,1,30,3,3,517000.0,46.7,0,0
APP000575,739,1,1,26,0,0,6,6,600100.0,2.4,0,0
APP000576,815,3,1,24,0,0,0,2,217600.0,95.7,0,0
APP000577,765,2,2,10,0,0,2,3,64500.0,39.0,0,0
APP000578,707,4,3,6,1,120,4,7,1119500.0,64.1,0,0
APP000579,688,4,2,49,0,0,3,3,362400.0,12.7,1,0
APP000580,687,3,1,5,0,0,5,7,557400.0,62.2,0,0
APP000581,900,3,0,137,2,180,1,2,128800.0,46.3,0,0
APP000582,565,2,1,11,0,0,2,5,731000.0,31.7,1,0
APP000583,547,3,3,2,0,0,2,4,812900.0,89.6,0,0
APP000584,550,3,3,41,0,0,4,7,776700.0,17.0,0,0
APP000585,648,1,0,39,0,0,2,6,275100.0,39.8,0,0
APP000586,606,0,0,91,2,90,3,5,475800.0,59.2,0,0
APP000587,776,2,1,40,0,0,2,3,317200.0,74.1,0,0
APP000588,774,3,3,13,0,0,2,5,1319600.0,85.6,0,0
APP000589,626,6,1,168,0,0,0,0,625000.0,95.4,0,0
APP000590,696,2,1,29,2,30,1,2,68500.0,57.5,0,0
APP000591,691,3,1,23,2,90,1,3,269100.0,73.1,0,0
APP000592,794,0,0,131,0,0,5,5,358000.0,71.7,0,0
APP000593,597,6,0,54,0,0,1,2,217200.0,36.3,1,0
APP000594,759,8,0,37,0,0,2,2,1383100.0,20.2,0,0
APP000595,765,3,3,5,0,0,5,6,154800.0,89.5,0,0
APP000596,689,2,2,20,1,60,2,3,445500.0,95.0,0,0
APP000597,563,2,0,56,0,0,1,2,1676900.0,91.4,0,0
APP000598,668,2,2,13,0,0,2,6,40900.0,42.2,0,0
APP000599,665,3,0,47,0,0,1,5,449300.0,32.2,0,0
APP000600,661,3,2,11,0,0,1,2,2132800.0,92.0,0,0
APP000601,687,3,1,289,0,0,1,1,660500.0,70.5,0,0
APP000602,644,2,2,47,0,0,0,3,386100.0,41.8,1,0
APP000603,592,4,4,27,1,120,5,6,149600.0,82.7,0,0
APP000604,731,4,3,25,0,0,3,7,148400.0,33.7,0,0
APP000605,624,2,1,81,0,0,0,5,89900.0,44.0,2,0
APP000606,643,2,2,21,0,0,2,3,810200.0,89.3,0,0
APP000607,765,3,3,56,3,90,0,4,408400.0,27.7,0,0
APP000608,726,7,2,91,1,120,1,4,677500.0,89.0,0,0
APP000609,660,5,2,17,1,90,3,5,1290200.0,21.2,0,0
APP000610,658,2,2,57,0,0,0,1,819000.0,23.3,0,0
APP000611,664,2,2,8,0,0,1,1,240600.0,29.9,0,0
APP000612,699,4,0,19,0,0,2,4,1415600.0,84.8,0,0
APP000613,677,6,2,157,1,60,1,2,652000.0,43.5,0,0
APP000614,842,2,2,98,0,0,1,3,5500.0,24.0,0,1
APP000615,673,2,2,24,3,30,1,7,545200.0,42.3,0,0
APP000616,805,3,3,75,0,0,2,3,186000.0,3.3,0,0
APP000617,656,2,0,62,2,180,5,8,560600.0,46.5,0,0
APP000618,761,7,2,0,0,0,1,1,712500.0,9.0,1,0
APP000619,653,2,2,34,1,120,1,2,633400.0,22.3,0,0
APP000620,789,3,2,70,0,0,2,4,345100.0,56.8,1,0
APP000621,780,3,3,87,0,0,2,4,19600.0,85.3,0,0
APP000622,540,5,0,154,0,0,2,2,821000.0,69.3,0,0
APP000623,683,0,0,14,0,0,3,5,658500.0,35.2,0,0
APP000624,759,2,1,24,1,30,2,2,965200.0,5.8,0,0
APP000625,676,4,3,10,1,90,1,2,2323400.0,85.5,0,0
APP000626,718,3,2,22,0,0,3,6,791900.0,9.1,0,0
APP000627,739,1,1,12,3,30,1,4,1047000.0,36.7,0,0
APP000628,831,4,2,0,1,30,2,2,263300.0,96.7,0,0
APP000629,650,2,2,144,0,0,3,6,153400.0,28.9,0,0
APP000630,753,3,1,59,0,0,1,3,331800.0,95.5,1,0
APP000631,579,2,1,58,0,0,1,6,1861300.0,56.4,0,0
APP000632,682,2,2,196,0,0,3,5,1416200.0,91.8,0,2
APP000633,645,2,2,6,0,0,3,7,1159400.0,12.5,0,0
APP000634,691,3,2,150,0,0,5,8,256700.0,52.9,0,0
APP000635,789,3,2,27,3,60,2,5,722100.0,10.3,0,0
APP000636,697,5,2,72,0,0,2,4,279500.0,87.8,0,0
APP000637,685,1,1,32,1,30,5,6,44200.0,99.7,2,0
APP000638,879,4,2,3,0,0,1,3,1663600.0,25.9,0,0
APP000639,699,2,1,92,2,30,3,5,105700.0,97.4,0,0
APP000640,765,3,2,16,0,0,3,4,236900.0,48.1,0,0
APP000641,690,7,1,40,0,0,1,2,989000.0,85.1,0,0
APP000642,660,6,4,41,2,120,1,2,985600.0,48.2,0,0
APP000643,682,1,1,31,1,60,1,3,368000.0,55.6,0,0
APP000644,891,2,2,86,0,0,2,5,602300.0,53.3,0,2
APP000645,628,1,1,10,0,0,4,5,361800.0,39.9,0,0
APP000646,746,1,1,59,0,0,1,2,813900.0,28.1,0,2
APP000647,604,2,1,106,2,30,1,2,460000.0,25.9,0,0
APP000648,663,2,0,23,0,0,3,4,893000.0,73.5,0,0
APP000649,662,4,4,111,2,60,0,2,69300.0,91.3,0,0
APP000650,726,3,2,7,0,0,1,5,47300.0,54.5,0,0
APP000651,688,1,1,25,0,0,1,2,387000.0,22.4,0,0
APP000652,790,1,0,0,0,0,1,1,119300.0,99.2,0,0
APP000653,706,0,0,39,0,0,6,7,155500.0,71.5,0,0
APP000654,784,1,1,34,3,90,0,0,1078300.0,48.6,0,0
APP000655,625,2,2,41,0,0,5,5,61500.0,94.2,2,0
APP000656,668,1,1,26,0,0,4,8,456200.0,69.1,0,0
APP000657,623,3,3,65,0,0,1,2,89200.0,62.8,0,0
APP000658,685,3,3,13,4,60,3,4,534700.0,17.4,2,0
APP000659,800,3,1,43,3,30,0,3,8000.0,62.8,0,0
APP000660,722,2,2,16,0,0,1,2,37800.0,32.3,0,0
APP000661,588,3,3,183,0,0,4,6,33900.0,30.1,0,0
APP000662,639,3,3,13,2,30,0,0,759800.0,19.4,0,0
APP000663,613,2,2,3,1,90,2,5,83600.0,21.5,0,0
APP000664,746,1,1,5,0,0,0,1,1365200.0,98.6,0,1
APP000665,748,5,3,31,0,0,1,4,672200.0,88.1,1,0
APP000666,763,6,2,12,0,0,2,6,380800.0,89.4,0,0
APP000667,773,4,2,191,0,0,1,3,406600.0,42.4,0,0
APP000668,766,1,1,186,4,120,4,4,246500.0,16.6,0,0
APP000669,728,3,2,7,1,30,2,3,85200.0,67.3,0,0
APP000670,640,4,0,34,1,30,1,4,523700.0,72.2,0,0
APP000671,725,7,1,48,2,90,2,4,614500.0,8.9,0,0
APP000672,548,3,3,56,0,0,1,2,351000.0,22.1,0,1
APP000673,768,5,3,19,0,0,0,0,898400.0,84.3,0,0
APP000674,692,3,3,170,0,0,3,5,742500.0,82.7,0,0
APP000675,561,4,3,249,0,0,1,3,687300.0,7.5,0,0
APP000676,663,2,2,59,1,90,2,2,1561800.0,8.8,0,0
APP000677,733,2,2,66,1,60,2,3,510000.0,72.5,0,0
APP000678,754,1,1,53,2,30,2,6,520500.0,27.2,0,0
APP000679,596,2,1,96,1,30,2,2,335600.0,97.6,0,0
APP000680,895,0,0,124,0,0,0,0,83500.0,17.8,0,0
APP000681,643,3,1,110,0,0,3,3,386100.0,8.6,0,0
APP000682,666,3,2,39,2,30,3,7,45000.0,33.9,0,0
APP000683,617,4,4,73,0,0,2,3,1647400.0,99.9,0,0
APP000684,612,2,1,98,2,30,1,2,761400.0,18.4,0,0
APP000685,675,2,0,2,0,0,3,5,28000.0,35.7,0,0
APP000686,570,3,0,72,1,30,0,3,458300.0,3.9,0,0
APP000687,784,4,2,69,0,0,1,2,73200.0,24.5,0,0
APP000688,546,11,3,28,4,60,5,9,288400.0,41.9,0,0
APP000689,648,2,1,9,0,0,1,6,93500.0,86.5,0,2
APP000690,716,5,1,44,2,90,2,2,230600.0,1.2,0,0
APP000691,719,9,2,29,0,0,4,6,20400.0,27.0,0,0
APP000692,777,1,0,3,0,0,4,5,1323800.0,27.5,0,0
APP000693,661,4,3,57,0,0,1,2,60900.0,68.9,0,0
APP000694,680,1,1,8,0,0,3,5,180300.0,8.2,0,0
APP000695,598,2,1,28,3,120,2,4,118800.0,27.3,0,0
APP000696,697,2,2,41,0,0,1,6,401200.0,65.6,0,0
APP000697,557,2,0,68,0,0,2,5,80000.0,19.2,1,0
APP000698,728,5,2,2,0,0,1,3,1985100.0,19.9,0,0
APP000699,516,1,1,73,0,0,2,3,304600.0,86.7,0,1
APP000700,664,2,2,42,0,0,5,9,298700.0,25.3,1,0
APP000701,632,2,2,46,0,0,4,7,91100.0,27.1,0,1
APP000702,689,4,2,57,1,60,1,3,1333300.0,77.0,0,0
APP000703,596,5,3,12,0,0,2,6,470100.0,64.4,0,0
APP000704,765,4,1,19,0,0,1,3,55800.0,52.3,0,0
APP000705,660,6,6,20,0,0,2,4,383500.0,51.6,0,1
APP000706,753,4,1,82,4,60,2,2,243200.0,45.9,0,0
APP000707,667,2,2,90,2,30,1,1,671400.0,10.8,0,0
APP000708,683,4,4,121,1,60,4,7,870900.0,97.0,0,0
APP000709,648,1,1,96,0,0,6,7,1112700.0,64.6,2,0
APP000710,725,1,1,26,0,0,1,2,327400.0,46.6,2,0
APP000711,570,6,3,40,2,30,1,5,1464500.0,46.3,0,1
APP000712,696,5,2,171,3,60,0,4,476800.0,12.6,0,0
APP000713,701,1,1,38,1,90,3,5,641400.0,48.2,0,0
APP000714,677,3,1,21,0,0,3,3,164200.0,29.8,0,0
APP000715,671,1,0,5,4,120,0,2,66400.0,1.6,0,1
APP000716,567,4,2,71,0,0,4,7,349500.0,39.4,0,0
APP000717,812,5,1,35,0,0,2,4,194100.0,63.5,0,0
APP000718,810,0,0,219,3,30,2,4,849600.0,36.3,0,0
APP000719,585,5,2,29,0,0,2,7,100100.0,23.9,2,0
APP000720,685,5,4,52,1,60,0,0,460700.0,58.7,0,0
APP000721,803,3,2,38,5,60,1,3,278400.0,23.8,0,0
APP000722,660,4,3,68,1,30,8,10,32600.0,59.7,0,0
APP000723,554,3,2,67,1,90,1,1,42100.0,93.2,0,0
APP000724,700,3,2,122,0,0,4,7,66100.0,48.7,0,0
APP000725,744,6,5,51,1,30,1,3,309900.0,73.0,0,0
APP000726,746,3,2,15,0,0,1,5,1053500.0,70.7,0,0
APP000727,549,2,1,39,5,30,2,3,34600.0,89.7,0,0
APP000728,723,3,0,6,1,30,1,1,215000.0,2.8,0,0
APP000729,674,2,1,69,3,120,1,3,5400.0,22.8,0,0
APP000730,724,1,1,19,0,0,0,0,385300.0,45.0,2,0
APP000731,721,3,0,5,0,0,1,1,79600.0,16.5,0,0
APP000732,749,5,2,21,0,0,2,6,78200.0,19.9,0,1
APP000733,786,4,4,33,0,0,3,4,1424100.0,49.1,0,0
APP000734,783,6,3,12,0,0,3,6,956600.0,20.6,0,0
APP000735,718,3,3,31,0,0,4,5,705300.0,8.6,0,0
APP000736,590,4,4,72,0,0,2,2,1105700.0,41.8,0,0
APP000737,739,2,2,85,0,0,1,5,579600.0,88.8,0,0
APP000738,762,5,2,56,0,0,4,5,534900.0,94.5,1,0
APP000739,663,4,0,6,0,0,1,2,149300.0,26.3,0,0
APP000740,633,4,1,29,0,0,2,4,4100.0,14.4,0,0
APP000741,594,5,3,179,0,0,3,5,38200.0,55.6,0,0
APP000742,595,2,2,8,3,60,4,5,90000.0,23.0,1,0
APP000743,804,0,0,9,0,0,2,4,65100.0,53.1,0,0
APP000744,694,2,2,269,0,0,0,2,481400.0,30.2,0,0
APP000745,621,6,0,88,0,0,3,5,722100.0,99.4,0,0
APP000746,740,2,1,50,2,30,2,2,44300.0,32.7,0,0
APP000747,653,1,1,44,0,0,1,4,78800.0,25.6,1,0
APP000748,646,3,2,16,1,60,4,7,136600.0,9.4,0,0
APP000749,668,0,0,41,0,0,2,4,455000.0,7.2,0,0
APP000750,820,3,2,15,1,90,4,5,684900.0,45.6,0,0
APP000751,586,4,2,39,2,30,1,2,253600.0,57.0,1,0
APP000752,661,4,2,1,0,0,4,5,369900.0,63.5,0,0
APP000753,755,2,1,16,0,0,3,4,134000.0,0.9,0,0
APP000754,520,2,2,35,0,0,1,2,37200.0,93.0,0,0
APP000755,709,2,0,36,2,60,3,4,256100.0,0.9,0,0
APP000756,896,2,2,151,1,30,1,2,80100.0,46.0,0,2
APP000757,647,3,2,1,0,0,2,6,968200.0,75.6,0,0
APP000758,709,2,1,66,0,0,2,4,1197000.0,76.4,0,0
APP000759,545,6,0,60,1,60,1,3,22600.0,44.5,0,1
APP000760,800,3,3,239,0,0,3,4,931800.0,33.2,0,0
APP000761,761,2,1,29,0,0,4,4,381100.0,84.1,0,0
APP000762,708,1,1,5,0,0,2,2,720100.0,85.7,0,0
APP000763,654,4,2,21,0,0,4,6,63100.0,47.3,0,0
APP000764,659,0,0,27,0,0,4,5,203900.0,63.0,0,0
APP000765,816,4,1,36,0,0,0,4,91600.0,89.0,0,0
APP000766,760,2,0,29,0,0,2,2,830100.0,29.5,0,0
APP000767,686,2,2,67,0,0,2,4,10100.0,28.5,0,0
APP000768,610,7,2,16,1,120,1,4,17100.0,54.3,0,0
APP000769,671,3,1,88,2,30,0,1,669800.0,81.8,0,0
APP000770,754,2,1,32,0,0,2,2,9700.0,18.6,0,1
APP000771,673,3,1,57,5,180,4,6,90600.0,56.7,2,0
APP000772,725,4,0,27,0,0,1,1,1155600.0,85.1,0,0
APP000773,713,3,0,138,0,0,2,6,99900.0,87.1,0,0
APP000774,606,0,0,89,0,0,1,3,121100.0,7.3,0,0
APP000775,580,5,1,48,1,60,3,5,423400.0,68.1,0,0
APP000776,595,5,3,86,0,0,1,2,718800.0,55.5,0,0
APP000777,900,1,1,47,0,0,1,4,113600.0,75.3,0,0
APP000778,814,2,2,19,0,0,4,6,136500.0,61.9,1,1
APP000779,527,1,1,22,0,0,2,5,3062600.0,36.1,0,0
APP000780,763,4,2,360,1,30,1,4,197700.0,91.8,0,0
APP000781,769,1,1,53,0,0,2,4,49300.0,75.6,0,0
APP000782,819,0,0,23,2,60,0,2,48900.0,55.3,0,1
APP000783,770,1,0,1,0,0,3,4,407100.0,63.4,0,1
APP000784,575,2,2,188,4,60,3,5,56500.0,80.2,0,0
APP000785,634,3,3,29,0,0,2,4,64900.0,22.1,0,0
APP000786,676,3,3,12,2,30,0,2,37400.0,49.4,0,0
APP000787,612,4,2,17,2,30,4,7,718900.0,50.2,0,0
APP000788,733,2,2,49,1,90,0,5,562400.0,85.5,0,0
APP000789,666,2,2,77,0,0,2,5,1096500.0,13.0,0,0
APP000790,859,1,1,55,2,90,4,7,978000.0,49.4,0,0
APP000791,611,2,2,292,1,30,2,5,468600.0,39.3,0,0
APP000792,700,4,1,39,2,30,2,4,153000.0,20.3,0,1
APP000793,867,7,1,51,0,0,3,4,804700.0,33.8,0,0
APP000794,673,3,2,85,3,60,3,3,1276700.0,77.4,1,0
APP000795,621,3,3,60,5,90,2,4,46600.0,20.6,0,0
APP000796,754,3,0,91,0,0,1,2,430100.0,28.4,0,1
APP000797,756,2,2,30,2,30,2,4,452500.0,38.7,0,0
APP000798,632,3,1,6,0,0,2,6,423400.0,57.6,0,1
APP000799,657,3,2,10,0,0,1,1,891100.0,19.6,1,0
APP000800,539,3,3,17,1,60,0,5,433200.0,57.0,0,1
APP000801,633,7,1,85,0,0,4,6,117800.0,41.4,0,0
APP000802,642,1,1,36,0,0,1,3,323800.0,96.5,0,0
APP000803,854,2,2,115,1,90,1,4,360100.0,46.8,0,0
APP000804,707,5,5,48,0,0,1,2,281700.0,29.7,0,0
APP000805,724,4,3,30,0,0,0,4,78000.0,23.6,0,0
APP000806,653,2,0,7,0,0,4,5,1290300.0,28.0,2,0
APP000807,760,5,0,121,0,0,4,7,682800.0,40.0,1,0
APP000808,639,2,2,102,1,90,3,5,903900.0,29.1,0,0
APP000809,688,4,1,45,2,30,0,3,896600.0,22.1,0,0
APP000810,743,1,1,36,2,180,2,4,584000.0,5.6,0,0
APP000811,539,0,0,17,1,30,2,3,300200.0,95.7,0,2
APP000812,742,3,2,13,0,0,3,7,115300.0,46.7,0,0
APP000813,674,1,1,38,0,0,2,4,498500.0,15.4,0,1
APP000814,744,3,0,76,0,0,3,4,1134200.0,6.3,1,0
APP000815,714,4,2,73,0,0,1,3,410600.0,33.1,0,0
APP000816,621,6,0,11,0,0,3,4,930800.0,68.9,0,0
APP000817,652,7,2,13,2,60,6,9,210000.0,21.5,2,0
APP000818,669,1,1,76,1,90,1,2,254200.0,63.7,0,0
APP000819,749,2,2,69,0,0,4,6,459200.0,59.9,0,0
APP000820,690,5,3,52,0,0,0,2,258800.0,59.6,0,0
APP000821,767,3,2,82,0,0,3,4,1008300.0,21.4,1,0
APP000822,861,6,3,30,1,30,1,5,517400.0,34.9,0,0
APP000823,633,3,3,19,0,0,3,6,15200.0,64.9,0,0
APP000824,813,3,3,21,0,0,1,1,353200.0,17.0,0,0
APP000825,591,0,0,4,2,90,0,0,166600.0,93.9,0,0
APP000826,687,4,1,12,0,0,2,4,680500.0,99.0,0,0
APP000827,769,1,1,17,1,30,2,7,198300.0,41.7,0,0
APP000828,742,3,2,21,0,0,2,4,516400.0,49.3,0,0
APP000829,667,4,3,191,3,90,0,0,11000.0,76.1,0,0
APP000830,654,2,0,219,3,60,1,5,17500.0,51.0,0,0
APP000831,509,2,0,5,1,60,3,4,662500.0,84.9,0,0
APP000832,775,4,0,10,1,90,3,3,566200.0,79.9,0,0
APP000833,685,4,2,1,0,0,0,2,223600.0,50.7,0,0
APP000834,554,2,0,123,0,0,4,5,985200.0,10.1,0,0
APP000835,680,2,1,5,1,90,4,5,683100.0,50.6,0,0
APP000836,644,3,3,25,3,180,3,7,485100.0,30.7,0,0
APP000837,635,4,3,25,0,0,1,4,17900.0,16.1,0,0
APP000838,691,4,0,25,0,0,0,3,937700.0,40.3,1,0
APP000839,828,0,0,63,1,60,0,3,82800.0,36.8,0,0
APP000840,727,3,3,33,2,60,1,2,143500.0,5.8,0,0
APP000841,580,6,2,46,2,60,1,5,594800.0,23.1,0,0
APP000842,754,2,0,15,0,0,1,3,836900.0,84.6,0,0
APP000843,741,3,3,6,0,0,0,2,92200.0,21.4,0,0
APP000844,586,1,1,64,1,30,0,4,384800.0,25.7,0,0
APP000845,752,4,2,42,0,0,0,2,1923400.0,8.2,0,0
APP000846,767,6,3,55,0,0,0,3,556400.0,63.7,3,1
APP000847,750,1,1,27,3,60,2,5,313800.0,70.1,0,0
APP000848,691,2,2,156,0,0,1,4,106300.0,86.1,0,0
APP000849,882,5,2,45,0,0,3,4,956700.0,29.2,0,0
APP000850,645,4,2,136,0,0,0,2,325500.0,2.6,0,0
APP000851,596,2,2,4,0,0,4,7,17300.0,62.5,3,0
APP000852,723,3,2,76,0,0,1,2,220600.0,24.9,1,0
APP000853,618,4,1,76,0,0,1,2,527600.0,21.5,0,0
APP000854,817,1,1,84,0,0,1,3,329600.0,63.5,0,0
APP000855,654,3,2,18,3,30,3,6,16200.0,91.3,0,0
APP000856,619,3,0,65,0,0,0,1,1187100.0,33.0,0,0
APP000857,622,2,2,71,0,0,4,7,473100.0,71.3,0,0
APP000858,639,5,2,25,0,0,2,4,109800.0,51.3,0,0
APP000859,695,4,2,73,0,0,3,8,137000.0,86.3,2,1
APP000860,775,5,3,42,3,30,3,4,429800.0,35.6,1,0
APP000861,721,3,3,7,0,0,6,9,408600.0,70.1,0,0
APP000862,625,2,1,50,0,0,0,3,506900.0,33.7,0,0
APP000863,730,1,1,26,0,0,1,2,24500.0,32.7,0,0
APP000864,812,2,2,7,1,30,1,3,172400.0,36.3,0,0
APP000865,616,1,1,65,0,0,4,5,1995900.0,19.3,0,0
APP000866,785,3,2,28,0,0,3,5,35200.0,77.1,0,0
APP000867,824,2,2,143,0,0,2,3,3171100.0,14.4,0,0
APP000868,693,5,4,59,4,60,3,8,559800.0,39.3,0,0
APP000869,784,3,3,170,1,120,2,7,136000.0,6.8,0,0
APP000870,701,5,2,5,0,0,1,4,1162700.0,86.3,0,0
APP000871,612,3,3,54,0,0,2,5,212800.0,62.1,1,0
APP000872,738,2,2,50,0,0,2,3,467500.0,2.3,0,0
APP000873,592,4,1,204,0,0,1,4,63100.0,70.4,0,0
APP000874,668,4,4,61,1,60,0,3,636700.0,84.8,3,0
APP000875,756,1,1,12,0,0,4,6,240400.0,13.1,0,0
APP000876,778,2,2,99,0,0,2,2,181600.0,68.3,0,0
APP000877,656,6,4,51,0,0,2,7,1443100.0,24.1,0,0
APP000878,831,3,1,73,1,60,4,7,944300.0,25.6,0,2
APP000879,652,1,1,202,1,60,0,2,500600.0,56.0,0,0
APP000880,717,5,1,3,0,0,2,5,226800.0,87.8,1,0
APP000881,659,1,1,83,1,120,1,6,297700.0,54.5,0,0
APP000882,673,4,2,7,1,180,3,5,13100.0,55.4,0,1
APP000883,740,6,1,77,0,0,3,6,507800.0,49.2,0,1
APP000884,818,2,1,10,1,60,0,1,1349800.0,70.6,2,0
APP000885,841,4,1,64,1,90,0,2,1905500.0,10.4,0,0
APP000886,527,3,3,148,1,30,5,6,882900.0,31.5,0,0
APP000887,692,8,2,18,2,120,1,3,281000.0,32.8,0,0
APP000888,699,1,1,51,1,60,1,1,366700.0,46.7,0,0
APP000889,699,3,0,14,0,0,0,4,407100.0,64.1,3,0
APP000890,715,4,4,3,0,0,2,2,1874700.0,56.1,0,0
APP000891,733,2,0,16,0,0,2,3,488900.0,52.4,0,0
APP000892,720,1,0,136,0,0,4,5,63500.0,53.5,0,0
APP000893,801,0,0,18,0,0,2,3,128800.0,8.9,0,0
APP000894,695,4,2,0,3,180,2,3,307000.0,55.0,0,0
APP000895,900,2,1,19,1,60,1,3,321500.0,18.5,0,0
APP000896,600,6,2,17,1,90,2,2,329500.0,0.4,0,0
APP000897,814,2,2,62,1,90,2,5,778200.0,39.6,0,0
APP000898,698,7,1,18,0,0,1,2,24000.0,15.6,0,0
APP000899,636,4,4,54,0,0,0,1,45700.0,33.6,0,0
APP000900,756,0,0,123,0,0,2,5,626600.0,21.3,1,0
APP000901,676,4,1,134,5,120,3,8,441300.0,77.2,0,0
APP000902,645,4,3,38,0,0,2,2,385600.0,37.0,0,0
APP000903,642,2,2,4,1,180,5,5,1144400.0,72.7,0,0
APP000904,660,6,4,80,1,30,5,6,89400.0,24.2,0,0
APP000905,693,3,3,63,1,120,3,4,400400.0,45.4,1,0
APP000906,675,4,1,177,4,30,2,5,604700.0,1.6,0,0
APP000907,712,5,4,15,3,60,0,3,102900.0,41.9,0,0
APP000908,898,5,2,59,0,0,0,1,131800.0,25.6,0,0
APP000909,680,2,2,13,1,90,2,4,149600.0,75.3,0,0
APP000910,728,2,0,360,4,60,1,3,60300.0,16.5,0,0
APP000911,676,3,0,7,0,0,4,6,748700.0,60.0,0,0
APP000912,800,1,1,60,0,0,4,5,671200.0,65.9,0,1
APP000913,718,1,1,1,0,0,1,1,4700.0,62.5,0,2
APP000914,589,1,1,59,1,60,1,3,165600.0,78.6,0,0
APP000915,814,5,3,56,1,30,2,4,119500.0,42.7,2,0
APP000916,730,5,1,10,0,0,2,2,463700.0,20.7,1,0
APP000917,619,5,0,66,0,0,1,3,267900.0,99.5,0,0
APP000918,770,5,1,70,0,0,1,3,191100.0,20.4,0,0
APP000919,673,2,1,26,0,0,2,5,120900.0,25.4,0,0
APP000920,671,3,3,51,0,0,2,3,1486700.0,64.1,0,0
APP000921,686,3,2,8,4,60,0,0,144200.0,60.4,0,0
APP000922,633,3,0,14,0,0,3,4,37500.0,76.5,3,0
APP000923,816,6,3,21,2,30,3,5,197500.0,83.9,0,0
APP000924,706,1,1,5,0,0,1,3,389600.0,4.6,1,0
APP000925,710,6,3,67,4,60,1,3,1914100.0,18.0,0,0
APP000926,736,2,2,43,0,0,4,6,91500.0,35.9,0,0
APP000927,781,1,1,170,0,0,1,1,13800.0,27.1,0,0
APP000928,629,5,1,41,0,0,4,11,14500.0,91.1,0,0
APP000929,747,3,0,62,0,0,3,6,232900.0,8.5,0,0
APP000930,638,3,2,152,5,90,1,4,196800.0,4.2,0,0
APP000931,781,1,1,21,1,30,2,6,1500.0,19.4,0,0
APP000932,721,5,1,87,0,0,2,4,1020100.0,62.9,2,0
APP000933,670,4,1,1,0,0,1,2,898100.0,84.6,1,0
APP000934,783,0,0,39,0,0,5,7,171300.0,80.8,0,0
APP000935,768,1,1,20,0,0,1,4,310300.0,13.2,0,0
APP000936,684,0,0,1,2,60,0,1,459200.0,46.6,0,0
APP000937,900,7,2,3,1,30,2,2,9700.0,74.2,0,0
APP000938,696,7,1,79,0,0,3,5,2081900.0,16.4,0,0
APP000939,736,5,1,51,1,90,3,4,11600.0,80.5,0,0
APP000940,643,4,1,21,0,0,0,1,600200.0,1.8,0,0
APP000941,840,7,0,25,0,0,0,5,705100.0,82.1,0,0
APP000942,636,4,3,68,0,0,4,4,1730200.0,27.6,0,0
APP000943,601,3,2,86,0,0,1,6,72700.0,3.5,0,0
APP000944,607,1,1,3,0,0,2,7,399300.0,87.1,0,0
APP000945,682,2,1,129,2,90,1,2,132500.0,16.9,0,1
APP000946,789,6,3,55,0,0,1,3,205100.0,77.2,0,0
APP000947,661,4,4,94,0,0,1,5,145900.0,55.6,0,0
APP000948,643,2,2,34,0,0,2,7,174500.0,73.1,0,0
APP000949,688,3,0,38,0,0,3,6,368000.0,24.0,0,0
APP000950,725,2,1,51,1,30,3,7,158900.0,79.7,0,0
APP000951,691,4,4,1,0,0,3,5,1405100.0,43.7,0,0
APP000952,827,2,2,183,0,0,1,4,236300.0,62.1,0,0
APP000953,713,3,2,171,1,180,1,2,307000.0,67.1,0,0
APP000954,772,3,3,70,1,30,3,5,17100.0,28.3,0,0
APP000955,595,3,1,45,4,30,3,5,565200.0,54.8,1,0
APP000956,582,2,2,9,3,180,2,4,96700.0,92.6,0,0
APP000957,729,2,2,38,1,90,1,3,1000000.0,15.7,1,0
APP000958,730,5,0,185,1,30,1,7,374300.0,34.5,0,0
APP000959,687,6,3,23,0,0,3,3,78000.0,16.2,0,0
APP000960,799,4,1,18,2,90,4,4,100500.0,57.3,0,0
APP000961,693,5,2,12,0,0,0,2,200800.0,44.5,0,0
APP000962,534,2,2,6,3,90,2,6,1420300.0,85.9,0,0
APP000963,745,4,0,14,0,0,0,3,313600.0,66.0,0,0
APP000964,704,3,2,17,2,90,1,3,841800.0,42.0,1,0
APP000965,615,0,0,13,1,120,0,1,455600.0,15.8,0,0
APP000966,710,3,3,55,0,0,3,5,348400.0,95.6,2,0
APP000967,818,2,2,107,0,0,4,8,207100.0,70.5,2,0
APP000968,725,2,1,53,1,120,3,5,576300.0,73.5,0,0
APP000969,638,1,1,140,0,0,1,1,176300.0,70.8,0,0
APP000970,603,3,1,18,0,0,1,2,1438200.0,36.6,2,0
APP000971,741,3,2,123,5,120,0,3,102000.0,70.8,0,0
APP000972,720,4,1,7,0,0,0,0,68100.0,63.6,0,0
APP000973,900,2,0,39,0,0,2,5,309900.0,62.5,0,1
APP000974,632,3,2,64,4,180,0,2,106400.0,93.0,0,0
APP000975,652,2,1,107,4,90,2,4,649100.0,74.1,0,0
APP000976,642,4,0,129,2,60,1,3,295500.0,39.0,0,0
APP000977,666,3,1,0,0,0,1,3,680200.0,17.9,0,0
APP000978,649,3,3,20,0,0,2,4,158800.0,24.9,0,1
APP000979,667,3,2,80,0,0,6,7,559100.0,75.1,1,1
APP000980,712,2,2,23,3,30,4,5,190900.0,62.5,0,0
APP000981,796,3,3,110,0,0,3,7,719600.0,82.6,0,0
APP000982,579,3,3,25,1,180,4,6,1307700.0,34.9,0,1
APP000983,655,5,5,23,1,30,5,6,100600.0,15.3,0,0
APP000984,697,2,1,15,0,0,1,5,80400.0,45.9,0,0
APP000985,747,2,0,137,0,0,0,3,59900.0,57.4,2,0
APP000986,785,0,0,0,2,90,1,5,27200.0,64.0,0,0
APP000987,645,2,1,237,0,0,2,6,5576500.0,39.8,1,0
APP000988,703,2,2,18,2,30,3,3,179000.0,84.5,0,0
APP000989,607,4,0,67,0,0,0,2,908500.0,67.5,0,0
APP000990,841,2,1,146,3,120,2,2,711800.0,22.7,0,0
APP000991,778,3,2,66,0,0,1,3,197500.0,10.9,0,0
APP000992,649,5,3,48,0,0,2,5,464500.0,86.6,0,0
APP000993,822,5,2,47,2,180,2,4,87300.0,85.7,0,0
APP000994,705,0,0,55,0,0,2,3,1086500.0,81.6,0,0
APP000995,736,7,1,25,0,0,0,3,117200.0,10.2,0,0
APP000996,620,2,2,86,0,0,1,5,220700.0,0.2,1,0
APP000997,616,1,1,44,1,30,2,4,257100.0,14.6,0,0
APP000998,734,1,1,98,0,0,1,3,892900.0,91.6,0,0
APP000999,816,3,2,1,3,120,3,4,1067200.0,94.7,0,0
APP001000,715,5,3,31,0,0,4,6,371500.0,19.4,0,0
APP001001,692,4,1,62,2,30,2,4,60700.0,63.9,1,0
APP001002,643,4,3,29,0,0,4,6,435300.0,3.7,0,0
APP001003,686,4,2,360,0,0,6,7,140400.0,13.9,0,1
APP001004,733,2,1,25,0,0,1,6,88400.0,32.9,0,0
APP001005,662,2,2,69,0,0,0,2,258400.0,59.2,0,0
APP001006,635,2,1,135,0,0,2,3,35000.0,55.5,0,0
APP001007,647,1,1,63,0,0,1,4,749400.0,36.0,0,0
APP001008,581,4,1,26,1,30,0,1,368100.0,53.0,0,0
APP001009,751,3,0,13,0,0,5,8,167900.0,62.7,0,2
APP001010,721,4,1,28,0,0,0,2,58700.0,7.1,0,0
APP001011,704,1,1,111,0,0,3,7,77700.0,38.5,0,0
APP001012,708,5,4,50,0,0,3,6,856200.0,3.0,0,0
APP001013,593,0,0,120,0,0,2,2,1175200.0,55.3,1,0
APP001014,572,4,3,13,1,30,2,4,579800.0,13.5,0,0
APP001015,570,4,2,145,0,0,2,5,1098100.0,57.3,1,2
APP001016,693,2,2,42,5,30,5,6,18300.0,9.3,0,0
APP001017,545,3,1,95,2,60,1,2,1216900.0,49.0,0,0
APP001018,648,1,1,15,0,0,1,2,1849000.0,3.1,0,0
APP001019,702,6,0,37,3,60,5,6,1511100.0,65.1,1,0
APP001020,684,1,1,78,0,0,1,2,936300.0,32.8,0,0
APP001021,562,1,1,19,3,180,0,1,207900.0,23.0,0,1
APP001022,622,6,0,7,0,0,2,3,152700.0,8.7,0,0
APP001023,689,4,0,2,0,0,1,2,246200.0,33.6,0,0
APP001024,628,3,1,136,0,0,2,4,116600.0,70.2,3,0
APP001025,637,4,3,72,1,60,4,5,179700.0,26.4,1,0
APP001026,714,4,2,54,0,0,1,2,901700.0,68.6,0,0
APP001027,866,4,3,33,0,0,4,6,847700.0,61.0,0,0
APP001028,588,4,3,5,2,30,0,5,4700.0,12.0,0,0
APP001029,807,3,2,34,0,0,1,4,45500.0,4.7,0,0
APP001030,721,6,1,31,0,0,3,3,83700.0,93.2,0,0
APP001031,820,3,2,230,4,60,1,2,58500.0,31.8,1,0
APP001032,698,1,1,1,1,60,3,3,82800.0,28.3,0,0
APP001033,730,2,1,112,0,0,0,3,80100.0,17.5,0,0
APP001034,689,4,3,3,0,0,4,7,1745200.0,29.9,0,0
APP001035,636,4,0,284,2,60,0,0,354100.0,1.8,0,0
APP001036,636,2,1,32,0,0,4,5,400600.0,11.6,0,0
APP001037,749,0,0,18,0,0,1,5,390800.0,19.3,0,0
APP001038,804,8,1,49,0,0,2,4,1274800.0,85.4,0,1
APP001039,731,4,2,105,0,0,2,4,127100.0,11.2,0,0
APP001040,703,0,0,23,0,0,1,3,559200.0,37.9,0,0
APP001041,678,2,2,7,0,0,1,5,325200.0,91.1,0,0
APP001042,619,5,4,55,0,0,1,4,179600.0,98.7,2,0
APP001043,781,3,2,94,5,30,1,4,213500.0,15.1,0,0
APP001044,672,4,2,27,0,0,3,6,53600.0,18.5,2,0
APP001045,773,5,0,28,5,60,2,5,1142700.0,0.3,0,0
APP001046,717,2,2,65,1,30,1,2,1575600.0,81.3,0,0
APP001047,622,4,0,143,3,60,0,5,225200.0,38.4,0,0
APP001048,567,3,1,4,0,0,1,4,845600.0,32.7,0,0
APP001049,687,1,0,6,1,90,2,4,397400.0,40.2,0,0
APP001050,588,5,1,15,0,0,4,6,183600.0,94.5,1,0
APP001051,695,2,0,146,1,30,0,1,299500.0,25.5,2,0
APP001052,719,4,4,1,2,30,2,4,202800.0,56.5,0,0
APP001053,607,3,0,90,0,0,3,3,1780200.0,95.9,0,0
APP001054,739,3,2,232,0,0,3,3,296500.0,63.6,0,0
APP001055,744,3,2,209,0,0,2,3,85400.0,31.7,0,0
APP001056,813,5,2,2,0,0,2,3,191300.0,45.2,0,0
APP001057,661,4,0,38,0,0,4,5,537500.0,10.5,0,0
APP001058,657,4,2,24,0,0,1,5,707600.0,30.7,0,0
APP001059,821,5,0,44,4,60,5,6,726700.0,59.8,0,0
APP001060,807,3,3,32,0,0,5,7,400100.0,93.8,0,0
APP001061,749,6,4,73,0,0,2,3,769700.0,11.1,0,1
APP001062,855,3,1,13,0,0,1,1,905400.0,94.4,0,1
APP001063,574,2,2,140,0,0,2,9,127400.0,18.6,0,1
APP001064,775,3,1,158,0,0,5,11,231200.0,48.3,0,0
APP001065,614,6,1,130,1,60,7,11,708000.0,80.6,0,1
APP001066,788,6,3,84,2,120,2,3,8300.0,27.1,0,0
APP001067,863,5,1,4,0,0,2,2,672600.0,6.7,0,0
APP001068,889,7,3,4,0,0,3,3,930100.0,69.3,1,0
APP001069,682,0,0,50,2,60,3,4,674800.0,0.4,0,0
APP001070,773,6,1,3,0,0,3,4,452100.0,14.4,0,1
APP001071,648,4,4,37,1,60,3,4,139200.0,59.7,0,0
APP001072,582,1,1,59,0,0,3,7,377200.0,68.7,0,2
APP001073,648,6,2,69,3,60,6,9,370700.0,49.0,1,0
APP001074,721,2,0,148,1,90,1,2,180300.0,58.6,0,0
APP001075,604,3,3,5,2,180,0,1,124200.0,34.0,0,0
APP001076,563,3,1,187,5,30,1,3,271200.0,11.4,0,0
APP001077,802,4,2,74,0,0,3,5,1087700.0,48.8,0,0
APP001078,651,4,0,46,1,60,2,5,168700.0,84.9,1,0
APP001079,662,0,0,52,0,0,2,4,432100.0,60.6,0,0
APP001080,623,2,0,0,2,30,4,6,224400.0,0.5,0,0
APP001081,576,1,1,41,0,0,2,5,533400.0,73.9,1,0
APP001082,701,3,3,9,0,0,2,4,441600.0,40.5,0,0
APP001083,708,1,1,30,0,0,1,2,199500.0,85.9,0,0
APP001084,677,4,4,90,0,0,4,6,3722600.0,81.6,1,0
APP001085,731,1,1,7,0,0,0,2,848600.0,42.6,0,0
APP001086,775,1,1,360,0,0,4,5,354000.0,72.5,0,0
APP001087,644,3,2,84,0,0,1,3,346200.0,53.6,0,0
APP001088,649,4,4,81,4,120,2,4,587400.0,44.8,0,0
APP001089,758,2,2,120,0,0,3,4,33000.0,47.7,0,0
APP001090,574,1,1,16,0,0,3,5,595700.0,81.9,0,0
APP001091,658,0,0,140,0,0,3,4,115000.0,53.9,0,0
APP001092,601,3,3,41,0,0,0,2,322100.0,10.1,0,0
APP001093,781,4,1,30,1,90,1,2,321600.0,0.1,0,0
APP001094,762,2,2,30,2,180,2,4,335000.0,65.3,0,0
APP001095,645,3,1,39,2,30,3,6,728700.0,94.3,0,0
APP001096,740,3,2,48,0,0,3,7,124800.0,65.9,0,0
APP001097,729,4,0,19,0,0,1,3,292200.0,22.7,0,1
APP001098,759,4,3,35,0,0,1,3,1354700.0,30.6,0,0
APP001099,720,2,2,7,0,0,3,4,113900.0,73.0,0,0
APP001100,787,0,0,30,0,0,0,1,387800.0,8.6,0,0
APP001101,472,1,1,15,0,0,1,3,85500.0,41.4,0,0
APP001102,650,1,1,13,2,120,1,2,1072000.0,67.5,0,1
APP001103,681,4,4,2,5,90,0,2,558300.0,43.4,0,0
APP001104,759,2,0,316,1,90,2,4,422700.0,34.2,0,0
APP001105,729,5,0,137,0,0,3,5,471500.0,53.8,0,0
APP001106,724,2,1,7,0,0,4,5,4800.0,33.2,0,0
APP001107,762,6,1,26,0,0,2,3,64100.0,9.4,1,1
APP001108,603,3,2,95,2,120,1,3,273200.0,34.5,0,0
APP001109,702,4,1,30,2,30,2,3,916200.0,41.1,0,0
APP001110,632,2,0,27,1,30,0,1,604600.0,88.1,0,0
APP001111,709,8,1,30,0,0,2,3,595300.0,63.4,0,0
APP001112,696,1,1,77,1,30,1,2,648400.0,50.0,0,0
APP001113,681,7,2,91,2,30,3,6,485000.0,44.1,0,0
APP001114,691,1,1,41,4,120,3,4,1937300.0,0.2,0,0
APP001115,855,5,3,76,0,0,5,6,48700.0,1.3,0,0
APP001116,619,1,1,50,0,0,3,7,78300.0,25.1,0,0
APP001117,653,1,1,85,0,0,0,3,391000.0,72.8,0,0
APP001118,728,4,1,7,2,120,1,2,175000.0,52.8,0,0
APP001119,746,5,2,114,0,0,1,2,2165100.0,13.7,0,0
APP001120,675,2,1,77,3,120,6,9,580900.0,31.2,0,0
APP001121,610,3,3,71,2,30,4,4,689500.0,2.2,0,0
APP001122,688,3,3,127,2,30,1,2,27800.0,23.9,0,0
APP001123,614,2,0,303,3,60,4,5,452600.0,40.0,0,0
APP001124,740,7,4,75,0,0,2,2,909700.0,69.6,0,1
APP001125,745,4,2,104,0,0,3,4,347900.0,70.4,0,2
APP001126,617,4,2,26,1,30,1,1,334200.0,28.6,0,0
APP001127,675,2,1,44,1,90,1,2,670500.0,20.4,0,0
APP001128,691,3,3,2,1,60,1,2,189000.0,1.0,0,1
APP001129,855,1,1,249,0,0,7,7,132100.0,60.4,0,1
APP001130,603,3,1,124,0,0,0,0,57000.0,78.1,0,0
APP001131,800,3,1,40,1,30,1,2,430400.0,39.4,0,0
APP001132,592,3,2,38,1,120,1,2,453400.0,70.0,0,0
APP001133,663,4,1,74,0,0,3,6,261800.0,73.9,0,0
APP001134,742,4,0,27,0,0,1,4,156800.0,50.9,0,0
APP001135,727,2,2,29,0,0,1,2,945300.0,91.8,1,0
APP001136,641,5,2,6,0,0,2,2,1021300.0,13.9,0,0
APP001137,565,3,2,30,0,0,3,5,998000.0,26.3,2,0
APP001138,685,0,0,1,0,0,2,4,70000.0,91.3,1,0
APP001139,761,2,2,47,0,0,0,2,1040700.0,31.5,0,0
APP001140,869,6,0,13,0,0,1,4,1208200.0,22.5,0,0
APP001141,648,2,2,8,0,0,1,3,591800.0,41.9,0,0
APP001142,572,2,1,110,3,90,1,2,113300.0,31.9,0,0
APP001143,664,3,1,80,3,60,1,3,108000.0,93.7,1,0
APP001144,695,2,1,18,0,0,4,6,430000.0,18.2,0,0
APP001145,747,1,1,67,2,90,3,7,137200.0,51.9,0,0
APP001146,709,4,1,39,0,0,3,6,231500.0,41.4,0,0
APP001147,647,6,2,44,3,30,2,3,352400.0,83.8,0,0
APP001148,543,1,0,2,0,0,1,3,301100.0,34.1,1,0
APP001149,701,2,0,26,1,30,3,6,513600.0,27.4,0,0
APP001150,779,4,3,103,0,0,7,9,588700.0,45.4,0,0
APP001151,591,4,3,40,3,60,2,3,190000.0,46.6,0,0
APP001152,847,4,4,7,0,0,1,2,1065800.0,2.8,2,0
APP001153,892,2,0,14,0,0,1,5,17000.0,39.8,0,0
APP001154,812,3,3,14,0,0,0,0,411500.0,66.2,0,0
APP001155,723,6,2,45,1,60,3,5,298600.0,25.5,0,1
APP001156,604,4,0,45,0,0,2,4,53300.0,18.1,0,0
APP001157,617,2,2,31,0,0,1,6,734700.0,34.3,0,0
APP001158,674,6,0,29,2,60,1,3,201900.0,94.0,0,1
APP001159,663,2,1,56,5,30,2,6,1444500.0,43.9,0,0
APP001160,691,2,2,41,1,120,3,4,1207500.0,86.8,0,0
APP001161,682,3,2,58,1,60,1,5,413600.0,25.4,0,0
APP001162,751,5,3,19,0,0,1,2,1218600.0,8.5,0,0
APP001163,671,3,2,6,0,0,2,3,285900.0,1.6,0,0
APP001164,740,6,1,42,0,0,0,2,819300.0,35.9,0,0
APP001165,600,1,1,26,0,0,3,6,844700.0,48.8,0,0
APP001166,751,1,0,26,0,0,3,5,127800.0,79.2,0,0
APP001167,430,3,3,18,5,90,0,2,231500.0,71.8,0,1
APP001168,635,6,0,121,0,0,4,5,1135100.0,66.2,0,0
APP001169,686,3,3,11,0,0,3,3,448300.0,86.7,2,1
APP001170,751,3,1,28,0,0,1,4,435800.0,21.3,0,0
APP001171,709,4,2,0,0,0,2,5,121200.0,88.9,0,0
APP001172,538,3,3,73,1,120,0,0,438700.0,27.2,1,0
APP001173,865,0,0,85,2,90,1,1,641700.0,61.5,0,0
APP001174,653,5,3,17,0,0,1,5,558800.0,79.1,0,0
APP001175,806,6,4,120,1,90,1,2,524700.0,26.5,0,0
APP001176,677,4,2,6,1,30,1,1,866800.0,61.4,0,0
APP001177,732,1,1,25,2,180,1,3,800.0,85.3,0,0
APP001178,623,5,3,28,2,30,4,6,565000.0,38.8,1,0
APP001179,900,2,1,33,1,60,4,5,573100.0,65.6,1,0
APP001180,649,5,2,74,0,0,3,5,266500.0,93.7,0,0
APP001181,670,2,2,73,0,0,2,4,989800.0,44.4,0,0
APP001182,831,1,0,9,1,180,4,5,786500.0,58.6,0,0
APP001183,656,4,3,11,3,120,3,5,321000.0,49.0,1,0
APP001184,776,1,1,24,0,0,0,1,297500.0,31.7,0,0
APP001185,591,3,3,79,0,0,3,4,1417100.0,16.5,0,0
APP001186,752,3,3,4,0,0,4,7,492700.0,60.8,0,0
APP001187,629,5,1,15,1,30,2,2,200200.0,47.3,3,0
APP001188,653,5,4,60,0,0,0,2,519600.0,3.4,0,0
APP001189,724,4,1,53,1,60,1,1,708200.0,19.2,0,0
APP001190,708,3,3,33,0,0,2,4,226900.0,68.6,0,0
APP001191,660,3,0,50,4,30,1,2,1272100.0,58.5,0,0
APP001192,609,2,0,82,1,120,3,5,209500.0,27.3,0,0
APP001193,675,3,0,22,2,30,3,6,1558400.0,49.0,0,0
APP001194,655,3,3,90,0,0,2,2,211400.0,4.4,1,0
APP001195,709,2,2,130,1,30,1,3,724700.0,22.8,0,0
APP001196,661,2,2,59,0,0,2,6,55500.0,55.4,0,0
APP001197,760,3,3,26,0,0,1,2,543900.0,0.2,0,0
APP001198,803,1,1,115,0,0,1,1,770200.0,37.8,0,0
APP001199,739,3,1,143,0,0,3,4,1083700.0,82.5,0,0
APP001200,666,1,0,21,3,30,2,2,299200.0,85.2,0,0
APP001201,635,3,1,4,0,0,4,5,299800.0,68.9,0,0
APP001202,805,3,2,3,0,0,3,9,1134200.0,82.5,0,0
APP001203,809,2,2,21,0,0,2,3,107000.0,6.2,1,0
APP001204,712,4,4,15,0,0,2,4,1318100.0,62.0,0,1
APP001205,789,2,2,24,5,30,0,0,370600.0,45.5,0,2
APP001206,620,4,2,32,2,30,1,4,80700.0,18.7,0,0
APP001207,683,1,1,143,3,180,3,3,103900.0,65.5,0,0
APP001208,771,3,1,43,2,30,1,3,246300.0,23.3,0,0
APP001209,596,9,0,73,0,0,2,3,308400.0,38.1,0,0
APP001210,585,3,2,92,0,0,3,4,427000.0,10.8,0,0
APP001211,666,4,3,75,0,0,1,4,314800.0,60.9,3,0
APP001212,686,1,1,35,0,0,1,5,301800.0,82.9,0,0
APP001213,719,4,0,100,2,90,2,4,191400.0,96.2,0,0
APP001214,793,4,1,40,0,0,2,2,134000.0,16.4,0,0
APP001215,671,5,1,208,0,0,4,4,399300.0,5.9,0,0
APP001216,646,5,1,142,2,60,2,2,2017600.0,53.5,0,0
APP001217,719,2,0,19,1,60,1,4,392900.0,16.7,0,0
APP001218,517,4,3,5,0,0,1,3,1800.0,75.0,0,0
APP001219,737,5,3,63,0,0,3,4,641300.0,6.5,0,0
APP001220,738,2,0,12,1,90,3,5,151400.0,94.6,0,0
APP001221,685,4,2,66,0,0,4,6,204200.0,10.4,0,0
APP001222,756,2,2,1,0,0,6,8,5800.0,9.6,0,0
APP001223,801,2,1,48,3,60,4,9,2369000.0,52.7,0,1
APP001224,767,2,1,18,4,30,1,2,291500.0,67.8,0,0
APP001225,601,5,2,76,0,0,3,6,465100.0,37.4,0,0
APP001226,614,0,0,11,0,0,0,4,1614800.0,72.5,3,0
APP001227,746,3,2,28,1,60,0,2,11300.0,22.7,0,0
APP001228,696,2,1,66,3,90,0,1,948600.0,89.1,0,0
APP001229,593,1,1,24,0,0,2,6,1565500.0,0.8,0,0
APP001230,719,2,2,24,0,0,2,5,141300.0,7.1,0,0
APP001231,575,5,0,33,0,0,3,6,21700.0,28.7,0,0
APP001232,738,2,1,3,0,0,2,5,348800.0,80.0,0,0
APP001233,649,2,2,18,0,0,0,3,122900.0,45.9,0,1
APP001234,710,2,2,59,0,0,1,5,93800.0,16.3,0,0
APP001235,703,2,2,108,1,30,0,1,197400.0,72.0,0,0
APP001236,756,3,3,65,1,90,2,5,45500.0,12.9,1,0
APP001237,617,3,2,40,2,30,0,2,203000.0,62.6,0,0
APP001238,676,4,2,56,0,0,1,3,2200100.0,81.4,0,0
APP001239,671,1,1,10,0,0,2,3,129700.0,76.1,0,0
APP001240,788,4,2,9,0,0,1,6,12700.0,89.4,0,0
APP001241,743,0,0,50,3,30,2,5,332100.0,94.3,0,0
APP001242,815,2,2,16,0,0,1,2,600300.0,99.2,0,0
APP001243,572,3,1,0,0,0,3,4,954400.0,66.6,3,0
APP001244,735,2,1,360,0,0,0,1,1421300.0,83.1,0,0
APP001245,711,3,0,3,0,0,3,4,979100.0,18.2,0,0
APP001246,639,3,2,28,2,90,1,4,322400.0,52.4,0,0
APP001247,710,2,2,11,2,30,5,6,306100.0,29.9,0,1
APP001248,694,2,0,46,0,0,1,3,135300.0,31.7,0,0
APP001249,672,6,3,30,0,0,1,4,113400.0,73.4,0,0
APP001250,714,3,3,103,0,0,3,5,1071800.0,6.9,0,0
APP001251,699,4,1,27,2,30,2,4,586000.0,67.4,1,0
APP001252,657,0,0,82,2,60,1,3,399200.0,81.4,0,0
APP001253,727,3,3,61,0,0,1,3,368600.0,28.5,1,0
APP001254,736,6,6,98,0,0,5,5,423200.0,15.8,0,0
APP001255,695,5,4,21,0,0,3,6,2344200.0,56.7,0,0
APP001256,652,0,0,81,1,30,1,2,111300.0,90.6,0,0
APP001257,601,1,1,115,0,0,0,2,131600.0,47.8,1,1
APP001258,762,3,3,63,0,0,1,3,199100.0,74.8,1,0
APP001259,656,3,1,172,0,0,3,4,884500.0,37.3,1,0
APP001260,678,3,2,3,0,0,3,8,47200.0,68.4,0,0
APP001261,634,2,0,37,0,0,4,6,604400.0,15.9,0,1
APP001262,795,3,2,4,2,30,2,3,196200.0,98.2,0,0
APP001263,672,1,1,61,1,60,1,2,89400.0,81.0,0,0
APP001264,755,3,1,30,2,30,1,2,407100.0,76.0,0,0
APP001265,683,3,1,26,0,0,2,4,45100.0,27.1,0,0
APP001266,736,3,3,131,5,30,2,4,342500.0,76.2,0,0
APP001267,752,1,1,78,1,30,0,3,1375100.0,18.2,0,0
APP001268,658,4,1,133,0,0,3,5,329000.0,12.3,0,0
APP001269,654,6,2,17,0,0,3,6,972100.0,69.2,0,0
APP001270,654,1,1,37,5,30,5,5,584800.0,35.4,0,0
APP001271,676,1,1,209,0,0,2,5,178300.0,75.6,0,0
APP001272,661,2,1,194,0,0,3,4,106300.0,94.3,0,0
APP001273,701,2,1,22,0,0,2,3,149100.0,1.3,0,0
APP001274,808,0,0,22,1,120,2,4,109900.0,49.7,0,0
APP001275,659,5,3,30,4,60,3,6,1215800.0,21.2,0,0
APP001276,651,6,2,72,1,60,2,2,123300.0,77.9,0,0
APP001277,709,0,0,80,0,0,0,1,151200.0,26.5,0,0
APP001278,704,3,0,22,5,60,3,7,3800.0,29.0,1,0
APP001279,712,4,1,25,4,60,3,4,45700.0,35.5,0,0
APP001280,820,7,1,40,2,30,2,2,407300.0,22.5,0,0
APP001281,709,2,2,27,2,30,2,2,1110400.0,40.9,0,0
APP001282,870,3,2,143,0,0,1,2,513900.0,47.9,0,0
APP001283,826,3,2,142,4,60,2,4,240100.0,44.5,0,0
APP001284,717,4,0,6,0,0,4,6,386900.0,99.7,0,1
APP001285,649,4,1,100,2,30,0,4,117800.0,12.9,0,0
APP001286,693,2,2,32,0,0,1,3,765600.0,22.7,0,0
APP001287,674,4,4,128,0,0,2,3,336500.0,54.0,1,0
APP001288,632,6,0,27,0,0,4,5,150700.0,33.1,0,0
APP001289,637,3,2,20,0,0,1,5,319900.0,40.4,0,1
APP001290,753,2,1,12,0,0,3,4,1054500.0,77.5,0,0
APP001291,629,1,1,127,3,30,3,5,127200.0,44.9,0,0
APP001292,757,2,2,155,0,0,3,5,1661000.0,91.7,0,0
APP001293,757,5,1,11,2,30,6,10,658300.0,74.1,2,1
APP001294,672,4,2,2,2,180,2,5,194300.0,66.7,0,0
APP001295,751,0,0,145,5,60,1,2,583100.0,69.0,0,1
APP001296,744,3,3,14,0,0,0,0,268000.0,52.3,0,0
APP001297,734,2,1,72,0,0,2,5,152500.0,65.8,0,0
APP001298,686,4,1,119,0,0,2,4,100300.0,24.1,0,0
APP001299,682,1,1,102,0,0,1,2,475500.0,56.5,1,0
APP001300,829,3,3,6,1,30,1,2,76000.0,13.3,0,0
APP001301,606,2,1,28,0,0,3,4,96400.0,87.1,0,0
APP001302,833,1,1,32,5,180,2,5,581500.0,4.1,0,0
APP001303,734,0,0,10,0,0,2,2,445600.0,24.6,0,1
APP001304,709,1,1,24,1,30,1,5,987300.0,6.6,0,0
APP001305,611,2,1,20,1,30,3,7,75800.0,25.0,0,0
APP001306,792,4,2,65,0,0,0,6,1087200.0,23.3,0,0
APP001307,841,8,1,138,2,30,5,7,916600.0,1.0,0,1
APP001308,600,1,1,215,0,0,3,6,545200.0,79.8,1,0
APP001309,682,6,4,75,0,0,4,7,291600.0,3.0,0,0
APP001310,722,6,5,0,0,0,3,4,58900.0,20.0,0,0
APP001311,497,4,2,115,0,0,5,6,358800.0,78.1,1,1
APP001312,621,3,3,182,2,30,2,3,911800.0,90.1,0,0
APP001313,802,1,1,18,0,0,2,3,1377600.0,0.4,0,0
APP001314,664,3,2,165,2,60,2,2,414400.0,58.4,1,0
APP001315,725,2,1,203,1,60,2,6,137800.0,95.0,0,0
APP001316,645,4,4,59,0,0,1,3,474500.0,4.7,3,0
APP001317,633,2,1,36,0,0,2,4,637700.0,18.6,0,0
APP001318,857,7,5,70,1,180,3,3,667000.0,29.0,0,0
APP001319,626,5,1,62,5,60,1,1,175400.0,73.4,0,0
APP001320,660,7,1,9,0,0,0,3,71500.0,13.4,0,0
APP001321,682,5,2,4,0,0,1,5,143400.0,17.2,0,0
APP001322,517,1,1,179,0,0,2,2,752900.0,85.8,0,0
APP001323,645,2,2,1,0,0,2,4,223800.0,95.9,0,1
APP001324,783,4,4,94,1,60,1,5,849600.0,0.4,2,1
APP001325,755,2,1,27,0,0,4,4,699700.0,17.2,0,0
APP001326,794,2,2,127,0,0,3,5,81600.0,57.8,0,0
APP001327,703,6,1,38,0,0,2,5,929700.0,12.3,0,0
APP001328,741,3,2,38,2,30,1,6,517800.0,92.7,0,0
APP001329,712,2,2,37,0,0,0,1,287800.0,36.2,0,0
APP001330,650,1,1,68,0,0,2,4,330300.0,22.3,0,0
APP001331,727,5,4,85,1,60,1,4,2795500.0,80.8,0,0
APP001332,625,2,0,179,0,0,1,1,100200.0,90.9,1,0
APP001333,833,2,2,30,0,0,3,6,18800.0,97.7,0,0
APP001334,667,2,2,21,0,0,2,5,314500.0,16.2,0,1
APP001335,618,9,3,8,0,0,1,1,108300.0,6.6,0,0
APP001336,802,6,3,69,2,90,1,4,197300.0,71.0,0,0
APP001337,775,4,0,30,0,0,0,2,1700.0,11.1,0,0
APP001338,694,3,1,21,5,30,0,2,318800.0,68.5,0,0
APP001339,698,2,1,7,0,0,3,5,266000.0,41.9,0,0
APP001340,711,2,2,115,0,0,2,3,702200.0,34.7,0,0
APP001341,666,6,2,139,0,0,1,2,350000.0,53.4,0,0
APP001342,712,5,2,32,0,0,2,5,29300.0,85.9,0,0
APP001343,579,4,2,30,0,0,2,3,762900.0,86.2,0,0
APP001344,605,2,2,24,1,90,1,2,476100.0,62.1,2,0
APP001345,678,4,2,51,0,0,1,3,413200.0,23.7,2,0
APP001346,673,4,0,134,1,120,0,3,181000.0,9.4,3,0
APP001347,722,4,1,41,2,30,1,1,1177600.0,77.4,0,0
APP001348,752,4,2,6,0,0,2,3,47600.0,4.8,0,0
APP001349,741,11,1,4,1,90,1,2,185200.0,13.1,0,0
APP001350,619,4,2,8,0,0,3,6,17800.0,92.6,0,0
APP001351,689,4,1,43,0,0,2,4,519200.0,59.3,0,0
APP001352,664,1,1,85,0,0,1,4,1232900.0,68.6,0,0
APP001353,559,1,1,49,0,0,3,5,171000.0,41.7,0,0
APP001354,598,1,1,94,0,0,5,5,239700.0,18.4,0,0
APP001355,564,3,3,0,1,60,2,2,351200.0,26.8,0,0
APP001356,757,3,3,301,3,30,1,4,1386800.0,78.8,0,0
APP001357,795,2,1,12,3,90,1,4,26000.0,1.1,0,0
APP001358,617,1,1,41,1,90,2,4,135700.0,40.4,0,0
APP001359,703,1,1,7,2,90,3,5,873500.0,0.7,1,0
APP001360,900,2,2,63,0,0,0,2,348400.0,37.1,1,0
APP001361,762,2,2,9,0,0,1,2,118100.0,35.1,0,2
APP001362,625,3,2,11,2,30,2,2,430400.0,39.9,0,0
APP001363,556,1,0,41,3,30,6,10,19400.0,6.1,0,0
APP001364,821,7,3,5,1,120,2,3,701500.0,28.6,0,0
APP001365,834,1,1,2,2,60,1,6,556300.0,67.8,0,0
APP001366,630,3,2,53,0,0,1,2,280200.0,83.5,0,1
APP001367,647,5,3,1,0,0,0,3,392600.0,3.3,0,0
APP001368,759,2,1,4,5,60,0,2,251000.0,84.3,0,1
APP001369,675,2,2,153,2,30,3,4,207300.0,23.6,0,0
APP001370,540,1,1,94,0,0,2,5,2001600.0,57.9,0,0
APP001371,714,4,2,50,3,30,1,2,555200.0,49.3,0,0
APP001372,541,3,1,20,1,60,3,6,253400.0,21.6,0,0
APP001373,681,4,3,167,1,120,1,2,1920500.0,78.2,2,0
APP001374,670,3,3,50,2,60,0,1,220700.0,4.4,0,0
APP001375,602,3,3,21,0,0,0,0,678900.0,46.6,0,0
APP001376,597,3,2,42,0,0,1,5,124300.0,95.5,0,0
APP001377,771,4,1,137,2,90,1,2,126200.0,60.3,0,0
APP001378,599,2,2,24,0,0,2,5,1071300.0,30.6,0,0
APP001379,591,5,3,23,4,30,3,6,122400.0,54.4,0,0
APP001380,754,3,3,101,0,0,2,6,514800.0,36.7,0,0
APP001381,738,2,1,57,0,0,1,1,711000.0,90.3,0,0
APP001382,719,2,2,97,0,0,2,3,1142300.0,67.6,0,0
APP001383,765,2,2,35,1,60,1,3,66100.0,85.2,0,0
APP001384,758,2,0,16,0,0,3,4,257200.0,47.5,0,0
APP001385,750,2,0,51,0,0,3,6,1116200.0,36.9,0,1
APP001386,893,6,2,46,0,0,1,3,495700.0,75.4,0,0
APP001387,611,3,2,9,2,60,0,2,70300.0,47.8,0,0
APP001388,736,2,2,4,1,30,2,2,376700.0,51.2,0,0
APP001389,743,4,3,155,0,0,1,4,345100.0,80.7,1,0
APP001390,489,4,3,28,0,0,3,6,566600.0,93.7,1,0
APP001391,690,5,2,46,0,0,1,3,224200.0,14.3,2,0
APP001392,761,6,5,14,0,0,0,1,174000.0,40.7,0,0
APP001393,794,2,2,28,0,0,0,2,169900.0,32.2,0,0
APP001394,673,4,2,9,0,0,4,7,296600.0,87.6,0,0
APP001395,789,2,2,26,0,0,2,6,755100.0,87.8,0,0
APP001396,715,2,2,16,0,0,2,7,785500.0,81.1,0,2
APP001397,783,2,0,5,0,0,0,0,41100.0,28.0,0,1
APP001398,733,4,4,106,0,0,3,3,437100.0,25.9,1,0
APP001399,706,2,2,56,1,120,0,3,253800.0,62.8,0,0
APP001400,750,5,0,46,0,0,2,4,18600.0,38.4,0,0
APP001401,630,2,2,70,0,0,3,4,706400.0,7.9,0,0
APP001402,580,0,0,83,1,90,1,1,327300.0,91.2,0,0
APP001403,666,1,0,1,1,90,1,3,783900.0,16.7,0,0
APP001404,516,4,0,76,3,60,3,5,1351700.0,63.6,0,0
APP001405,652,3,0,120,0,0,3,6,930200.0,33.9,1,0
APP001406,765,5,0,10,2,30,0,0,429100.0,69.9,0,0
APP001407,865,1,1,139,0,0,1,3,178700.0,10.2,0,0
APP001408,704,0,0,37,2,60,2,5,27700.0,34.2,0,0
APP001409,668,1,1,11,5,90,0,3,568700.0,12.1,0,0
APP001410,631,1,0,37,0,0,4,5,1839200.0,84.2,0,0
APP001411,536,4,2,7,0,0,4,7,523200.0,53.9,0,0
APP001412,772,5,2,27,0,0,5,6,23200.0,36.1,0,0
APP001413,748,5,4,41,1,30,8,10,51100.0,82.8,0,0
APP001414,715,1,1,40,0,0,2,3,227700.0,41.3,0,0
APP001415,749,2,1,6,0,0,2,3,364400.0,56.1,0,0
APP001416,613,0,0,14,1,30,2,5,297400.0,23.9,0,0
APP001417,650,3,2,24,0,0,2,2,4500.0,80.6,2,0
APP001418,736,2,2,144,1,60,0,4,430900.0,57.3,2,0
APP001419,686,1,1,58,0,0,4,5,223000.0,62.8,0,0
APP001420,610,8,0,2,2,60,3,4,443900.0,31.4,0,0
APP001421,658,2,2,116,0,0,3,5,1715100.0,73.4,0,1
APP001422,900,0,0,60,0,0,2,2,829000.0,3.4,1,0
APP001423,703,6,1,26,5,60,3,4,420700.0,3.9,0,0
APP001424,650,1,1,12,0,0,0,2,64300.0,50.2,0,0
APP001425,573,4,1,25,0,0,4,6,765500.0,74.6,0,1
APP001426,615,5,1,9,0,0,1,1,47800.0,67.6,0,0
APP001427,813,1,0,210,0,0,0,1,623900.0,10.8,0,2
APP001428,849,3,3,53,0,0,2,5,1384900.0,0.7,2,0
APP001429,782,6,3,76,0,0,3,7,433700.0,15.8,0,0
APP001430,789,4,3,84,3,60,1,3,139300.0,63.7,2,0
APP001431,679,5,1,99,1,30,0,2,270600.0,11.8,0,0
APP001432,689,4,0,88,5,30,1,3,1436100.0,76.2,0,0
APP001433,720,7,2,40,1,60,0,2,452300.0,36.6,1,0
APP001434,638,3,2,46,0,0,4,5,983400.0,2.0,0,0
APP001435,709,2,2,34,0,0,0,1,439900.0,6.4,0,0
APP001436,666,3,0,47,2,60,4,6,283200.0,36.8,0,0
APP001437,635,4,3,26,1,120,1,2,705800.0,99.7,0,0
APP001438,426,3,3,46,1,90,2,5,102700.0,28.6,0,0
APP001439,700,4,2,68,0,0,3,6,321100.0,32.8,0,0
APP001440,614,7,0,45,0,0,1,3,771900.0,50.4,0,0
APP001441,661,4,1,182,0,0,0,5,215700.0,42.6,0,1
APP001442,650,1,1,1,1,60,2,4,1036300.0,54.9,0,0
APP001443,750,1,0,110,0,0,3,5,296400.0,14.8,0,0
APP001444,742,1,1,22,1,90,4,6,669800.0,13.9,0,0
APP001445,827,1,1,19,5,90,1,3,1494900.0,56.9,0,0
APP001446,692,3,3,50,4,30,5,5,598900.0,5.5,0,0
APP001447,779,4,3,9,1,30,2,3,103700.0,45.2,0,0
APP001448,839,3,3,62,0,0,0,2,1331100.0,66.4,0,0
APP001449,778,2,0,7,0,0,1,2,486200.0,14.4,0,0
APP001450,724,3,2,123,1,60,2,4,153000.0,64.7,0,0
APP001451,779,3,1,109,5,60,1,3,388600.0,11.2,0,0
APP001452,700,3,0,54,1,90,2,5,749600.0,67.4,0,0
APP001453,622,3,0,7,0,0,0,5,772400.0,14.1,0,0
APP001454,687,1,1,26,5,30,7,10,246600.0,28.9,0,0
APP001455,629,4,3,95,0,0,0,2,25300.0,25.3,0,0
APP001456,753,3,3,151,0,0,3,6,1084500.0,93.4,1,0
APP001457,764,5,0,159,0,0,3,3,549800.0,69.1,0,0
APP001458,783,4,1,66,0,0,1,6,266800.0,36.1,1,0
APP001459,689,3,0,80,1,30,1,2,582200.0,81.8,0,0
APP001460,719,0,0,43,1,180,1,3,815000.0,13.6,1,0
APP001461,625,1,1,49,2,30,0,2,1210900.0,34.0,0,0
APP001462,687,2,1,74,0,0,2,4,72100.0,0.5,0,1
APP001463,714,3,1,62,2,30,0,0,888400.0,14.9,0,0
APP001464,750,2,2,28,2,30,3,6,320900.0,23.2,0,0
APP001465,664,1,1,81,0,0,4,8,121300.0,19.3,0,0
APP001466,537,2,1,3,0,0,3,6,515500.0,55.7,0,0
APP001467,668,5,0,168,0,0,2,5,177200.0,54.8,0,0
APP001468,716,2,2,144,0,0,2,4,68100.0,28.0,0,0
APP001469,678,1,1,43,0,0,0,0,109700.0,55.2,0,0
APP001470,734,4,2,49,0,0,0,0,930700.0,99.0,1,0
APP001471,723,4,2,3,2,120,2,4,174700.0,21.3,0,0
APP001472,623,0,0,133,0,0,1,4,175100.0,2.0,0,0
APP001473,600,3,3,33,1,30,3,8,739200.0,87.9,0,0
APP001474,656,1,1,57,0,0,2,4,266000.0,76.5,0,0
APP001475,748,2,0,13,0,0,2,5,1466800.0,17.7,0,0
APP001476,606,4,3,0,0,0,2,5,21400.0,44.6,1,0
APP001477,733,4,0,215,0,0,4,5,1179300.0,64.3,0,0
APP001478,830,2,1,90,0,0,1,3,241500.0,24.1,0,0
APP001479,779,4,4,49,0,0,3,5,754900.0,56.6,1,1
APP001480,744,1,1,34,0,0,1,4,737300.0,43.1,2,0
APP001481,769,2,2,82,0,0,4,4,1178900.0,87.7,0,0
APP001482,702,4,1,37,3,90,1,2,1823800.0,9.0,0,1
APP001483,737,6,2,103,0,0,0,2,507300.0,32.9,0,0
APP001484,627,2,2,7,0,0,1,2,76700.0,64.5,0,0
APP001485,743,4,2,1,0,0,2,4,522800.0,61.4,0,0
APP001486,641,3,2,11,0,0,2,3,150900.0,62.9,0,0
APP001487,649,1,1,27,1,90,3,5,26200.0,78.4,0,1
APP001488,731,3,1,342,0,0,1,6,180900.0,4.1,0,0
APP001489,699,6,2,1,0,0,2,4,105900.0,62.7,0,0
APP001490,594,5,5,132,0,0,1,4,330600.0,74.5,0,0
APP001491,702,5,5,20,0,0,1,2,64400.0,80.7,0,0
APP001492,533,3,3,129,0,0,3,4,144300.0,62.0,1,0
APP001493,627,4,3,9,0,0,3,5,934700.0,17.7,0,0
APP001494,640,1,1,91,2,90,2,3,909000.0,88.2,0,0
APP001495,672,3,1,194,4,30,1,4,10600.0,18.3,0,0
APP001496,832,3,0,3,0,0,3,3,50000.0,83.1,0,0
APP001497,728,2,2,46,1,60,1,2,188600.0,16.4,0,0
APP001498,675,4,4,40,0,0,3,4,304600.0,15.1,0,0
APP001499,752,5,4,54,0,0,1,3,12900.0,75.7,0,0
APP001500,640,7,4,98,0,0,5,5,273200.0,5.3,0,0
APP001501,682,5,3,21,0,0,2,5,32800.0,25.3,0,0
APP001502,615,4,1,5,1,120,1,3,527300.0,56.5,0,0
APP001503,619,6,1,43,1,60,5,8,718300.0,84.3,0,0
APP001504,786,3,1,29,0,0,5,6,56700.0,63.4,0,0
APP001505,728,4,1,103,1,30,6,6,269000.0,26.8,0,0
APP001506,900,2,2,106,0,0,2,4,405000.0,77.0,0,0
APP001507,583,3,0,17,1,30,2,4,10700.0,55.6,0,0
APP001508,565,2,2,106,1,90,3,7,1228700.0,95.9,0,0
APP001509,712,3,2,50,0,0,0,2,774400.0,88.0,0,0
APP001510,572,3,3,70,2,180,2,3,323300.0,94.3,0,0
APP001511,641,1,1,63,0,0,4,6,1699100.0,65.0,0,0
APP001512,618,6,1,14,0,0,4,4,87900.0,55.7,0,0
APP001513,786,1,1,23,2,30,2,5,409200.0,95.4,0,0
APP001514,527,1,0,35,0,0,0,0,848600.0,10.0,2,0
APP001515,629,4,2,24,0,0,3,4,555800.0,21.7,1,0
APP001516,656,3,1,62,2,90,0,1,1596800.0,22.7,1,0
APP001517,770,4,4,27,0,0,2,5,212200.0,16.0,0,0
APP001518,654,3,2,2,0,0,0,1,1186600.0,52.2,0,0
APP001519,613,7,1,40,0,0,4,6,100000.0,18.0,0,1
APP001520,727,4,2,109,0,0,2,3,105400.0,26.6,1,1
APP001521,661,1,1,30,0,0,3,6,380100.0,59.9,0,0
APP001522,657,4,4,19,1,90,3,4,812000.0,27.5,0,0
APP001523,708,5,2,11,1,30,3,5,374100.0,43.6,0,0
APP001524,871,3,2,10,1,60,2,5,152400.0,25.4,0,0
APP001525,678,3,2,11,1,90,3,8,217100.0,26.1,0,0
APP001526,726,3,2,243,1,120,4,8,288900.0,15.1,0,0
APP001527,650,3,3,109,0,0,2,3,496500.0,31.2,0,0
APP001528,633,3,1,0,0,0,3,3,17400.0,82.8,0,0
APP001529,854,3,2,114,0,0,1,2,732500.0,51.7,0,0
APP001530,553,1,1,78,0,0,3,5,661200.0,26.1,0,0
APP001531,816,4,0,1,2,30,2,3,1956500.0,66.3,0,0
APP001532,684,6,3,31,2,180,3,5,122300.0,97.3,0,0
APP001533,768,2,0,10,0,0,2,2,214000.0,45.2,0,0
APP001534,564,1,1,37,2,60,3,7,265800.0,65.8,1,0
APP001535,697,1,0,22,0,0,0,4,2948500.0,84.6,0,1
APP001536,562,1,1,13,0,0,2,3,1343700.0,99.5,1,0
APP001537,817,3,0,59,5,30,2,7,954700.0,1.2,1,0
APP001538,849,4,4,7,0,0,2,2,881900.0,26.7,0,0
APP001539,690,3,1,327,1,30,3,6,350600.0,80.0,0,0
APP001540,651,3,1,105,0,0,3,6,1545600.0,88.0,0,0
APP001541,760,3,3,7,3,30,1,2,444300.0,12.2,0,0
APP001542,701,2,1,18,1,90,2,3,324900.0,35.9,2,0
APP001543,880,1,0,36,1,30,1,4,1654600.0,71.2,0,0
APP001544,752,0,0,115,0,0,0,1,314800.0,89.7,0,1
APP001545,702,4,3,2,4,180,2,4,73300.0,8.9,0,0
APP001546,745,2,2,69,0,0,3,4,1300.0,44.9,0,0
APP001547,610,3,1,66,0,0,4,9,126600.0,5.3,0,0
APP001548,661,0,0,9,0,0,3,7,298400.0,8.2,0,0
APP001549,813,4,4,165,0,0,2,5,207700.0,86.1,2,0
APP001550,814,4,0,25,0,0,2,3,399400.0,49.0,0,0
APP001551,811,3,1,28,0,0,1,2,158300.0,20.7,1,0
APP001552,697,5,2,18,0,0,1,3,94900.0,23.9,0,0
APP001553,643,2,1,21,0,0,3,4,1104500.0,0.7,0,0
APP001554,720,2,2,62,0,0,1,7,250500.0,40.0,0,1
APP001555,639,2,0,27,0,0,1,4,434600.0,95.5,0,0
APP001556,751,2,1,25,0,0,2,2,441000.0,49.1,0,0
APP001557,667,3,1,86,1,60,4,8,1195200.0,1.5,0,0
APP001558,865,5,1,27,1,60,1,1,306000.0,77.5,0,0
APP001559,792,2,1,56,0,0,1,1,713100.0,71.7,0,0
APP001560,671,2,2,9,0,0,3,5,23500.0,37.5,1,0
APP001561,772,2,1,92,0,0,3,7,49300.0,32.0,0,0
APP001562,727,2,2,15,3,60,0,3,785600.0,0.4,0,0
APP001563,582,1,1,9,0,0,3,8,346500.0,37.4,0,0
APP001564,814,1,1,116,0,0,3,8,49200.0,94.0,0,0
APP001565,696,3,1,58,1,30,0,1,57900.0,89.7,2,0
APP001566,694,4,1,47,0,0,3,5,107800.0,72.3,1,0
APP001567,792,4,1,108,0,0,1,3,88900.0,56.5,0,0
APP001568,742,4,0,1,1,30,5,8,1042100.0,81.3,0,0
APP001569,722,6,4,104,1,90,2,3,169100.0,24.2,0,0
APP001570,823,3,3,33,1,90,1,2,487500.0,10.5,0,0
APP001571,704,1,1,17,0,0,4,7,105100.0,38.9,0,0
APP001572,704,2,1,11,1,90,2,3,1156600.0,99.7,0,0
APP001573,599,1,0,2,0,0,1,4,22000.0,51.1,0,0
APP001574,795,3,2,23,3,60,3,3,71000.0,53.5,0,0
APP001575,554,1,1,70,1,30,1,1,174400.0,98.6,0,0
APP001576,752,8,0,49,1,30,2,2,610600.0,29.2,0,0
APP001577,701,2,2,81,1,60,5,9,439300.0,22.1,0,0
APP001578,703,2,1,19,0,0,1,4,525500.0,49.7,0,0
APP001579,802,6,1,147,0,0,2,6,143500.0,81.7,0,0
APP001580,738,3,2,102,0,0,3,7,278700.0,33.8,0,0
APP001581,598,3,3,80,1,120,2,7,254600.0,23.7,0,0
APP001582,731,4,0,50,0,0,3,5,654100.0,68.4,0,0
APP001583,742,5,1,49,0,0,1,2,70000.0,46.3,0,0
APP001584,630,0,0,103,2,180,7,8,309600.0,95.9,0,0
APP001585,798,3,1,66,0,0,0,1,276200.0,16.4,0,0
APP001586,618,5,1,10,0,0,3,3,356900.0,40.8,0,0
APP001587,630,4,2,54,0,0,3,5,1133500.0,47.5,0,0
APP001588,706,3,3,27,0,0,5,5,174800.0,12.6,1,0
APP001589,515,3,1,44,1,60,2,6,524900.0,59.1,0,1
APP001590,641,4,1,64,0,0,1,2,2013600.0,66.4,0,0
APP001591,625,3,2,83,0,0,0,0,222700.0,81.4,0,0
APP001592,747,4,1,140,0,0,4,7,32800.0,98.7,0,0
APP001593,640,1,1,88,0,0,2,3,489900.0,34.6,0,0
APP001594,778,2,2,3,1,120,0,3,1223200.0,90.5,0,0
APP001595,659,0,0,9,0,0,0,1,861000.0,93.0,0,0
APP001596,635,4,2,13,0,0,2,6,440700.0,55.1,0,0
APP001597,733,3,3,66,0,0,0,2,215600.0,72.3,0,0
APP001598,785,0,0,7,0,0,2,4,2303500.0,2.7,0,0
APP001599,794,3,1,31,0,0,0,2,296300.0,52.6,0,0
APP001600,731,4,1,98,0,0,1,2,449300.0,65.1,1,0
APP001601,791,2,2,71,0,0,6,9,715400.0,95.2,0,0
APP001602,721,2,2,3,2,30,1,4,107500.0,32.6,0,0
APP001603,667,4,3,16,0,0,1,3,733900.0,42.0,0,0
APP001604,718,4,0,48,0,0,1,2,904000.0,2.0,0,0
APP001605,733,5,3,4,0,0,1,5,282000.0,86.9,0,0
APP001606,569,1,0,31,1,60,2,3,1246100.0,31.9,0,0
APP001607,645,2,0,132,0,0,0,1,202300.0,23.9,0,1
APP001608,717,3,3,56,0,0,2,2,96800.0,7.6,0,0
APP001609,664,5,4,33,1,90,1,7,45200.0,85.6,1,1
APP001610,860,4,3,117,5,30,4,5,1061500.0,57.4,0,0
APP001611,693,1,1,5,0,0,2,2,747700.0,48.9,0,0
APP001612,656,2,2,67,0,0,2,3,187400.0,10.7,0,0
APP001613,644,4,2,29,0,0,1,2,284600.0,83.8,0,0
APP001614,791,1,1,44,0,0,2,8,1487500.0,94.7,0,0
APP001615,675,3,2,0,0,0,5,7,2585700.0,22.4,0,1
APP001616,724,4,2,58,1,60,2,6,261600.0,76.2,2,0
APP001617,867,4,0,278,4,30,3,3,108000.0,85.2,0,0
APP001618,722,3,2,6,1,60,1,3,834000.0,28.9,0,0
APP001619,720,3,2,236,0,0,4,7,118000.0,79.1,0,0
APP001620,580,5,2,3,1,60,1,4,936400.0,6.7,0,0
APP001621,702,4,0,8,0,0,1,6,153500.0,65.9,0,0
APP001622,715,5,2,50,1,60,0,4,47200.0,25.6,0,0
APP001623,629,1,1,133,1,30,0,2,1549200.0,86.6,0,0
APP001624,687,4,2,7,0,0,4,7,550700.0,90.7,0,0
APP001625,738,5,1,171,2,30,7,8,282700.0,54.5,2,0
APP001626,668,3,1,17,1,90,2,5,969200.0,18.8,0,0
APP001627,708,6,1,20,0,0,6,10,1004200.0,40.2,0,0
APP001628,763,1,1,5,0,0,3,5,616100.0,58.7,0,0
APP001629,811,5,2,19,1,30,1,2,199900.0,22.0,2,0
APP001630,640,4,1,39,2,30,3,4,448700.0,77.8,0,2
APP001631,632,2,2,21,0,0,1,1,100500.0,78.0,1,0
APP001632,679,4,2,42,0,0,5,6,2129600.0,33.5,1,0
APP001633,600,3,0,29,3,120,5,6,256800.0,63.4,0,0
APP001634,697,2,2,6,1,60,3,6,8200.0,41.7,0,0
APP001635,742,7,2,23,0,0,2,3,1944000.0,12.3,0,0
APP001636,840,4,2,28,0,0,1,1,256700.0,66.6,0,0
APP001637,697,4,3,89,0,0,3,7,781600.0,64.1,0,0
APP001638,799,5,2,27,0,0,1,1,319400.0,47.3,0,0
APP001639,729,2,2,22,0,0,2,5,567400.0,84.1,1,0
APP001640,746,2,2,34,2,180,1,2,50200.0,20.7,0,0
APP001641,729,1,1,173,0,0,3,5,554800.0,98.6,0,1
APP001642,627,2,2,14,0,0,1,3,324100.0,78.2,0,0
APP001643,739,2,2,14,0,0,1,1,172300.0,57.5,0,0
APP001644,544,6,1,241,0,0,2,2,194600.0,74.7,0,0
APP001645,667,5,1,8,0,0,4,4,402500.0,4.3,2,1
APP001646,751,4,2,13,0,0,5,6,136700.0,57.7,0,0
APP001647,810,5,4,35,4,90,1,2,944300.0,70.0,0,0
APP001648,597,0,0,300,0,0,4,5,72000.0,15.2,0,0
APP001649,785,4,1,174,1,90,1,2,245300.0,37.1,0,0
APP001650,774,2,1,8,1,30,2,6,700500.0,19.7,0,0
APP001651,655,6,1,14,0,0,1,6,471300.0,80.8,1,0
APP001652,676,5,2,81,0,0,0,0,230500.0,19.7,1,1
APP001653,653,5,2,2,3,60,0,3,425300.0,50.3,0,0
APP001654,766,7,1,148,1,60,1,3,185400.0,67.5,1,0
APP001655,656,5,3,9,1,30,1,4,1612600.0,0.8,0,0
APP001656,586,3,3,12,0,0,1,3,368700.0,28.4,0,0
APP001657,826,1,1,4,0,0,2,2,305800.0,66.5,0,0
APP001658,677,3,2,185,2,90,1,3,133500.0,86.1,0,0
APP001659,759,3,2,65,0,0,1,2,112700.0,37.1,1,0
APP001660,650,3,2,182,2,90,5,8,891700.0,73.0,0,0
APP001661,749,3,1,0,0,0,1,4,83800.0,37.7,0,0
APP001662,618,2,1,145,0,0,3,4,596400.0,42.7,0,0
APP001663,602,4,2,58,0,0,1,2,770400.0,33.6,0,0
APP001664,722,4,2,30,0,0,2,3,554900.0,99.3,0,0
APP001665,696,2,1,200,1,90,4,5,225900.0,87.7,1,0
APP001666,722,4,3,46,0,0,0,7,371800.0,42.5,0,0
APP001667,746,1,1,82,0,0,1,4,876800.0,53.5,0,1
APP001668,774,5,2,11,1,120,0,1,1262400.0,75.8,0,1
APP001669,592,2,0,83,0,0,4,5,64000.0,99.5,1,0
APP001670,609,6,2,118,1,90,4,8,376600.0,77.3,0,0
APP001671,751,2,1,138,0,0,2,3,798000.0,67.6,0,1
APP001672,729,2,2,7,2,90,3,5,672300.0,26.3,0,0
APP001673,635,2,2,26,0,0,0,2,290200.0,52.5,0,1
APP001674,644,6,1,22,1,30,2,5,713700.0,61.6,0,0
APP001675,841,3,3,99,0,0,1,3,1715500.0,96.0,0,0
APP001676,635,1,1,8,0,0,1,3,637800.0,48.9,1,0
APP001677,777,3,0,54,0,0,1,2,441600.0,14.9,0,0
APP001678,616,5,0,114,0,0,0,0,71700.0,52.7,0,0
APP001679,590,4,1,8,0,0,1,2,87600.0,75.1,1,0
APP001680,868,3,2,131,1,30,1,4,395000.0,51.3,0,0
APP001681,724,4,2,65,4,30,3,4,391000.0,38.0,0,0
APP001682,802,3,3,63,0,0,2,6,581100.0,73.1,0,1
APP001683,759,2,1,19,0,0,2,4,1184400.0,16.1,0,0
APP001684,790,5,0,8,0,0,3,4,842100.0,23.3,0,1
APP001685,573,4,2,54,0,0,1,4,189900.0,45.9,0,0
APP001686,597,3,1,63,0,0,4,5,21900.0,40.8,0,0
APP001687,664,1,1,1,0,0,3,3,61200.0,41.5,0,0
APP001688,702,6,1,69,0,0,3,7,34500.0,19.9,0,0
APP001689,749,3,2,0,0,0,1,4,184500.0,2.6,0,0
APP001690,605,4,2,58,0,0,1,5,7400.0,36.0,0,0
APP001691,693,3,2,87,0,0,4,8,613800.0,48.9,0,0
APP001692,634,6,1,64,0,0,2,3,93500.0,15.5,0,0
APP001693,687,2,2,66,0,0,3,3,1250700.0,19.8,0,0
APP001694,675,5,1,23,0,0,0,0,1517900.0,54.7,1,0
APP001695,749,3,2,7,3,90,1,3,84000.0,80.8,0,0
APP001696,742,4,2,40,0,0,0,3,128700.0,13.6,0,0
APP001697,656,4,2,6,1,60,4,4,419600.0,3.0,0,0
APP001698,784,5,3,0,0,0,1,5,63300.0,52.5,0,0
APP001699,611,3,0,51,0,0,1,4,292700.0,32.8,0,0
APP001700,805,3,3,4,2,90,0,0,66900.0,28.7,0,1
APP001701,730,7,2,166,0,0,3,8,41400.0,91.7,0,2
APP001702,686,3,3,31,0,0,1,3,280600.0,52.7,0,0
APP001703,740,3,2,37,0,0,3,3,77600.0,55.4,0,0
APP001704,705,4,2,131,0,0,3,5,885700.0,34.0,0,0
APP001705,664,1,0,59,0,0,2,2,933400.0,49.3,0,0
APP001706,700,2,2,1,3,30,1,3,739500.0,77.8,0,0
APP001707,764,4,1,231,1,30,3,5,1099600.0,63.8,0,0
APP001708,704,5,3,5,0,0,0,1,224100.0,18.6,1,0
APP001709,759,5,2,5,1,120,3,4,81300.0,14.0,0,0
APP001710,755,3,2,32,0,0,2,2,373800.0,55.5,0,0
APP001711,651,1,1,70,0,0,3,5,25100.0,31.8,0,0
APP001712,804,7,2,25,0,0,3,4,601100.0,10.4,0,0
APP001713,814,1,1,38,1,90,2,4,466600.0,21.3,0,0
APP001714,689,6,4,52,3,60,2,3,815800.0,32.5,0,0
APP001715,662,4,0,8,2,120,3,5,74000.0,18.6,0,0
APP001716,617,4,1,8,0,0,1,4,384600.0,83.9,0,0
APP001717,690,3,3,51,1,90,3,5,532400.0,51.1,0,0
APP001718,660,2,2,7,0,0,1,1,123700.0,44.4,0,0
APP001719,745,3,3,55,5,60,1,4,680000.0,59.7,0,0
APP001720,588,2,1,1,0,0,2,3,313700.0,58.3,0,0
APP001721,871,1,1,66,0,0,3,4,27200.0,77.5,0,0
APP001722,644,3,2,64,0,0,2,4,229500.0,83.0,0,0
APP001723,685,4,0,23,0,0,2,4,671900.0,87.4,0,0
APP001724,614,1,1,159,0,0,3,3,423800.0,33.1,1,0
APP001725,540,3,1,65,1,30,0,5,747600.0,30.8,0,0
APP001726,633,1,1,15,0,0,1,4,201300.0,30.3,0,0
APP001727,759,2,0,37,0,0,0,1,65100.0,98.2,0,1
APP001728,722,3,3,22,0,0,1,6,375800.0,65.1,0,0
APP001729,782,4,2,139,1,120,3,5,207800.0,11.9,0,1
APP001730,675,6,3,118,1,60,0,0,335800.0,28.4,0,0
APP001731,540,3,0,46,0,0,0,3,354000.0,91.0,1,0
APP001732,618,2,1,70,0,0,1,2,621900.0,12.0,0,0
APP001733,768,2,1,15,1,90,1,4,1595000.0,83.2,0,0
APP001734,708,1,1,8,0,0,1,3,1405100.0,25.0,0,0
APP001735,772,7,5,39,2,30,2,2,399200.0,20.4,0,0
APP001736,724,2,1,34,2,120,3,6,272100.0,23.2,0,0
APP001737,663,1,1,63,0,0,2,3,248200.0,65.8,0,0
APP001738,802,4,2,4,0,0,1,3,242900.0,76.3,0,0
APP001739,532,2,1,41,1,90,3,6,161800.0,67.9,0,0
APP001740,693,2,0,137,2,30,1,3,26600.0,59.5,0,0
APP001741,714,1,1,79,3,30,4,7,803200.0,14.7,1,1
APP001742,716,1,1,18,3,30,2,4,23500.0,98.7,1,0
APP001743,664,7,2,13,0,0,4,6,515200.0,36.6,0,0
APP001744,711,2,2,8,0,0,2,2,1599600.0,21.3,0,0
APP001745,637,3,3,109,0,0,2,4,30600.0,97.0,2,0
APP001746,759,2,1,32,0,0,2,4,118400.0,18.7,0,0
APP001747,683,3,3,11,2,30,0,2,55900.0,64.3,0,0
APP001748,641,5,1,3,0,0,0,1,131300.0,75.4,1,0
APP001749,705,5,2,44,1,120,3,6,66100.0,21.0,0,0
APP001750,701,2,2,71,1,120,0,2,1161200.0,93.5,0,0
APP001751,630,5,2,21,0,0,4,6,51800.0,69.4,0,0
APP001752,707,3,0,6,4,90,1,2,4200.0,69.6,0,0
APP001753,670,4,0,91,0,0,4,5,32700.0,8.2,0,1
APP001754,751,4,0,88,0,0,2,5,16300.0,31.1,0,0
APP001755,867,1,0,35,0,0,2,3,310600.0,64.3,0,0
APP001756,606,4,0,6,0,0,2,5,242500.0,60.7,0,0
APP001757,798,2,0,6,0,0,1,1,134900.0,1.2,1,0
APP001758,735,2,1,16,2,120,3,9,2070500.0,6.8,0,0
APP001759,832,3,1,39,3,60,1,4,359000.0,62.7,0,0
APP001760,586,2,1,6,1,180,5,7,415600.0,30.9,1,0
APP001761,720,2,2,20,0,0,1,4,2288100.0,9.5,0,0
APP001762,651,3,1,24,2,30,1,4,599200.0,16.3,2,0
APP001763,633,3,0,106,0,0,2,2,164100.0,46.4,0,0
APP001764,498,4,4,149,0,0,1,2,79200.0,28.8,0,0
APP001765,737,4,4,64,1,120,1,5,93800.0,94.4,0,0
APP001766,760,3,2,21,1,60,1,3,332300.0,50.0,0,0
APP001767,710,3,2,66,2,30,1,3,5300.0,27.0,2,0
APP001768,671,2,2,100,1,60,4,5,354100.0,83.6,0,0
APP001769,551,4,3,38,2,30,0,3,8000.0,46.3,0,0
APP001770,609,2,2,109,0,0,1,3,1072700.0,64.9,0,0
APP001771,849,2,1,94,0,0,3,3,440300.0,86.3,0,0
APP001772,640,3,2,16,2,90,1,2,72800.0,87.6,0,0
APP001773,754,0,0,14,1,30,2,3,29500.0,10.3,0,0
APP001774,669,7,1,45,0,0,2,5,255200.0,42.3,0,0
APP001775,500,2,2,46,0,0,6,7,55100.0,94.0,0,0
APP001776,632,2,2,50,0,0,4,5,699300.0,14.9,0,0
APP001777,713,2,2,39,4,30,0,0,916000.0,48.9,0,0
APP001778,696,5,1,11,0,0,4,6,501100.0,5.0,0,0
APP001779,772,2,1,62,0,0,1,1,45900.0,17.5,0,0
APP001780,580,7,1,35,0,0,2,5,94900.0,40.7,0,0
APP001781,631,1,1,95,2,30,4,9,13100.0,29.4,0,0
APP001782,649,3,2,94,0,0,2,4,476500.0,23.3,0,0
APP001783,780,2,2,13,2,120,3,3,223900.0,21.9,0,0
APP001784,875,3,3,3,0,0,4,6,50600.0,16.2,0,0
APP001785,682,3,2,150,0,0,4,5,218300.0,52.2,0,0
APP001786,650,2,1,90,0,0,4,8,177200.0,72.1,0,0
APP001787,757,4,1,2,0,0,1,4,964600.0,94.8,0,0
APP001788,596,5,1,117,0,0,2,6,149100.0,6.2,0,0
APP001789,880,0,0,72,0,0,3,4,237100.0,57.8,1,0
APP001790,817,5,2,14,1,120,2,9,992500.0,41.9,0,1
APP001791,802,0,0,29,0,0,2,2,449800.0,90.3,0,0
APP001792,666,6,1,94,2,60,1,2,115900.0,82.6,0,0
APP001793,725,3,1,68,1,60,2,6,635900.0,48.3,0,0
APP001794,668,3,3,3,3,30,1,4,343200.0,91.7,0,0
APP001795,782,2,2,145,0,0,3,3,221800.0,33.9,0,0
APP001796,705,3,2,71,0,0,1,5,1024600.0,19.0,3,0
APP001797,711,2,2,9,0,0,1,2,321800.0,37.7,0,1
APP001798,713,5,3,69,0,0,2,5,76600.0,15.4,1,0
APP001799,647,6,0,53,0,0,2,5,552400.0,77.3,0,0
APP001800,771,1,1,14,0,0,0,1,13100.0,35.7,1,1
APP001801,796,5,1,10,2,30,3,7,281700.0,95.7,0,0
APP001802,808,4,1,10,4,30,2,3,686900.0,98.2,0,0
APP001803,783,0,0,12,5,90,0,1,654600.0,30.9,0,0
APP001804,556,9,2,92,1,30,2,5,5500.0,66.4,0,0
APP001805,625,3,1,18,2,60,3,4,53700.0,77.5,0,1
APP001806,642,2,2,9,3,90,2,5,381100.0,50.8,0,0
APP001807,513,2,2,47,2,90,0,1,53500.0,5.0,0,0
APP001808,702,4,2,46,3,90,1,3,171000.0,23.9,0,0
APP001809,840,3,1,241,1,60,1,3,228400.0,81.2,1,0
APP001810,838,2,2,73,0,0,0,1,573100.0,85.5,0,0
APP001811,692,5,1,10,1,60,4,5,458300.0,56.6,0,0
APP001812,768,1,1,9,0,0,3,4,3976600.0,57.9,0,0
APP001813,580,2,2,102,0,0,2,3,611300.0,66.1,0,0
APP001814,670,2,2,143,0,0,1,1,774500.0,27.9,0,0
APP001815,688,4,2,31,2,90,4,6,468900.0,11.0,0,0
APP001816,753,1,1,25,0,0,3,3,580300.0,39.8,0,0
APP001817,834,4,2,45,1,30,2,5,63200.0,67.5,0,0
APP001818,719,3,2,156,0,0,2,4,330700.0,71.8,0,0
APP001819,636,1,1,340,1,30,2,7,306900.0,88.5,0,0
APP001820,763,8,3,37,0,0,1,3,177400.0,73.9,0,0
APP001821,688,6,1,48,4,60,2,6,532800.0,0.4,0,0
APP001822,616,0,0,26,0,0,2,3,898000.0,54.1,0,0
APP001823,689,1,1,5,0,0,3,7,534300.0,88.5,0,0
APP001824,567,6,2,26,1,120,2,5,278600.0,27.2,0,0
APP001825,698,4,0,20,2,180,2,3,105800.0,40.5,0,0
APP001826,807,0,0,13,0,0,1,5,76400.0,10.0,0,0
APP001827,638,6,2,10,1,60,1,2,2277200.0,46.3,0,0
APP001828,695,1,1,94,0,0,2,4,82700.0,71.5,0,0
APP001829,704,0,0,34,2,60,0,2,172000.0,42.5,0,0
APP001830,800,1,1,1,0,0,0,4,311700.0,14.4,0,0
APP001831,708,5,5,43,1,60,2,3,1535200.0,13.5,0,0
APP001832,626,2,1,37,0,0,1,4,26300.0,92.5,0,0
APP001833,674,7,2,2,0,0,1,2,41300.0,98.3,0,0
APP001834,647,3,3,36,0,0,3,4,305200.0,52.7,0,0
APP001835,738,3,1,28,1,60,2,4,287700.0,22.2,0,1
APP001836,744,3,3,63,0,0,3,3,943100.0,28.2,0,0
APP001837,771,2,2,43,1,60,3,6,139600.0,45.8,0,0
APP001838,609,1,1,24,0,0,2,4,1015800.0,19.2,0,0
APP001839,610,6,1,60,0,0,3,4,462100.0,44.0,0,1
APP001840,678,4,1,20,2,30,2,5,1698600.0,26.8,0,0
APP001841,786,4,2,54,0,0,1,2,847600.0,75.2,0,0
APP001842,618,6,1,69,1,30,0,1,410400.0,0.9,0,0
APP001843,762,6,0,52,1,120,5,7,470200.0,17.7,0,0
APP001844,683,3,3,17,4,60,0,1,634700.0,13.0,0,0
APP001845,693,2,2,13,1,30,3,5,1531600.0,86.1,0,0
APP001846,678,2,2,14,0,0,2,4,227700.0,72.6,0,1
APP001847,656,4,2,43,1,30,1,3,1445500.0,82.7,0,0
APP001848,634,1,1,7,0,0,2,5,237000.0,38.8,1,0
APP001849,674,3,3,10,0,0,0,1,602100.0,31.5,0,0
APP001850,685,2,2,7,0,0,6,9,214500.0,82.8,1,0
APP001851,727,2,0,5,0,0,1,2,93800.0,82.6,0,0
APP001852,704,3,2,179,2,30,2,4,581600.0,31.1,0,0
APP001853,786,0,0,22,0,0,3,4,648200.0,63.6,0,0
APP001854,610,2,2,18,0,0,4,6,339400.0,56.1,0,0
APP001855,781,3,1,17,3,30,2,4,180800.0,28.1,0,0
APP001856,572,5,3,148,0,0,3,3,1053400.0,97.8,0,0
APP001857,772,1,1,13,1,60,2,2,83100.0,28.0,2,0
APP001858,565,4,1,70,1,180,0,2,84800.0,27.1,0,0
APP001859,662,2,0,54,0,0,3,6,409700.0,55.6,0,0
APP001860,783,2,1,45,0,0,3,8,304300.0,45.1,0,0
APP001861,546,2,2,0,0,0,1,2,76300.0,76.1,0,0
APP001862,602,1,1,72,3,90,3,5,1381900.0,45.4,0,0
APP001863,835,3,2,8,0,0,1,1,716300.0,39.7,0,0
APP001864,835,3,3,10,0,0,0,2,23300.0,60.3,0,0
APP001865,630,5,3,88,0,0,2,4,340300.0,11.2,0,0
APP001866,536,5,5,21,0,0,1,3,146300.0,42.9,0,0
APP001867,705,1,1,17,1,30,0,3,162000.0,34.0,0,0
APP001868,733,3,2,62,0,0,0,3,726500.0,10.6,0,0
APP001869,726,7,1,32,1,30,2,2,1090400.0,68.2,0,0
APP001870,819,2,2,17,1,60,5,6,156000.0,76.1,0,1
APP001871,746,3,1,10,4,60,2,3,1128600.0,54.9,2,0
APP001872,724,2,2,86,0,0,2,4,1214900.0,42.1,1,0
APP001873,697,1,1,99,0,0,2,3,830200.0,39.0,1,0
APP001874,794,2,2,7,0,0,2,3,662400.0,88.1,0,0
APP001875,733,4,2,43,0,0,2,2,37500.0,73.8,0,0
APP001876,734,1,1,163,0,0,3,5,290300.0,29.4,3,0
APP001877,670,3,0,97,0,0,1,4,82200.0,28.9,0,0
APP001878,508,1,1,38,0,0,1,4,56300.0,92.0,0,0
APP001879,775,3,3,47,0,0,2,4,912000.0,84.1,0,0
APP001880,654,1,1,5,0,0,1,2,145100.0,84.2,0,0
APP001881,783,3,2,26,0,0,2,3,64400.0,78.5,0,0
APP001882,756,5,2,136,2,60,1,3,832400.0,20.2,0,0
APP001883,775,1,1,26,0,0,2,6,120300.0,41.9,2,0
APP001884,700,4,3,9,0,0,1,1,228900.0,53.2,0,0
APP001885,475,5,0,38,0,0,0,1,255600.0,77.6,0,0
APP001886,652,3,3,98,0,0,2,3,700800.0,37.7,0,0
APP001887,685,3,2,0,0,0,0,2,722100.0,47.1,0,0
APP001888,715,2,2,102,0,0,2,6,828900.0,64.3,1,0
APP001889,781,6,0,5,0,0,2,5,342100.0,26.7,0,0
APP001890,691,2,0,50,0,0,4,8,258700.0,7.1,1,0
APP001891,635,2,0,9,0,0,2,4,502900.0,48.1,0,1
APP001892,612,5,0,47,0,0,4,6,291400.0,81.1,0,0
APP001893,783,5,1,169,2,60,1,6,682500.0,37.5,0,0
APP001894,654,6,1,9,1,30,3,5,431500.0,55.8,0,0
APP001895,531,2,2,51,3,90,3,4,1187800.0,88.1,0,0
APP001896,522,4,3,58,1,60,2,3,174900.0,8.3,0,0
APP001897,773,2,1,140,0,0,0,0,405900.0,73.7,0,0
APP001898,652,3,0,23,0,0,0,2,310300.0,23.8,1,0
APP001899,690,1,1,47,0,0,1,3,92100.0,95.1,0,0
APP001900,592,3,1,208,0,0,3,5,1106100.0,49.7,0,0
APP001901,583,3,2,88,0,0,1,7,686600.0,13.9,0,0
APP001902,596,1,0,81,0,0,1,3,464700.0,92.0,0,1
APP001903,703,0,0,30,0,0,3,6,329000.0,11.4,0,0
APP001904,636,4,1,25,5,60,0,0,653900.0,2.0,0,0
APP001905,665,4,4,56,0,0,2,2,567400.0,62.5,0,0
APP001906,732,3,1,25,0,0,3,4,37100.0,39.6,0,0
APP001907,667,1,1,142,0,0,0,2,233800.0,33.9,0,0
APP001908,572,0,0,54,1,90,3,4,260200.0,29.1,0,0
APP001909,782,0,0,71,0,0,2,3,677800.0,99.5,0,0
APP001910,728,1,0,94,0,0,4,9,2105300.0,81.5,0,0
APP001911,631,3,2,21,0,0,2,3,1067800.0,90.1,0,0
APP001912,516,0,0,116,0,0,1,2,535500.0,43.9,1,0
APP001913,560,3,3,45,0,0,2,5,261600.0,85.6,0,0
APP001914,697,2,0,49,0,0,6,6,502100.0,14.3,0,0
APP001915,898,4,2,52,4,90,1,4,1299300.0,93.0,0,0
APP001916,740,4,2,78,2,90,2,3,300800.0,3.8,0,0
APP001917,696,5,2,58,0,0,4,4,30100.0,95.4,0,0
APP001918,668,0,0,48,0,0,2,2,7900.0,25.5,0,0
APP001919,813,4,2,98,0,0,0,3,518700.0,28.1,1,0
APP001920,782,3,2,117,0,0,2,6,158900.0,42.4,0,0
APP001921,737,6,2,47,0,0,4,6,63400.0,1.4,2,0
APP001922,712,3,1,114,5,90,3,6,54100.0,7.5,1,0
APP001923,724,7,3,2,5,30,0,2,1694200.0,73.2,0,0
APP001924,780,1,1,48,0,0,3,5,240900.0,5.3,0,1
APP001925,650,4,4,0,0,0,4,5,455100.0,0.4,0,0
APP001926,766,3,1,286,3,90,3,6,269600.0,96.5,0,0
APP001927,628,2,1,22,0,0,1,1,2374800.0,31.1,0,0
APP001928,491,1,1,34,1,60,3,5,350100.0,55.4,0,0
APP001929,709,1,1,6,1,180,0,1,1741400.0,10.6,0,0
APP001930,753,0,0,6,0,0,6,7,540100.0,21.6,0,0
APP001931,714,2,2,15,1,60,0,2,375800.0,28.7,0,0
APP001932,665,4,4,6,0,0,2,3,271700.0,61.4,0,1
APP001933,785,2,2,142,0,0,1,5,1302600.0,32.0,0,0
APP001934,642,4,1,19,0,0,2,3,1034700.0,57.0,2,1
APP001935,670,2,0,21,1,60,4,6,37300.0,91.5,0,0
APP001936,686,4,4,23,2,90,2,4,264100.0,46.6,0,0
APP001937,743,3,2,23,1,180,1,1,673000.0,70.5,0,0
APP001938,789,5,0,37,0,0,0,4,512000.0,38.2,0,0
APP001939,469,5,1,15,0,0,3,6,289100.0,37.5,0,0
APP001940,682,2,2,60,0,0,0,3,1576700.0,57.6,0,0
APP001941,666,4,4,53,2,90,3,6,515400.0,77.5,0,0
APP001942,704,2,2,3,1,30,7,7,2115100.0,74.3,0,0
APP001943,689,3,3,134,0,0,1,2,375000.0,78.1,0,0
APP001944,710,1,1,110,0,0,0,0,904500.0,18.1,0,0
APP001945,677,4,2,186,2,30,5,7,89400.0,29.5,0,0
APP001946,791,3,0,25,0,0,0,1,1313800.0,52.2,2,0
APP001947,792,4,3,22,3,30,3,4,335800.0,22.1,0,0
APP001948,792,4,3,38,0,0,4,5,400600.0,25.1,1,0
APP001949,651,2,1,28,2,30,0,1,186100.0,38.9,1,0
APP001950,744,3,0,15,1,30,2,4,545300.0,64.1,0,0
APP001951,743,3,2,22,0,0,0,1,912600.0,68.4,0,0
APP001952,553,3,3,84,1,30,1,7,770900.0,88.9,0,0
APP001953,854,3,3,86,2,60,2,2,94000.0,46.9,0,0
APP001954,693,1,1,38,3,60,2,7,12600.0,64.8,0,0
APP001955,668,3,2,35,0,0,5,7,112800.0,60.3,2,0
APP001956,693,3,0,0,0,0,3,5,98200.0,11.1,0,0
APP001957,757,3,2,71,2,30,4,5,923000.0,48.3,0,0
APP001958,699,1,1,20,2,90,0,0,1717100.0,16.5,0,0
APP001959,814,2,2,25,4,30,2,2,1210700.0,36.4,0,0
APP001960,593,2,2,65,3,30,4,8,182800.0,82.9,0,1
APP001961,703,4,3,86,1,30,2,5,2263100.0,80.4,0,0
APP001962,674,2,2,51,1,120,2,7,213100.0,59.8,0,1
APP001963,756,1,1,48,0,0,1,3,782300.0,29.3,0,0
APP001964,694,3,2,97,0,0,2,3,141200.0,74.7,0,0
APP001965,737,2,1,5,0,0,1,1,2154900.0,38.6,0,0
APP001966,753,4,0,22,5,120,2,3,235900.0,58.3,1,0
APP001967,610,4,4,46,2,90,0,2,363200.0,44.6,0,0
APP001968,527,1,1,1,1,30,0,3,254800.0,4.2,2,0
APP001969,641,5,2,97,0,0,2,3,778900.0,33.9,1,0
APP001970,773,4,4,4,0,0,0,2,504700.0,58.1,2,0
APP001971,615,8,4,10,0,0,1,2,241100.0,64.4,0,0
APP001972,623,2,1,173,0,0,2,3,202400.0,68.2,0,1
APP001973,638,3,3,107,0,0,2,2,886100.0,65.2,0,1
APP001974,807,2,1,20,1,30,0,1,56300.0,83.7,0,0
APP001975,730,0,0,42,0,0,7,9,269200.0,61.3,0,0
APP001976,601,3,0,10,3,60,2,2,1005200.0,2.8,0,0
APP001977,583,3,3,35,0,0,1,2,648700.0,58.0,0,0
APP001978,852,0,0,16,0,0,1,1,398300.0,34.0,0,0
APP001979,730,1,1,48,2,90,3,6,376700.0,80.3,0,0
APP001980,688,0,0,108,0,0,1,2,1114800.0,70.3,0,0
APP001981,747,2,1,7,1,120,3,5,1282000.0,83.8,0,0
APP001982,664,2,2,131,2,30,3,4,1032500.0,56.6,0,0
APP001983,846,3,2,10,0,0,2,4,4271800.0,42.1,0,0
APP001984,584,2,2,36,0,0,1,4,249400.0,17.6,0,0
APP001985,709,2,0,56,1,30,1,4,23800.0,71.4,0,1
APP001986,781,5,2,58,0,0,3,6,171500.0,79.4,0,0
APP001987,801,4,4,314,0,0,2,4,363600.0,30.9,0,1
APP001988,629,2,1,27,2,30,0,0,336000.0,85.7,1,0
APP001989,677,0,0,60,0,0,1,3,1483600.0,68.9,0,0
APP001990,584,3,3,4,0,0,4,6,43100.0,48.0,0,0
APP001991,771,2,2,142,2,60,3,6,17500.0,0.9,0,0
APP001992,690,3,1,12,0,0,0,1,51000.0,40.3,1,1
APP001993,767,2,1,185,0,0,3,6,190700.0,97.6,0,0
APP001994,727,5,1,35,0,0,2,2,624300.0,7.5,1,0
APP001995,696,5,2,47,0,0,3,6,67300.0,7.3,0,0
APP001996,597,4,3,10,0,0,0,5,607700.0,35.3,1,0
APP001997,755,1,1,84,0,0,0,0,340100.0,33.9,0,0
APP001998,869,4,0,233,0,0,1,2,210600.0,84.0,0,0
APP001999,764,4,3,60,2,120,1,3,121300.0,71.7,0,1
APP002000,702,3,2,21,0,0,1,2,374800.0,65.7,2,0
APP002001,746,1,1,9,0,0,2,4,495900.0,19.4,0,0
APP002002,745,2,2,236,1,30,0,2,48900.0,16.3,0,0
APP002003,711,3,1,172,1,60,6,8,246700.0,1.1,1,0
APP002004,698,2,2,9,0,0,3,7,293100.0,32.7,0,0
APP002005,681,3,1,155,4,60,1,5,666000.0,96.5,0,0
APP002006,755,1,1,51,0,0,3,4,42800.0,98.5,1,0
APP002007,830,5,1,107,0,0,1,3,206000.0,2.8,0,0
APP002008,686,6,1,95,0,0,3,6,427800.0,18.2,0,1
APP002009,721,3,2,55,0,0,2,3,117700.0,1.5,0,0
APP002010,732,3,0,6,1,30,1,3,268000.0,89.1,0,0
APP002011,654,2,2,126,2,30,3,3,147700.0,5.8,0,0
APP002012,695,4,1,0,0,0,0,1,987100.0,57.4,0,0
APP002013,747,2,0,35,0,0,2,3,148900.0,48.9,1,0
APP002014,720,1,1,60,0,0,2,2,345000.0,67.6,0,0
APP002015,797,1,1,93,0,0,1,2,318200.0,23.0,0,0
APP002016,767,1,1,105,1,120,2,3,4700.0,13.5,0,0
APP002017,739,5,5,35,1,90,1,3,713600.0,54.2,0,0
APP002018,729,2,2,22,0,0,1,2,781000.0,16.8,0,0
APP002019,539,3,2,81,1,30,1,2,146700.0,52.8,0,0
APP002020,706,3,1,150,2,180,4,7,15700.0,76.5,0,0
APP002021,702,4,4,56,0,0,1,2,347500.0,68.6,0,0
APP002022,638,1,1,12,2,30,3,5,298900.0,1.0,0,0
APP002023,708,2,2,122,0,0,1,4,2400.0,73.0,0,0
APP002024,644,1,1,17,2,30,1,7,994000.0,69.2,0,0
APP002025,713,5,1,104,0,0,2,4,879300.0,91.0,0,0
APP002026,638,2,0,33,5,60,1,2,65300.0,14.2,0,0
APP002027,796,4,1,21,1,90,1,4,161400.0,7.7,1,0
APP002028,773,1,1,80,3,30,1,4,109500.0,83.8,0,1
APP002029,753,3,1,17,0,0,4,5,522900.0,45.0,0,0
APP002030,732,5,1,13,2,180,1,6,97700.0,42.4,0,1
APP002031,740,0,0,173,5,30,1,3,315000.0,92.7,0,0
APP002032,742,4,1,12,2,90,2,4,321000.0,82.9,0,0
APP002033,664,3,3,32,0,0,2,3,910500.0,84.7,0,1
APP002034,602,1,1,40,0,0,2,5,900300.0,52.7,0,0
APP002035,795,5,3,28,0,0,1,1,283400.0,94.0,0,0
APP002036,600,4,4,27,0,0,1,2,115700.0,23.4,0,0
APP002037,656,2,2,20,0,0,2,6,820800.0,3.8,0,0
APP002038,452,6,1,29,0,0,3,4,729300.0,18.0,0,0
APP002039,688,2,2,156,1,90,1,2,656300.0,60.8,0,0
APP002040,736,2,2,360,0,0,0,2,870400.0,4.3,0,1
APP002041,731,4,4,30,0,0,1,4,347100.0,91.2,0,2
APP002042,623,4,4,2,0,0,1,2,277000.0,36.8,0,0
APP002043,682,2,2,104,1,90,5,6,530000.0,66.3,0,0
APP002044,701,3,3,72,2,30,4,5,1293200.0,75.0,0,0
APP002045,595,2,2,64,0,0,0,1,564700.0,67.3,0,0
APP002046,815,3,3,36,0,0,1,2,23200.0,21.5,0,0
APP002047,667,2,2,17,1,60,2,5,929700.0,11.6,0,0
APP002048,659,2,1,27,0,0,2,3,1076300.0,79.2,0,0
APP002049,613,0,0,130,0,0,2,4,1134200.0,87.1,0,0
APP002050,834,2,2,121,2,60,5,7,235700.0,77.7,0,1
APP002051,728,3,3,325,0,0,2,4,772800.0,5.4,1,0
APP002052,790,5,0,120,2,30,2,3,153400.0,25.2,1,0
APP002053,731,2,0,7,0,0,3,8,1757800.0,68.0,0,0
APP002054,739,2,1,61,0,0,2,9,218000.0,35.9,0,0
APP002055,809,5,5,39,0,0,3,6,603100.0,15.6,0,0
APP002056,835,4,3,107,1,120,0,3,758800.0,20.8,0,0
APP002057,641,5,2,78,0,0,4,5,252400.0,87.0,1,0
APP002058,633,1,1,21,0,0,1,3,722100.0,22.1,1,0
APP002059,791,4,1,89,2,60,3,5,473700.0,50.7,1,0
APP002060,728,5,4,81,1,30,4,5,49700.0,24.8,0,0
APP002061,826,2,2,45,0,0,4,7,172500.0,92.4,0,0
APP002062,682,2,2,102,2,60,1,2,716000.0,73.7,0,0
APP002063,649,4,3,11,0,0,1,4,1474700.0,65.8,0,0
APP002064,655,2,2,23,0,0,2,3,289900.0,6.7,3,0
APP002065,827,3,0,40,1,90,1,3,6500.0,72.5,3,0
APP002066,680,4,4,106,0,0,2,5,271000.0,23.2,0,0
APP002067,837,3,2,135,0,0,2,5,335500.0,37.7,0,1
APP002068,720,1,1,1,2,180,1,3,1464400.0,64.0,0,0
APP002069,694,1,1,2,0,0,1,2,192300.0,94.2,1,0
APP002070,792,1,1,124,3,120,6,10,354200.0,45.3,0,0
APP002071,568,3,2,2,3,180,2,4,297800.0,85.3,0,0
APP002072,765,5,2,158,1,30,2,5,65300.0,91.4,1,0
APP002073,744,2,0,44,1,30,1,5,1889900.0,1.3,0,0
APP002074,729,2,1,44,2,30,3,7,160800.0,81.9,0,0
APP002075,744,6,2,8,0,0,3,5,825200.0,60.4,0,0
APP002076,584,4,0,26,1,120,4,8,378800.0,92.4,2,0
APP002077,630,0,0,105,0,0,0,5,715200.0,92.6,0,0
APP002078,728,2,1,73,0,0,1,4,1069800.0,27.8,0,0
APP002079,608,1,1,0,3,30,2,3,1997700.0,54.8,0,0
APP002080,640,1,1,47,0,0,2,2,138000.0,71.3,0,0
APP002081,734,2,2,29,0,0,1,3,246500.0,50.2,0,2
APP002082,695,3,2,0,0,0,2,6,1327200.0,44.4,0,0
APP002083,613,10,4,108,2,30,3,4,863500.0,61.4,0,0
APP002084,694,4,3,80,0,0,0,1,401200.0,33.2,0,0
APP002085,701,6,1,42,1,60,5,8,36700.0,46.9,1,0
APP002086,786,2,2,17,0,0,3,6,135200.0,94.6,0,0
APP002087,714,4,1,21,2,60,3,5,50800.0,24.7,0,0
APP002088,660,2,1,0,2,180,5,5,608200.0,66.7,0,0
APP002089,601,2,1,124,0,0,4,7,1266100.0,4.3,0,0
APP002090,686,2,2,51,0,0,0,2,255900.0,95.7,0,0
APP002091,684,2,1,121,0,0,3,5,93000.0,42.9,0,0
APP002092,821,1,1,8,0,0,2,4,95700.0,61.0,1,0
APP002093,714,1,0,125,3,30,1,3,300000.0,48.1,0,0
APP002094,720,2,1,6,1,30,3,4,709900.0,56.5,1,0
APP002095,614,5,0,28,5,30,3,5,233000.0,40.8,0,0
APP002096,699,3,3,11,1,120,1,5,755400.0,71.1,1,0
APP002097,837,3,1,29,0,0,1,2,99200.0,90.8,0,0
APP002098,765,2,2,63,2,30,0,1,242300.0,23.7,0,0
APP002099,590,2,1,49,0,0,4,8,882100.0,48.5,0,0
APP002100,653,3,3,73,0,0,1,6,920000.0,57.3,0,0
APP002101,813,6,2,9,0,0,2,2,58500.0,40.7,0,0
APP002102,575,5,1,13,0,0,2,3,108200.0,7.4,0,0
APP002103,767,2,2,58,0,0,5,7,1337500.0,39.0,0,0
APP002104,729,4,1,15,0,0,0,3,621400.0,92.2,0,0
APP002105,716,4,2,53,0,0,2,2,24100.0,36.4,0,0
APP002106,665,3,1,67,0,0,3,6,1279600.0,87.1,0,0
APP002107,717,3,1,63,1,30,4,7,869300.0,10.9,0,0
APP002108,766,1,1,56,0,0,4,5,12100.0,47.9,0,0
APP002109,617,1,1,94,1,120,1,3,1097000.0,89.2,2,0
APP002110,846,3,2,226,0,0,4,9,107800.0,56.4,0,0
APP002111,713,2,1,162,2,180,1,3,1760500.0,0.4,0,0
APP002112,778,3,3,16,0,0,3,4,450900.0,15.2,0,0
APP002113,693,3,3,20,0,0,1,2,513200.0,23.0,0,0
APP002114,498,2,2,16,1,60,3,5,1484000.0,32.5,0,0
APP002115,685,4,1,81,0,0,1,6,528400.0,33.5,2,0
APP002116,629,4,1,259,0,0,2,4,87700.0,15.4,0,0
APP002117,866,3,0,246,0,0,1,4,115200.0,48.0,0,1
APP002118,675,1,1,128,0,0,0,1,289300.0,42.9,0,1
APP002119,646,2,2,118,2,30,3,4,292900.0,84.5,0,0
APP002120,683,2,2,39,0,0,0,4,834600.0,82.7,1,0
APP002121,640,3,0,85,1,60,2,5,511400.0,11.8,0,0
APP002122,651,6,1,75,1,120,1,3,95400.0,99.3,0,1
APP002123,685,1,1,19,0,0,2,4,653700.0,62.7,0,1
APP002124,830,3,1,16,0,0,0,2,6400.0,50.0,0,0
APP002125,599,5,2,74,0,0,3,5,9200.0,25.9,0,0
APP002126,697,2,1,3,1,90,0,0,175600.0,94.8,0,0
APP002127,570,2,2,112,1,180,0,4,677000.0,30.3,0,0
APP002128,663,3,1,22,2,60,1,2,706300.0,63.4,0,0
APP002129,675,6,3,48,0,0,2,5,882700.0,61.9,0,0
APP002130,593,4,0,221,0,0,0,3,139400.0,52.0,0,0
APP002131,578,3,2,64,0,0,2,3,58700.0,6.6,1,0
APP002132,659,3,1,4,1,30,2,4,504400.0,87.1,0,0
APP002133,745,2,2,83,0,0,2,2,236900.0,89.8,1,0
APP002134,678,2,2,20,2,60,3,3,2035100.0,54.5,0,0
APP002135,683,2,2,39,0,0,1,5,294700.0,61.9,0,0
APP002136,622,2,2,50,0,0,4,5,39800.0,86.6,0,1
APP002137,638,3,3,54,1,30,0,1,225300.0,25.9,0,0
APP002138,765,3,3,62,1,120,1,3,710300.0,62.1,0,0
APP002139,598,2,1,65,0,0,2,2,879700.0,17.7,0,0
APP002140,650,0,0,8,0,0,2,6,108000.0,26.2,0,0
APP002141,789,1,1,156,2,60,2,3,458700.0,2.3,0,0
APP002142,747,3,2,137,0,0,4,6,330400.0,87.6,1,0
APP002143,760,2,2,81,0,0,3,3,493800.0,65.2,0,0
APP002144,840,2,1,14,0,0,1,2,411100.0,60.6,0,0
APP002145,586,2,1,49,1,60,1,3,625700.0,66.1,1,0
APP002146,541,4,4,45,3,30,1,3,336700.0,79.0,0,0
APP002147,685,3,1,96,0,0,5,6,1356700.0,69.6,0,0
APP002148,623,4,3,69,2,30,0,1,543200.0,86.9,0,0
APP002149,789,4,4,18,1,30,3,4,434600.0,75.3,0,0
APP002150,665,1,1,66,0,0,2,3,546700.0,89.3,0,0
APP002151,643,2,2,43,0,0,1,2,581000.0,11.9,0,0
APP002152,803,5,4,43,5,30,0,2,69700.0,40.2,0,0
APP002153,742,3,0,98,0,0,3,3,301300.0,64.5,0,0
APP002154,771,2,2,12,0,0,2,2,1415900.0,1.5,0,0
APP002155,673,6,4,138,0,0,2,7,600700.0,37.6,0,0
APP002156,858,1,1,104,1,120,1,5,151700.0,26.6,0,0
APP002157,719,5,0,58,0,0,3,5,617700.0,28.0,0,0
APP002158,705,6,2,24,0,0,2,5,1260600.0,59.9,0,0
APP002159,735,5,1,7,0,0,2,4,871800.0,50.6,0,0
APP002160,653,2,1,69,0,0,2,5,609800.0,12.7,0,0
APP002161,774,2,0,60,1,90,1,5,125700.0,31.3,0,0
APP002162,670,3,2,32,1,30,1,1,223300.0,24.9,0,0
APP002163,807,4,2,57,0,0,4,6,321300.0,59.3,0,0
APP002164,728,4,2,71,2,30,2,3,112700.0,40.5,0,0
APP002165,624,3,1,8,4,90,3,5,203200.0,1.6,2,0
APP002166,781,9,1,49,4,30,2,4,664900.0,95.3,0,0
APP002167,793,2,2,164,0,0,4,8,554700.0,57.4,1,0
APP002168,603,2,1,51,4,120,2,4,645800.0,65.7,0,0
APP002169,726,2,1,70,0,0,2,5,170700.0,89.4,0,0
APP002170,582,4,1,0,0,0,1,4,482000.0,79.2,0,0
APP002171,701,3,2,19,0,0,1,4,313000.0,63.8,0,0
APP002172,859,2,2,13,2,30,1,3,151900.0,21.0,0,0
APP002173,543,2,1,176,0,0,4,6,155300.0,15.0,0,1
APP002174,574,5,1,13,0,0,1,3,1080400.0,46.6,0,0
APP002175,605,2,1,17,0,0,0,4,239200.0,80.6,1,1
APP002176,688,1,1,306,0,0,4,5,63600.0,19.0,1,0
APP002177,770,2,2,8,0,0,0,2,173400.0,68.7,0,0
APP002178,542,3,2,10,0,0,0,4,10000.0,77.1,1,0
APP002179,767,2,2,41,0,0,7,9,38200.0,15.5,0,0
APP002180,800,3,0,207,4,90,2,5,240800.0,18.0,0,2
APP002181,684,3,3,143,4,60,1,2,131100.0,80.7,0,0
APP002182,828,5,2,10,4,30,2,4,43000.0,66.2,1,0
APP002183,632,7,1,67,0,0,2,4,286000.0,77.3,0,0
APP002184,689,2,2,108,2,90,2,3,1881100.0,97.1,0,0
APP002185,660,4,2,26,1,90,1,2,337000.0,44.2,0,0
APP002186,725,2,2,4,0,0,2,4,351000.0,48.1,0,0
APP002187,552,3,1,58,0,0,4,6,535700.0,35.2,0,0
APP002188,734,2,0,8,0,0,1,3,540300.0,54.9,0,0
APP002189,755,5,5,10,0,0,3,3,217900.0,50.4,0,0
APP002190,745,3,2,38,0,0,4,5,321100.0,25.9,1,0
APP002191,706,4,3,46,0,0,3,4,536800.0,23.2,1,2
APP002192,716,2,2,75,3,30,0,0,62900.0,21.2,0,0
APP002193,728,4,1,154,0,0,4,4,416700.0,34.8,0,0
APP002194,672,4,1,167,0,0,1,3,118700.0,34.3,0,0
APP002195,749,2,1,39,0,0,1,2,284200.0,73.5,0,0
APP002196,670,6,1,30,0,0,0,2,212800.0,64.1,0,0
APP002197,720,1,1,52,0,0,4,5,130600.0,94.9,0,0
APP002198,661,4,3,157,0,0,0,4,930900.0,73.5,0,0
APP002199,757,4,2,110,1,30,1,5,269200.0,42.3,0,0
APP002200,773,5,3,51,1,120,1,3,2026000.0,72.8,0,0
APP002201,630,6,1,30,2,60,0,4,183300.0,53.8,1,0
APP002202,686,3,3,85,0,0,1,2,495400.0,89.8,0,0
APP002203,711,4,3,20,0,0,3,4,127000.0,9.0,0,0
APP002204,820,1,1,32,0,0,0,1,1023500.0,14.8,0,0
APP002205,798,2,1,98,0,0,4,5,134900.0,90.0,0,0
APP002206,900,3,3,38,0,0,1,5,3000.0,23.6,0,1
APP002207,629,8,2,86,1,60,0,1,118500.0,82.5,0,0
APP002208,603,4,1,6,0,0,3,4,501000.0,23.8,2,0
APP002209,729,2,2,26,2,180,3,7,735900.0,87.4,1,0
APP002210,768,1,0,14,0,0,1,2,762400.0,22.7,0,0
APP002211,706,3,3,9,0,0,2,3,203600.0,94.0,0,0
APP002212,737,1,1,5,0,0,2,2,121000.0,60.4,3,0
APP002213,804,2,1,34,0,0,0,1,18200.0,56.2,0,0
APP002214,760,6,2,19,0,0,1,2,160900.0,13.6,0,0
APP002215,775,1,0,146,0,0,0,0,258500.0,44.9,0,0
APP002216,566,1,1,58,1,60,2,6,115000.0,94.9,0,0
APP002217,676,5,1,37,0,0,2,3,47500.0,63.7,0,0
APP002218,798,2,1,115,0,0,2,3,273800.0,58.5,0,0
APP002219,693,2,2,36,0,0,1,2,166900.0,80.0,0,0
APP002220,729,5,0,9,1,120,0,1,81500.0,3.0,0,0
APP002221,822,3,3,171,0,0,1,3,1189100.0,65.5,0,1
APP002222,595,2,1,28,0,0,2,4,963700.0,26.3,0,0
APP002223,713,3,3,2,3,30,2,3,97900.0,61.8,1,0
APP002224,699,3,3,24,0,0,4,5,207400.0,90.3,1,0
APP002225,799,6,4,38,1,90,1,4,222900.0,20.6,0,1
APP002226,728,5,1,1,0,0,4,4,697400.0,61.8,0,0
APP002227,736,3,3,39,0,0,2,5,448100.0,29.7,0,0
APP002228,772,4,4,9,0,0,0,3,214800.0,61.7,0,0
APP002229,680,4,3,25,3,60,0,0,576000.0,53.2,0,0
APP002230,549,2,1,18,2,60,3,7,135200.0,42.0,2,2
APP002231,820,2,2,79,0,0,3,6,115600.0,62.7,0,1
APP002232,654,5,1,39,1,30,2,5,295500.0,12.4,0,1
APP002233,656,4,1,104,0,0,3,3,476000.0,71.2,1,1
APP002234,677,1,1,55,0,0,2,6,256000.0,35.5,0,0
APP002235,773,4,0,87,0,0,1,3,785200.0,73.9,2,0
APP002236,730,1,1,20,0,0,0,1,416500.0,76.8,1,0
APP002237,479,3,2,170,1,30,6,7,558000.0,70.7,0,0
APP002238,735,2,1,149,0,0,3,6,550300.0,37.4,0,0
APP002239,697,2,1,6,1,30,4,7,1760100.0,54.3,1,0
APP002240,679,2,1,81,0,0,3,6,309300.0,58.2,0,0
APP002241,582,1,0,115,5,30,3,3,604300.0,75.2,0,0
APP002242,737,4,3,121,0,0,1,4,438600.0,91.5,0,0
APP002243,676,5,1,6,0,0,4,8,92200.0,50.2,0,0
APP002244,593,3,1,44,0,0,2,2,121200.0,21.7,0,1
APP002245,695,2,2,122,0,0,3,4,403900.0,55.4,0,0
APP002246,552,7,4,119,4,60,2,4,355500.0,1.9,2,0
APP002247,786,4,2,154,0,0,1,2,357300.0,87.0,0,0
APP002248,781,2,0,18,0,0,2,4,211500.0,86.6,0,0
APP002249,666,0,0,109,0,0,2,5,362900.0,31.1,0,0
APP002250,793,3,3,82,2,90,1,3,733300.0,90.4,0,0
APP002251,731,3,0,36,0,0,1,4,688100.0,3.3,0,0
APP002252,641,0,0,83,0,0,2,2,96300.0,55.5,1,0
APP002253,724,1,1,43,0,0,1,3,135100.0,86.5,0,1
APP002254,745,5,1,194,1,60,0,3,1260200.0,16.7,0,0
APP002255,737,4,4,68,0,0,2,3,496600.0,74.6,0,0
APP002256,584,3,0,83,0,0,3,4,278800.0,13.7,0,0
APP002257,821,0,0,106,4,120,2,5,125400.0,35.7,0,0
APP002258,769,2,2,8,1,90,0,0,950800.0,9.4,0,0
APP002259,784,3,0,21,0,0,2,3,1824100.0,50.0,0,0
APP002260,627,2,2,133,0,0,2,3,1049900.0,12.7,0,0
APP002261,707,1,1,90,1,120,3,3,154100.0,30.9,0,1
APP002262,630,1,1,24,1,60,1,3,305100.0,14.4,0,1
APP002263,713,4,3,7,0,0,0,1,24400.0,61.3,0,0
APP002264,779,4,3,64,0,0,1,4,1505900.0,6.2,0,0
APP002265,630,2,2,97,1,60,4,7,899700.0,85.0,0,1
APP002266,642,3,2,35,0,0,0,3,147500.0,58.9,1,0
APP002267,883,4,1,6,0,0,1,1,738700.0,19.2,0,0
APP002268,738,3,3,253,0,0,2,7,42400.0,18.0,0,0
APP002269,761,3,3,2,0,0,4,6,63100.0,16.5,0,0
APP002270,605,3,1,71,0,0,1,2,191100.0,39.3,0,0
APP002271,684,3,1,51,0,0,3,5,870500.0,20.9,0,0
APP002272,696,4,0,54,0,0,1,3,506500.0,87.9,0,0
APP002273,725,3,2,4,0,0,0,1,32900.0,83.6,0,0
APP002274,651,3,1,65,1,60,3,5,482700.0,42.4,0,0
APP002275,691,2,0,16,1,30,0,3,2000900.0,38.9,0,0
APP002276,841,1,1,40,2,120,1,3,540800.0,4.9,0,1
APP002277,657,4,1,108,1,30,2,4,665900.0,10.6,0,2
APP002278,704,1,1,136,0,0,0,3,316500.0,98.5,2,0
APP002279,810,1,1,74,0,0,0,3,373100.0,5.4,0,0
APP002280,795,2,1,4,0,0,0,3,255100.0,28.7,0,0
APP002281,682,3,3,3,1,90,5,6,110700.0,29.6,0,1
APP002282,684,2,2,3,0,0,2,3,375300.0,76.2,0,0
APP002283,592,3,3,4,1,90,1,5,207200.0,59.6,0,0
APP002284,577,3,2,22,0,0,1,2,602400.0,8.8,0,0
APP002285,663,4,1,6,0,0,1,3,22600.0,2.0,0,0
APP002286,683,2,2,155,0,0,1,3,51300.0,12.4,0,0
APP002287,704,4,3,45,0,0,0,2,2212400.0,54.3,2,0
APP002288,757,2,2,3,0,0,5,5,414000.0,16.0,0,0
APP002289,594,6,1,50,1,60,3,5,426200.0,28.0,0,0
APP002290,731,1,1,39,1,30,2,6,404000.0,11.6,0,0
APP002291,796,2,1,38,0,0,4,8,257200.0,99.1,0,0
APP002292,646,4,1,44,0,0,1,1,416600.0,20.8,1,0
APP002293,770,2,2,24,0,0,0,2,4700.0,54.7,1,0
APP002294,630,7,1,2,2,180,3,5,163100.0,0.4,0,0
APP002295,785,2,2,15,2,90,2,4,160200.0,88.4,0,0
APP002296,572,5,1,43,1,30,4,4,587100.0,30.5,0,0
APP002297,727,2,2,65,0,0,0,0,764300.0,62.6,0,0
APP002298,900,2,2,100,1,60,2,5,632500.0,34.4,1,0
APP002299,753,1,0,54,2,120,3,5,321100.0,14.1,0,0
APP002300,634,4,0,3,0,0,3,5,444700.0,51.0,0,0
APP002301,725,2,2,29,0,0,3,4,40900.0,73.6,0,0
APP002302,734,3,0,13,0,0,2,4,45900.0,91.0,0,0
APP002303,635,6,2,213,2,30,0,2,398500.0,38.9,0,0
APP002304,774,2,1,54,0,0,2,5,664500.0,81.6,0,0
APP002305,614,3,3,45,0,0,4,4,91800.0,90.7,0,0
APP002306,819,6,5,59,5,30,4,4,653300.0,22.4,0,0
APP002307,750,5,1,34,3,60,0,4,190700.0,29.5,0,0
APP002308,629,5,0,39,0,0,2,5,402000.0,82.8,0,0
APP002309,563,2,0,129,0,0,4,6,332400.0,29.8,0,0
APP002310,576,0,0,21,0,0,3,5,889900.0,17.7,0,0
APP002311,722,3,0,73,0,0,3,5,545900.0,87.2,0,1
APP002312,580,5,4,0,1,60,4,4,210400.0,64.7,0,0
APP002313,630,7,1,6,2,90,1,5,360800.0,62.0,0,0
APP002314,711,1,1,119,4,90,4,5,893000.0,61.1,0,1
APP002315,591,2,0,81,0,0,3,3,319600.0,99.5,0,0
APP002316,637,4,0,106,2,30,4,8,1252200.0,64.3,0,0
APP002317,616,1,0,18,0,0,2,4,195500.0,14.5,1,0
APP002318,674,4,1,131,1,30,2,5,465900.0,83.6,0,0
APP002319,587,2,2,264,0,0,3,5,743000.0,33.3,0,0
APP002320,691,4,2,6,0,0,2,5,495200.0,70.9,3,0
APP002321,817,3,3,16,0,0,4,6,1040800.0,69.6,0,0
APP002322,703,1,1,3,0,0,3,5,541400.0,74.0,0,0
APP002323,807,4,3,32,1,60,5,5,618300.0,91.7,0,0
APP002324,634,1,1,27,0,0,1,3,179600.0,76.5,0,0
APP002325,707,1,0,31,0,0,1,3,488000.0,93.0,0,0
APP002326,583,3,3,61,2,120,2,3,1986000.0,19.3,0,0
APP002327,744,1,1,45,1,60,4,4,79400.0,36.7,1,0
APP002328,771,3,3,11,3,30,2,3,19500.0,54.9,0,0
APP002329,825,1,0,34,0,0,2,3,190800.0,28.9,1,0
APP002330,719,0,0,79,0,0,2,2,511400.0,50.6,0,0
APP002331,621,1,1,34,0,0,4,5,672300.0,52.3,0,0
APP002332,751,2,0,20,0,0,3,6,1237900.0,95.2,0,1
APP002333,662,1,1,15,1,30,2,3,366000.0,81.1,0,0
APP002334,555,2,1,15,3,120,3,4,5900.0,1.1,0,0
APP002335,768,3,1,33,0,0,1,3,547100.0,54.5,0,0
APP002336,736,5,2,6,0,0,0,1,197400.0,88.9,1,0
APP002337,652,4,1,20,0,0,1,2,755600.0,1.8,0,0
APP002338,631,1,1,5,0,0,2,4,1420400.0,95.9,0,0
APP002339,664,1,1,47,2,60,0,0,247500.0,85.3,0,0
APP002340,660,4,0,175,0,0,2,5,381100.0,61.9,0,0
APP002341,802,3,3,31,2,30,0,3,195300.0,13.0,0,0
APP002342,624,3,3,42,1,30,3,5,104300.0,11.8,0,0
APP002343,651,8,4,63,2,30,4,8,125400.0,25.6,0,0
APP002344,755,4,4,5,0,0,2,4,99000.0,15.2,0,0
APP002345,718,2,2,46,1,60,2,3,95300.0,62.8,0,0
APP002346,572,5,0,42,3,30,4,5,507000.0,11.3,0,1
APP002347,776,8,3,83,0,0,2,4,449700.0,73.3,0,0
APP002348,775,3,2,81,0,0,4,5,240800.0,40.9,0,0
APP002349,825,1,1,142,0,0,5,7,457600.0,32.3,0,1
APP002350,597,2,0,6,2,30,2,8,46500.0,95.8,0,0
APP002351,822,4,1,3,2,30,1,2,483000.0,0.7,0,0
APP002352,731,3,3,40,2,90,2,5,143100.0,38.0,0,0
APP002353,846,3,3,18,1,120,2,3,405200.0,11.6,0,0
APP002354,900,5,3,243,1,60,2,3,728400.0,87.4,1,0
APP002355,713,4,2,25,0,0,1,2,782100.0,15.1,0,0
APP002356,715,5,1,78,1,30,0,0,1074300.0,33.5,0,0
APP002357,773,1,1,29,0,0,2,5,188200.0,23.7,0,0
APP002358,642,1,1,14,0,0,2,3,407000.0,60.8,0,0
APP002359,781,0,0,8,1,90,4,6,881200.0,49.9,0,0
APP002360,707,2,2,31,0,0,1,2,570500.0,89.1,0,0
APP002361,697,4,2,33,0,0,2,6,1290600.0,89.9,0,0
APP002362,621,6,1,5,1,30,1,4,372800.0,5.3,0,0
APP002363,567,1,1,28,0,0,1,3,492300.0,69.3,0,0
APP002364,559,5,2,5,1,30,1,2,194600.0,61.6,0,0
APP002365,710,0,0,5,0,0,1,3,108200.0,95.2,0,0
APP002366,637,3,2,27,2,90,5,7,99700.0,36.5,0,0
APP002367,659,5,1,47,0,0,2,3,349200.0,33.6,0,0
APP002368,700,5,1,44,0,0,2,4,1124800.0,4.1,0,1
APP002369,706,2,1,47,0,0,1,5,192500.0,45.5,0,0
APP002370,814,6,3,189,0,0,3,5,361100.0,70.0,0,0
APP002371,671,1,1,0,0,0,1,2,211800.0,38.1,0,0
APP002372,666,3,3,30,0,0,3,6,423100.0,48.2,0,0
APP002373,720,3,1,35,0,0,2,3,578500.0,87.6,0,0
APP002374,769,2,2,13,0,0,2,3,946000.0,66.3,0,0
APP002375,754,6,4,0,2,30,2,2,1675000.0,80.6,0,0
APP002376,657,3,1,18,1,30,2,4,614100.0,61.4,0,0
APP002377,592,0,0,33,0,0,3,4,65600.0,51.1,0,0
APP002378,649,0,0,232,0,0,3,8,444400.0,92.2,0,0
APP002379,815,3,2,210,0,0,1,1,199900.0,99.3,0,0
APP002380,802,4,4,89,2,120,4,5,87500.0,50.9,1,0
APP002381,662,1,1,9,0,0,4,6,679700.0,62.6,0,0
APP002382,827,4,2,44,0,0,2,5,61600.0,80.2,0,0
APP002383,674,3,2,39,0,0,3,6,188300.0,69.6,0,0
APP002384,660,6,3,132,0,0,2,3,216900.0,4.1,0,1
APP002385,797,4,0,145,0,0,4,7,646200.0,24.3,0,0
APP002386,754,5,2,75,1,90,0,4,39800.0,80.4,0,0
APP002387,650,3,3,61,0,0,1,3,498600.0,5.8,0,0
APP002388,669,6,1,2,0,0,1,3,297900.0,15.2,0,0
APP002389,620,5,2,61,0,0,4,5,298900.0,67.8,0,0
APP002390,753,0,0,187,1,30,3,5,578300.0,41.4,0,0
APP002391,798,6,1,38,0,0,1,1,1458300.0,86.3,0,0
APP002392,633,3,1,168,0,0,3,3,134000.0,68.8,0,1
APP002393,780,4,0,259,0,0,3,3,362200.0,99.6,1,0
APP002394,819,2,2,56,5,30,3,7,592200.0,54.3,0,0
APP002395,608,1,0,52,0,0,2,5,286200.0,40.3,1,0
APP002396,586,2,2,15,0,0,4,6,250800.0,73.2,0,0
APP002397,674,7,2,27,0,0,2,6,341900.0,36.3,0,0
APP002398,692,1,1,108,2,30,3,4,341400.0,27.3,3,0
APP002399,644,2,2,23,0,0,1,5,1473600.0,67.7,2,0
APP002400,604,4,1,104,2,60,2,3,351900.0,74.4,0,0
APP002401,649,6,1,25,2,60,4,6,138100.0,14.4,0,0
APP002402,663,1,1,360,1,30,1,4,2731800.0,7.1,0,0
APP002403,655,5,1,173,0,0,1,1,656900.0,26.2,0,0
APP002404,769,4,0,83,0,0,5,6,152300.0,75.3,0,0
APP002405,645,4,4,12,1,30,2,3,28200.0,85.8,0,1
APP002406,736,1,1,146,1,30,2,7,763200.0,43.6,0,0
APP002407,900,4,4,77,0,0,0,5,608600.0,13.7,1,0
APP002408,631,1,1,86,0,0,2,6,136500.0,10.9,0,0
APP002409,653,6,6,10,0,0,1,4,242300.0,93.4,0,0
APP002410,676,6,0,8,0,0,1,3,791400.0,41.7,2,0
APP002411,775,3,1,27,0,0,1,6,1103800.0,10.0,0,0
APP002412,723,2,2,45,0,0,0,1,19600.0,9.9,0,0
APP002413,780,3,1,2,2,30,0,2,141500.0,72.4,1,0
APP002414,753,2,2,61,0,0,1,2,5600.0,98.2,0,0
APP002415,570,1,1,2,0,0,1,2,137100.0,18.6,0,0
APP002416,826,5,2,30,0,0,2,5,56800.0,48.1,0,0
APP002417,705,2,2,45,0,0,1,4,66700.0,91.0,0,0
APP002418,505,4,2,7,3,30,1,3,737600.0,20.3,0,1
APP002419,626,3,1,67,0,0,1,1,421700.0,96.3,0,0
APP002420,610,7,3,6,0,0,3,4,634200.0,77.0,0,0
APP002421,795,1,1,63,2,30,2,6,378300.0,75.8,0,0
APP002422,768,4,1,14,0,0,4,6,429800.0,75.2,0,0
APP002423,849,2,2,99,0,0,1,2,1151100.0,45.6,0,0
APP002424,714,1,1,105,0,0,6,9,918300.0,23.7,0,0
APP002425,744,2,2,5,0,0,0,1,438900.0,19.3,0,0
APP002426,802,3,3,47,0,0,0,1,236400.0,85.6,0,0
APP002427,656,3,1,19,1,30,3,6,408500.0,49.0,0,0
APP002428,617,1,1,34,0,0,0,1,1604600.0,5.6,0,1
APP002429,792,5,3,25,0,0,4,4,851100.0,71.2,1,1
APP002430,697,2,2,108,0,0,4,5,122400.0,34.9,0,0
APP002431,662,1,1,72,1,30,1,4,419500.0,7.1,0,0
APP002432,561,2,2,19,4,30,2,3,135200.0,12.2,0,0
APP002433,711,5,2,3,1,60,1,3,493400.0,45.4,0,0
APP002434,596,4,1,43,0,0,2,4,66600.0,70.3,0,0
APP002435,737,1,1,21,4,60,2,4,180800.0,21.7,0,0
APP002436,635,2,2,16,1,60,3,5,256300.0,54.6,0,0
APP002437,638,0,0,71,1,30,4,6,470200.0,72.5,0,0
APP002438,563,5,2,25,0,0,4,4,126500.0,25.6,0,0
APP002439,752,4,2,277,5,30,1,2,332200.0,23.1,0,0
APP002440,644,2,2,109,0,0,3,3,228500.0,85.0,0,0
APP002441,891,2,2,101,0,0,1,3,1322100.0,21.0,2,0
APP002442,798,4,3,12,0,0,2,5,573000.0,72.8,0,0
APP002443,750,1,1,5,0,0,1,3,56000.0,96.9,0,0
APP002444,725,3,0,93,0,0,0,1,1550200.0,54.6,0,0
APP002445,655,6,3,60,2,30,4,5,377500.0,19.6,0,1
APP002446,838,4,2,57,0,0,3,5,1864900.0,13.8,0,0
APP002447,652,4,0,52,0,0,1,5,133900.0,90.0,0,0
APP002448,645,1,1,24,1,90,0,3,509100.0,9.3,0,0
APP002449,777,5,1,6,5,60,4,7,676900.0,39.9,0,0
APP002450,773,3,3,9,0,0,1,3,427000.0,52.0,1,0
APP002451,701,5,3,32,0,0,2,8,1800.0,61.1,0,0
APP002452,749,1,0,100,1,30,1,2,828900.0,47.8,0,0
APP002453,725,1,0,26,0,0,2,4,93500.0,96.3,0,0
APP002454,720,1,1,14,0,0,1,5,6500.0,3.7,0,0
APP002455,681,1,1,112,1,30,1,3,671300.0,53.4,0,0
APP002456,713,3,1,73,1,30,2,4,1082900.0,7.1,1,0
APP002457,559,3,2,105,0,0,1,5,522300.0,88.2,0,0
APP002458,657,6,0,92,2,30,3,3,20600.0,87.2,0,0
APP002459,635,3,1,64,1,60,2,2,70900.0,70.5,0,0
APP002460,803,2,2,65,0,0,0,1,667600.0,14.4,0,0
APP002461,639,2,2,43,0,0,1,3,479700.0,21.9,0,0
APP002462,659,1,1,0,2,90,2,4,1034500.0,76.7,0,0
APP002463,653,6,2,67,1,60,2,4,254600.0,96.2,0,0
APP002464,653,4,3,25,0,0,2,5,1244400.0,26.7,0,0
APP002465,717,3,3,53,0,0,1,7,518600.0,69.2,2,0
APP002466,714,5,2,40,0,0,1,2,134600.0,65.5,1,0
APP002467,672,3,0,5,3,30,0,4,146500.0,90.3,0,0
APP002468,687,2,1,26,0,0,3,6,510200.0,70.6,0,0
APP002469,759,2,2,21,0,0,5,6,494400.0,88.1,0,0
APP002470,629,6,1,11,4,60,3,5,494700.0,68.8,0,0
APP002471,823,3,3,75,0,0,1,3,1093600.0,9.9,0,0
APP002472,627,3,2,101,0,0,4,8,934500.0,30.4,2,0
APP002473,754,3,2,34,0,0,2,7,208100.0,74.8,0,0
APP002474,734,5,2,31,1,90,2,2,3696800.0,55.9,0,0
APP002475,538,5,4,65,2,180,3,6,116900.0,18.4,2,0
APP002476,691,5,0,145,0,0,0,3,355700.0,41.7,1,0
APP002477,701,4,2,102,0,0,1,3,1356000.0,64.9,2,0
APP002478,623,2,1,76,0,0,1,3,49600.0,77.0,0,0
APP002479,761,7,0,111,2,30,4,7,205400.0,9.8,0,0
APP002480,795,3,3,109,1,30,0,3,78300.0,69.0,0,0
APP002481,713,4,1,3,1,90,2,6,691100.0,43.4,0,1
APP002482,775,1,1,5,0,0,2,5,1988200.0,79.2,0,0
APP002483,705,4,2,7,0,0,4,8,277300.0,33.7,0,0
APP002484,606,4,0,20,0,0,2,5,3629000.0,89.6,0,0
APP002485,632,4,2,14,0,0,1,2,1068700.0,39.6,1,0
APP002486,728,7,2,54,0,0,3,7,195200.0,98.1,0,0
APP002487,588,9,3,39,0,0,0,0,416900.0,94.7,0,0
APP002488,697,1,1,48,2,30,2,5,468300.0,51.6,0,0
APP002489,737,2,1,97,0,0,0,1,1816100.0,6.1,0,0
APP002490,900,3,1,28,0,0,0,1,31000.0,55.6,0,0
APP002491,765,2,1,18,1,90,0,2,1521300.0,30.3,0,0
APP002492,676,4,4,84,0,0,0,3,1353500.0,98.3,2,0
APP002493,697,3,1,76,1,120,1,6,548900.0,75.1,0,1
APP002494,613,2,2,45,0,0,4,7,234100.0,55.0,0,0
APP002495,618,5,1,13,0,0,2,5,74500.0,83.7,0,0
APP002496,743,4,2,7,0,0,2,7,81600.0,35.6,0,0
APP002497,820,4,4,113,0,0,1,5,488300.0,32.3,0,0
APP002498,687,1,1,49,2,30,2,3,511600.0,69.3,0,0
APP002499,790,2,2,107,1,90,2,3,314700.0,18.3,0,0
APP002500,717,2,2,17,0,0,1,3,33300.0,77.9,0,0
APP002501,805,3,0,56,3,30,4,4,505100.0,88.2,0,0
APP002502,563,3,2,5,1,30,3,3,68000.0,46.0,0,0
APP002503,700,1,0,9,4,90,3,6,858300.0,93.9,0,1
APP002504,634,2,2,43,0,0,2,2,219000.0,76.3,0,0
APP002505,794,2,1,242,0,0,2,4,1689700.0,65.4,0,0
APP002506,663,0,0,49,2,60,3,3,771800.0,46.2,1,0
APP002507,723,2,1,27,0,0,3,5,64500.0,59.4,0,0
APP002508,698,1,1,66,0,0,4,6,272600.0,95.6,0,0
APP002509,597,2,0,1,3,30,2,2,287100.0,4.8,1,0
APP002510,734,2,1,2,1,120,2,4,1749600.0,51.2,0,0
APP002511,716,2,0,172,0,0,3,6,1642200.0,59.0,0,0
APP002512,673,1,1,11,0,0,4,4,50600.0,5.3,0,0
APP002513,665,6,4,80,1,60,2,2,29500.0,77.2,1,0
APP002514,838,1,1,9,1,60,0,0,62000.0,28.2,2,0
APP002515,775,4,2,4,0,0,4,5,516400.0,21.8,0,0
APP002516,695,2,2,62,0,0,1,2,166800.0,43.6,0,1
APP002517,729,1,1,73,0,0,0,1,18000.0,21.8,0,0
APP002518,766,4,0,116,0,0,1,4,435800.0,0.4,0,0
APP002519,678,4,1,61,0,0,3,6,281300.0,46.7,0,1
APP002520,765,5,3,3,0,0,1,3,204700.0,86.7,0,0
APP002521,705,2,2,141,0,0,2,5,725800.0,77.3,0,0
APP002522,742,3,3,84,0,0,1,3,778400.0,40.2,0,0
APP002523,611,1,1,8,0,0,0,1,920300.0,93.9,0,0
APP002524,767,0,0,139,3,90,1,4,296400.0,91.1,0,0
APP002525,812,2,2,45,0,0,3,3,268300.0,11.4,0,0
APP002526,532,3,1,13,0,0,3,6,1280400.0,20.4,0,0
APP002527,760,3,0,20,0,0,1,1,81800.0,69.9,0,0
APP002528,546,7,3,86,3,60,2,3,104000.0,17.9,0,0
APP002529,587,2,0,30,3,60,4,7,794600.0,78.9,0,0
APP002530,582,1,1,1,1,90,3,6,17400.0,66.3,0,0
APP002531,774,3,2,35,0,0,1,5,1272300.0,89.3,0,0
APP002532,637,3,3,6,3,90,0,3,846100.0,11.5,0,0
APP002533,550,2,2,23,1,60,4,4,64600.0,68.5,0,0
APP002534,658,3,3,2,0,0,4,5,841100.0,46.3,1,0
APP002535,604,5,2,0,2,30,4,6,832000.0,68.9,0,0
APP002536,830,3,1,24,1,90,2,3,1105400.0,99.0,0,0
APP002537,675,2,0,197,0,0,2,3,911600.0,18.0,0,1
APP002538,690,1,1,9,2,30,2,2,565700.0,29.0,0,0
APP002539,725,2,0,11,0,0,0,3,59200.0,77.7,0,2
APP002540,844,4,3,0,0,0,5,7,1279300.0,50.9,0,0
APP002541,599,5,2,12,1,30,0,4,310600.0,55.2,0,0
APP002542,675,0,0,32,0,0,3,3,395600.0,88.7,0,1
APP002543,699,0,0,192,1,90,4,7,464300.0,81.4,0,0
APP002544,785,3,3,64,1,30,4,7,55300.0,84.1,0,0
APP002545,739,3,2,70,0,0,2,3,200.0,22.3,0,0
APP002546,850,1,1,1,0,0,2,4,12900.0,89.3,0,1
APP002547,641,2,2,59,0,0,0,1,634400.0,46.0,1,0
APP002548,751,7,1,43,0,0,1,1,899300.0,60.1,2,0
APP002549,674,1,1,6,0,0,2,2,67700.0,35.2,2,1
APP002550,657,5,2,92,0,0,0,3,307900.0,55.2,0,0
APP002551,694,0,0,16,0,0,0,0,240200.0,39.4,0,1
APP002552,708,2,1,46,2,120,3,5,863800.0,17.4,0,0
APP002553,863,2,2,79,1,30,1,6,687900.0,27.3,0,2
APP002554,627,0,0,9,0,0,4,5,423900.0,49.1,0,0
APP002555,665,4,0,16,0,0,4,6,322600.0,40.7,0,0
APP002556,846,3,1,130,1,90,2,3,1312100.0,0.6,0,0
APP002557,732,2,2,112,0,0,2,6,408900.0,90.9,0,0
APP002558,712,0,0,56,0,0,3,4,580800.0,46.1,0,0
APP002559,682,3,3,7,1,90,3,6,2155000.0,91.2,0,0
APP002560,585,3,3,5,1,120,1,4,346900.0,14.1,0,0
APP002561,482,2,2,1,1,60,1,5,824300.0,48.7,0,0
APP002562,650,1,1,89,0,0,2,4,450900.0,51.6,0,0
APP002563,617,4,3,9,0,0,4,5,77900.0,3.9,0,0
APP002564,774,4,2,87,0,0,3,6,117500.0,80.8,0,0
APP002565,734,3,0,0,0,0,1,3,1013200.0,51.3,1,0
APP002566,820,4,0,191,0,0,1,2,140200.0,69.1,0,0
APP002567,814,7,2,41,3,30,1,2,53100.0,91.8,0,0
APP002568,752,1,1,2,0,0,1,2,625500.0,14.9,0,0
APP002569,801,2,0,6,0,0,2,6,113800.0,90.5,0,0
APP002570,778,4,4,62,0,0,0,3,687000.0,76.9,0,0
APP002571,758,1,1,33,1,60,2,3,689800.0,86.3,0,0
APP002572,626,5,0,36,4,60,2,3,632500.0,29.2,0,0
APP002573,672,2,1,7,0,0,0,1,233600.0,74.2,0,0
APP002574,551,1,0,76,0,0,3,5,386300.0,63.0,0,0
APP002575,723,4,2,94,1,60,4,5,1103700.0,3.5,0,0
APP002576,715,6,2,5,0,0,2,3,570100.0,21.8,0,0
APP002577,718,2,2,40,0,0,3,4,320500.0,67.0,0,1
APP002578,719,3,2,62,1,30,2,4,689700.0,65.4,0,0
APP002579,788,0,0,149,0,0,4,7,161000.0,71.0,0,0
APP002580,587,5,1,31,1,30,4,8,2083300.0,84.8,0,0
APP002581,724,4,2,69,2,90,3,7,1437000.0,16.5,0,0
APP002582,787,3,1,89,0,0,2,5,504600.0,28.7,0,0
APP002583,849,4,2,0,0,0,2,4,2563700.0,69.8,0,0
APP002584,807,6,1,92,2,30,3,4,161900.0,93.6,0,0
APP002585,692,2,2,58,0,0,2,3,1171100.0,80.6,0,0
APP002586,630,2,1,13,0,0,1,1,515500.0,3.6,0,0
APP002587,588,0,0,46,0,0,1,5,549400.0,5.4,0,0
APP002588,749,3,3,11,0,0,3,4,780700.0,84.1,0,0
APP002589,698,1,0,3,0,0,2,5,634300.0,24.6,0,2
APP002590,671,2,1,7,1,30,1,2,611300.0,33.7,1,0
APP002591,771,3,1,15,0,0,3,5,934800.0,16.4,0,0
APP002592,678,2,2,60,0,0,0,1,205900.0,69.6,0,0
APP002593,605,3,2,12,0,0,1,5,260300.0,17.6,0,0
APP002594,795,2,2,189,3,60,1,6,55600.0,23.6,0,0
APP002595,662,8,2,33,0,0,2,3,581200.0,29.7,0,0
APP002596,690,2,1,28,0,0,2,4,507000.0,89.0,0,0
APP002597,628,6,0,118,5,120,3,5,633700.0,88.3,0,0
APP002598,714,0,0,84,0,0,0,0,1824000.0,41.1,0,0
APP002599,685,3,3,116,2,30,2,2,121900.0,40.1,0,0
APP002600,671,1,1,30,0,0,4,7,43400.0,95.1,3,0
APP002601,763,1,1,2,0,0,1,1,1624700.0,15.7,0,0
APP002602,587,6,4,59,0,0,4,5,395200.0,38.4,0,0
APP002603,818,4,2,1,0,0,2,2,323300.0,99.3,0,0
APP002604,589,3,0,48,3,30,0,2,1164800.0,84.1,0,0
APP002605,697,1,0,15,0,0,1,3,103400.0,73.1,2,0
APP002606,736,2,1,52,0,0,1,2,47400.0,35.7,0,1
APP002607,540,0,0,13,1,30,1,3,724100.0,46.1,0,0
APP002608,649,4,2,66,4,90,0,1,426900.0,34.1,0,0
APP002609,599,1,1,87,0,0,1,4,348400.0,20.7,0,0
APP002610,780,2,2,47,3,60,1,4,54800.0,48.0,1,0
APP002611,763,4,1,36,5,60,3,5,1294800.0,79.3,0,0
APP002612,656,3,2,91,4,90,3,4,8500.0,40.8,2,0
APP002613,755,3,0,38,0,0,3,3,659300.0,62.6,1,0
APP002614,689,7,2,115,0,0,2,2,535600.0,91.7,1,0
APP002615,663,1,1,10,0,0,0,1,586400.0,73.4,0,0
APP002616,704,3,1,27,1,60,0,1,2114700.0,84.8,0,0
APP002617,614,2,1,161,1,60,1,3,1560600.0,60.2,0,0
APP002618,721,6,2,360,1,60,2,4,121800.0,80.4,0,0
APP002619,741,0,0,20,0,0,0,1,9200.0,72.6,0,0
APP002620,695,1,1,117,1,90,2,4,798400.0,91.2,0,0
APP002621,740,4,0,153,1,30,2,4,376300.0,11.4,0,0
APP002622,734,3,3,87,0,0,0,0,46200.0,97.2,0,1
APP002623,506,2,2,46,0,0,0,0,382200.0,44.2,1,0
APP002624,534,5,0,107,0,0,2,6,856000.0,43.8,0,0
APP002625,631,2,2,94,0,0,1,4,248400.0,85.6,0,0
APP002626,598,3,0,60,0,0,2,4,336900.0,12.0,1,0
APP002627,590,3,0,28,0,0,2,4,1287100.0,20.8,0,0
APP002628,646,2,2,28,3,30,1,2,27100.0,63.5,0,0
APP002629,759,2,2,69,2,90,2,4,170200.0,86.4,0,1
APP002630,594,4,1,135,1,90,2,6,881700.0,41.9,0,0
APP002631,740,3,3,17,0,0,2,3,187000.0,19.2,0,0
APP002632,707,4,0,20,1,30,2,6,33600.0,69.6,0,0
APP002633,778,0,0,114,0,0,2,4,654700.0,40.4,0,0
APP002634,665,4,2,139,0,0,7,8,126600.0,78.5,0,0
APP002635,721,3,3,157,3,30,4,8,72900.0,42.5,0,0
APP002636,777,1,1,63,0,0,0,4,48900.0,61.5,0,0
APP002637,803,4,2,92,1,60,6,7,309600.0,99.9,0,0
APP002638,725,3,0,59,1,60,2,7,307200.0,4.3,0,0
APP002639,857,1,1,71,0,0,2,4,701400.0,60.0,0,0
APP002640,706,4,1,69,0,0,4,4,246300.0,32.1,0,0
APP002641,772,3,3,142,1,30,1,2,87600.0,46.8,0,0
APP002642,578,6,2,40,0,0,2,4,101400.0,44.8,0,0
APP002643,604,3,1,84,0,0,1,1,1064200.0,1.0,0,0
APP002644,771,3,0,1,0,0,1,4,915000.0,95.2,0,0
APP002645,677,6,2,2,0,0,2,3,755700.0,52.6,0,1
APP002646,583,4,3,89,1,30,0,1,26600.0,66.0,1,1
APP002647,743,2,2,48,4,30,0,2,19700.0,22.2,0,0
APP002648,666,3,3,360,0,0,1,2,281100.0,58.8,0,0
APP002649,572,2,2,46,1,30,1,2,780600.0,16.8,1,0
APP002650,669,1,1,27,0,0,2,4,297500.0,63.8,1,0
APP002651,715,4,1,53,4,180,2,3,580800.0,43.4,0,0
APP002652,640,2,0,162,1,180,2,2,217600.0,40.9,0,0
APP002653,900,6,1,17,0,0,3,6,35800.0,40.9,0,0
APP002654,615,1,1,33,4,120,3,4,273100.0,82.8,0,0
APP002655,642,3,0,218,5,60,2,5,868900.0,75.3,0,0
APP002656,653,5,2,14,4,30,2,3,696700.0,86.8,0,1
APP002657,785,2,2,16,1,60,1,4,28200.0,37.9,0,0
APP002658,715,3,3,4,1,60,3,3,1172900.0,78.2,1,0
APP002659,796,6,0,27,1,60,2,3,107200.0,56.8,0,0
APP002660,630,1,1,34,0,0,2,4,97900.0,45.3,0,0
APP002661,647,4,2,55,5,60,5,8,1454100.0,40.5,0,0
APP002662,629,4,4,44,0,0,1,4,191700.0,31.8,0,1
APP002663,759,1,1,40,0,0,2,4,318400.0,39.1,1,0
APP002664,633,2,2,11,1,30,5,7,163700.0,71.6,0,0
APP002665,692,2,2,72,0,0,1,2,206000.0,30.2,0,0
APP002666,682,3,3,39,0,0,1,3,421400.0,12.8,0,1
APP002667,682,3,3,197,1,60,0,4,945600.0,18.1,0,1
APP002668,688,2,2,14,3,90,0,1,164400.0,96.9,0,0
APP002669,810,2,1,3,0,0,4,7,301400.0,19.5,0,0
APP002670,688,4,2,19,0,0,0,3,178900.0,32.8,0,0
APP002671,732,3,3,16,2,30,3,9,1369800.0,36.3,0,2
APP002672,787,1,1,62,4,120,0,4,12900.0,37.5,1,0
APP002673,783,3,3,353,1,30,2,2,17400.0,30.9,0,0
APP002674,784,3,3,128,0,0,1,3,75500.0,67.8,1,0
APP002675,686,4,4,80,0,0,5,8,101900.0,25.7,1,0
APP002676,660,5,1,86,5,60,4,6,117300.0,95.7,0,0
APP002677,712,1,1,25,0,0,4,4,7000.0,36.2,0,0
APP002678,668,1,1,104,2,30,4,6,59300.0,11.1,0,0
APP002679,631,3,2,35,1,30,3,7,845400.0,99.2,0,0
APP002680,582,4,1,12,0,0,2,2,439300.0,22.8,0,0
APP002681,641,1,1,9,1,180,4,4,242800.0,67.6,1,1
APP002682,655,3,1,29,1,30,0,1,825400.0,19.8,0,0
APP002683,675,4,1,2,0,0,4,7,52100.0,54.1,0,0
APP002684,612,4,1,63,2,60,1,3,1950400.0,3.7,0,0
APP002685,647,2,2,71,0,0,3,4,1025800.0,65.4,0,0
APP002686,714,3,2,44,2,60,4,8,895300.0,7.7,0,0
APP002687,634,3,3,9,0,0,0,1,351200.0,94.0,0,0
APP002688,654,0,0,48,0,0,2,4,1011500.0,29.3,0,0
APP002689,633,2,1,17,3,30,1,2,287200.0,21.4,0,0
APP002690,655,1,1,23,0,0,2,4,187500.0,90.7,0,0
APP002691,581,2,2,51,2,120,0,2,2307700.0,72.6,1,0
APP002692,748,3,3,5,0,0,3,5,846400.0,29.1,0,0
APP002693,526,0,0,6,0,0,2,3,613700.0,50.8,0,0
APP002694,749,3,2,95,0,0,4,4,2939400.0,21.6,0,0
APP002695,585,1,1,12,0,0,2,4,588500.0,95.8,0,0
APP002696,676,2,1,30,1,90,6,7,612000.0,38.4,2,0
APP002697,742,2,2,1,0,0,4,6,116000.0,20.1,0,0
APP002698,572,5,1,64,2,30,3,4,1070800.0,99.7,0,0
APP002699,703,1,1,36,0,0,2,3,94400.0,90.1,0,0
APP002700,567,3,1,42,0,0,1,3,1131800.0,42.6,0,0
APP002701,787,7,3,99,0,0,4,8,216700.0,22.2,0,0
APP002702,664,2,2,54,0,0,3,8,405000.0,25.4,0,0
APP002703,592,2,0,30,0,0,1,2,961000.0,63.3,0,0
APP002704,630,4,2,17,0,0,1,4,284200.0,52.5,1,0
APP002705,692,1,1,38,1,120,1,3,183100.0,28.3,1,0
APP002706,798,2,1,228,4,120,1,2,395400.0,44.1,0,0
APP002707,736,5,5,47,2,30,1,3,113400.0,48.0,0,0
APP002708,694,5,0,98,2,30,2,6,453300.0,66.0,0,0
APP002709,830,2,2,25,0,0,0,0,82200.0,44.0,0,0
APP002710,652,3,3,24,1,30,2,4,88400.0,91.1,0,0
APP002711,649,4,0,66,3,90,2,2,197300.0,35.6,0,0
APP002712,766,3,0,7,0,0,2,8,619700.0,65.4,0,0
APP002713,724,4,3,37,0,0,2,5,1150100.0,76.4,0,0
APP002714,729,2,0,66,0,0,2,4,413700.0,2.1,0,0
APP002715,732,3,3,73,0,0,4,4,198800.0,80.7,0,0
APP002716,655,1,1,4,0,0,2,5,733700.0,26.6,0,1
APP002717,659,6,1,40,1,30,4,8,1159100.0,98.1,0,0
APP002718,647,1,1,34,2,120,1,2,174000.0,56.8,0,0
APP002719,701,5,1,155,0,0,3,4,494300.0,72.1,0,0
APP002720,667,3,2,11,4,60,4,4,700.0,17.0,0,1
APP002721,811,2,2,50,0,0,1,3,382200.0,81.7,0,0
APP002722,751,7,1,28,0,0,0,0,98800.0,51.9,0,0
APP002723,833,5,2,44,0,0,4,7,16400.0,77.1,0,0
APP002724,606,1,1,253,0,0,1,2,2073100.0,98.4,0,0
APP002725,774,5,0,200,2,60,1,3,134700.0,91.9,0,0
APP002726,587,1,1,54,0,0,2,3,175700.0,30.1,0,0
APP002727,616,1,1,33,0,0,1,2,389300.0,16.4,0,0
APP002728,868,4,0,20,0,0,4,5,140200.0,17.0,0,0
APP002729,717,1,1,32,0,0,2,3,19800.0,76.7,0,0
APP002730,760,4,4,88,2,120,2,2,34700.0,81.1,1,0
APP002731,605,4,2,120,1,30,3,5,405000.0,20.6,0,0
APP002732,798,4,2,107,0,0,3,5,740000.0,71.4,0,0
APP002733,751,3,3,178,0,0,2,3,432400.0,99.0,0,0
APP002734,671,5,0,4,0,0,1,5,647600.0,46.3,0,0
APP002735,709,4,0,27,1,30,0,2,370800.0,28.2,0,0
APP002736,818,3,2,18,0,0,3,6,146100.0,2.4,0,0
APP002737,863,1,0,75,0,0,5,6,168100.0,6.9,0,0
APP002738,704,4,3,90,0,0,3,4,1372500.0,73.9,0,0
APP002739,733,6,1,54,2,30,0,4,709100.0,43.1,0,0
APP002740,690,3,3,43,0,0,4,6,299600.0,16.7,3,0
APP002741,744,3,3,25,0,0,4,5,1210900.0,46.4,0,1
APP002742,551,4,1,41,1,30,6,9,123200.0,91.2,0,0
APP002743,618,4,2,6,0,0,1,2,21400.0,30.5,0,0
APP002744,650,3,3,60,0,0,1,3,85400.0,30.6,0,0
APP002745,664,4,4,24,0,0,4,5,934500.0,22.3,2,0
APP002746,728,1,1,187,0,0,3,5,64200.0,79.1,0,0
APP002747,753,0,0,4,3,60,2,6,389700.0,16.3,0,1
APP002748,683,4,4,52,0,0,3,8,962000.0,80.8,0,0
APP002749,678,2,2,119,0,0,1,1,319200.0,73.6,0,0
APP002750,717,2,1,127,1,120,2,5,624900.0,1.0,0,0
APP002751,619,8,3,157,0,0,1,1,36400.0,83.0,0,0
APP002752,532,5,4,31,0,0,7,11,841800.0,97.3,0,0
APP002753,737,1,1,6,0,0,2,3,434300.0,93.1,0,0
APP002754,718,4,2,140,0,0,1,4,566900.0,26.8,0,0
APP002755,686,0,0,38,0,0,1,3,712100.0,82.8,0,0
APP002756,804,1,1,50,0,0,4,6,249900.0,82.3,0,0
APP002757,668,2,2,57,2,30,1,4,141500.0,96.7,0,0
APP002758,791,3,2,4,1,60,1,3,1511200.0,98.1,0,0
APP002759,718,1,1,138,0,0,3,3,324700.0,44.5,0,0
APP002760,588,0,0,43,0,0,3,5,244500.0,1.2,0,0
APP002761,609,3,3,35,0,0,1,3,247800.0,25.0,0,0
APP002762,710,4,4,58,1,30,2,5,2734500.0,56.9,0,0
APP002763,716,3,2,23,2,30,6,6,1846400.0,1.7,0,0
APP002764,868,3,1,25,0,0,2,2,394100.0,84.2,0,0
APP002765,749,4,2,49,0,0,1,3,122300.0,89.8,0,0
APP002766,766,2,0,202,0,0,1,4,600500.0,58.0,1,1
APP002767,749,4,0,34,0,0,0,0,293800.0,41.4,0,0
APP002768,750,7,2,87,0,0,0,3,552500.0,48.2,0,1
APP002769,633,3,1,32,4,30,1,3,151300.0,67.6,0,0
APP002770,860,4,4,155,0,0,2,3,842000.0,57.2,0,0
APP002771,656,6,1,67,0,0,3,4,491900.0,37.1,0,0
APP002772,707,4,3,24,0,0,1,3,502300.0,52.1,0,0
APP002773,576,2,1,69,2,30,1,3,133400.0,84.9,0,0
APP002774,789,4,4,9,1,60,3,3,69600.0,79.3,0,0
APP002775,703,2,1,136,1,30,1,4,21700.0,43.8,0,0
APP002776,606,4,4,32,2,90,2,5,64900.0,93.2,0,0
APP002777,722,2,2,109,2,90,2,3,614800.0,87.2,1,0
APP002778,752,2,2,73,0,0,6,9,335000.0,26.1,0,0
APP002779,812,3,3,19,0,0,1,5,34400.0,62.7,0,0
APP002780,588,4,1,8,0,0,2,4,133000.0,69.9,3,0
APP002781,615,1,1,14,0,0,0,1,341100.0,83.0,0,0
APP002782,747,3,2,34,3,60,0,2,1525000.0,18.8,0,0
APP002783,630,0,0,40,4,90,5,6,1205400.0,6.1,0,0
APP002784,718,2,2,8,0,0,3,4,148900.0,42.1,0,0
APP002785,742,7,0,16,1,60,1,3,19000.0,57.8,0,0
APP002786,713,3,0,54,0,0,2,2,207800.0,94.4,0,0
APP002787,776,2,1,17,0,0,1,2,442200.0,24.5,0,0
APP002788,693,4,1,119,2,60,2,3,375700.0,40.7,1,0
APP002789,817,1,1,7,1,30,2,4,91400.0,86.1,1,0
APP002790,727,3,2,13,0,0,1,4,534900.0,84.7,0,0
APP002791,755,1,1,33,1,60,3,6,2042500.0,63.2,1,0
APP002792,608,5,4,133,5,60,5,6,242000.0,14.3,0,1
APP002793,807,4,1,9,0,0,2,2,236300.0,40.7,0,0
APP002794,783,1,1,30,0,0,2,4,259100.0,54.4,1,0
APP002795,642,5,4,10,0,0,2,5,941500.0,55.8,2,0
APP002796,828,2,0,202,0,0,4,5,50600.0,33.1,0,0
APP002797,625,4,1,50,1,30,0,3,612200.0,86.5,0,0
APP002798,864,6,3,55,0,0,1,2,223600.0,98.0,0,0
APP002799,769,6,0,76,2,120,3,6,947800.0,54.9,1,0
APP002800,628,2,2,22,0,0,2,3,638000.0,63.0,1,0
APP002801,739,2,1,44,4,90,3,5,364300.0,35.1,0,0
APP002802,674,2,2,36,0,0,3,5,468300.0,88.0,0,0
APP002803,711,2,2,29,1,30,5,6,996200.0,97.0,0,0
APP002804,761,4,4,41,1,30,2,3,186600.0,74.6,0,0
APP002805,723,3,2,329,0,0,3,5,317700.0,51.8,0,0
APP002806,618,4,0,19,0,0,1,3,465500.0,9.6,0,0
APP002807,724,2,0,130,1,60,2,5,79900.0,78.8,0,0
APP002808,681,3,3,87,0,0,2,3,1184400.0,39.0,0,0
APP002809,690,5,2,5,0,0,2,5,1937900.0,48.1,1,0
APP002810,581,5,3,130,0,0,0,1,151300.0,6.0,0,0
APP002811,734,3,2,141,0,0,1,3,663400.0,87.4,0,0
APP002812,667,8,2,33,0,0,2,3,343700.0,57.7,0,0
APP002813,652,4,0,32,0,0,0,0,469200.0,55.9,0,0
APP002814,685,2,1,144,0,0,2,5,365600.0,5.2,2,0
APP002815,648,3,0,81,2,30,4,5,1199600.0,45.9,0,0
APP002816,745,2,1,14,0,0,1,5,742900.0,77.0,0,0
APP002817,740,2,2,126,0,0,1,2,145900.0,8.8,0,0
APP002818,603,2,0,84,0,0,2,3,1042500.0,44.9,0,0
APP002819,745,4,3,31,0,0,0,3,253800.0,35.7,0,0
APP002820,698,2,2,7,1,30,2,5,779500.0,10.0,0,0
APP002821,745,3,0,37,0,0,1,2,619600.0,45.0,1,0
APP002822,739,4,1,126,3,60,1,3,514800.0,15.9,0,0
APP002823,696,4,2,66,0,0,2,3,128200.0,5.4,0,0
APP002824,773,2,2,118,0,0,0,3,322100.0,37.3,0,0
APP002825,689,2,2,59,0,0,1,5,85300.0,7.9,0,0
APP002826,779,5,1,67,0,0,1,8,1051000.0,23.0,0,0
APP002827,900,2,2,82,0,0,1,3,236300.0,54.6,0,0
APP002828,791,5,3,12,2,90,4,6,129000.0,10.4,0,0
APP002829,607,1,1,0,2,30,1,1,27200.0,80.5,0,0
APP002830,535,9,0,9,5,90,2,2,397800.0,84.1,0,0
APP002831,792,4,3,111,1,30,3,5,39000.0,32.8,0,0
APP002832,544,2,1,67,0,0,0,9,134400.0,78.5,0,0
APP002833,815,2,2,3,0,0,0,3,537900.0,79.4,0,0
APP002834,840,3,0,45,0,0,4,6,108800.0,11.1,0,0
APP002835,653,4,0,33,0,0,5,8,397300.0,19.3,1,1
APP002836,841,7,1,13,0,0,2,3,365200.0,88.0,3,0
APP002837,668,3,3,113,0,0,2,2,480100.0,58.6,0,0
APP002838,556,1,1,37,0,0,1,5,74500.0,51.7,0,2
APP002839,679,2,2,34,2,30,1,2,2138500.0,10.8,0,0
APP002840,603,6,0,22,1,30,0,2,19000.0,87.1,0,0
APP002841,607,3,1,24,1,60,2,6,821400.0,51.3,0,0
APP002842,726,4,1,32,5,30,1,2,51900.0,84.9,0,2
APP002843,665,2,2,62,0,0,1,1,168700.0,69.7,0,0
APP002844,629,4,0,90,1,30,4,7,52900.0,65.6,0,0
APP002845,675,3,1,12,1,120,2,3,451600.0,51.8,1,0
APP002846,900,5,2,33,3,60,1,1,751000.0,95.3,0,0
APP002847,712,4,4,252,0,0,0,2,1142800.0,95.2,1,0
APP002848,769,2,2,99,0,0,4,5,325400.0,67.6,0,1
APP002849,681,2,2,30,0,0,1,2,3037500.0,1.0,0,0
APP002850,612,2,2,41,0,0,1,3,437200.0,60.5,0,0
APP002851,666,3,2,360,4,30,2,3,147100.0,70.2,1,0
APP002852,721,4,4,38,5,120,1,4,632800.0,45.9,0,0
APP002853,705,1,1,20,0,0,1,3,58500.0,54.1,0,0
APP002854,828,0,0,7,0,0,3,5,71800.0,95.3,1,0
APP002855,798,0,0,55,3,30,0,1,405700.0,51.4,1,0
APP002856,726,2,2,44,0,0,3,4,1701500.0,77.2,0,0
APP002857,631,5,1,77,0,0,2,4,173200.0,97.3,1,0
APP002858,843,7,5,14,0,0,4,7,844700.0,16.1,1,0
APP002859,691,2,0,47,0,0,0,1,376900.0,98.5,0,0
APP002860,669,4,3,27,1,90,2,3,197100.0,68.0,0,2
APP002861,710,3,2,83,0,0,1,3,221400.0,76.9,0,0
APP002862,599,3,3,15,3,90,0,1,190300.0,9.3,1,0
APP002863,720,1,1,58,4,60,2,6,987100.0,42.8,1,0
APP002864,638,3,1,54,0,0,2,5,559800.0,24.8,0,0
APP002865,597,2,1,17,4,30,5,7,1441000.0,79.8,0,0
APP002866,598,5,0,25,0,0,1,2,1766100.0,84.8,0,0
APP002867,754,3,0,4,1,30,1,3,729400.0,62.5,0,0
APP002868,745,3,2,83,0,0,0,0,1402100.0,1.3,0,0
APP002869,701,5,1,41,3,90,2,4,707800.0,4.5,0,0
APP002870,867,4,2,119,1,30,3,6,697300.0,80.0,0,0
APP002871,717,1,1,311,1,60,1,1,635700.0,24.3,0,0
APP002872,755,0,0,125,1,60,2,3,286600.0,44.2,1,0
APP002873,679,4,2,12,2,30,1,3,149700.0,32.7,0,0
APP002874,700,3,0,65,1,30,4,7,112700.0,65.4,0,0
APP002875,590,6,2,183,0,0,0,2,15400.0,73.3,0,0
APP002876,848,2,2,23,0,0,0,1,385000.0,2.7,0,1
APP002877,692,4,4,24,0,0,1,5,787900.0,86.9,0,0
APP002878,580,4,2,19,1,30,2,3,515100.0,60.5,0,0
APP002879,677,3,1,103,0,0,4,5,122700.0,41.1,0,0
APP002880,773,1,1,41,4,90,1,5,678000.0,89.4,0,0
APP002881,749,0,0,13,0,0,2,2,964900.0,62.8,0,0
APP002882,767,4,3,86,0,0,3,4,932600.0,80.6,0,0
APP002883,758,5,3,15,1,90,4,6,1118000.0,97.0,0,0
APP002884,661,2,2,67,0,0,2,5,1421000.0,28.7,0,0
APP002885,753,1,1,56,0,0,2,3,350700.0,9.5,0,0
APP002886,549,1,1,46,0,0,4,5,1337200.0,87.5,0,0
APP002887,780,7,2,59,2,60,2,5,1225700.0,72.0,0,0
APP002888,682,4,4,20,1,30,3,4,50300.0,52.9,1,0
APP002889,625,3,2,9,1,30,4,5,719400.0,54.0,0,1
APP002890,708,3,3,13,4,30,4,6,381300.0,19.2,0,0
APP002891,686,3,2,2,3,90,1,3,376600.0,14.7,0,0
APP002892,879,3,1,87,0,0,1,1,369800.0,49.0,0,0
APP002893,677,2,2,41,0,0,2,6,125600.0,87.7,0,0
APP002894,594,2,2,59,0,0,2,5,452600.0,65.8,0,0
APP002895,638,4,0,126,0,0,3,5,17500.0,59.7,0,0
APP002896,578,3,2,15,0,0,0,2,328200.0,57.0,0,1
APP002897,705,1,1,134,0,0,5,7,544300.0,37.1,2,0
APP002898,830,2,2,11,4,90,0,1,24000.0,48.2,0,0
APP002899,706,2,2,23,0,0,4,6,182600.0,87.5,0,0
APP002900,639,1,1,34,0,0,3,5,311000.0,56.6,1,1
APP002901,722,2,1,27,0,0,0,1,914500.0,71.9,0,0
APP002902,686,2,2,46,1,60,0,3,202300.0,9.7,0,0
APP002903,627,6,4,10,5,30,0,3,776200.0,39.2,0,0
APP002904,654,5,1,11,1,90,1,3,1434500.0,22.1,1,0
APP002905,760,3,2,46,0,0,0,5,722600.0,96.3,0,0
APP002906,828,3,2,53,0,0,1,6,452100.0,40.4,0,0
APP002907,753,4,0,126,0,0,1,3,9300.0,73.0,0,0
APP002908,687,2,0,2,2,30,3,5,2079800.0,31.4,0,0
APP002909,749,3,1,3,0,0,4,4,57900.0,44.0,0,0
APP002910,642,2,2,18,0,0,2,7,130500.0,58.4,0,0
APP002911,697,2,2,0,2,60,1,3,590600.0,32.2,0,0
APP002912,663,5,3,33,0,0,2,4,294300.0,48.6,0,0
APP002913,715,4,2,154,1,90,5,6,1149200.0,96.4,0,0
APP002914,839,3,2,74,1,180,3,4,296200.0,95.4,0,0
APP002915,856,8,0,73,1,30,2,3,548700.0,4.2,0,0
APP002916,801,3,3,47,0,0,1,1,1432800.0,7.7,0,0
APP002917,708,5,2,220,0,0,2,3,45600.0,12.3,0,0
APP002918,602,2,2,24,1,90,6,6,577500.0,51.5,0,1
APP002919,733,5,3,35,3,90,0,0,79400.0,65.1,0,0
APP002920,614,3,2,4,0,0,3,7,534100.0,13.9,0,0
APP002921,692,2,1,30,3,120,2,3,173600.0,81.1,0,0
APP002922,742,2,2,69,0,0,2,5,102500.0,27.4,0,0
APP002923,741,4,3,55,1,90,1,4,282200.0,32.4,0,2
APP002924,683,3,2,7,0,0,1,2,81700.0,30.1,0,0
APP002925,703,5,3,30,0,0,1,2,906900.0,18.4,0,0
APP002926,865,3,3,171,0,0,5,7,476500.0,95.8,0,0
APP002927,692,1,1,5,1,120,2,7,442500.0,65.0,0,0
APP002928,781,4,0,59,0,0,1,2,364500.0,51.3,3,0
APP002929,721,3,2,90,0,0,3,5,595500.0,67.0,0,0
APP002930,711,3,2,71,0,0,0,2,1744200.0,43.7,3,0
APP002931,673,3,1,72,2,120,2,5,1071400.0,65.7,1,0
APP002932,625,1,0,58,0,0,0,3,324000.0,27.8,0,0
APP002933,636,3,1,65,3,30,1,3,764900.0,73.4,1,0
APP002934,734,4,2,251,0,0,2,5,319000.0,62.1,0,0
APP002935,812,6,0,11,0,0,3,6,999500.0,26.0,0,0
APP002936,573,6,0,360,0,0,2,3,677100.0,51.8,0,0
APP002937,795,4,1,63,1,120,1,2,172500.0,92.6,0,0
APP002938,637,3,3,3,0,0,2,5,45500.0,80.0,0,0
APP002939,613,0,0,25,0,0,2,3,23700.0,14.4,2,0
APP002940,767,6,1,118,1,90,3,5,883000.0,49.8,0,0
APP002941,646,4,0,37,2,120,2,2,502100.0,32.5,0,0
APP002942,793,6,3,36,1,90,1,3,379200.0,67.6,0,0
APP002943,714,4,1,4,1,90,2,5,1407400.0,37.5,0,0
APP002944,827,5,3,14,0,0,2,3,769000.0,28.4,0,0
APP002945,586,1,1,33,0,0,1,2,327000.0,6.2,2,0
APP002946,713,4,1,27,0,0,4,6,173200.0,48.9,0,0
APP002947,587,4,4,94,2,60,3,6,74800.0,42.5,0,0
APP002948,615,4,3,24,0,0,1,2,39800.0,43.0,0,0
APP002949,688,1,1,67,3,30,3,4,82800.0,19.7,0,0
APP002950,735,4,1,98,0,0,2,5,87000.0,92.8,0,0
APP002951,647,1,1,4,3,60,0,3,905700.0,54.8,0,0
APP002952,658,4,1,111,2,90,1,5,601800.0,19.8,0,0
APP002953,616,4,4,7,0,0,4,4,919800.0,0.7,0,0
APP002954,706,3,1,62,2,60,3,5,174400.0,69.8,1,0
APP002955,702,3,0,35,0,0,4,7,46000.0,73.6,0,0
APP002956,663,3,0,4,1,30,1,1,165500.0,97.5,0,0
APP002957,558,3,1,33,1,30,3,4,820200.0,69.1,0,0
APP002958,807,3,0,20,2,60,2,4,33900.0,36.4,1,0
APP002959,784,4,4,57,0,0,0,0,258400.0,16.0,0,0
APP002960,685,1,0,8,5,60,3,4,768300.0,60.6,0,0
APP002961,685,1,1,156,0,0,2,4,507700.0,11.4,0,0
APP002962,846,2,2,3,0,0,2,3,153600.0,2.6,0,0
APP002963,552,8,1,21,0,0,2,2,38200.0,66.4,0,0
APP002964,799,2,2,6,1,30,0,2,397200.0,14.5,0,1
APP002965,669,3,3,12,0,0,1,7,1047700.0,29.3,0,0
APP002966,593,3,3,7,0,0,0,3,1251400.0,11.6,0,0
APP002967,703,1,0,21,1,60,0,2,493700.0,8.2,0,1
APP002968,673,6,4,110,1,90,3,3,942100.0,71.0,0,0
APP002969,698,7,1,56,1,30,1,3,1503000.0,98.1,0,0
APP002970,650,3,2,17,0,0,1,2,323000.0,1.9,0,0
APP002971,785,2,1,10,0,0,3,4,15800.0,77.0,0,0
APP002972,591,3,3,2,0,0,0,5,1019500.0,74.2,0,0
APP002973,591,3,3,42,0,0,0,3,579700.0,12.4,0,1
APP002974,638,3,3,234,0,0,2,3,2328400.0,54.8,0,1
APP002975,687,0,0,11,1,30,5,5,1245100.0,41.4,2,0
APP002976,661,3,2,0,0,0,2,2,623000.0,20.6,0,0
APP002977,678,5,4,66,2,60,1,2,60600.0,13.3,0,1
APP002978,693,2,2,24,0,0,4,6,687400.0,75.2,1,0
APP002979,585,0,0,13,0,0,1,3,257500.0,97.6,0,0
APP002980,716,4,0,20,0,0,3,7,2380600.0,99.9,0,0
APP002981,686,3,2,54,3,30,1,2,182000.0,73.5,0,0
APP002982,591,4,1,71,0,0,1,4,532200.0,78.2,2,0
APP002983,659,6,1,32,0,0,3,6,1442600.0,19.1,0,0
APP002984,712,4,2,43,2,90,3,3,384800.0,67.7,0,0
APP002985,656,5,2,3,1,90,2,3,324500.0,1.6,0,0
APP002986,516,4,3,63,0,0,4,5,1553600.0,87.9,1,0
APP002987,680,2,2,142,5,60,7,8,423400.0,97.9,0,0
APP002988,540,6,2,18,3,30,1,1,104000.0,15.9,0,0
APP002989,603,4,3,2,5,60,0,2,242100.0,27.7,0,0
APP002990,745,3,1,171,0,0,3,3,626100.0,59.0,0,0
APP002991,641,3,2,8,0,0,2,4,205400.0,66.8,0,1
APP002992,696,4,2,77,0,0,2,7,813600.0,49.1,0,0
APP002993,665,4,4,160,1,90,2,8,258100.0,28.1,0,0
APP002994,739,5,0,9,1,30,3,4,690600.0,55.0,0,0
APP002995,569,2,2,0,0,0,2,2,235800.0,49.8,0,0
APP002996,649,5,4,6,1,30,2,2,650800.0,2.2,0,0
APP002997,778,8,2,14,0,0,3,7,818000.0,39.9,0,1
APP002998,748,2,2,138,1,30,1,2,1367900.0,40.3,1,0
APP002999,744,0,0,64,3,60,2,2,389300.0,56.8,0,0
APP003000,790,3,2,72,0,0,1,5,1251500.0,90.8,0,0
APP003001,641,2,2,2,0,0,1,3,315100.0,59.4,0,0
APP003002,687,1,0,42,1,30,5,5,519900.0,44.3,0,0
APP003003,782,2,2,77,5,60,1,3,1238400.0,23.2,0,0
APP003004,669,4,1,1,0,0,0,2,126300.0,8.7,1,0
APP003005,630,0,0,24,0,0,2,5,194400.0,3.0,1,0
APP003006,702,4,1,48,0,0,0,2,173600.0,67.2,0,0
APP003007,637,5,3,41,0,0,4,6,35400.0,55.4,0,0
APP003008,547,2,2,60,0,0,1,4,538200.0,23.2,0,0
APP003009,673,2,1,91,1,120,1,3,697200.0,37.0,0,0
APP003010,679,0,0,142,0,0,0,4,296100.0,1.5,0,0
APP003011,821,4,3,66,2,90,3,4,1783400.0,35.2,0,0
APP003012,726,5,5,35,4,30,1,5,105400.0,74.0,0,0
APP003013,688,0,0,94,0,0,2,2,584400.0,38.6,2,0
APP003014,695,2,2,140,0,0,3,5,10800.0,83.6,0,0
APP003015,745,4,2,175,0,0,1,5,118500.0,68.6,0,0
APP003016,772,5,4,30,0,0,1,3,156000.0,22.5,0,1
APP003017,677,5,3,101,1,90,1,1,356900.0,35.1,0,0
APP003018,876,0,0,47,1,30,2,3,272900.0,72.3,0,0
APP003019,811,6,4,70,0,0,1,5,787400.0,98.4,0,0
APP003020,542,3,0,30,0,0,2,8,273100.0,77.0,0,0
APP003021,725,3,1,27,1,180,1,3,1304000.0,6.8,0,0
APP003022,648,3,3,33,1,120,2,8,630900.0,35.1,0,0
APP003023,699,4,1,49,0,0,1,2,387600.0,87.6,0,0
APP003024,607,4,0,9,3,90,5,10,483700.0,88.3,0,0
APP003025,601,6,0,49,1,180,4,7,1102500.0,91.5,0,0
APP003026,709,4,1,38,0,0,4,5,234500.0,24.6,0,0
APP003027,676,7,3,70,0,0,2,6,617700.0,31.2,0,0
APP003028,772,3,0,16,0,0,3,8,265200.0,28.2,0,0
APP003029,633,4,3,162,0,0,1,5,376800.0,76.6,2,0
APP003030,673,4,0,10,0,0,2,4,83800.0,63.2,0,0
APP003031,714,4,2,17,0,0,5,6,279200.0,59.2,3,0
APP003032,647,1,1,6,0,0,3,6,702100.0,72.6,0,2
APP003033,476,3,1,3,4,120,2,6,134300.0,80.8,0,0
APP003034,767,4,2,77,1,30,2,6,204900.0,28.7,0,0
APP003035,660,4,1,58,3,90,2,3,1615000.0,17.9,0,0
APP003036,661,4,3,87,1,30,0,2,190100.0,42.7,0,0
APP003037,664,0,0,97,2,30,0,4,535700.0,99.0,0,0
APP003038,704,3,0,81,2,60,1,2,32800.0,79.4,0,0
APP003039,653,5,1,25,1,60,2,4,564600.0,56.5,1,0
APP003040,762,1,1,12,4,60,0,3,133100.0,26.9,0,0
APP003041,606,4,3,41,0,0,3,5,118800.0,10.1,0,0
APP003042,582,4,1,40,1,30,2,6,1114500.0,75.4,0,0
APP003043,574,2,2,60,0,0,3,4,122900.0,10.4,1,0
APP003044,702,6,2,24,1,30,2,3,595900.0,32.6,0,0
APP003045,727,3,1,7,0,0,2,3,92700.0,75.0,0,0
APP003046,570,1,0,32,0,0,3,6,153600.0,29.4,0,0
APP003047,682,2,1,10,1,60,2,4,142700.0,11.7,1,0
APP003048,700,4,4,58,5,60,2,4,378200.0,13.4,2,0
APP003049,551,2,2,7,1,120,2,2,152100.0,4.6,0,2
APP003050,594,5,2,141,0,0,4,7,382500.0,37.3,0,0
APP003051,734,5,1,132,1,60,4,4,1026800.0,87.3,0,0
APP003052,757,1,1,7,3,60,1,3,238000.0,66.4,0,2
APP003053,857,5,1,131,1,60,1,4,291700.0,3.0,0,0
APP003054,827,1,0,13,1,30,3,4,90500.0,32.0,0,0
APP003055,726,3,0,29,2,30,7,8,45100.0,87.8,1,0
APP003056,738,6,4,182,0,0,1,3,2633400.0,6.2,0,0
APP003057,699,0,0,160,2,90,2,5,183400.0,58.1,0,0
APP003058,742,2,2,200,0,0,3,6,490400.0,68.7,0,0
APP003059,665,3,1,120,0,0,4,8,1768600.0,76.5,0,0
APP003060,750,3,2,9,0,0,1,2,1106800.0,82.1,0,0
APP003061,678,3,2,87,1,60,3,5,1033800.0,85.8,0,0
APP003062,739,2,2,28,0,0,1,1,9300.0,96.6,0,0
APP003063,886,4,3,48,2,30,0,2,1233200.0,63.0,0,0
APP003064,751,3,2,47,0,0,3,3,132200.0,31.9,0,0
APP003065,718,3,3,34,1,120,0,4,1353100.0,46.2,0,0
APP003066,550,4,0,166,0,0,2,5,2074900.0,57.0,0,0
APP003067,807,3,2,0,0,0,0,3,292200.0,20.1,0,0
APP003068,735,2,2,9,1,90,4,6,201000.0,94.3,2,0
APP003069,598,4,2,89,3,60,3,4,64300.0,43.9,1,0
APP003070,658,2,2,96,2,120,0,2,79100.0,40.5,0,0
APP003071,722,4,0,13,0,0,1,2,553800.0,62.7,0,0
APP003072,591,3,2,90,1,90,2,4,1235000.0,84.8,0,0
APP003073,625,2,2,22,2,90,1,3,1131200.0,97.1,0,0
APP003074,806,2,0,63,0,0,2,2,527900.0,46.0,0,0
APP003075,799,4,1,20,1,30,0,1,470400.0,69.4,0,0
APP003076,829,4,2,66,1,30,1,1,481900.0,0.1,0,1
APP003077,737,2,2,109,0,0,4,9,154600.0,18.0,0,0
APP003078,671,2,1,54,0,0,2,5,4300.0,99.7,0,0
APP003079,580,1,1,11,0,0,3,4,394400.0,11.8,0,0
APP003080,710,2,2,6,0,0,2,4,228400.0,64.2,0,0
APP003081,676,5,5,30,0,0,4,7,524600.0,60.3,0,0
APP003082,665,6,4,146,0,0,2,5,1786800.0,64.0,0,0
APP003083,715,8,2,76,1,60,1,2,201900.0,55.3,0,1
APP003084,664,1,1,69,0,0,3,5,253400.0,63.8,0,0
APP003085,794,4,4,191,2,30,0,2,422800.0,1.7,0,1
APP003086,619,4,4,39,2,180,0,0,581000.0,26.8,0,0
APP003087,660,4,1,115,0,0,4,4,579400.0,96.2,0,0
APP003088,748,5,1,19,0,0,2,3,18900.0,80.7,0,0
APP003089,592,1,1,38,3,60,2,3,325500.0,62.3,0,2
APP003090,817,5,2,11,1,180,4,5,593600.0,67.6,1,0
APP003091,725,6,4,25,0,0,2,5,175400.0,63.0,1,0
APP003092,677,6,2,50,0,0,1,2,185300.0,55.6,0,0
APP003093,698,6,5,45,4,90,3,4,290800.0,91.9,0,2
APP003094,716,1,1,51,0,0,2,7,89600.0,17.2,0,0
APP003095,718,2,2,2,1,30,3,3,127600.0,81.0,0,0
APP003096,761,3,0,161,5,60,4,6,933300.0,33.7,1,0
APP003097,781,3,3,5,0,0,2,7,95500.0,48.8,0,0
APP003098,646,2,2,80,1,60,3,3,843200.0,67.7,1,0
APP003099,733,3,2,5,0,0,3,6,1585800.0,57.8,0,0
APP003100,589,3,1,17,0,0,1,4,558400.0,77.8,0,0
APP003101,794,4,2,91,0,0,0,1,208400.0,41.8,0,0
APP003102,718,4,3,8,3,30,2,3,733500.0,88.0,0,0
APP003103,663,3,0,0,0,0,3,6,905000.0,33.0,0,0
APP003104,686,1,1,19,1,30,1,1,820000.0,4.5,0,0
APP003105,830,1,1,34,0,0,1,2,813600.0,26.3,0,0
APP003106,677,2,2,3,1,60,2,2,140500.0,34.5,0,0
APP003107,559,2,2,213,0,0,6,7,1035500.0,14.4,0,0
APP003108,900,2,2,16,0,0,1,2,19200.0,71.5,0,0
APP003109,691,3,1,50,0,0,1,3,366700.0,3.4,0,0
APP003110,680,2,1,41,0,0,1,3,51300.0,34.4,0,0
APP003111,671,1,1,52,0,0,3,4,137400.0,81.9,0,0
APP003112,787,0,0,7,0,0,2,4,152600.0,64.3,0,0
APP003113,757,3,2,23,0,0,1,2,468600.0,95.3,0,0
APP003114,604,1,0,43,2,30,1,2,453700.0,81.3,0,2
APP003115,625,1,1,25,2,90,4,7,555200.0,37.1,0,0
APP003116,566,4,2,116,0,0,0,3,358700.0,12.5,0,0
APP003117,696,1,0,67,3,120,4,7,468500.0,81.5,1,0
APP003118,784,5,0,17,0,0,2,2,1226900.0,54.8,0,0
APP003119,713,2,2,9,0,0,2,6,1330500.0,89.7,0,0
APP003120,747,5,2,23,0,0,1,3,1147100.0,64.6,0,0
APP003121,626,2,0,1,0,0,2,4,53700.0,53.7,1,0
APP003122,805,5,0,140,1,90,1,1,695200.0,96.9,0,0
APP003123,698,1,1,22,1,90,1,6,349200.0,97.0,0,0
APP003124,856,5,0,164,0,0,2,4,200500.0,2.6,2,0
APP003125,688,5,5,1,0,0,1,2,138900.0,54.9,0,0
APP003126,662,1,1,113,0,0,0,4,141700.0,39.5,0,0
APP003127,577,5,5,177,0,0,1,2,308100.0,6.1,0,0
APP003128,677,2,0,9,0,0,1,3,34300.0,9.7,2,0
APP003129,688,2,2,54,1,90,1,2,88700.0,57.3,0,0
APP003130,603,1,1,44,0,0,1,3,641300.0,91.7,0,0
APP003131,726,6,1,61,3,90,1,2,168700.0,77.6,2,0
APP003132,723,2,2,103,0,0,7,9,407800.0,30.7,0,0
APP003133,664,4,1,60,0,0,0,0,297300.0,53.3,0,0
APP003134,699,2,2,19,1,30,2,4,94600.0,34.5,0,0
APP003135,722,3,2,25,0,0,1,1,804600.0,56.8,0,0
APP003136,691,3,3,58,0,0,0,2,91200.0,62.1,0,1
APP003137,523,2,2,69,0,0,0,1,570200.0,8.7,0,0
APP003138,699,1,0,182,0,0,3,6,892800.0,35.8,1,0
APP003139,592,5,1,30,0,0,0,2,123100.0,6.9,0,0
APP003140,776,0,0,25,1,30,5,7,218300.0,10.7,0,0
APP003141,803,1,1,99,1,30,6,7,1700.0,45.0,0,0
APP003142,839,3,3,20,1,30,3,6,1207100.0,83.4,0,0
APP003143,730,3,1,47,5,30,4,5,395700.0,42.4,1,0
APP003144,774,3,2,22,4,30,4,4,595000.0,50.7,0,0
APP003145,653,5,4,62,1,180,0,1,667900.0,71.4,0,0
APP003146,615,4,1,145,0,0,3,7,2539100.0,63.3,0,0
APP003147,707,3,1,73,0,0,3,5,3900.0,87.2,0,0
APP003148,697,0,0,75,0,0,2,6,355400.0,49.1,0,0
APP003149,556,2,1,153,3,90,0,1,694100.0,63.7,0,0
APP003150,671,5,0,49,0,0,4,8,1656100.0,43.2,3,0
APP003151,654,3,0,0,0,0,1,5,474200.0,4.1,0,0
APP003152,806,1,1,104,1,60,2,6,842400.0,10.2,0,0
APP003153,850,2,0,144,0,0,2,2,96100.0,94.1,0,0
APP003154,571,8,1,25,0,0,2,2,69000.0,58.6,2,0
APP003155,774,4,3,24,1,180,3,4,654600.0,60.4,0,0
APP003156,672,5,1,137,0,0,4,7,377700.0,69.4,0,0
APP003157,525,5,1,38,2,60,2,6,1401400.0,40.9,0,0
APP003158,691,2,2,6,0,0,3,3,7500.0,14.0,0,0
APP003159,710,7,1,123,1,90,1,10,156200.0,53.9,0,0
APP003160,657,4,2,62,0,0,2,4,132100.0,74.4,2,0
APP003161,801,7,1,29,0,0,2,3,486800.0,73.5,0,0
APP003162,770,2,1,42,0,0,3,4,67900.0,23.6,0,0
APP003163,674,4,0,29,0,0,2,2,56700.0,63.5,2,0
APP003164,599,3,3,8,0,0,2,4,320100.0,50.6,0,0
APP003165,643,3,1,8,0,0,0,1,248900.0,16.4,2,0
APP003166,834,3,3,28,4,30,3,6,160400.0,47.0,0,0
APP003167,688,4,2,43,0,0,1,1,1119200.0,47.8,0,0
APP003168,832,4,1,5,5,30,1,4,93200.0,8.0,0,0
APP003169,569,2,2,101,0,0,2,6,67100.0,95.9,1,1
APP003170,648,3,3,92,0,0,2,4,225500.0,66.4,1,0
APP003171,711,3,1,51,0,0,5,8,367900.0,42.5,0,0
APP003172,457,2,0,6,1,30,1,3,140800.0,19.1,0,0
APP003173,646,1,1,54,3,120,2,2,821000.0,3.9,0,0
APP003174,640,4,4,150,0,0,1,3,548800.0,85.2,1,0
APP003175,660,3,0,7,5,30,2,3,361800.0,93.9,2,0
APP003176,731,1,1,9,2,30,3,6,306100.0,55.3,1,0
APP003177,659,3,2,36,0,0,3,5,48400.0,3.1,0,0
APP003178,728,6,0,24,0,0,1,4,112500.0,95.5,0,2
APP003179,745,0,0,15,5,60,1,4,1327700.0,83.2,0,0
APP003180,721,3,3,105,0,0,5,5,233600.0,16.2,0,0
APP003181,559,7,2,135,0,0,0,3,94400.0,54.2,0,0
APP003182,672,5,3,96,0,0,4,5,551900.0,17.1,0,0
APP003183,690,2,1,164,2,60,1,2,232300.0,74.9,0,0
APP003184,674,3,3,67,0,0,4,5,2238500.0,10.6,0,0
APP003185,576,2,2,68,0,0,4,6,660100.0,88.4,0,0
APP003186,701,3,3,39,1,30,1,4,776500.0,78.9,0,0
APP003187,755,3,0,2,3,90,1,4,265200.0,54.9,0,0
APP003188,648,2,1,3,0,0,1,4,794500.0,2.6,2,0
APP003189,658,4,1,62,0,0,1,3,537300.0,24.5,0,0
APP003190,519,3,2,203,0,0,2,6,235300.0,64.2,0,0
APP003191,775,3,0,163,1,120,5,8,123400.0,51.4,0,0
APP003192,604,5,3,78,3,90,2,3,378900.0,71.2,0,0
APP003193,747,3,1,31,0,0,4,6,547500.0,57.0,1,0
APP003194,701,0,0,27,1,60,2,4,497800.0,81.1,0,0
APP003195,639,1,1,37,0,0,0,2,64100.0,83.6,1,0
APP003196,640,3,1,5,0,0,2,4,242000.0,75.2,0,0
APP003197,837,1,1,35,1,30,3,8,478000.0,38.6,0,0
APP003198,770,2,2,11,0,0,0,5,312300.0,5.0,0,0
APP003199,592,3,3,79,0,0,3,4,263900.0,53.3,0,0
APP003200,693,0,0,27,0,0,2,4,1145300.0,17.5,0,0
APP003201,772,6,5,179,0,0,3,4,610200.0,8.0,0,0
APP003202,685,3,1,41,1,120,4,5,293200.0,98.7,1,0
APP003203,721,4,4,49,1,60,3,3,81600.0,87.1,0,0
APP003204,711,2,2,123,0,0,3,6,97100.0,21.9,0,0
APP003205,800,3,3,14,2,60,2,3,666200.0,53.5,2,0
APP003206,612,3,1,25,0,0,2,5,128500.0,1.5,0,0
APP003207,628,3,2,43,1,30,3,3,384300.0,22.7,0,0
APP003208,757,3,1,57,0,0,3,3,142400.0,21.2,0,0
APP003209,676,7,1,25,1,30,4,6,5900.0,87.3,0,0
APP003210,816,3,1,120,0,0,4,4,157400.0,17.0,0,0
APP003211,696,7,2,16,4,30,4,4,382000.0,62.6,0,0
APP003212,735,1,1,18,3,90,3,6,787500.0,33.4,0,0
APP003213,521,4,3,21,0,0,2,6,143300.0,52.7,0,0
APP003214,536,5,5,12,0,0,2,3,1321800.0,76.8,1,0
APP003215,699,4,1,6,0,0,1,3,593900.0,70.7,0,0
APP003216,687,4,2,50,0,0,5,8,395500.0,21.6,0,0
APP003217,632,2,2,308,4,90,2,4,147600.0,54.5,0,0
APP003218,686,5,3,17,0,0,1,6,70500.0,13.9,0,0
APP003219,671,2,0,3,0,0,4,5,108900.0,75.2,0,0
APP003220,592,2,0,7,1,30,0,3,1142200.0,9.2,0,0
APP003221,876,2,2,62,1,30,5,5,1076700.0,23.1,0,1
APP003222,663,7,2,50,0,0,4,9,188600.0,91.8,1,0
APP003223,688,3,2,105,0,0,3,4,328700.0,20.3,2,0
APP003224,644,6,1,16,0,0,4,4,249400.0,7.9,0,0
APP003225,726,2,2,156,0,0,1,4,937900.0,60.3,0,0
APP003226,667,4,4,1,2,120,2,5,1613500.0,22.4,0,0
APP003227,689,2,1,66,2,120,1,4,28300.0,10.3,1,0
APP003228,832,4,3,18,5,30,2,4,167000.0,2.0,0,0
APP003229,661,2,1,134,0,0,3,5,719500.0,17.5,0,0
APP003230,569,1,1,6,0,0,1,2,40700.0,63.6,0,0
APP003231,701,2,0,43,0,0,1,1,211900.0,57.7,0,0
APP003232,569,7,2,2,0,0,4,6,79300.0,45.5,0,0
APP003233,682,4,1,42,1,90,2,4,204400.0,26.6,0,0
APP003234,673,4,1,247,1,60,3,6,386500.0,95.1,0,0
APP003235,630,2,1,72,0,0,2,2,315100.0,2.2,0,0
APP003236,730,4,3,56,0,0,2,2,611200.0,82.1,0,0
APP003237,727,4,1,45,2,90,2,4,496700.0,49.0,0,0
APP003238,861,1,0,56,0,0,4,6,197100.0,97.3,0,0
APP003239,814,4,2,221,2,60,1,1,217400.0,78.3,0,0
APP003240,691,3,1,14,1,120,3,7,26000.0,70.0,0,0
APP003241,590,1,1,26,4,30,2,3,768600.0,3.2,0,0
APP003242,660,3,2,117,0,0,1,4,145900.0,78.3,0,0
APP003243,657,2,2,36,0,0,1,3,16100.0,64.5,1,2
APP003244,762,6,0,25,0,0,3,6,790600.0,14.0,0,0
APP003245,757,6,3,31,0,0,4,8,209300.0,58.3,0,0
APP003246,826,3,1,14,2,120,2,2,667400.0,28.1,0,0
APP003247,699,3,0,13,1,30,3,7,178000.0,17.0,0,0
APP003248,531,5,0,160,1,60,1,4,71300.0,89.5,0,0
APP003249,610,2,1,5,0,0,3,3,1722800.0,91.0,0,0
APP003250,531,0,0,72,0,0,7,9,359800.0,66.9,0,0
APP003251,767,4,3,132,1,30,1,3,268800.0,87.6,0,0
APP003252,767,4,1,31,0,0,2,2,262100.0,43.7,0,0
APP003253,580,1,1,22,0,0,2,6,1703200.0,59.4,0,0
APP003254,771,5,2,41,0,0,2,2,72000.0,73.5,0,1
APP003255,689,5,1,59,1,60,1,2,178300.0,73.4,1,0
APP003256,589,1,1,66,0,0,0,2,831500.0,85.4,1,0
APP003257,726,4,1,75,1,30,3,6,122500.0,59.7,0,0
APP003258,628,1,1,62,0,0,0,1,592000.0,28.7,0,0
APP003259,695,6,3,25,0,0,4,6,1111900.0,21.9,0,0
APP003260,635,2,0,143,0,0,1,3,162400.0,10.3,0,0
APP003261,814,4,1,0,2,90,3,6,659100.0,1.7,0,0
APP003262,775,4,0,118,0,0,1,9,187700.0,7.7,0,0
APP003263,736,3,3,23,0,0,1,1,694600.0,48.5,2,0
APP003264,644,0,0,0,3,90,1,3,114000.0,52.9,0,0
APP003265,767,3,2,50,3,120,3,8,1020400.0,64.4,0,0
APP003266,701,5,1,21,1,120,4,5,223400.0,41.6,0,0
APP003267,760,4,3,17,0,0,1,3,578900.0,22.3,1,0
APP003268,738,4,3,17,0,0,0,2,1326900.0,78.0,0,0
APP003269,722,5,2,249,0,0,1,2,241500.0,84.3,0,0
APP003270,876,5,3,77,0,0,1,4,184700.0,25.1,1,0
APP003271,767,1,1,114,0,0,1,2,147700.0,28.2,2,0
APP003272,543,3,1,32,0,0,4,10,197100.0,28.2,0,0
APP003273,697,3,0,157,0,0,3,6,184400.0,68.2,0,0
APP003274,689,2,1,92,0,0,0,3,290400.0,76.3,0,0
APP003275,836,3,3,154,0,0,1,2,461400.0,94.8,2,0
APP003276,780,6,2,98,0,0,4,7,220700.0,66.0,0,0
APP003277,747,3,2,7,0,0,1,2,1146600.0,58.6,0,0
APP003278,620,5,4,27,1,60,4,6,1032900.0,68.8,0,0
APP003279,751,1,1,25,0,0,3,4,2504000.0,41.3,1,0
APP003280,601,2,2,43,0,0,2,3,468600.0,10.8,0,0
APP003281,722,1,0,100,0,0,3,4,358200.0,28.9,0,0
APP003282,669,3,2,35,0,0,4,4,369200.0,50.9,0,0
APP003283,709,2,0,33,1,30,2,4,169400.0,73.8,0,0
APP003284,678,2,1,18,0,0,2,3,763600.0,1.7,0,0
APP003285,734,1,1,9,0,0,1,7,586600.0,54.5,0,1
APP003286,771,3,1,36,0,0,2,2,888100.0,74.9,0,0
APP003287,674,4,1,16,1,120,3,5,1176100.0,30.4,0,0
APP003288,671,3,3,12,0,0,1,5,86400.0,60.4,1,0
APP003289,648,0,0,111,2,30,4,6,19200.0,52.0,1,1
APP003290,702,8,2,1,1,30,2,3,201600.0,69.9,0,1
APP003291,679,0,0,250,0,0,3,6,596000.0,88.5,0,0
APP003292,646,1,1,88,2,60,1,2,112100.0,26.2,0,0
APP003293,751,5,2,78,3,120,1,5,553400.0,3.3,0,0
APP003294,582,2,2,96,1,60,2,4,439500.0,32.4,0,1
APP003295,765,1,1,70,1,30,3,6,217700.0,42.4,0,0
APP003296,865,2,2,180,0,0,0,0,81500.0,54.6,0,0
APP003297,701,6,0,108,0,0,5,6,51300.0,43.1,0,0
APP003298,766,8,5,26,1,30,3,3,415100.0,18.0,0,0
APP003299,717,2,2,54,0,0,3,6,9300.0,90.4,0,0
APP003300,822,6,1,70,0,0,0,2,171400.0,40.6,0,0
APP003301,725,2,2,21,0,0,3,5,643400.0,74.0,0,0
APP003302,660,3,1,11,0,0,1,4,163500.0,43.0,0,0
APP003303,734,1,1,180,1,30,3,4,63900.0,73.8,0,0
APP003304,716,3,3,127,0,0,2,7,371800.0,83.4,0,0
APP003305,781,3,1,102,0,0,4,5,69500.0,30.4,0,0
APP003306,680,2,2,60,0,0,3,6,893100.0,85.2,0,0
APP003307,683,3,3,23,0,0,2,4,823400.0,61.2,0,1
APP003308,781,6,3,46,2,60,3,5,3800.0,3.4,1,0
APP003309,695,6,1,86,3,30,4,5,446400.0,75.6,0,0
APP003310,685,2,2,48,0,0,3,5,228300.0,79.1,1,0
APP003311,640,3,0,16,0,0,1,4,235800.0,29.8,0,1
APP003312,657,2,1,4,3,30,3,5,131800.0,96.5,0,0
APP003313,582,4,1,104,2,30,2,5,587700.0,88.4,0,0
APP003314,796,5,1,42,0,0,0,3,491300.0,10.4,0,0
APP003315,724,0,0,8,0,0,2,4,763800.0,27.6,2,0
APP003316,837,2,2,40,1,90,1,1,60100.0,1.9,0,0
APP003317,779,3,0,11,0,0,2,3,646000.0,86.9,0,0
APP003318,638,3,0,22,0,0,3,4,2098200.0,85.5,0,2
APP003319,748,7,4,91,4,60,1,1,476800.0,57.9,3,0
APP003320,723,3,2,59,2,120,0,2,312100.0,4.1,1,0
APP003321,659,2,2,33,2,30,2,6,663800.0,31.0,0,0
APP003322,800,2,1,49,0,0,3,6,1276400.0,75.1,0,0
APP003323,750,5,0,42,2,90,0,3,708400.0,82.8,0,0
APP003324,843,5,0,147,1,30,1,5,1538400.0,89.9,0,0
APP003325,623,4,1,2,1,60,4,4,768000.0,92.5,0,0
APP003326,626,7,2,101,0,0,4,6,783700.0,14.0,0,0
APP003327,648,6,1,37,0,0,2,2,428100.0,91.5,2,0
APP003328,711,2,2,10,0,0,1,2,66600.0,80.3,0,0
APP003329,715,4,3,4,0,0,1,1,538200.0,97.2,0,1
APP003330,638,2,2,108,0,0,2,5,83900.0,5.8,0,0
APP003331,716,2,1,32,0,0,1,3,32800.0,66.6,0,0
APP003332,745,1,0,71,0,0,1,3,156300.0,57.0,2,1
APP003333,731,4,1,172,0,0,1,3,1858000.0,24.5,0,0
APP003334,682,2,1,37,0,0,2,5,47500.0,5.3,0,0
APP003335,700,4,1,20,0,0,2,3,308600.0,8.5,0,0
APP003336,839,6,1,3,1,30,3,3,10600.0,44.9,0,0
APP003337,707,1,1,107,0,0,3,6,265500.0,90.3,0,0
APP003338,661,3,0,95,0,0,1,3,536300.0,28.9,0,0
APP003339,750,4,2,22,0,0,0,2,149900.0,50.3,0,0
APP003340,759,2,2,4,1,30,2,5,418300.0,5.9,1,0
APP003341,698,3,1,201,0,0,4,6,181800.0,11.1,0,0
APP003342,694,2,0,7,0,0,1,4,270100.0,64.3,0,0
APP003343,683,5,4,27,5,30,3,5,56600.0,40.6,0,0
APP003344,636,2,2,42,0,0,3,3,144800.0,98.4,0,0
APP003345,528,0,0,38,1,90,4,5,112600.0,52.4,0,1
APP003346,755,3,2,34,0,0,1,4,322700.0,39.6,0,0
APP003347,651,1,0,15,0,0,2,5,110100.0,97.6,0,0
APP003348,710,7,3,20,1,90,1,2,790600.0,64.9,0,0
APP003349,715,6,1,16,0,0,1,3,97400.0,19.3,0,0
APP003350,651,5,1,28,0,0,4,6,52600.0,64.8,0,0
APP003351,707,2,2,40,0,0,3,4,844700.0,72.6,0,0
APP003352,795,2,2,1,1,30,2,5,155500.0,35.5,0,0
APP003353,821,4,4,62,0,0,3,7,426600.0,61.0,0,0
APP003354,660,1,1,64,0,0,1,4,239000.0,76.9,0,0
APP003355,699,2,2,85,0,0,0,2,459600.0,21.6,0,0
APP003356,630,6,0,51,0,0,4,7,511300.0,80.8,0,1
APP003357,690,3,3,18,1,60,4,6,911800.0,28.2,0,0
APP003358,653,2,1,85,2,30,6,7,248200.0,50.5,0,1
APP003359,613,3,1,18,2,30,3,6,26600.0,52.0,0,1
APP003360,717,4,2,15,0,0,1,2,232400.0,11.3,0,0
APP003361,711,2,1,36,0,0,1,2,602000.0,12.3,0,0
APP003362,836,4,3,92,0,0,5,8,454600.0,3.8,0,0
APP003363,720,1,1,12,0,0,5,8,751200.0,56.1,0,0
APP003364,746,7,2,1,0,0,1,5,123600.0,11.1,2,0
APP003365,650,4,4,47,0,0,3,7,1406800.0,53.4,0,0
APP003366,685,3,1,16,0,0,2,4,624100.0,71.8,0,0
APP003367,699,6,2,48,1,60,2,4,757700.0,66.9,0,0
APP003368,702,4,1,14,3,60,0,1,590000.0,93.2,1,0
APP003369,685,2,2,20,1,60,2,3,1077200.0,78.7,0,0
APP003370,639,4,2,37,2,180,2,3,1085100.0,10.8,0,0
APP003371,617,1,1,25,0,0,1,1,1213500.0,68.5,0,0
APP003372,521,2,2,36,0,0,2,3,386800.0,82.4,0,0
APP003373,576,2,2,8,2,120,0,3,593700.0,52.3,0,0
APP003374,718,0,0,2,1,30,0,3,803000.0,57.9,1,0
APP003375,662,4,2,187,0,0,2,5,88200.0,43.1,3,0
APP003376,781,3,3,120,0,0,5,6,1015100.0,59.8,0,0
APP003377,626,5,4,50,0,0,1,5,104700.0,11.4,0,0
APP003378,657,1,1,47,0,0,2,6,34600.0,34.1,0,0
APP003379,707,3,0,16,0,0,4,7,190800.0,22.1,0,0
APP003380,717,4,2,73,2,30,4,5,563700.0,55.0,0,0
APP003381,616,6,2,13,0,0,0,1,118700.0,81.3,0,0
APP003382,747,1,1,146,0,0,2,3,240100.0,69.8,0,0
APP003383,688,2,1,64,0,0,3,5,397200.0,5.6,0,0
APP003384,768,3,0,14,0,0,1,6,12900.0,94.8,0,0
APP003385,693,4,2,44,0,0,1,2,367800.0,0.6,0,0
APP003386,622,3,1,130,0,0,3,7,2880600.0,25.5,0,0
APP003387,633,3,1,8,0,0,0,3,58000.0,22.9,2,0
APP003388,785,3,3,43,0,0,2,5,332000.0,84.9,0,0
APP003389,556,2,2,2,0,0,1,2,55500.0,45.7,0,0
APP003390,571,3,0,126,0,0,2,5,218200.0,54.7,0,0
APP003391,783,5,1,14,0,0,3,5,1629100.0,75.4,1,0
APP003392,601,6,1,131,0,0,1,3,230100.0,45.3,0,0
APP003393,581,7,2,40,1,60,2,4,170500.0,9.0,0,0
APP003394,750,3,0,44,0,0,1,2,1049800.0,22.6,1,0
APP003395,741,5,1,31,1,60,2,3,600000.0,61.2,0,0
APP003396,617,3,2,167,0,0,3,3,1652600.0,26.2,0,0
APP003397,682,4,2,58,1,120,2,3,923800.0,78.8,0,0
APP003398,810,5,4,100,2,60,3,4,693800.0,14.1,0,0
APP003399,734,2,2,25,1,60,1,1,838500.0,9.6,0,0
APP003400,493,5,1,50,0,0,3,6,413100.0,88.2,0,0
APP003401,698,3,0,8,0,0,4,5,151600.0,18.9,0,0
APP003402,744,5,1,27,0,0,3,6,267800.0,26.6,0,0
APP003403,740,0,0,14,0,0,1,5,800600.0,87.5,0,0
APP003404,790,2,2,11,4,60,3,6,392500.0,35.0,0,0
APP003405,712,4,3,20,0,0,2,4,319900.0,37.0,0,0
APP003406,698,6,0,38,0,0,2,4,48700.0,24.0,0,0
APP003407,719,7,5,3,1,90,2,3,47200.0,17.9,0,0
APP003408,805,4,0,146,1,60,2,5,337800.0,86.7,0,0
APP003409,621,2,1,126,2,30,2,7,421800.0,29.7,2,0
APP003410,728,4,0,15,0,0,2,5,263600.0,89.0,0,0
APP003411,643,3,2,11,1,60,0,1,24800.0,78.7,0,0
APP003412,737,2,1,206,0,0,3,7,2248400.0,79.8,0,0
APP003413,619,5,4,32,0,0,0,8,589200.0,3.9,0,1
APP003414,706,1,1,38,1,90,3,6,404000.0,30.9,0,0
APP003415,567,5,3,118,0,0,4,5,95600.0,20.9,0,0
APP003416,752,2,2,23,1,120,4,5,574900.0,55.6,0,0
APP003417,705,0,0,23,1,90,4,7,81800.0,5.1,0,0
APP003418,657,4,2,28,0,0,2,8,102600.0,72.7,0,0
APP003419,803,1,0,2,1,90,2,4,17900.0,72.2,0,0
APP003420,733,4,1,46,1,90,3,6,232000.0,10.5,0,0
APP003421,657,2,2,131,0,0,0,4,553400.0,57.7,0,0
APP003422,750,2,2,2,1,60,3,5,313000.0,40.1,2,0
APP003423,655,3,3,49,3,30,3,5,1636100.0,1.7,0,0
APP003424,709,4,4,92,1,60,0,2,1329500.0,81.2,0,0
APP003425,712,3,2,13,0,0,2,4,286300.0,87.4,0,0
APP003426,823,6,2,30,0,0,2,5,317100.0,15.8,0,1
APP003427,654,1,1,23,0,0,5,6,622200.0,28.5,0,0
APP003428,783,3,2,6,2,30,2,5,648100.0,87.0,1,0
APP003429,645,3,1,76,0,0,3,5,166200.0,52.1,0,0
APP003430,778,2,2,33,2,120,1,2,603000.0,66.5,0,0
APP003431,677,3,0,4,0,0,2,9,927200.0,52.0,2,0
APP003432,868,7,5,99,1,30,2,7,383600.0,0.7,0,0
APP003433,638,2,2,53,4,30,0,1,238400.0,18.0,0,0
APP003434,691,2,2,123,1,30,3,3,375800.0,71.2,0,1
APP003435,752,2,2,14,1,90,3,4,146800.0,11.9,0,0
APP003436,584,2,2,54,0,0,2,5,32300.0,97.2,0,0
APP003437,707,6,5,2,5,30,0,2,106900.0,96.0,2,0
APP003438,700,5,0,49,0,0,1,1,281500.0,22.8,0,0
APP003439,824,4,2,9,1,90,1,7,1653000.0,97.5,0,0
APP003440,596,5,3,44,1,180,1,2,650500.0,34.3,0,0
APP003441,655,2,1,60,0,0,2,3,3500.0,81.6,0,0
APP003442,641,2,2,200,0,0,0,0,783700.0,91.4,0,0
APP003443,658,3,2,153,0,0,3,6,73700.0,71.7,0,0
APP003444,685,2,2,11,1,90,3,4,2247400.0,78.0,0,0
APP003445,720,4,2,4,1,30,2,3,58600.0,20.8,0,0
APP003446,825,5,2,46,1,60,2,5,241000.0,9.8,0,0
APP003447,731,3,2,5,4,60,4,6,85300.0,38.0,0,0
APP003448,768,4,2,16,2,60,3,6,315200.0,28.0,0,0
APP003449,654,2,2,10,3,90,3,8,790900.0,65.6,0,0
APP003450,705,3,3,48,1,90,1,5,1383500.0,32.3,1,0
APP003451,615,2,2,6,2,60,2,2,180800.0,12.6,0,0
APP003452,602,2,1,209,4,30,2,3,344200.0,86.9,0,0
APP003453,900,2,2,7,3,30,3,5,286600.0,3.1,0,0
APP003454,646,1,1,137,0,0,2,5,71300.0,71.3,0,0
APP003455,749,4,3,162,0,0,2,4,480000.0,85.5,0,0
APP003456,735,3,2,202,0,0,3,5,534200.0,38.5,0,0
APP003457,688,1,1,40,0,0,1,3,374100.0,29.1,0,0
APP003458,644,1,1,74,1,90,0,1,210600.0,40.4,0,0
APP003459,631,3,2,14,3,30,2,6,583800.0,26.9,0,0
APP003460,676,4,4,10,0,0,1,2,36500.0,81.3,1,0
APP003461,771,1,0,4,2,120,3,4,1278300.0,61.9,0,0
APP003462,581,2,1,143,0,0,4,5,716300.0,9.4,0,0
APP003463,655,0,0,17,0,0,3,7,1186400.0,81.3,0,0
APP003464,669,4,2,80,1,60,1,3,166000.0,40.9,0,0
APP003465,608,5,3,50,0,0,2,5,309500.0,65.1,2,0
APP003466,649,4,1,10,0,0,0,2,208200.0,35.0,0,1
APP003467,699,3,3,51,0,0,4,7,332500.0,35.9,0,0
APP003468,864,6,6,149,0,0,2,6,953300.0,25.8,0,0
APP003469,658,1,1,38,0,0,1,2,659700.0,14.2,0,0
APP003470,725,3,1,27,0,0,1,3,700.0,1.2,0,0
APP003471,762,2,2,6,3,30,3,4,232300.0,12.2,0,0
APP003472,655,1,1,28,0,0,1,4,596100.0,26.3,0,0
APP003473,633,5,3,159,0,0,3,7,195400.0,43.7,0,0
APP003474,737,3,2,16,0,0,3,7,556700.0,35.8,0,2
APP003475,673,4,2,185,0,0,1,2,708600.0,3.4,0,0
APP003476,738,5,4,25,0,0,3,4,955600.0,2.2,0,0
APP003477,721,6,2,28,0,0,0,2,54500.0,25.6,0,0
APP003478,662,1,1,50,0,0,0,3,473500.0,78.6,0,0
APP003479,661,3,0,98,5,120,1,3,2038900.0,37.3,0,0
APP003480,647,2,2,166,0,0,4,4,57000.0,5.6,0,0
APP003481,640,3,2,37,0,0,1,4,352300.0,84.0,0,0
APP003482,537,3,0,5,2,30,1,2,295000.0,51.5,0,0
APP003483,631,2,0,39,0,0,3,5,26700.0,26.2,0,0
APP003484,860,1,1,53,1,30,2,6,153900.0,14.2,0,0
APP003485,614,3,3,17,0,0,2,5,113900.0,84.9,0,0
APP003486,600,5,2,78,0,0,2,3,462300.0,96.3,0,0
APP003487,574,2,2,54,5,30,5,5,2281100.0,47.2,0,0
APP003488,764,1,1,11,0,0,1,5,789000.0,81.1,0,0
APP003489,573,2,2,29,0,0,2,3,333000.0,13.2,0,0
APP003490,788,5,2,47,1,30,0,3,670900.0,41.7,2,0
APP003491,753,1,0,7,0,0,3,7,339900.0,22.0,0,0
APP003492,767,0,0,12,0,0,2,4,136700.0,82.8,0,0
APP003493,823,4,3,2,2,120,3,8,240700.0,56.6,1,0
APP003494,717,3,1,95,1,180,1,3,739100.0,75.8,0,0
APP003495,744,4,0,86,3,90,2,3,80800.0,82.4,0,0
APP003496,731,4,1,89,0,0,4,7,92600.0,82.1,0,0
APP003497,742,4,1,72,2,30,1,4,297100.0,28.1,0,0
APP003498,666,3,1,76,3,60,1,2,450700.0,59.8,0,0
APP003499,627,5,5,68,0,0,3,4,818800.0,29.4,0,0
APP003500,768,2,1,360,2,30,1,3,168100.0,76.8,1,1
APP003501,560,2,2,71,1,180,1,3,547000.0,67.2,0,0
APP003502,766,3,2,78,0,0,1,3,479200.0,35.7,0,0
APP003503,632,4,4,6,0,0,2,6,63700.0,15.0,0,0
APP003504,536,4,1,50,0,0,2,2,1316200.0,2.7,0,0
APP003505,692,4,3,2,0,0,0,0,230800.0,77.2,0,0
APP003506,621,4,3,53,0,0,2,7,401500.0,99.1,0,0
APP003507,755,6,2,50,1,60,4,5,175900.0,43.1,0,0
APP003508,758,5,1,29,1,60,1,5,1934800.0,81.0,0,1
APP003509,696,3,2,8,1,30,5,6,394300.0,59.7,0,0
APP003510,715,2,2,0,0,0,1,3,264900.0,37.1,1,0
APP003511,841,1,1,4,4,60,0,4,360900.0,85.2,0,0
APP003512,727,0,0,11,2,60,2,4,471100.0,9.0,0,2
APP003513,693,3,1,31,0,0,3,9,247000.0,22.0,0,0
APP003514,781,1,1,35,1,30,0,3,1406800.0,41.7,0,0
APP003515,649,4,3,1,0,0,2,5,176000.0,4.0,0,0
APP003516,633,2,0,80,0,0,1,5,30900.0,4.4,0,0
APP003517,860,3,3,19,1,60,3,4,434900.0,21.3,0,0
APP003518,534,2,0,7,0,0,3,9,106800.0,57.9,2,0
APP003519,784,0,0,56,0,0,2,4,19700.0,93.4,0,0
APP003520,660,4,1,51,0,0,1,4,501300.0,85.0,2,0
APP003521,734,2,1,63,1,30,1,1,1608800.0,24.4,0,0
APP003522,692,2,1,18,1,60,2,3,512400.0,28.7,0,0
APP003523,630,2,1,29,0,0,1,2,279800.0,51.0,0,0
APP003524,625,6,4,74,0,0,0,1,328600.0,94.6,0,0
APP003525,696,5,0,6,0,0,1,1,504400.0,42.1,0,0
APP003526,704,5,1,98,0,0,3,5,101500.0,82.1,0,1
APP003527,628,3,0,91,0,0,4,4,133800.0,65.7,0,0
APP003528,654,3,3,47,5,30,2,3,1849100.0,13.4,0,0
APP003529,739,2,0,36,2,180,2,3,1476600.0,1.9,0,0
APP003530,670,4,2,27,1,90,1,4,34100.0,9.3,0,0
APP003531,627,3,3,289,1,90,1,3,1065400.0,59.9,1,0
APP003532,548,3,2,20,0,0,1,2,22300.0,58.8,0,0
APP003533,561,5,3,14,0,0,6,11,694600.0,4.4,0,0
APP003534,671,3,3,118,2,30,3,5,903000.0,79.5,0,0
APP003535,682,3,3,87,1,30,3,5,219900.0,8.6,0,0
APP003536,722,1,1,88,2,60,2,2,1765800.0,49.3,0,0
APP003537,726,3,3,31,0,0,1,3,143600.0,22.7,0,0
APP003538,762,5,5,14,0,0,2,4,36400.0,86.0,0,0
APP003539,655,3,1,20,1,30,2,4,760300.0,86.5,0,0
APP003540,727,2,2,46,3,90,4,6,259800.0,28.2,0,0
APP003541,734,2,0,7,0,0,3,6,200200.0,70.5,1,1
APP003542,564,2,1,8,0,0,4,6,282300.0,28.5,0,0
APP003543,518,7,1,9,0,0,4,4,118300.0,79.6,0,0
APP003544,567,4,2,6,1,120,3,5,363300.0,75.6,0,0
APP003545,616,4,2,70,1,90,1,4,1587700.0,22.7,3,0
APP003546,734,4,1,81,0,0,1,8,1518000.0,55.0,0,0
APP003547,707,3,3,25,0,0,2,2,686000.0,71.8,0,0
APP003548,747,5,0,9,2,180,2,5,1194800.0,14.1,0,0
APP003549,672,3,2,31,0,0,5,8,420900.0,0.1,0,0
APP003550,705,6,2,1,1,30,1,3,231800.0,19.3,0,0
APP003551,563,10,0,11,0,0,1,2,631400.0,49.1,2,0
APP003552,678,2,2,32,0,0,2,6,916100.0,75.1,0,0
APP003553,671,1,1,7,1,30,4,6,451700.0,26.5,0,0
APP003554,604,3,2,43,0,0,2,6,94300.0,27.9,0,0
APP003555,689,1,1,26,3,120,3,4,288500.0,39.3,0,1
APP003556,650,6,2,143,1,90,2,3,6100.0,74.8,0,0
APP003557,676,3,2,180,0,0,1,3,169600.0,62.6,0,0
APP003558,679,4,2,42,0,0,2,2,110000.0,10.3,0,0
APP003559,670,4,4,0,1,90,1,3,614100.0,13.6,0,0
APP003560,561,3,3,66,0,0,3,5,3600.0,97.5,0,0
APP003561,550,6,2,60,0,0,1,3,47900.0,74.5,0,0
APP003562,646,3,3,45,0,0,2,3,251800.0,93.8,2,1
APP003563,693,4,2,1,1,30,3,8,100800.0,43.6,0,0
APP003564,744,8,1,33,0,0,2,3,271100.0,17.1,0,0
APP003565,666,3,1,53,0,0,1,1,146300.0,44.2,0,0
APP003566,792,8,1,87,0,0,3,6,65300.0,89.3,0,0
APP003567,770,1,1,77,1,60,5,5,306700.0,78.4,0,0
APP003568,787,3,0,68,3,30,1,3,430500.0,77.8,0,0
APP003569,652,0,0,33,0,0,7,7,125300.0,12.9,0,0
APP003570,642,2,2,30,1,120,0,2,57100.0,0.3,0,0
APP003571,742,4,0,96,0,0,3,5,14400.0,45.9,1,0
APP003572,578,3,3,177,1,30,1,2,1098500.0,39.2,0,0
APP003573,427,4,0,77,0,0,2,7,123500.0,57.6,0,0
APP003574,579,4,4,120,0,0,3,4,670300.0,93.7,0,0
APP003575,635,1,1,19,0,0,1,4,275800.0,32.0,0,0
APP003576,572,2,0,235,0,0,3,4,395700.0,28.1,0,0
APP003577,783,4,1,56,1,30,2,5,2222900.0,16.3,0,0
APP003578,705,4,0,96,0,0,0,1,76000.0,16.1,0,0
APP003579,729,3,2,11,0,0,4,8,433300.0,56.1,0,0
APP003580,710,1,1,261,2,30,3,3,81500.0,45.7,0,0
APP003581,696,3,3,66,0,0,1,3,31700.0,37.6,2,0
APP003582,767,2,1,198,0,0,0,0,114800.0,71.1,0,0
APP003583,834,2,2,49,0,0,1,2,664600.0,92.2,0,0
APP003584,603,3,2,34,1,120,1,1,117400.0,40.9,0,0
APP003585,812,0,0,116,1,90,0,4,133800.0,11.4,0,0
APP003586,729,3,2,155,4,90,2,4,63200.0,43.9,0,0
APP003587,721,1,1,68,0,0,1,3,383100.0,87.7,1,0
APP003588,668,3,2,53,0,0,1,6,17500.0,78.9,0,0
APP003589,805,4,0,9,2,90,2,6,309200.0,34.3,1,0
APP003590,775,5,2,10,1,30,0,4,2380900.0,89.8,0,0
APP003591,664,4,1,63,1,90,2,6,18300.0,73.6,0,0
APP003592,681,1,1,228,0,0,1,5,764700.0,39.4,0,0
APP003593,858,8,0,53,0,0,2,4,270700.0,37.8,0,0
APP003594,762,3,3,102,0,0,1,4,959300.0,28.9,0,0
APP003595,758,3,3,0,1,60,2,6,625300.0,13.3,0,0
APP003596,722,5,3,70,0,0,3,5,144400.0,26.2,0,0
APP003597,536,5,2,2,2,60,6,8,79100.0,52.1,0,2
APP003598,831,4,1,133,0,0,4,6,561600.0,2.0,0,2
APP003599,620,2,2,0,0,0,6,7,150700.0,57.7,0,0
APP003600,709,3,1,175,0,0,3,4,506600.0,34.4,0,0
APP003601,804,2,0,47,0,0,5,5,3300.0,64.8,0,0
APP003602,708,3,0,22,0,0,1,2,250900.0,79.0,0,0
APP003603,718,3,0,60,0,0,1,1,939100.0,79.4,0,0
APP003604,721,1,1,54,4,30,4,5,177200.0,75.4,2,0
APP003605,676,2,1,70,0,0,0,5,1596800.0,76.9,0,0
APP003606,716,2,2,24,2,60,3,6,4700.0,25.0,0,0
APP003607,674,1,1,12,4,90,1,3,141200.0,25.5,0,0
APP003608,891,4,0,16,0,0,3,5,79500.0,72.2,0,0
APP003609,519,6,1,43,0,0,2,3,0.0,21.5,0,0
APP003610,764,3,1,46,0,0,2,3,164800.0,78.3,0,0
APP003611,589,3,1,15,2,120,2,3,8000.0,29.4,0,0
APP003612,755,4,0,3,4,30,2,2,1236900.0,90.1,0,0
APP003613,820,2,1,22,0,0,1,5,191100.0,95.9,0,0
APP003614,617,2,2,14,0,0,0,2,900.0,92.8,0,0
APP003615,739,2,1,209,0,0,6,9,700100.0,25.3,1,0
APP003616,637,1,1,13,0,0,1,4,307700.0,49.9,0,0
APP003617,668,0,0,56,0,0,1,2,78100.0,4.4,0,0
APP003618,630,2,2,87,1,120,4,6,614300.0,0.9,0,0
APP003619,675,2,2,149,1,30,1,2,130100.0,65.8,0,0
APP003620,576,4,2,0,1,90,3,4,833000.0,81.9,0,0
APP003621,692,4,2,82,0,0,3,6,530100.0,22.8,0,0
APP003622,643,4,1,58,1,120,2,5,378000.0,41.1,0,0
APP003623,672,3,2,105,0,0,2,4,669000.0,84.8,0,0
APP003624,765,4,1,13,0,0,2,3,231900.0,14.4,0,0
APP003625,702,3,3,7,0,0,1,2,3500.0,84.8,0,1
APP003626,682,4,2,97,3,60,0,2,900600.0,11.7,2,0
APP003627,697,3,1,191,1,90,3,6,116800.0,67.3,0,0
APP003628,555,5,3,185,0,0,1,5,209000.0,19.7,1,1
APP003629,706,5,1,17,0,0,3,5,1723400.0,94.1,0,0
APP003630,765,2,2,74,2,30,3,4,417900.0,96.1,1,0
APP003631,699,1,1,50,0,0,3,6,267800.0,12.3,0,0
APP003632,623,1,1,2,0,0,4,5,374300.0,46.5,0,0
APP003633,650,5,0,71,3,60,3,5,742100.0,27.5,0,0
APP003634,615,1,1,103,0,0,2,4,1515800.0,86.7,1,0
APP003635,796,3,1,51,2,120,0,3,500000.0,38.5,0,0
APP003636,822,4,3,64,0,0,1,2,713900.0,77.8,1,0
APP003637,690,3,3,124,0,0,2,3,99400.0,80.4,0,0
APP003638,659,4,3,33,2,90,0,4,274900.0,14.9,0,0
APP003639,678,1,1,67,3,30,1,6,793700.0,80.3,0,0
APP003640,726,3,0,81,1,90,3,5,146600.0,5.9,0,0
APP003641,645,1,1,1,0,0,2,2,342700.0,41.6,0,0
APP003642,726,7,1,27,1,90,4,7,608700.0,89.5,0,1
APP003643,633,3,2,25,0,0,3,5,442200.0,16.6,0,0
APP003644,840,1,1,40,1,90,3,5,816800.0,48.4,0,0
APP003645,676,3,2,6,1,90,1,5,368200.0,88.9,0,0
APP003646,601,2,2,21,0,0,2,6,116500.0,26.8,0,0
APP003647,659,4,3,37,0,0,1,3,101500.0,86.6,0,0
APP003648,818,2,2,15,0,0,1,4,135200.0,46.2,0,0
APP003649,765,2,2,8,0,0,1,3,535600.0,8.3,0,0
APP003650,754,4,3,25,0,0,2,6,98800.0,47.1,0,0
APP003651,669,3,3,97,1,30,2,3,1189700.0,1.8,1,0
APP003652,657,2,2,38,0,0,0,3,2600.0,93.3,0,0
APP003653,716,2,0,1,3,60,2,5,268200.0,67.3,1,0
APP003654,674,4,2,98,1,90,4,5,327800.0,98.1,0,0
APP003655,620,0,0,13,0,0,2,3,1198300.0,85.6,0,0
APP003656,696,0,0,7,2,180,1,2,502400.0,8.3,0,0
APP003657,688,4,2,116,0,0,3,8,714600.0,60.9,0,0
APP003658,798,1,1,76,5,60,3,7,150100.0,16.6,0,0
APP003659,640,3,1,46,0,0,2,6,32000.0,66.0,1,0
APP003660,684,2,2,79,1,30,4,6,189500.0,80.0,0,0
APP003661,885,0,0,89,3,120,4,5,1171600.0,79.9,0,2
APP003662,742,1,0,9,0,0,0,1,255600.0,90.9,0,0
APP003663,400,1,1,61,0,0,2,3,117100.0,56.9,0,0
APP003664,655,3,0,1,0,0,2,4,914100.0,39.9,2,0
APP003665,575,3,2,1,0,0,2,6,647800.0,18.0,0,0
APP003666,672,4,2,76,1,90,2,7,532600.0,39.3,0,0
APP003667,777,3,2,27,0,0,0,2,1804200.0,43.3,0,0
APP003668,742,3,1,4,0,0,4,5,51700.0,11.1,0,0
APP003669,555,3,3,21,0,0,3,3,1816500.0,6.9,0,1
APP003670,701,1,1,153,0,0,2,6,384000.0,59.4,0,0
APP003671,709,3,2,11,1,30,2,2,223600.0,37.0,0,0
APP003672,578,1,1,5,0,0,0,1,9300.0,18.2,0,2
APP003673,720,2,2,42,0,0,2,4,1173300.0,16.7,1,0
APP003674,779,4,0,24,0,0,1,4,247100.0,59.1,1,0
APP003675,576,1,1,89,0,0,4,5,1215700.0,85.6,0,0
APP003676,813,0,0,49,0,0,4,6,698000.0,79.4,0,0
APP003677,711,4,1,38,1,30,3,5,17300.0,32.3,0,0
APP003678,709,5,1,42,0,0,1,5,2409100.0,69.8,0,0
APP003679,784,5,3,0,0,0,2,5,356100.0,46.4,0,0
APP003680,763,5,3,7,2,90,2,6,136500.0,50.2,0,0
APP003681,629,2,1,7,1,60,0,2,2332100.0,98.5,2,0
APP003682,672,2,1,100,0,0,0,2,253700.0,51.2,0,2
APP003683,741,2,1,104,1,180,3,5,353500.0,80.4,0,0
APP003684,758,2,0,62,0,0,1,1,1034000.0,57.9,0,0
APP003685,709,4,1,94,0,0,3,8,558700.0,37.2,0,0
APP003686,595,3,3,360,2,90,1,3,2300.0,94.0,1,0
APP003687,641,3,0,91,1,60,4,6,574200.0,79.8,1,0
APP003688,789,3,3,147,1,90,0,5,188200.0,94.3,1,0
APP003689,607,0,0,23,0,0,1,2,44600.0,39.7,0,0
APP003690,557,3,0,13,1,60,1,2,242700.0,39.8,2,1
APP003691,767,3,2,145,0,0,0,1,57700.0,85.5,0,0
APP003692,743,1,1,64,0,0,1,4,75800.0,68.0,0,1
APP003693,696,4,0,136,0,0,5,7,277700.0,66.2,0,0
APP003694,693,3,0,39,1,30,0,2,210200.0,88.0,0,0
APP003695,686,3,3,31,0,0,3,3,194500.0,10.2,0,0
APP003696,623,3,0,16,0,0,0,2,283900.0,47.5,0,1
APP003697,709,1,1,34,1,60,3,7,1021000.0,92.7,0,1
APP003698,798,1,1,27,0,0,6,8,440200.0,78.2,0,0
APP003699,686,3,2,49,0,0,1,2,65600.0,81.0,0,0
APP003700,612,2,2,1,0,0,1,3,94600.0,29.8,0,0
APP003701,755,4,2,17,0,0,4,7,178900.0,97.3,1,0
APP003702,807,2,2,11,1,120,3,6,191900.0,17.6,0,0
APP003703,804,1,1,54,4,90,1,4,896200.0,91.2,0,0
APP003704,700,2,2,58,0,0,1,3,3600.0,0.5,0,1
APP003705,822,0,0,42,0,0,2,4,144700.0,9.9,0,0
APP003706,700,3,3,127,0,0,2,4,462800.0,74.9,0,0
APP003707,798,3,1,131,0,0,2,3,509600.0,85.7,0,2
APP003708,659,2,2,174,0,0,2,3,3700.0,62.4,0,0
APP003709,686,1,1,148,2,90,2,4,708500.0,29.3,0,1
APP003710,772,2,2,120,0,0,3,5,263600.0,39.9,0,0
APP003711,646,1,1,9,0,0,2,6,28800.0,53.6,0,0
APP003712,705,3,1,19,0,0,2,3,310700.0,88.9,0,0
APP003713,678,4,2,173,2,90,1,2,165600.0,24.1,0,0
APP003714,645,1,0,106,0,0,5,7,95100.0,64.1,0,0
APP003715,574,3,1,78,4,60,1,5,711600.0,58.0,0,0
APP003716,625,4,3,168,0,0,2,4,937800.0,61.2,1,0
APP003717,734,4,2,35,4,120,2,3,234700.0,72.6,0,1
APP003718,753,2,2,360,0,0,1,3,215800.0,20.1,0,0
APP003719,725,6,3,6,1,90,4,6,143800.0,60.9,0,0
APP003720,689,5,0,25,0,0,2,4,68300.0,81.1,0,0
APP003721,665,5,2,72,1,180,4,4,170000.0,97.8,0,0
APP003722,678,3,1,67,1,90,1,4,593700.0,92.1,0,0
APP003723,624,5,3,38,1,90,5,9,200700.0,93.8,0,0
APP003724,865,4,2,253,0,0,0,2,725000.0,69.5,0,0
APP003725,639,3,3,22,1,30,0,4,281400.0,38.7,0,0
APP003726,824,1,1,15,0,0,2,4,175700.0,84.9,0,0
APP003727,762,3,1,175,3,30,3,6,365700.0,58.4,0,0
APP003728,616,4,4,102,0,0,2,4,428400.0,13.9,0,0
APP003729,686,3,1,1,4,90,2,3,1145000.0,61.5,0,0
APP003730,675,2,1,8,0,0,3,5,38000.0,8.6,0,0
APP003731,714,1,0,30,0,0,0,3,244200.0,94.5,0,0
APP003732,681,0,0,160,1,60,0,3,388400.0,23.4,0,0
APP003733,684,2,1,108,2,90,3,6,215800.0,22.5,1,0
APP003734,724,1,0,46,0,0,2,4,111700.0,92.8,0,0
APP003735,676,3,0,43,0,0,1,2,58500.0,44.8,2,0
APP003736,720,2,1,18,1,90,1,4,1091000.0,43.1,0,0
APP003737,794,3,2,37,0,0,3,6,94700.0,71.8,1,1
APP003738,819,1,1,45,1,120,0,3,1520800.0,63.7,0,0
APP003739,656,3,0,25,1,90,1,4,203600.0,57.5,0,0
APP003740,651,3,1,22,1,60,3,4,745000.0,79.8,0,1
APP003741,849,3,3,80,2,30,2,2,405100.0,63.7,0,2
APP003742,773,0,0,11,0,0,0,1,126600.0,97.2,0,0
APP003743,732,4,2,43,1,30,2,5,712700.0,15.4,0,0
APP003744,814,1,1,75,0,0,1,3,449200.0,20.1,0,0
APP003745,681,3,0,94,4,30,1,1,1530800.0,31.6,0,0
APP003746,722,3,2,5,1,90,0,3,602800.0,76.9,0,0
APP003747,620,5,1,125,0,0,6,6,48900.0,30.5,0,0
APP003748,770,2,2,3,1,30,2,3,1225700.0,29.0,0,0
APP003749,896,4,1,139,2,180,1,2,24900.0,31.3,0,0
APP003750,584,4,2,26,1,120,1,1,26700.0,24.1,0,1
APP003751,614,1,1,107,0,0,3,7,377400.0,62.3,0,0
APP003752,626,3,3,85,1,30,0,2,623700.0,28.5,0,0
APP003753,662,3,3,248,0,0,6,7,1036900.0,84.9,0,0
APP003754,696,7,1,17,0,0,0,5,41300.0,18.6,0,0
APP003755,703,2,2,43,3,30,0,3,296900.0,8.7,0,2
APP003756,812,2,1,130,0,0,2,2,595700.0,1.2,1,0
APP003757,678,4,1,84,1,90,0,1,209000.0,67.2,0,0
APP003758,726,2,1,38,0,0,2,4,434300.0,48.3,0,0
APP003759,692,0,0,61,0,0,1,4,590500.0,9.9,1,0
APP003760,551,1,1,82,0,0,0,1,387900.0,25.1,0,0
APP003761,821,3,3,58,1,30,0,4,302200.0,49.4,0,0
APP003762,831,3,3,161,1,90,5,5,163300.0,20.6,0,0
APP003763,632,5,2,81,2,90,1,4,31100.0,91.4,0,0
APP003764,818,5,3,92,0,0,3,7,1438200.0,56.8,0,0
APP003765,540,1,0,43,0,0,3,5,34400.0,19.6,0,0
APP003766,762,4,0,12,1,30,0,4,107400.0,74.8,0,0
APP003767,667,6,1,19,0,0,3,6,648200.0,69.2,0,1
APP003768,747,6,2,5,0,0,2,2,856200.0,77.9,0,0
APP003769,825,2,2,131,0,0,4,6,952800.0,21.1,0,0
APP003770,678,6,2,33,4,90,1,2,187600.0,85.6,0,0
APP003771,682,5,4,231,0,0,2,2,687400.0,26.1,0,0
APP003772,699,4,0,48,1,30,4,6,104800.0,18.4,1,0
APP003773,745,1,1,14,1,30,3,5,1174300.0,49.0,0,1
APP003774,834,4,1,84,0,0,2,2,1148900.0,88.1,0,0
APP003775,630,5,2,6,0,0,6,9,639900.0,42.6,0,0
APP003776,767,4,2,148,0,0,2,2,588400.0,28.0,0,0
APP003777,618,5,0,16,1,90,2,5,896300.0,1.0,0,0
APP003778,717,1,1,101,2,90,2,3,24700.0,15.7,0,0
APP003779,743,0,0,8,2,120,4,7,886400.0,5.0,0,0
APP003780,769,2,2,9,0,0,0,1,945300.0,85.6,0,0
APP003781,715,1,1,4,0,0,5,7,396300.0,78.0,1,0
APP003782,728,3,0,5,0,0,3,4,622700.0,34.9,0,0
APP003783,672,2,0,15,4,120,0,2,122000.0,50.5,0,0
APP003784,746,1,1,84,1,30,0,2,1097000.0,28.5,0,0
APP003785,734,2,2,181,2,30,1,3,506100.0,96.0,0,0
APP003786,577,1,1,69,1,90,2,4,1085000.0,61.8,0,0
APP003787,806,1,1,86,2,90,1,3,473100.0,54.0,2,0
APP003788,606,2,2,0,1,60,0,1,1099300.0,56.8,0,0
APP003789,662,3,0,6,4,90,2,3,441600.0,51.7,0,0
APP003790,781,1,1,88,0,0,3,5,975000.0,8.6,0,0
APP003791,641,7,2,108,0,0,2,5,1526900.0,13.7,0,0
APP003792,708,6,2,19,1,30,2,6,90400.0,13.1,0,0
APP003793,689,1,1,0,0,0,3,5,743600.0,60.0,0,0
APP003794,591,1,1,36,0,0,0,2,1110000.0,58.5,0,0
APP003795,531,2,2,79,0,0,2,2,270800.0,67.4,0,0
APP003796,845,3,2,1,0,0,4,6,752600.0,63.4,2,0
APP003797,819,4,2,163,0,0,1,1,129500.0,99.0,0,0
APP003798,741,0,0,7,0,0,3,6,9700.0,24.4,1,0
APP003799,529,2,2,57,0,0,0,3,31800.0,50.8,0,0
APP003800,637,3,1,75,0,0,1,2,555300.0,99.7,0,1
APP003801,669,1,1,88,1,90,5,8,766500.0,63.9,0,0
APP003802,681,2,1,25,0,0,2,4,338200.0,8.1,0,0
APP003803,662,3,3,49,1,60,6,7,769700.0,83.0,2,0
APP003804,700,1,1,23,0,0,5,7,1870300.0,21.3,0,0
APP003805,590,6,0,262,2,60,1,5,1154100.0,86.2,0,0
APP003806,636,7,1,167,0,0,4,6,816000.0,67.8,1,0
APP003807,724,4,2,71,1,30,1,4,179100.0,15.4,0,0
APP003808,671,4,3,17,1,30,3,3,551400.0,67.4,0,0
APP003809,727,5,1,23,0,0,1,3,493100.0,79.1,0,1
APP003810,704,2,2,6,0,0,3,3,647000.0,45.8,0,0
APP003811,677,3,1,45,0,0,4,6,703000.0,68.8,0,0
APP003812,807,3,2,69,5,90,3,7,964200.0,7.0,0,0
APP003813,831,1,0,30,0,0,1,2,268000.0,81.6,0,0
APP003814,842,3,1,89,0,0,2,2,325900.0,17.2,1,0
APP003815,745,4,3,93,0,0,3,5,950300.0,73.4,0,0
APP003816,655,7,1,0,0,0,0,2,17700.0,5.3,1,0
APP003817,683,0,0,22,1,60,0,0,538700.0,71.4,0,0
APP003818,747,2,2,96,1,30,3,7,29400.0,89.4,0,0
APP003819,743,2,1,8,0,0,1,2,108100.0,80.9,0,0
APP003820,676,0,0,80,0,0,1,2,833500.0,43.6,1,0
APP003821,713,3,0,20,1,60,0,2,763200.0,60.5,0,0
APP003822,733,4,1,27,1,120,2,3,745100.0,26.6,0,0
APP003823,734,1,0,1,0,0,2,4,578300.0,33.9,0,0
APP003824,703,1,1,99,1,90,2,5,315000.0,21.1,0,0
APP003825,720,2,2,12,0,0,0,1,153400.0,66.1,0,0
APP003826,659,3,3,17,0,0,2,2,1700.0,92.1,0,1
APP003827,861,1,1,120,0,0,1,4,27200.0,7.0,0,0
APP003828,655,5,0,28,2,90,3,5,259100.0,97.4,0,0
APP003829,722,5,5,104,0,0,0,2,289800.0,74.1,0,0
APP003830,601,2,1,69,1,30,3,6,490700.0,85.6,0,0
APP003831,810,4,2,17,2,60,1,1,169200.0,11.6,2,0
APP003832,644,2,2,14,0,0,2,2,337000.0,90.8,0,0
APP003833,598,3,0,20,3,30,3,7,2159100.0,31.6,2,0
APP003834,734,1,1,152,0,0,1,1,93300.0,83.1,0,0
APP003835,900,2,1,54,0,0,2,3,192400.0,20.3,0,0
APP003836,808,2,1,149,0,0,3,3,3124200.0,17.2,0,0
APP003837,584,0,0,231,0,0,2,2,1057000.0,93.9,0,2
APP003838,726,4,1,31,2,60,1,3,120000.0,69.2,0,0
APP003839,635,0,0,37,1,30,0,0,397000.0,5.0,0,0
APP003840,780,1,1,82,1,60,2,5,797300.0,31.2,0,2
APP003841,707,1,1,44,0,0,2,3,122300.0,40.5,0,0
APP003842,759,4,3,119,0,0,2,6,40000.0,47.3,0,0
APP003843,733,2,2,14,0,0,2,3,785100.0,16.8,0,2
APP003844,729,4,1,5,0,0,1,2,15300.0,3.3,2,0
APP003845,607,6,1,265,0,0,6,8,294500.0,56.5,0,0
APP003846,803,0,0,62,0,0,1,7,417500.0,78.6,0,0
APP003847,687,2,2,157,2,30,2,6,11800.0,4.6,0,0
APP003848,623,0,0,6,0,0,7,10,428600.0,92.3,0,0
APP003849,651,1,1,20,1,30,2,2,58300.0,66.5,0,0
APP003850,726,4,0,29,0,0,3,5,899400.0,51.9,0,0
APP003851,733,3,3,33,0,0,2,3,195600.0,0.2,3,0
APP003852,527,1,1,29,0,0,5,6,589000.0,51.9,0,0
APP003853,804,2,1,151,0,0,4,5,790300.0,81.9,0,0
APP003854,680,2,2,237,0,0,2,4,712600.0,74.7,0,1
APP003855,573,3,3,9,1,30,3,5,421900.0,43.7,1,0
APP003856,660,2,0,67,0,0,3,7,654600.0,98.8,0,0
APP003857,647,3,1,35,0,0,0,3,660600.0,59.1,0,0
APP003858,438,4,1,24,0,0,2,3,661600.0,92.1,0,0
APP003859,815,4,1,135,0,0,6,8,1841400.0,76.6,0,0
APP003860,688,3,2,5,0,0,2,4,381800.0,36.6,0,0
APP003861,687,4,0,34,0,0,2,2,514400.0,94.2,0,0
APP003862,870,4,2,19,0,0,2,3,1008000.0,75.0,0,0
APP003863,600,6,0,87,1,90,3,3,484700.0,5.6,0,0
APP003864,692,5,1,4,0,0,2,4,309700.0,94.5,0,0
APP003865,837,7,3,55,0,0,1,3,686700.0,62.6,0,0
APP003866,694,1,1,70,0,0,2,6,215200.0,86.5,0,0
APP003867,540,3,3,10,1,30,1,4,611900.0,28.9,1,0
APP003868,798,2,2,50,0,0,5,5,203400.0,15.6,0,0
APP003869,737,2,2,31,4,30,1,3,34200.0,30.2,0,0
APP003870,661,3,0,30,1,30,3,5,254700.0,67.0,0,0
APP003871,718,4,1,188,1,60,2,2,516800.0,30.7,1,0
APP003872,797,4,1,12,1,60,4,7,1702500.0,19.9,2,2
APP003873,726,1,1,71,1,60,1,4,337100.0,78.9,0,0
APP003874,719,3,3,217,0,0,6,11,177700.0,77.3,0,0
APP003875,749,2,0,140,1,90,1,1,129000.0,84.7,0,0
APP003876,870,3,3,128,0,0,3,5,600200.0,28.2,0,0
APP003877,745,2,2,1,3,30,3,4,533500.0,2.4,0,0
APP003878,592,1,0,48,2,30,0,1,1478500.0,95.8,0,0
APP003879,649,1,1,113,0,0,3,4,277800.0,16.2,0,1
APP003880,646,7,2,152,1,60,3,4,143800.0,67.3,0,0
APP003881,703,2,1,298,0,0,3,10,150400.0,63.2,0,0
APP003882,631,2,1,0,0,0,1,2,44800.0,28.1,0,0
APP003883,696,6,4,25,0,0,3,6,62300.0,71.4,0,0
APP003884,692,3,2,5,0,0,6,10,124400.0,39.0,0,0
APP003885,741,3,3,28,1,30,3,3,559500.0,41.9,1,0
APP003886,639,3,0,16,0,0,2,4,2083000.0,19.5,0,0
APP003887,727,3,0,48,0,0,2,2,264900.0,45.9,0,0
APP003888,701,4,1,70,0,0,3,6,29100.0,20.1,0,0
APP003889,587,4,1,27,0,0,6,12,270000.0,14.2,0,0
APP003890,698,2,2,139,0,0,3,6,638400.0,17.9,0,1
APP003891,690,6,3,19,0,0,1,2,494600.0,39.8,0,0
APP003892,731,0,0,34,0,0,0,5,63100.0,50.9,0,0
APP003893,642,5,2,55,1,180,1,4,321700.0,16.7,2,0
APP003894,604,3,3,73,2,90,1,1,7900.0,36.9,0,0
APP003895,750,2,1,51,2,90,3,6,509400.0,59.9,0,0
APP003896,662,3,2,4,0,0,0,1,427600.0,67.9,0,0
APP003897,711,2,2,81,2,30,3,5,1899500.0,52.2,0,0
APP003898,718,1,1,1,0,0,1,2,591600.0,94.5,0,1
APP003899,645,3,2,10,0,0,4,6,827100.0,40.8,0,0
APP003900,708,2,2,50,0,0,2,2,96100.0,70.6,0,0
APP003901,656,5,2,26,1,30,2,7,76000.0,2.1,0,0
APP003902,889,0,0,59,0,0,3,5,1517900.0,23.0,0,0
APP003903,649,4,3,48,4,60,1,1,145700.0,69.8,0,0
APP003904,789,2,1,63,2,30,4,7,236700.0,46.7,0,1
APP003905,711,6,0,34,1,120,2,6,427200.0,89.9,0,0
APP003906,876,3,2,99,1,90,1,3,68600.0,49.3,0,0
APP003907,658,2,1,161,1,120,4,5,169000.0,3.8,0,0
APP003908,676,2,2,0,0,0,0,2,459500.0,88.7,1,0
APP003909,635,4,4,23,2,30,4,5,398100.0,6.0,1,0
APP003910,843,1,1,43,2,90,2,4,25900.0,84.9,0,1
APP003911,709,5,2,171,0,0,1,2,197800.0,48.8,0,0
APP003912,694,5,3,22,0,0,1,5,704700.0,66.5,2,0
APP003913,900,1,1,43,0,0,2,4,224200.0,34.7,0,0
APP003914,687,2,2,6,0,0,1,2,109000.0,16.5,0,0
APP003915,636,1,1,52,1,30,2,5,81400.0,55.3,1,0
APP003916,704,0,0,0,0,0,5,6,22900.0,61.1,0,0
APP003917,872,5,2,79,0,0,1,1,143800.0,99.6,0,0
APP003918,597,1,1,14,0,0,2,7,48900.0,57.2,1,0
APP003919,900,1,1,23,0,0,1,2,227400.0,59.2,0,0
APP003920,614,3,2,74,1,30,1,4,195700.0,42.0,0,0
APP003921,761,3,2,38,0,0,0,2,597300.0,71.8,0,1
APP003922,671,5,4,14,0,0,0,1,47600.0,84.2,0,0
APP003923,581,2,0,21,2,30,2,2,492900.0,39.4,0,0
APP003924,670,2,2,152,0,0,3,7,84800.0,47.1,0,0
APP003925,627,2,1,10,0,0,4,7,111300.0,6.2,0,0
APP003926,762,1,1,300,5,30,4,5,21600.0,22.9,0,0
APP003927,780,7,5,23,1,60,0,2,311400.0,95.5,0,0
APP003928,684,5,1,21,0,0,1,2,156800.0,89.8,0,0
APP003929,710,1,1,113,0,0,1,4,260700.0,84.7,1,0
APP003930,754,3,0,4,4,90,3,3,787800.0,73.6,1,0
APP003931,688,1,1,4,1,30,4,6,637800.0,64.6,0,0
APP003932,704,1,1,135,0,0,1,5,462800.0,81.5,0,0
APP003933,752,4,3,55,5,30,6,6,1734200.0,94.0,0,0
APP003934,476,7,1,68,2,60,5,6,742500.0,28.5,0,0
APP003935,853,5,0,114,0,0,5,5,141200.0,24.5,1,0
APP003936,699,2,1,76,2,120,1,3,755100.0,28.9,0,0
APP003937,827,0,0,32,0,0,0,2,141800.0,13.6,0,0
APP003938,631,4,2,23,5,60,1,3,205600.0,36.8,0,1
APP003939,626,4,3,29,0,0,1,5,33800.0,98.1,0,0
APP003940,703,5,1,2,0,0,2,4,256300.0,44.3,0,0
APP003941,700,1,1,12,4,90,3,4,166900.0,99.7,0,0
APP003942,539,4,1,32,0,0,2,5,273300.0,58.6,0,0
APP003943,854,3,3,149,0,0,3,6,48000.0,25.4,0,0
APP003944,645,3,1,5,0,0,1,2,838700.0,98.2,0,0
APP003945,502,1,1,0,0,0,0,0,130200.0,62.2,1,0
APP003946,674,4,2,9,0,0,3,6,233300.0,14.1,0,0
APP003947,649,2,2,8,1,60,2,3,55600.0,96.1,0,0
APP003948,662,2,2,85,0,0,2,3,435900.0,99.5,0,0
APP003949,694,2,2,64,0,0,1,2,385100.0,92.3,0,0
APP003950,768,5,4,155,0,0,1,6,6200.0,63.0,0,0
APP003951,720,2,2,20,0,0,1,4,153600.0,16.8,0,0
APP003952,678,0,0,1,0,0,3,4,563600.0,89.1,0,0
APP003953,506,1,0,28,1,60,1,6,441200.0,94.4,0,0
APP003954,580,3,3,113,2,30,3,3,11500.0,75.4,0,0
APP003955,697,1,1,78,0,0,1,3,277900.0,54.7,0,0
APP003956,629,2,1,94,0,0,1,3,294700.0,31.9,0,1
APP003957,688,5,2,34,0,0,2,3,282700.0,31.7,0,0
APP003958,665,0,0,11,3,30,2,4,2505700.0,59.0,0,0
APP003959,628,1,1,257,0,0,1,2,679100.0,32.5,0,0
APP003960,569,5,2,3,1,30,1,3,31300.0,55.4,0,0
APP003961,779,2,1,39,1,120,5,7,543400.0,79.1,0,0
APP003962,619,1,0,226,2,60,1,3,106200.0,59.1,0,0
APP003963,674,2,0,16,0,0,3,4,593100.0,78.3,0,0
APP003964,774,2,2,93,0,0,2,3,1426400.0,19.8,0,1
APP003965,881,0,0,65,0,0,5,9,1848600.0,21.8,0,0
APP003966,687,3,3,42,2,30,2,6,614000.0,46.6,0,0
APP003967,756,3,2,152,1,30,0,2,373200.0,82.7,0,0
APP003968,647,2,1,68,1,60,0,0,203600.0,42.8,2,0
APP003969,715,4,2,22,0,0,1,1,44200.0,97.2,0,0
APP003970,655,2,1,131,0,0,3,3,1156000.0,42.6,0,0
APP003971,678,5,0,18,1,120,1,4,131100.0,78.9,0,0
APP003972,678,5,0,19,0,0,1,4,731500.0,33.4,0,0
APP003973,655,1,1,11,0,0,2,7,432600.0,20.1,0,0
APP003974,760,1,1,36,0,0,1,3,325700.0,91.0,0,0
APP003975,821,2,2,38,4,30,6,9,289100.0,75.1,0,0
APP003976,677,3,3,55,0,0,2,6,1346700.0,92.3,0,0
APP003977,672,1,0,122,0,0,2,2,668200.0,52.7,0,0
APP003978,517,2,2,17,3,90,4,4,31500.0,25.1,0,0
APP003979,703,3,1,89,2,90,3,7,673000.0,12.1,0,0
APP003980,785,0,0,66,1,90,1,3,853500.0,94.1,0,0
APP003981,699,7,0,85,1,30,2,4,377600.0,83.9,0,0
APP003982,657,1,1,126,0,0,0,0,74000.0,38.9,0,0
APP003983,641,4,1,23,1,30,4,8,19400.0,49.0,0,0
APP003984,653,3,2,39,0,0,1,4,1424300.0,50.1,0,0
APP003985,735,2,0,122,0,0,1,4,76800.0,86.1,1,0
APP003986,785,4,2,74,0,0,2,2,34500.0,80.6,0,0
APP003987,724,4,2,9,1,30,0,3,86600.0,28.0,0,0
APP003988,714,3,2,81,2,30,5,5,17500.0,89.6,0,0
APP003989,699,4,3,8,2,60,4,5,602700.0,19.0,0,1
APP003990,739,6,3,75,0,0,1,2,362700.0,33.7,0,0
APP003991,726,1,0,234,1,60,1,4,585000.0,56.1,0,0
APP003992,809,1,1,0,1,30,1,3,129100.0,10.1,0,0
APP003993,605,1,1,23,0,0,1,4,437600.0,93.8,0,0
APP003994,824,2,2,32,0,0,2,3,224000.0,77.8,0,0
APP003995,689,4,0,25,1,60,4,5,1085500.0,95.2,2,0
APP003996,689,1,1,53,0,0,2,4,113100.0,3.8,0,1
APP003997,694,6,2,2,0,0,4,6,1550600.0,81.1,1,0
APP003998,749,1,1,70,3,30,2,5,1511700.0,17.2,0,0
APP003999,854,4,4,43,1,60,0,5,246100.0,94.3,0,0
APP004000,695,2,1,33,0,0,0,1,514800.0,88.3,1,0
APP004001,594,1,1,33,0,0,0,3,197900.0,4.8,0,0
APP004002,610,4,4,41,0,0,4,7,1729000.0,62.3,0,0
APP004003,637,1,0,37,2,30,2,4,1158600.0,51.0,0,0
APP004004,627,2,1,116,0,0,3,6,750400.0,19.6,0,0
APP004005,681,6,1,9,1,90,1,4,706700.0,36.3,0,0
APP004006,813,4,0,100,0,0,1,4,506400.0,19.6,0,0
APP004007,704,1,1,13,2,30,0,1,117900.0,37.6,2,0
APP004008,697,2,2,7,0,0,1,3,521600.0,15.6,0,0
APP004009,760,2,2,21,0,0,2,4,1012400.0,36.6,0,1
APP004010,698,6,2,3,1,120,1,5,271300.0,43.8,0,0
APP004011,719,3,1,9,4,90,2,4,818600.0,13.1,3,1
APP004012,761,4,4,4,0,0,4,5,210800.0,76.2,1,0
APP004013,694,4,2,62,3,90,2,3,1149500.0,73.5,0,2
APP004014,769,4,3,132,1,90,1,5,268200.0,69.7,0,0
APP004015,642,4,3,29,4,60,3,4,371000.0,69.2,0,0
APP004016,683,2,2,172,0,0,3,5,400.0,90.1,0,1
APP004017,658,1,1,67,1,30,0,2,1607300.0,29.9,0,0
APP004018,712,4,2,76,0,0,3,3,1000900.0,12.5,0,1
APP004019,705,3,0,211,2,90,4,7,724200.0,74.9,0,0
APP004020,601,0,0,20,2,30,1,3,41300.0,31.4,0,1
APP004021,707,9,1,77,0,0,3,5,804400.0,11.7,0,0
APP004022,843,1,0,49,5,30,4,7,502200.0,28.4,0,0
APP004023,626,0,0,138,5,60,3,6,160800.0,26.4,0,0
APP004024,741,2,2,49,0,0,2,2,220900.0,1.3,0,0
APP004025,700,7,1,49,0,0,2,4,952200.0,73.8,0,0
APP004026,662,6,1,20,4,120,2,4,831900.0,65.2,0,1
APP004027,631,1,0,58,0,0,2,4,1265500.0,18.0,0,0
APP004028,667,3,3,19,0,0,1,1,295800.0,21.7,1,0
APP004029,773,4,1,43,3,60,1,1,108700.0,98.3,0,0
APP004030,767,2,2,86,0,0,2,4,926900.0,60.2,0,0
APP004031,578,2,2,47,0,0,4,7,176600.0,77.2,0,0
APP004032,701,1,1,7,2,90,1,5,143100.0,40.3,1,1
APP004033,734,3,1,12,1,90,0,1,792400.0,67.7,0,0
APP004034,703,2,2,46,3,60,2,2,607800.0,81.5,1,0
APP004035,484,5,2,16,1,180,1,1,40200.0,30.4,0,0
APP004036,662,2,2,161,0,0,1,3,26100.0,4.2,0,0
APP004037,777,5,2,164,1,30,2,4,1363800.0,45.8,0,0
APP004038,608,4,3,54,1,30,0,2,732100.0,62.1,0,0
APP004039,649,5,1,98,0,0,4,6,1950200.0,93.6,1,0
APP004040,654,3,1,23,0,0,2,2,1095200.0,41.7,0,1
APP004041,579,3,0,14,0,0,2,5,134000.0,64.9,0,0
APP004042,664,1,1,20,1,30,2,5,16000.0,41.7,1,0
APP004043,675,2,2,79,0,0,1,2,328500.0,55.4,0,0
APP004044,644,3,3,57,0,0,2,3,508100.0,75.6,0,0
APP004045,607,1,0,167,0,0,1,2,131400.0,32.7,0,0
APP004046,847,5,3,77,0,0,1,3,91400.0,56.5,0,0
APP004047,804,2,1,126,1,60,3,6,503600.0,40.5,0,0
APP004048,589,0,0,11,0,0,1,1,1405200.0,4.0,0,0
APP004049,643,5,3,81,0,0,3,5,339000.0,48.2,0,0
APP004050,776,3,3,11,1,30,3,5,247500.0,49.6,0,0
APP004051,713,5,2,153,5,60,2,3,499400.0,87.5,0,0
APP004052,705,4,3,103,1,60,6,7,1112900.0,10.3,1,1
APP004053,758,2,2,6,3,30,0,5,857000.0,84.4,2,1
APP004054,770,3,3,40,1,120,0,1,545500.0,97.3,2,0
APP004055,749,2,1,11,4,90,4,6,399500.0,90.3,0,0
APP004056,627,1,1,12,0,0,3,8,448300.0,30.6,0,1
APP004057,667,4,2,97,0,0,0,3,352200.0,72.1,0,0
APP004058,528,0,0,68,1,30,0,5,48400.0,94.6,0,1
APP004059,684,1,1,95,2,60,2,6,89200.0,88.0,0,0
APP004060,718,3,2,40,2,30,5,9,214100.0,93.5,0,0
APP004061,650,4,3,105,1,60,2,2,22200.0,95.0,0,0
APP004062,701,4,2,35,1,30,1,5,2405200.0,3.8,0,0
APP004063,567,4,1,6,1,60,0,1,143800.0,32.2,0,0
APP004064,673,4,2,8,0,0,2,4,893400.0,64.9,0,0
APP004065,742,2,0,9,4,30,5,6,163500.0,11.1,1,0
APP004066,834,2,2,67,0,0,2,5,595200.0,93.3,0,0
APP004067,716,6,3,194,0,0,1,3,25700.0,12.5,1,0
APP004068,738,3,3,45,0,0,7,8,118800.0,53.7,1,0
APP004069,675,4,0,27,2,60,0,3,591300.0,56.0,0,0
APP004070,730,0,0,75,2,30,2,4,725500.0,21.7,0,1
APP004071,633,3,2,334,0,0,0,2,248600.0,80.4,0,0
APP004072,669,2,0,57,2,60,1,6,41400.0,30.2,0,0
APP004073,731,3,1,4,0,0,1,1,471900.0,27.3,0,0
APP004074,675,7,2,11,0,0,0,2,899100.0,66.2,0,0
APP004075,688,3,3,28,3,30,0,4,376300.0,28.8,0,0
APP004076,749,5,4,82,0,0,2,4,830400.0,35.6,0,0
APP004077,739,0,0,2,4,120,1,3,255600.0,46.1,1,0
APP004078,798,1,1,80,1,30,1,3,1335800.0,97.0,0,0
APP004079,777,6,1,76,1,120,2,4,103000.0,83.1,0,0
APP004080,665,3,3,41,0,0,3,3,1219000.0,23.0,2,0
APP004081,562,4,0,51,2,120,3,6,1297400.0,15.5,0,0
APP004082,638,4,2,9,0,0,3,8,303400.0,4.0,0,0
APP004083,595,2,2,69,0,0,2,4,156900.0,23.5,0,0
APP004084,815,4,2,54,1,30,4,5,673300.0,43.4,0,0
APP004085,736,1,1,105,0,0,0,0,226800.0,94.4,0,0
APP004086,615,3,1,108,1,60,2,7,197800.0,48.7,0,0
APP004087,614,4,0,34,0,0,3,3,81300.0,46.6,0,0
APP004088,584,4,1,35,1,30,1,3,728500.0,92.9,0,0
APP004089,794,3,3,105,0,0,5,8,2377900.0,42.7,0,1
APP004090,723,3,1,25,0,0,1,1,264700.0,30.2,0,0
APP004091,793,3,1,142,0,0,3,4,115300.0,63.6,2,0
APP004092,816,2,2,31,0,0,1,3,315400.0,25.6,0,0
APP004093,671,4,3,179,0,0,1,2,636900.0,22.8,1,0
APP004094,741,2,2,158,0,0,3,3,222700.0,68.9,0,1
APP004095,707,1,1,14,1,90,4,7,1144800.0,35.1,0,0
APP004096,869,1,1,26,1,90,2,2,23200.0,79.5,1,0
APP004097,769,3,2,128,1,30,2,4,1011300.0,44.1,0,0
APP004098,743,4,0,54,2,180,3,7,751400.0,63.2,0,0
APP004099,641,1,1,72,0,0,3,7,180800.0,73.3,3,0
APP004100,822,3,3,14,0,0,1,1,557500.0,94.4,0,0
APP004101,754,3,3,55,0,0,2,2,955000.0,81.9,0,1
APP004102,652,1,1,21,0,0,3,3,80900.0,33.2,0,0
APP004103,730,2,1,51,0,0,6,7,38300.0,10.8,0,0
APP004104,767,6,3,16,1,60,2,4,728700.0,95.0,0,0
APP004105,585,2,1,1,0,0,1,2,26300.0,18.4,0,0
APP004106,700,3,1,9,0,0,2,4,639300.0,25.9,0,0
APP004107,884,0,0,7,0,0,0,1,178700.0,29.6,0,0
APP004108,653,3,2,90,0,0,1,1,659800.0,37.2,0,0
APP004109,674,0,0,42,2,30,5,6,363900.0,26.0,0,0
APP004110,622,3,1,58,1,30,0,1,269100.0,38.2,0,1
APP004111,782,9,3,48,0,0,1,4,41500.0,99.5,0,0
APP004112,653,6,2,34,0,0,1,2,1592300.0,85.9,0,0
APP004113,700,2,2,50,0,0,4,4,190600.0,28.5,0,0
APP004114,720,3,2,156,0,0,2,3,229400.0,0.6,0,0
APP004115,726,3,1,3,0,0,2,5,455500.0,70.9,0,0
APP004116,764,1,0,99,4,30,1,2,101700.0,83.3,0,0
APP004117,657,3,2,28,0,0,3,3,202900.0,41.9,0,1
APP004118,662,1,0,85,1,120,3,6,1101000.0,1.4,0,0
APP004119,576,2,0,264,2,60,1,4,1734600.0,20.4,0,0
APP004120,745,4,1,1,2,60,2,3,521700.0,50.9,0,0
APP004121,800,2,2,2,0,0,2,4,267600.0,41.8,0,1
APP004122,578,4,4,45,0,0,1,2,1723900.0,90.7,1,0
APP004123,734,3,3,14,0,0,2,4,116400.0,48.8,0,0
APP004124,650,6,1,215,0,0,4,8,73000.0,40.2,1,0
APP004125,776,3,1,4,0,0,3,3,392800.0,29.4,0,0
APP004126,547,3,2,149,0,0,1,3,72300.0,39.9,1,0
APP004127,703,3,3,6,0,0,0,2,944900.0,64.5,0,0
APP004128,683,3,3,75,1,90,4,10,266600.0,47.8,1,1
APP004129,550,2,2,75,0,0,1,5,173800.0,35.3,0,0
APP004130,618,4,1,51,0,0,2,2,48300.0,21.4,2,0
APP004131,761,3,0,34,0,0,1,3,622200.0,49.0,0,0
APP004132,647,4,1,34,0,0,4,5,717000.0,89.1,1,1
APP004133,639,5,2,150,0,0,5,8,120000.0,63.3,0,2
APP004134,665,4,0,21,0,0,1,2,182800.0,87.8,0,0
APP004135,719,3,1,84,0,0,2,7,654700.0,84.2,1,0
APP004136,822,2,0,11,0,0,1,2,41300.0,3.9,3,0
APP004137,750,5,2,175,1,120,5,8,331700.0,84.5,0,2
APP004138,720,3,1,360,3,120,2,5,248600.0,58.8,0,0
APP004139,701,1,1,73,0,0,2,3,183600.0,78.9,0,0
APP004140,586,1,1,69,0,0,2,5,287500.0,39.8,1,0
APP004141,679,1,1,70,0,0,0,3,1046800.0,21.3,0,0
APP004142,803,3,1,85,0,0,1,3,266900.0,78.6,0,0
APP004143,721,2,2,57,0,0,3,4,152600.0,34.1,0,0
APP004144,745,2,0,58,4,90,4,6,545600.0,98.9,0,2
APP004145,759,7,1,32,0,0,2,3,344600.0,66.8,2,0
APP004146,592,1,1,26,0,0,3,4,569100.0,48.9,0,0
APP004147,699,4,2,42,1,30,0,4,68900.0,39.1,0,0
APP004148,545,5,2,48,0,0,0,2,121600.0,7.5,0,0
APP004149,739,6,4,0,0,0,5,6,332400.0,93.5,0,0
APP004150,679,1,1,8,2,60,1,1,278500.0,33.6,0,1
APP004151,750,0,0,21,0,0,0,4,190100.0,39.6,0,0
APP004152,765,3,3,96,2,120,1,4,1142100.0,61.2,0,0
APP004153,797,3,3,125,1,60,1,2,744600.0,86.0,0,0
APP004154,667,1,1,233,0,0,1,3,305300.0,34.6,0,0
APP004155,693,3,3,75,0,0,3,3,25300.0,41.1,0,0
APP004156,753,6,3,75,2,30,1,4,1230300.0,57.3,0,0
APP004157,682,2,1,24,0,0,4,7,421200.0,9.7,0,0
APP004158,646,4,1,42,1,60,0,2,538300.0,28.5,0,0
APP004159,560,4,4,15,3,60,2,4,281600.0,14.7,0,0
APP004160,772,6,0,143,0,0,1,4,302700.0,41.8,0,0
APP004161,729,0,0,74,0,0,0,2,115400.0,40.9,0,0
APP004162,723,3,1,30,5,90,2,3,284900.0,60.3,0,0
APP004163,708,3,3,74,0,0,3,5,665600.0,57.3,0,0
APP004164,675,0,0,291,0,0,2,3,254700.0,79.8,0,0
APP004165,669,3,3,53,0,0,3,5,37500.0,37.7,0,0
APP004166,702,1,1,54,0,0,1,4,359100.0,43.6,0,1
APP004167,643,3,1,59,1,60,2,6,124600.0,51.3,0,0
APP004168,787,4,4,84,0,0,1,4,65000.0,24.9,0,0
APP004169,683,2,0,111,0,0,2,4,1406800.0,27.9,0,0
APP004170,709,3,1,39,1,30,3,3,288100.0,60.6,0,1
APP004171,692,3,1,154,0,0,3,6,232500.0,28.0,0,0
APP004172,679,3,3,264,0,0,1,3,1095100.0,49.3,0,0
APP004173,673,2,0,27,2,30,3,7,342100.0,21.1,0,0
APP004174,576,4,3,0,0,0,2,4,62000.0,71.4,0,0
APP004175,745,0,0,99,3,30,3,4,629000.0,97.0,0,0
APP004176,672,4,2,26,0,0,1,4,114900.0,94.9,0,0
APP004177,667,1,0,33,2,30,3,4,694000.0,95.4,2,0
APP004178,727,5,1,24,0,0,2,6,39400.0,38.2,1,0
APP004179,608,4,2,34,4,30,2,3,50000.0,78.5,0,0
APP004180,629,3,2,90,1,30,2,3,169700.0,49.0,0,0
APP004181,725,3,3,64,0,0,2,5,287000.0,87.9,0,0
APP004182,599,3,3,54,0,0,5,6,149800.0,49.8,0,0
APP004183,681,6,3,117,0,0,1,2,233400.0,45.3,0,0
APP004184,751,3,3,130,0,0,1,5,957400.0,54.2,0,0
APP004185,721,4,0,10,2,90,2,4,297100.0,23.5,0,0
APP004186,649,1,0,24,0,0,3,4,351200.0,85.3,0,0
APP004187,629,6,4,25,0,0,1,1,593600.0,86.6,0,0
APP004188,726,3,0,41,1,90,3,4,159000.0,35.6,0,0
APP004189,882,0,0,65,0,0,0,3,164100.0,86.8,0,0
APP004190,704,3,3,53,0,0,2,3,114800.0,77.3,0,0
APP004191,588,1,1,12,0,0,2,6,258200.0,34.9,1,0
APP004192,779,1,1,14,0,0,1,3,487600.0,66.4,0,1
APP004193,649,4,2,62,1,30,0,5,739200.0,58.1,0,0
APP004194,587,5,1,109,0,0,1,4,913400.0,20.8,0,0
APP004195,666,4,4,94,1,120,1,4,634000.0,95.4,0,0
APP004196,679,3,1,81,0,0,5,7,679900.0,85.7,2,0
APP004197,780,4,0,11,0,0,0,3,64900.0,20.6,0,1
APP004198,760,5,1,38,0,0,0,3,488400.0,72.1,0,0
APP004199,631,1,0,25,0,0,0,1,1791600.0,68.5,0,0
APP004200,766,4,4,3,0,0,1,2,616700.0,15.2,0,0
APP004201,565,4,1,74,0,0,1,3,136600.0,60.3,0,0
APP004202,628,2,2,9,0,0,4,4,145300.0,6.5,2,0
APP004203,735,5,2,18,0,0,3,4,496600.0,63.5,0,0
APP004204,622,2,2,202,0,0,2,4,941600.0,21.8,0,0
APP004205,666,2,2,112,0,0,2,3,580900.0,22.0,0,0
APP004206,679,9,0,0,1,180,1,4,290700.0,52.7,0,0
APP004207,663,1,1,16,0,0,2,4,300200.0,70.1,1,0
APP004208,661,1,1,45,0,0,1,1,302800.0,59.0,0,0
APP004209,686,4,1,58,0,0,3,4,145700.0,5.2,1,0
APP004210,670,0,0,42,0,0,2,4,234700.0,2.6,1,0
APP004211,664,4,3,34,0,0,2,3,1001500.0,17.0,0,0
APP004212,772,4,1,10,0,0,2,5,120700.0,92.6,2,0
APP004213,620,3,1,104,1,120,5,7,2864200.0,89.4,0,0
APP004214,721,2,2,67,1,30,2,4,146200.0,85.9,0,0
APP004215,801,5,2,121,0,0,1,4,398700.0,38.8,0,0
APP004216,610,4,3,133,1,180,1,4,184600.0,85.6,0,0
APP004217,771,2,1,55,1,90,0,0,385200.0,44.1,0,0
APP004218,762,3,1,60,1,30,0,2,99700.0,8.4,0,0
APP004219,851,4,3,73,2,90,2,3,220100.0,85.9,0,2
APP004220,684,3,3,57,5,90,1,2,674300.0,58.6,0,0
APP004221,662,2,2,46,0,0,3,5,290000.0,39.1,0,0
APP004222,736,4,2,39,0,0,2,3,6900.0,83.1,0,0
APP004223,767,4,1,119,5,180,4,4,89700.0,10.8,0,1
APP004224,623,2,2,30,0,0,2,5,146800.0,55.0,1,0
APP004225,803,1,1,19,0,0,3,6,41900.0,58.2,0,0
APP004226,767,2,2,16,0,0,3,5,293600.0,44.4,0,0
APP004227,755,4,3,124,1,60,0,2,455900.0,91.9,0,0
APP004228,786,3,2,101,1,90,2,3,127200.0,3.8,0,0
APP004229,697,5,2,20,0,0,0,3,1248600.0,98.7,0,0
APP004230,587,3,2,12,0,0,1,2,695700.0,77.2,0,0
APP004231,596,6,2,71,0,0,1,2,625600.0,51.8,0,2
APP004232,718,2,0,23,0,0,1,5,1077600.0,77.7,0,0
APP004233,475,4,2,25,0,0,4,7,287800.0,13.4,0,0
APP004234,778,1,0,121,0,0,4,5,402700.0,19.0,0,0
APP004235,764,1,1,11,0,0,0,3,157400.0,87.5,0,0
APP004236,695,2,2,38,0,0,2,3,550200.0,97.8,0,1
APP004237,537,1,1,116,2,30,0,4,445000.0,3.4,2,0
APP004238,699,1,1,216,2,120,2,5,10900.0,57.9,3,0
APP004239,677,3,1,57,0,0,2,3,54900.0,12.7,0,0
APP004240,691,3,1,42,0,0,1,3,176900.0,51.9,0,0
APP004241,697,4,0,5,1,30,3,7,413100.0,40.0,0,1
APP004242,607,9,0,48,4,30,2,3,324400.0,20.4,0,0
APP004243,632,3,1,11,2,90,2,3,6700.0,15.2,0,0
APP004244,829,0,0,294,0,0,3,4,222900.0,39.1,0,0
APP004245,755,1,1,10,1,30,2,4,918400.0,1.1,2,0
APP004246,545,1,1,49,1,90,4,6,578100.0,56.2,0,0
APP004247,679,3,3,47,0,0,1,4,821300.0,98.6,0,0
APP004248,757,3,3,122,4,90,1,3,1986900.0,51.9,0,0
APP004249,766,4,0,54,1,30,2,4,159300.0,19.5,0,0
APP004250,652,5,1,3,0,0,3,7,931800.0,69.0,0,0
APP004251,687,1,1,18,0,0,2,4,231100.0,61.9,0,0
APP004252,710,4,0,31,0,0,2,2,156400.0,79.7,0,0
APP004253,637,9,0,11,1,30,2,5,905100.0,39.2,0,0
APP004254,643,2,2,68,0,0,3,6,111500.0,45.8,0,1
APP004255,664,3,1,63,4,180,3,5,588300.0,6.6,1,0
APP004256,724,1,1,31,5,60,0,1,7200.0,84.3,0,0
APP004257,862,2,2,0,0,0,4,5,1143100.0,32.7,0,0
APP004258,688,4,4,70,0,0,2,3,574000.0,66.8,0,0
APP004259,755,3,2,244,0,0,3,3,134500.0,6.6,0,0
APP004260,667,5,3,61,0,0,2,5,589700.0,89.1,0,0
APP004261,783,3,0,50,1,90,4,6,567700.0,10.5,0,1
APP004262,782,2,2,10,1,180,0,1,1174200.0,63.5,0,0
APP004263,644,3,1,176,0,0,0,3,203800.0,62.5,0,0
APP004264,700,6,2,38,2,30,2,4,516000.0,88.8,0,0
APP004265,754,6,1,100,0,0,0,1,424600.0,25.2,0,0
APP004266,677,4,3,7,0,0,2,4,222100.0,55.7,0,0
APP004267,634,4,2,1,2,30,3,5,1567300.0,67.1,1,0
APP004268,670,5,3,173,0,0,3,3,1388600.0,78.1,1,0
APP004269,759,3,1,8,0,0,4,4,1074000.0,89.9,0,0
APP004270,714,5,1,169,5,30,0,2,1667100.0,80.7,2,0
APP004271,698,3,2,1,0,0,5,7,5700.0,37.0,0,0
APP004272,673,0,0,23,1,90,0,1,266800.0,21.9,3,0
APP004273,759,5,2,84,2,30,1,4,141100.0,89.3,0,0
APP004274,708,0,0,21,0,0,3,7,1868800.0,43.2,0,0
APP004275,804,3,3,161,2,60,1,5,494300.0,6.4,1,0
APP004276,631,4,0,2,3,90,2,5,10900.0,63.1,0,0
APP004277,511,3,3,166,3,30,2,3,591100.0,27.2,0,0
APP004278,813,3,3,54,0,0,3,6,375200.0,22.2,0,0
APP004279,594,3,1,122,0,0,3,4,824800.0,10.6,0,0
APP004280,743,3,3,19,2,120,1,2,922000.0,2.6,0,0
APP004281,828,2,1,4,1,30,3,4,669600.0,8.7,1,0
APP004282,628,5,2,12,0,0,1,4,46000.0,62.4,0,0
APP004283,544,4,1,87,1,90,1,5,242200.0,57.5,0,0
APP004284,588,1,1,85,0,0,3,5,941600.0,65.5,0,0
APP004285,732,4,1,12,1,30,1,3,478900.0,40.0,0,0
APP004286,720,4,4,3,1,30,0,2,519400.0,95.7,0,0
APP004287,710,5,1,8,4,60,2,4,114600.0,45.2,0,0
APP004288,721,5,1,33,1,30,2,3,226000.0,60.9,0,0
APP004289,537,2,1,150,0,0,0,1,115100.0,29.8,0,1
APP004290,615,3,0,111,0,0,2,7,85900.0,26.4,0,0
APP004291,602,4,2,2,1,30,0,2,628800.0,40.3,0,0
APP004292,636,4,2,50,0,0,4,6,83900.0,60.1,0,0
APP004293,723,1,1,56,1,30,2,4,85200.0,25.0,0,0
APP004294,646,0,0,7,0,0,2,3,218700.0,97.3,0,0
APP004295,626,4,2,79,1,90,2,3,55900.0,26.7,1,0
APP004296,809,4,1,116,1,30,1,2,82000.0,43.9,0,0
APP004297,754,1,1,86,4,30,1,1,609300.0,49.7,0,0
APP004298,727,2,2,108,0,0,3,4,1162200.0,21.6,0,0
APP004299,737,2,2,9,0,0,2,2,284800.0,40.5,3,0
APP004300,706,2,2,67,1,180,5,8,358200.0,11.0,0,0
APP004301,627,3,1,41,0,0,0,2,520800.0,87.6,0,0
APP004302,627,4,2,4,0,0,1,3,21400.0,61.7,0,0
APP004303,800,2,1,30,0,0,2,5,446600.0,25.0,0,1
APP004304,803,3,2,11,0,0,2,4,862900.0,8.2,0,0
APP004305,593,0,0,20,0,0,2,7,844100.0,9.0,2,0
APP004306,715,1,0,41,0,0,2,3,454700.0,63.3,0,0
APP004307,710,4,2,17,0,0,2,3,163400.0,10.6,0,0
APP004308,745,3,1,0,0,0,0,3,81300.0,55.5,0,0
APP004309,744,2,2,64,0,0,3,5,901800.0,19.4,0,0
APP004310,752,2,2,4,1,90,3,6,49700.0,24.0,0,0
APP004311,729,5,4,102,1,90,1,4,84600.0,25.4,0,0
APP004312,682,3,2,3,1,30,1,4,231100.0,2.5,0,0
APP004313,705,5,1,64,0,0,1,3,42200.0,97.5,0,0
APP004314,725,4,3,69,0,0,1,3,281500.0,84.2,0,0
APP004315,699,3,3,37,0,0,3,6,101100.0,77.4,0,0
APP004316,633,4,1,154,5,120,2,5,496300.0,52.2,0,0
APP004317,730,2,2,7,0,0,2,2,133700.0,13.4,0,0
APP004318,732,1,1,23,0,0,2,4,1331400.0,52.4,0,0
APP004319,690,7,2,239,0,0,1,4,289700.0,30.1,0,0
APP004320,751,2,2,57,0,0,1,2,389600.0,71.9,0,0
APP004321,789,5,0,145,0,0,2,5,887200.0,19.1,0,0
APP004322,610,2,2,54,1,30,1,3,1410200.0,76.1,0,0
APP004323,579,3,0,13,2,90,3,6,572700.0,98.9,0,0
APP004324,679,3,1,115,0,0,3,4,300700.0,89.1,0,0
APP004325,758,2,1,49,0,0,3,5,125500.0,39.2,2,1
APP004326,820,4,2,195,0,0,5,8,313300.0,58.6,0,0
APP004327,748,1,1,131,1,30,1,3,2376300.0,7.9,0,2
APP004328,664,1,0,12,0,0,0,3,20600.0,35.1,0,0
APP004329,804,3,1,6,0,0,2,8,93400.0,27.2,0,0
APP004330,709,3,2,250,0,0,2,4,570200.0,42.7,0,0
APP004331,751,3,2,1,0,0,5,6,312300.0,88.6,0,0
APP004332,757,0,0,144,0,0,3,3,490600.0,85.0,0,0
APP004333,794,4,2,32,1,60,1,4,396900.0,84.7,0,0
APP004334,561,7,1,88,0,0,1,4,15200.0,79.3,0,0
APP004335,618,0,0,23,0,0,3,7,772900.0,31.1,0,0
APP004336,562,4,0,123,0,0,1,2,3300.0,41.1,1,1
APP004337,593,5,2,152,1,60,3,4,211700.0,59.1,0,0
APP004338,640,3,0,261,1,30,2,5,32300.0,32.9,0,0
APP004339,598,4,3,6,0,0,2,6,190300.0,44.6,0,0
APP004340,692,1,1,67,0,0,2,2,33700.0,21.9,0,0
APP004341,764,5,0,27,0,0,1,6,39100.0,95.3,0,0
APP004342,651,2,2,81,0,0,0,0,354000.0,16.1,0,0
APP004343,666,3,1,35,1,30,0,1,286100.0,28.3,0,0
APP004344,697,6,6,360,0,0,3,5,489000.0,35.7,0,0
APP004345,711,1,1,7,0,0,1,3,781300.0,72.0,1,1
APP004346,589,5,1,37,0,0,3,4,673300.0,89.7,1,0
APP004347,708,2,0,60,0,0,1,4,650200.0,40.6,0,0
APP004348,711,3,1,13,0,0,2,4,1285000.0,63.0,0,0
APP004349,694,4,2,23,1,30,3,4,519600.0,86.6,0,0
APP004350,608,1,1,165,3,180,1,1,772000.0,76.1,0,0
APP004351,646,3,2,35,2,30,5,6,340200.0,58.2,0,0
APP004352,666,3,1,24,0,0,2,2,1243400.0,12.1,0,0
APP004353,645,2,0,25,0,0,4,5,1633700.0,62.7,0,0
APP004354,726,6,3,2,0,0,2,3,17400.0,4.2,0,0
APP004355,716,1,1,30,2,30,1,3,468300.0,98.2,0,0
APP004356,884,6,2,207,0,0,2,3,1653100.0,61.4,0,0
APP004357,593,0,0,199,2,30,1,2,728700.0,56.1,0,0
APP004358,737,2,1,201,0,0,1,2,105300.0,21.2,0,0
APP004359,631,4,2,118,0,0,1,2,473600.0,25.2,0,0
APP004360,744,1,1,94,0,0,3,7,716600.0,86.9,0,0
APP004361,703,0,0,177,0,0,2,5,48500.0,81.2,0,0
APP004362,532,3,0,11,0,0,1,3,251200.0,68.7,0,0
APP004363,579,3,1,38,0,0,3,4,318900.0,10.9,0,0
APP004364,690,1,1,35,0,0,1,2,446400.0,16.5,1,1
APP004365,608,4,4,72,3,180,2,3,397100.0,75.6,0,0
APP004366,829,6,1,71,1,60,0,3,307900.0,87.9,0,0
APP004367,693,4,3,35,2,30,1,2,365100.0,28.1,0,0
APP004368,760,4,4,60,0,0,3,5,16300.0,42.9,0,0
APP004369,726,5,5,166,1,30,2,5,696300.0,16.1,0,0
APP004370,729,2,1,22,0,0,1,4,2273800.0,6.1,0,1
APP004371,812,0,0,37,2,90,3,4,1192800.0,83.9,0,0
APP004372,790,3,3,12,0,0,3,5,170100.0,91.3,0,0
APP004373,655,1,1,280,0,0,0,2,68800.0,0.4,0,0
APP004374,651,2,1,26,4,120,0,2,1263500.0,37.7,0,1
APP004375,685,2,2,42,2,90,3,5,87100.0,38.3,0,0
APP004376,581,1,1,9,0,0,3,6,44200.0,44.7,0,0
APP004377,699,2,1,21,0,0,2,3,500500.0,66.7,0,0
APP004378,586,3,2,33,1,60,2,5,83300.0,55.5,0,0
APP004379,645,2,2,31,1,90,1,2,1680100.0,98.4,0,0
APP004380,573,0,0,114,0,0,1,3,166800.0,8.7,0,0
APP004381,769,3,0,41,0,0,1,4,345800.0,1.8,0,0
APP004382,718,1,1,59,3,30,0,0,1131400.0,24.0,0,0
APP004383,896,4,4,12,0,0,2,3,206100.0,35.6,0,0
APP004384,734,1,1,40,4,90,2,2,159400.0,49.2,0,1
APP004385,604,5,2,24,1,30,4,7,67500.0,88.4,0,2
APP004386,652,3,2,30,0,0,1,3,263400.0,52.3,0,0
APP004387,738,6,3,71,1,30,2,3,394800.0,45.8,0,0
APP004388,657,3,3,17,3,60,1,4,230900.0,95.6,0,2
APP004389,770,2,2,75,0,0,3,5,1606000.0,83.3,0,0
APP004390,739,3,1,19,2,30,4,6,393100.0,72.6,0,1
APP004391,732,4,3,7,1,120,1,5,540100.0,24.8,0,0
APP004392,578,2,2,67,1,90,2,2,995600.0,30.0,0,0
APP004393,614,2,1,49,0,0,1,2,454900.0,80.0,0,0
APP004394,812,1,1,18,1,30,3,4,769000.0,10.3,0,0
APP004395,649,2,1,35,0,0,2,5,852500.0,44.5,0,0
APP004396,831,2,2,187,1,120,0,3,350400.0,38.4,0,0
APP004397,738,3,3,110,1,60,1,4,408100.0,2.3,0,0
APP004398,615,3,3,42,1,30,5,6,612500.0,15.4,0,0
APP004399,753,1,1,14,1,60,1,4,350500.0,76.3,0,0
APP004400,617,2,2,2,0,0,1,3,120100.0,8.9,0,1
APP004401,595,3,3,51,1,30,6,8,1040200.0,19.7,0,0
APP004402,737,4,0,28,5,30,2,3,220900.0,93.4,0,0
APP004403,803,4,2,101,0,0,2,2,795600.0,45.9,0,0
APP004404,626,1,1,38,0,0,4,5,612900.0,93.5,1,0
APP004405,675,4,2,109,0,0,1,3,1018800.0,96.3,1,0
APP004406,712,1,1,83,0,0,4,6,64000.0,60.4,0,0
APP004407,438,3,1,20,0,0,2,3,669800.0,30.7,0,0
APP004408,700,8,4,185,1,30,0,1,106900.0,33.6,0,0
APP004409,473,4,0,123,1,60,2,3,79800.0,83.1,0,0
APP004410,616,0,0,142,1,30,6,8,356000.0,26.0,0,0
APP004411,591,3,3,3,0,0,3,4,257000.0,48.7,0,0
APP004412,647,1,0,105,1,30,1,1,314100.0,68.8,0,0
APP004413,774,4,2,202,0,0,3,5,265000.0,76.2,0,0
APP004414,835,3,1,26,0,0,1,7,900.0,4.2,0,0
APP004415,681,3,1,10,1,90,0,4,937600.0,17.1,0,0
APP004416,638,7,2,192,0,0,3,7,80900.0,33.4,0,0
APP004417,691,1,0,69,1,60,2,3,281000.0,37.0,0,0
APP004418,762,3,1,234,1,30,0,2,1611600.0,21.9,0,0
APP004419,820,3,2,6,1,30,1,1,73600.0,81.4,0,0
APP004420,713,4,1,6,3,90,2,4,240000.0,81.0,0,0
APP004421,570,1,1,73,1,60,4,4,449400.0,17.9,1,0
APP004422,762,4,0,14,0,0,2,3,388000.0,63.6,0,0
APP004423,629,2,2,177,0,0,4,5,103900.0,81.6,0,0
APP004424,723,3,0,2,1,90,2,3,2600.0,26.5,0,0
APP004425,675,3,3,10,2,60,0,5,126100.0,27.9,1,0
APP004426,790,8,1,196,0,0,1,2,316100.0,90.1,1,0
APP004427,724,7,3,113,0,0,2,4,131000.0,43.0,1,0
APP004428,707,3,3,107,0,0,1,2,51200.0,0.4,0,0
APP004429,653,1,1,34,0,0,3,6,292100.0,75.7,0,0
APP004430,828,2,2,3,0,0,3,4,2555500.0,77.7,0,0
APP004431,727,2,2,45,0,0,2,4,629800.0,89.7,0,0
APP004432,608,3,2,2,1,30,1,1,24400.0,2.0,0,0
APP004433,593,3,1,117,0,0,1,2,955200.0,4.6,0,0
APP004434,646,4,1,237,0,0,2,4,79700.0,81.7,0,0
APP004435,771,3,1,51,0,0,0,0,164100.0,83.3,0,0
APP004436,684,2,2,59,0,0,2,3,133400.0,17.3,0,0
APP004437,675,4,1,4,0,0,4,6,470000.0,9.3,0,0
APP004438,747,4,1,167,2,180,1,4,317100.0,57.2,0,2
APP004439,738,3,3,35,0,0,1,5,555500.0,9.1,0,0
APP004440,747,3,1,176,0,0,2,3,415800.0,89.4,0,0
APP004441,763,3,0,45,0,0,1,5,532100.0,2.8,0,0
APP004442,678,4,2,7,2,30,0,3,50400.0,37.5,0,0
APP004443,823,4,4,22,0,0,1,2,1208400.0,67.1,2,0
APP004444,779,3,1,30,0,0,1,4,41700.0,17.8,0,1
APP004445,625,2,2,25,0,0,1,1,727000.0,45.0,0,0
APP004446,550,3,1,62,0,0,2,4,201500.0,50.7,0,1
APP004447,596,4,2,78,5,60,3,5,1123300.0,89.7,1,0
APP004448,769,0,0,53,1,120,1,4,1060100.0,31.0,0,0
APP004449,803,2,0,67,2,90,2,5,260000.0,96.3,0,0
APP004450,578,0,0,16,1,90,1,2,149300.0,35.7,1,0
APP004451,763,3,2,58,1,180,2,4,925000.0,19.5,0,0
APP004452,732,2,2,2,1,180,4,5,911700.0,36.9,0,0
APP004453,798,3,2,24,4,30,1,2,586900.0,96.0,0,0
APP004454,572,4,1,63,2,30,1,2,2900.0,70.3,0,0
APP004455,703,4,2,40,0,0,5,6,349700.0,20.2,0,0
APP004456,689,1,1,36,1,30,1,2,292500.0,7.5,0,0
APP004457,684,4,0,75,0,0,3,4,331900.0,89.5,2,0
APP004458,711,3,2,76,2,30,1,3,607100.0,88.8,0,0
APP004459,670,0,0,0,0,0,3,8,253500.0,60.7,1,0
APP004460,761,6,3,20,0,0,2,3,753900.0,96.7,0,0
APP004461,598,7,3,19,0,0,2,3,144400.0,14.1,0,0
APP004462,565,4,2,0,0,0,0,2,261100.0,44.0,0,0
APP004463,815,5,2,41,2,60,4,4,570500.0,53.6,1,0
APP004464,648,5,1,7,1,90,1,2,245500.0,44.9,0,2
APP004465,802,2,2,83,0,0,2,7,372100.0,35.5,0,0
APP004466,564,0,0,23,3,30,0,5,37500.0,76.1,1,0
APP004467,562,2,2,14,0,0,0,4,1032100.0,14.3,0,0
APP004468,862,4,1,88,2,90,2,6,1143200.0,55.7,0,0
APP004469,714,4,3,31,0,0,2,2,578300.0,47.2,0,0
APP004470,671,1,1,37,0,0,2,3,712100.0,31.1,0,0
APP004471,666,2,2,49,0,0,3,4,461800.0,51.2,0,0
APP004472,724,1,0,40,3,90,1,3,816700.0,7.3,0,0
APP004473,764,0,0,0,0,0,3,4,2164400.0,25.9,0,0
APP004474,599,1,1,9,3,120,2,5,135700.0,85.8,0,0
APP004475,705,2,0,52,0,0,2,2,210300.0,24.0,0,0
APP004476,597,5,5,41,1,60,4,6,71400.0,32.2,0,0
APP004477,696,4,4,97,1,180,1,4,148700.0,66.2,0,0
APP004478,808,2,1,67,1,90,3,8,187100.0,46.7,0,1
APP004479,618,3,3,50,2,30,1,5,313900.0,95.7,0,1
APP004480,882,2,2,4,5,60,2,3,306800.0,14.3,0,0
APP004481,723,3,0,0,1,30,3,5,362400.0,30.8,0,0
APP004482,681,2,2,1,0,0,2,5,946500.0,91.7,2,0
APP004483,656,4,4,91,2,180,4,7,1359500.0,50.1,0,0
APP004484,734,4,3,85,0,0,2,2,290500.0,84.6,0,0
APP004485,772,4,2,49,1,120,7,8,322500.0,22.4,0,0
APP004486,571,1,1,1,1,60,0,3,246100.0,6.5,0,0
APP004487,805,4,4,45,2,90,2,4,39000.0,44.7,0,0
APP004488,726,2,2,63,0,0,1,4,69200.0,56.4,0,1
APP004489,760,5,2,90,0,0,3,4,1280100.0,17.5,0,0
APP004490,755,5,1,11,0,0,4,5,354500.0,5.9,0,0
APP004491,850,3,0,63,3,60,3,7,1951700.0,35.4,0,0
APP004492,747,4,1,99,1,60,1,2,315700.0,99.6,0,0
APP004493,774,4,4,119,0,0,2,5,974100.0,43.0,0,0
APP004494,709,3,1,76,0,0,3,5,563100.0,69.6,0,0
APP004495,628,2,1,63,1,30,7,10,1954600.0,12.6,0,0
APP004496,732,2,2,0,0,0,3,5,331000.0,86.0,0,1
APP004497,723,2,2,20,0,0,2,3,1755000.0,23.6,0,0
APP004498,779,2,2,17,1,90,4,6,85300.0,66.9,1,0
APP004499,703,2,1,12,0,0,0,1,776000.0,73.8,0,0
APP004500,743,3,1,49,2,30,1,7,818000.0,26.6,1,0
APP004501,851,5,3,84,1,180,4,7,134000.0,67.9,2,0
APP004502,712,1,1,113,0,0,5,5,173300.0,45.4,0,1
APP004503,625,3,1,96,0,0,1,4,165800.0,20.6,0,0
APP004504,797,4,2,33,1,30,2,3,146100.0,18.7,1,0
APP004505,703,1,1,83,2,60,0,2,60900.0,83.2,0,0
APP004506,578,3,2,52,0,0,5,9,124000.0,64.2,0,0
APP004507,747,3,3,10,0,0,2,6,162600.0,13.6,0,0
APP004508,764,4,1,11,0,0,3,6,869400.0,48.8,0,0
APP004509,568,3,3,2,0,0,1,4,100600.0,50.6,0,0
APP004510,589,5,1,17,0,0,4,4,121200.0,81.5,0,0
APP004511,760,4,4,5,1,90,0,3,269800.0,67.5,0,0
APP004512,766,4,2,77,2,90,2,4,31100.0,33.7,0,0
APP004513,677,3,3,13,0,0,1,4,317300.0,46.9,1,0
APP004514,687,3,2,33,2,120,2,4,178100.0,94.8,0,0
APP004515,709,5,4,20,0,0,2,5,173900.0,30.0,2,0
APP004516,754,2,2,75,0,0,2,5,881800.0,38.1,0,0
APP004517,639,4,4,109,2,90,0,2,150000.0,6.6,0,0
APP004518,785,1,1,51,5,60,7,8,212700.0,60.8,1,0
APP004519,665,3,3,35,0,0,2,3,230400.0,82.4,0,0
APP004520,602,2,2,33,1,90,1,4,113700.0,66.0,1,0
APP004521,667,2,2,156,0,0,2,8,690700.0,37.4,0,0
APP004522,789,0,0,35,0,0,3,5,232200.0,92.9,3,0
APP004523,767,5,3,44,4,30,2,6,329700.0,83.3,0,0
APP004524,641,1,1,66,2,30,2,4,550900.0,75.0,0,0
APP004525,829,1,1,70,1,180,2,3,208500.0,40.6,0,0
APP004526,644,4,3,250,0,0,2,3,73100.0,64.2,0,0
APP004527,731,3,2,74,0,0,0,1,236700.0,25.8,1,0
APP004528,688,2,2,133,0,0,2,4,54000.0,81.5,3,0
APP004529,804,7,1,43,0,0,1,1,211500.0,29.2,0,0
APP004530,665,5,1,61,1,30,2,3,165200.0,60.6,0,0
APP004531,782,8,2,3,0,0,0,1,113300.0,21.0,0,0
APP004532,773,2,1,32,0,0,1,1,530000.0,18.1,0,0
APP004533,753,2,2,118,0,0,1,5,297300.0,74.4,0,0
APP004534,701,0,0,120,0,0,2,4,440200.0,34.9,3,0
APP004535,562,2,2,83,1,30,3,6,20100.0,42.2,0,0
APP004536,703,5,1,26,0,0,3,4,245200.0,1.1,0,0
APP004537,735,4,3,122,2,120,4,5,12100.0,35.3,0,0
APP004538,662,1,1,12,0,0,3,4,225700.0,59.0,0,0
APP004539,801,5,4,316,0,0,0,3,114000.0,29.7,0,1
APP004540,668,7,3,55,1,30,2,4,393500.0,43.5,0,0
APP004541,694,1,1,234,0,0,1,4,1329900.0,41.4,0,0
APP004542,778,3,0,7,0,0,2,7,217900.0,26.1,0,0
APP004543,622,2,2,98,0,0,4,10,27300.0,51.5,0,0
APP004544,796,1,1,18,3,30,0,1,924300.0,85.1,1,0
APP004545,654,3,3,80,0,0,2,4,86200.0,68.2,0,0
APP004546,614,4,1,62,0,0,1,3,1886700.0,12.3,0,0
APP004547,725,1,1,27,0,0,1,2,1163500.0,98.9,0,0
APP004548,752,4,3,51,0,0,5,8,220300.0,60.9,0,0
APP004549,608,1,1,88,3,30,0,2,436100.0,80.2,0,0
APP004550,525,3,2,21,0,0,2,4,1072800.0,47.6,0,0
APP004551,706,3,0,29,1,30,2,5,347500.0,18.3,0,0
APP004552,756,1,1,10,1,30,1,1,70600.0,77.1,3,0
APP004553,657,0,0,59,0,0,1,5,394800.0,52.5,0,0
APP004554,648,4,1,39,0,0,1,3,171900.0,63.6,0,0
APP004555,712,2,2,0,0,0,1,1,925800.0,66.9,0,0
APP004556,860,3,1,46,1,30,3,3,167700.0,92.6,0,0
APP004557,717,2,0,82,0,0,1,4,24900.0,11.6,1,0
APP004558,711,2,1,142,0,0,2,5,1400.0,35.1,0,0
APP004559,766,1,1,28,1,30,2,4,299700.0,33.5,0,0
APP004560,739,3,2,31,0,0,0,1,207300.0,13.2,0,0
APP004561,749,3,0,7,0,0,5,5,9900.0,72.6,0,0
APP004562,642,6,0,288,0,0,4,5,590700.0,71.0,0,0
APP004563,693,3,3,6,2,90,2,2,458800.0,11.4,0,0
APP004564,727,1,0,11,0,0,3,3,45500.0,45.3,2,0
APP004565,671,5,1,60,0,0,3,5,121500.0,42.7,2,0
APP004566,842,3,0,212,0,0,4,5,145500.0,96.3,0,0
APP004567,792,7,2,44,0,0,4,5,58700.0,59.9,0,0
APP004568,731,5,5,52,2,120,1,1,383700.0,9.5,0,0
APP004569,743,2,1,140,3,120,1,5,2158800.0,58.1,0,0
APP004570,623,5,0,119,0,0,3,4,223000.0,39.7,0,1
APP004571,641,1,0,12,0,0,1,5,1883000.0,69.0,0,0
APP004572,742,3,1,20,0,0,0,2,167400.0,19.6,0,0
APP004573,698,1,1,11,0,0,0,0,223100.0,55.7,0,0
APP004574,684,3,1,78,0,0,2,8,367900.0,80.5,0,0
APP004575,796,2,0,49,0,0,2,4,221700.0,8.3,0,0
APP004576,656,3,3,79,0,0,2,2,803500.0,24.9,0,0
APP004577,747,4,1,66,0,0,1,3,626800.0,92.9,0,0
APP004578,772,3,3,124,0,0,2,3,1024900.0,9.3,0,0
APP004579,693,2,2,5,0,0,5,7,349400.0,72.1,1,0
APP004580,794,3,1,51,0,0,4,5,1598500.0,23.0,0,0
APP004581,665,6,1,19,0,0,1,4,1249800.0,1.2,0,0
APP004582,840,1,1,0,1,60,1,2,368600.0,73.3,0,0
APP004583,621,3,3,21,1,30,3,10,277100.0,80.1,0,0
APP004584,783,7,1,82,5,60,5,9,681100.0,2.8,0,0
APP004585,716,1,1,106,1,30,4,6,478100.0,68.1,0,0
APP004586,695,4,2,49,2,30,4,8,127000.0,11.0,0,0
APP004587,725,3,3,38,1,30,1,3,1162000.0,60.9,0,0
APP004588,633,4,4,57,1,30,2,5,218600.0,69.9,0,0
APP004589,637,4,4,146,0,0,1,2,854400.0,11.9,0,0
APP004590,735,3,3,164,1,30,4,5,293800.0,54.3,0,0
APP004591,426,2,1,0,1,120,1,2,253100.0,38.0,0,0
APP004592,790,3,2,4,2,30,2,5,506900.0,66.7,0,0
APP004593,654,0,0,76,0,0,2,3,10500.0,56.3,0,0
APP004594,720,5,2,7,1,60,2,4,100600.0,26.6,0,0
APP004595,644,3,2,79,0,0,4,5,306300.0,88.6,0,0
APP004596,735,2,2,39,0,0,3,4,866900.0,21.9,0,0
APP004597,751,3,0,32,0,0,2,3,610700.0,50.3,3,0
APP004598,695,7,2,28,1,30,4,4,92700.0,23.1,0,0
APP004599,687,0,0,101,0,0,2,5,306500.0,62.4,0,0
APP004600,584,0,0,36,2,120,1,4,74000.0,48.6,0,0
APP004601,801,6,4,9,0,0,3,4,57400.0,19.6,0,0
APP004602,611,3,1,0,2,90,2,2,620600.0,94.1,0,0
APP004603,722,2,2,104,0,0,3,6,1097700.0,74.1,0,0
APP004604,618,5,3,22,0,0,1,5,2090000.0,66.1,0,0
APP004605,642,4,2,44,1,30,6,6,760200.0,29.8,1,0
APP004606,720,2,2,101,0,0,2,2,339500.0,18.4,0,1
APP004607,626,2,2,22,0,0,1,5,36100.0,3.6,0,0
APP004608,725,5,4,22,0,0,3,7,211300.0,25.9,0,0
APP004609,762,1,1,83,0,0,2,3,636300.0,65.4,0,1
APP004610,676,4,4,124,0,0,5,5,387600.0,39.0,0,0
APP004611,688,1,1,82,0,0,1,4,153200.0,33.7,0,0
APP004612,848,2,1,296,0,0,2,4,81900.0,11.0,0,0
APP004613,683,5,4,93,3,30,2,6,330100.0,15.9,0,0
APP004614,667,5,2,13,0,0,1,1,9200.0,5.6,0,0
APP004615,644,1,1,96,0,0,2,4,159700.0,92.2,1,0
APP004616,822,2,2,0,4,30,2,4,912300.0,42.1,0,0
APP004617,589,2,2,37,0,0,2,4,421100.0,50.5,0,0
APP004618,675,4,1,46,3,120,1,4,1017100.0,71.7,0,0
APP004619,644,5,1,360,0,0,1,2,276900.0,44.3,1,1
APP004620,583,2,1,24,1,90,2,4,422100.0,4.5,1,0
APP004621,649,5,1,24,1,180,3,4,46400.0,14.2,0,0
APP004622,746,1,1,79,0,0,2,2,846600.0,10.7,0,0
APP004623,731,5,3,109,0,0,1,5,295300.0,8.7,0,0
APP004624,653,3,2,27,0,0,4,6,382900.0,68.1,0,1
APP004625,655,1,1,54,0,0,2,2,753800.0,62.5,0,0
APP004626,650,5,1,129,0,0,3,6,952300.0,57.7,0,0
APP004627,586,7,4,17,1,30,1,1,227900.0,12.5,1,0
APP004628,722,2,2,156,0,0,1,2,630000.0,41.5,0,0
APP004629,766,3,3,50,2,30,3,4,72200.0,89.0,1,1
APP004630,725,2,2,6,1,60,2,5,483300.0,35.7,0,0
APP004631,619,4,2,28,3,120,2,4,745900.0,44.0,2,0
APP004632,603,4,3,58,0,0,1,2,211900.0,38.5,0,0
APP004633,733,3,2,88,0,0,2,5,350200.0,72.3,0,0
APP004634,725,1,1,8,2,120,3,5,178100.0,82.2,0,0
APP004635,642,2,1,23,0,0,3,4,175400.0,20.1,1,0
APP004636,657,3,0,29,0,0,3,4,354600.0,75.1,0,0
APP004637,765,3,3,48,0,0,1,5,548400.0,28.6,0,0
APP004638,699,3,0,7,3,60,2,6,661500.0,37.6,0,0
APP004639,855,1,1,14,0,0,1,1,1174200.0,88.3,0,0
APP004640,722,1,1,20,2,30,4,7,572500.0,42.4,1,0
APP004641,751,4,1,9,4,30,5,6,730400.0,80.7,0,0
APP004642,858,4,4,23,0,0,0,1,9900.0,16.1,0,0
APP004643,729,3,2,26,0,0,2,4,562000.0,56.9,0,0
APP004644,752,4,3,58,0,0,4,5,788900.0,9.5,0,0
APP004645,744,2,2,122,0,0,2,4,352900.0,60.9,0,0
APP004646,640,4,1,92,2,180,0,7,1886000.0,14.8,0,2
APP004647,741,1,1,99,2,60,3,4,243100.0,57.8,0,0
APP004648,668,1,1,288,1,30,2,4,1441800.0,90.5,0,0
APP004649,720,4,0,57,0,0,1,2,90200.0,71.3,0,0
APP004650,686,1,1,56,0,0,2,5,255300.0,73.6,1,0
APP004651,653,1,0,124,1,180,4,6,183700.0,3.4,0,0
APP004652,687,2,2,38,0,0,3,4,354000.0,44.1,0,0
APP004653,675,4,2,85,0,0,0,3,1048900.0,43.3,1,1
APP004654,736,2,1,17,0,0,2,4,435500.0,17.5,1,0
APP004655,743,5,1,108,0,0,2,4,685100.0,27.8,0,0
APP004656,638,1,1,29,3,60,3,7,411600.0,41.8,0,0
APP004657,650,4,2,178,0,0,1,3,350500.0,57.4,0,0
APP004658,689,0,0,57,1,30,3,5,16500.0,23.0,0,0
APP004659,733,1,1,1,1,30,3,3,18100.0,11.3,0,0
APP004660,774,2,2,156,2,90,2,4,568500.0,19.3,0,0
APP004661,652,3,1,9,0,0,4,4,520600.0,25.5,0,0
APP004662,682,3,2,39,0,0,2,3,23300.0,87.1,0,0
APP004663,587,2,1,134,0,0,2,4,771200.0,2.2,0,0
APP004664,687,4,2,40,0,0,2,4,369900.0,31.2,0,0
APP004665,862,4,1,175,0,0,2,4,80400.0,22.3,1,0
APP004666,649,3,2,36,3,30,1,2,961200.0,48.4,0,0
APP004667,714,4,2,152,2,60,2,4,1388600.0,24.5,0,0
APP004668,734,2,2,133,0,0,1,3,99100.0,83.6,0,0
APP004669,855,3,0,225,0,0,5,7,451200.0,69.3,0,0
APP004670,610,3,3,37,3,30,3,4,687200.0,40.0,0,0
APP004671,622,2,2,67,5,90,0,1,206700.0,77.3,0,0
APP004672,639,1,1,118,0,0,4,8,555700.0,95.4,0,0
APP004673,607,2,0,47,0,0,4,7,121400.0,93.1,1,0
APP004674,659,5,4,113,0,0,3,5,340400.0,56.8,1,0
APP004675,626,3,1,94,0,0,2,5,1291200.0,18.4,2,0
APP004676,779,2,1,35,1,180,2,3,113300.0,53.6,0,0
APP004677,714,2,1,91,0,0,2,4,274700.0,65.2,0,0
APP004678,746,1,1,141,1,30,0,2,884000.0,13.9,0,2
APP004679,684,3,3,11,3,90,2,3,380300.0,64.2,0,0
APP004680,777,1,1,24,0,0,2,4,11800.0,86.5,0,0
APP004681,662,2,2,54,0,0,3,3,241500.0,31.0,1,0
APP004682,723,3,3,185,1,30,4,6,178200.0,89.4,0,1
APP004683,648,4,3,69,0,0,2,4,71600.0,86.5,1,0
APP004684,732,2,2,4,1,30,1,4,102200.0,47.3,0,0
APP004685,723,0,0,27,1,60,2,3,875200.0,86.4,0,0
APP004686,663,8,1,127,0,0,1,4,485100.0,95.6,0,1
APP004687,786,6,1,12,0,0,1,6,589900.0,92.9,0,0
APP004688,644,4,0,19,0,0,4,6,1397500.0,90.6,0,0
APP004689,696,2,2,17,4,120,1,1,857200.0,46.4,0,0
APP004690,742,1,1,129,0,0,1,1,293400.0,77.0,0,0
APP004691,654,4,1,5,0,0,1,4,1005500.0,71.2,1,0
APP004692,737,3,2,12,0,0,1,2,166600.0,84.2,0,0
APP004693,723,3,3,29,0,0,1,3,473100.0,36.1,0,0
APP004694,551,3,0,90,0,0,1,2,452700.0,67.7,0,0
APP004695,594,2,1,115,1,60,0,3,879000.0,53.4,0,0
APP004696,537,3,2,4,0,0,2,5,1234700.0,48.6,0,0
APP004697,717,4,3,46,0,0,2,5,1505800.0,30.0,0,0
APP004698,833,7,3,9,0,0,2,2,2127400.0,48.2,0,1
APP004699,741,2,2,3,4,30,3,5,41900.0,70.5,0,0
APP004700,759,2,1,16,0,0,3,5,645000.0,3.3,0,0
APP004701,781,3,1,3,4,60,1,3,2788200.0,33.1,0,0
APP004702,557,6,1,181,3,180,2,6,535600.0,15.4,0,1
APP004703,602,4,4,44,0,0,0,1,617200.0,94.7,0,0
APP004704,655,2,2,22,0,0,2,3,653400.0,3.5,1,0
APP004705,508,3,1,34,0,0,2,2,224100.0,39.1,0,0
APP004706,670,6,5,230,0,0,1,2,576400.0,60.2,0,0
APP004707,854,7,7,26,1,180,3,4,508700.0,30.3,0,0
APP004708,737,1,1,18,0,0,3,5,434700.0,87.8,1,0
APP004709,674,4,2,37,0,0,1,2,248200.0,64.3,0,0
APP004710,680,4,2,32,2,60,6,8,366400.0,15.0,0,0
APP004711,635,3,1,13,0,0,5,9,1153300.0,65.7,0,0
APP004712,717,2,2,35,2,30,1,3,253000.0,35.5,0,0
APP004713,698,3,3,35,1,90,1,3,1011600.0,73.2,1,0
APP004714,706,1,0,4,1,90,0,3,108800.0,45.6,0,0
APP004715,900,3,2,20,0,0,2,3,793200.0,83.3,0,0
APP004716,624,3,2,16,0,0,3,7,562500.0,96.2,0,1
APP004717,667,0,0,179,1,30,1,2,174700.0,90.6,1,0
APP004718,711,4,2,21,0,0,3,6,386300.0,2.5,0,0
APP004719,783,4,4,72,0,0,3,8,258800.0,63.8,0,0
APP004720,784,8,1,11,5,30,3,5,588300.0,85.0,0,0
APP004721,788,3,3,11,0,0,1,4,284100.0,55.5,0,0
APP004722,693,4,0,111,2,30,1,1,168800.0,86.7,0,1
APP004723,718,5,1,126,0,0,2,3,184600.0,21.9,0,0
APP004724,589,2,1,178,0,0,2,4,16300.0,65.9,1,0
APP004725,713,5,1,5,0,0,7,8,99300.0,8.3,0,0
APP004726,735,3,2,29,0,0,0,5,419400.0,58.5,0,0
APP004727,668,2,2,155,3,120,3,6,198400.0,90.1,0,0
APP004728,644,2,1,178,0,0,1,3,232900.0,46.7,0,0
APP004729,581,2,0,20,2,30,6,7,170700.0,33.4,0,0
APP004730,707,4,0,3,0,0,3,3,913800.0,56.5,1,0
APP004731,690,1,1,59,1,120,2,6,341800.0,73.5,0,0
APP004732,766,4,4,2,0,0,0,1,50600.0,75.4,0,0
APP004733,674,5,1,18,0,0,2,5,148600.0,50.4,0,0
APP004734,685,1,1,1,0,0,2,2,271200.0,54.2,0,0
APP004735,655,0,0,46,1,60,3,5,432500.0,52.5,0,0
APP004736,636,1,1,22,1,30,1,4,695700.0,4.8,0,0
APP004737,663,3,1,24,0,0,1,1,28100.0,75.2,1,0
APP004738,900,4,2,65,0,0,1,1,123900.0,62.6,0,0
APP004739,710,4,2,89,4,90,3,6,653000.0,76.6,0,0
APP004740,576,2,1,17,0,0,3,4,253200.0,3.7,0,0
APP004741,681,6,2,16,2,30,0,1,36700.0,78.7,0,1
APP004742,792,2,2,215,0,0,2,7,16200.0,16.1,0,0
APP004743,729,2,2,70,0,0,2,3,326200.0,95.7,0,1
APP004744,748,4,1,11,3,60,1,4,1240300.0,81.1,0,0
APP004745,621,5,4,29,0,0,4,7,236200.0,91.2,0,0
APP004746,658,3,2,1,2,30,2,4,652500.0,27.3,0,0
APP004747,774,3,1,56,3,30,0,3,296100.0,90.7,0,0
APP004748,623,5,1,60,1,30,0,1,212600.0,62.4,1,0
APP004749,665,3,3,72,1,30,0,1,31500.0,93.4,0,0
APP004750,769,3,0,14,1,30,2,3,77600.0,79.7,0,0
APP004751,773,5,3,7,0,0,4,6,105900.0,6.7,0,1
APP004752,900,3,0,64,0,0,2,5,529900.0,4.9,0,0
APP004753,616,5,2,31,4,90,3,6,102400.0,33.1,0,0
APP004754,696,2,1,55,0,0,4,6,2503200.0,60.1,0,0
APP004755,626,3,1,103,0,0,2,7,176300.0,74.6,0,0
APP004756,630,3,1,0,1,90,2,5,457600.0,60.8,0,0
APP004757,738,1,1,2,2,30,0,4,1422400.0,36.7,0,1
APP004758,675,2,2,48,0,0,4,4,409500.0,57.2,0,0
APP004759,822,2,2,35,0,0,2,4,453900.0,28.0,0,0
APP004760,629,5,0,58,1,30,2,3,103900.0,10.5,0,0
APP004761,663,4,3,82,0,0,3,5,639100.0,50.9,0,0
APP004762,785,1,1,13,1,90,2,8,1210200.0,43.5,0,0
APP004763,572,6,1,74,0,0,2,2,166500.0,5.6,0,0
APP004764,892,9,2,84,2,30,1,1,240500.0,83.8,0,0
APP004765,707,1,0,77,0,0,3,8,354400.0,98.2,0,0
APP004766,672,1,1,51,1,90,1,5,1147000.0,45.2,0,0
APP004767,586,3,0,22,0,0,3,7,40100.0,44.4,0,0
APP004768,799,2,2,8,0,0,2,2,610400.0,91.8,0,1
APP004769,707,3,3,46,2,30,1,3,151600.0,9.6,1,0
APP004770,613,2,2,24,1,60,5,10,499500.0,60.5,0,0
APP004771,612,2,0,52,4,90,2,4,1491500.0,42.8,0,0
APP004772,720,5,2,1,0,0,3,4,503800.0,52.2,0,0
APP004773,694,2,0,140,5,90,2,4,484000.0,52.6,1,0
APP004774,728,3,2,107,0,0,1,5,1326200.0,37.3,0,0
APP004775,708,2,1,83,0,0,0,0,237200.0,26.2,0,0
APP004776,630,2,2,87,1,30,2,6,455900.0,56.8,0,0
APP004777,636,2,2,14,0,0,2,4,1652900.0,27.1,2,0
APP004778,698,3,0,8,0,0,1,3,197200.0,79.0,0,0
APP004779,655,6,2,12,2,30,2,2,1005300.0,88.9,0,0
APP004780,751,2,1,2,1,60,0,1,619400.0,60.8,0,1
APP004781,750,3,3,3,1,30,4,5,141000.0,29.3,0,0
APP004782,757,1,1,30,0,0,5,6,88800.0,97.1,0,0
APP004783,682,5,1,28,2,30,0,3,322000.0,37.1,0,0
APP004784,710,2,1,6,1,60,4,8,296500.0,78.3,0,0
APP004785,779,6,0,12,1,60,3,4,187700.0,82.9,0,0
APP004786,605,1,1,252,4,120,3,3,330900.0,97.4,0,0
APP004787,669,4,1,38,0,0,2,6,498200.0,59.3,2,0
APP004788,580,3,1,16,0,0,2,4,1610200.0,95.5,0,0
APP004789,733,5,1,53,0,0,1,2,1125900.0,13.7,0,1
APP004790,631,3,1,91,0,0,4,7,206400.0,20.8,0,0
APP004791,714,3,3,47,0,0,3,4,336300.0,78.6,0,0
APP004792,802,6,3,68,0,0,0,2,644400.0,66.1,0,0
APP004793,660,9,1,13,0,0,2,4,302900.0,94.3,1,0
APP004794,572,3,3,89,0,0,3,4,334500.0,56.7,0,0
APP004795,714,3,2,58,2,60,1,2,410400.0,67.0,0,0
APP004796,638,0,0,88,1,30,2,6,1126200.0,33.5,2,0
APP004797,818,2,2,23,0,0,5,6,30800.0,75.6,0,0
APP004798,589,2,2,13,0,0,1,2,100500.0,2.4,3,0
APP004799,733,3,2,29,0,0,2,3,1724200.0,30.3,0,0
APP004800,696,1,0,30,0,0,2,3,1022600.0,16.2,0,0
APP004801,655,4,4,41,0,0,2,3,200600.0,76.0,0,0
APP004802,668,4,2,69,0,0,1,1,985200.0,72.0,0,0
APP004803,640,3,1,1,0,0,0,3,65200.0,70.7,0,0
APP004804,670,3,2,20,0,0,2,2,414800.0,29.2,0,0
APP004805,741,4,3,17,1,90,4,5,482300.0,20.6,0,0
APP004806,678,4,4,3,2,30,0,6,264900.0,35.4,1,0
APP004807,701,4,0,23,3,30,2,4,62200.0,54.6,0,0
APP004808,792,6,2,5,1,30,3,5,45400.0,69.7,0,0
APP004809,796,1,1,30,0,0,3,5,325500.0,36.4,0,0
APP004810,812,3,3,22,1,120,1,5,611700.0,62.8,0,0
APP004811,739,4,2,10,1,90,3,4,779500.0,28.0,0,0
APP004812,900,5,2,245,0,0,3,7,171500.0,56.6,1,0
APP004813,782,0,0,0,3,30,3,4,90600.0,91.5,0,0
APP004814,590,4,3,15,3,120,0,2,128100.0,33.3,0,0
APP004815,868,3,3,256,0,0,3,4,1194600.0,99.5,0,0
APP004816,689,4,0,16,0,0,2,2,224400.0,89.9,0,0
APP004817,655,4,2,250,0,0,0,1,889200.0,63.7,1,0
APP004818,878,4,0,21,1,60,4,6,17200.0,2.7,0,0
APP004819,702,5,5,7,0,0,1,3,871200.0,97.4,0,0
APP004820,698,1,1,16,0,0,3,4,761800.0,49.9,1,0
APP004821,811,3,2,11,1,30,1,1,105200.0,8.5,1,0
APP004822,751,4,2,12,0,0,1,4,751600.0,56.1,0,1
APP004823,675,1,1,25,0,0,3,6,116500.0,13.6,0,0
APP004824,783,4,1,5,0,0,0,2,1241600.0,6.2,1,0
APP004825,649,1,1,83,1,30,3,5,135000.0,30.6,0,0
APP004826,614,4,1,33,1,30,1,2,123600.0,77.0,0,0
APP004827,574,3,3,56,2,30,0,1,863400.0,67.5,0,0
APP004828,621,2,2,83,1,30,0,2,604000.0,20.3,0,0
APP004829,628,3,2,24,1,60,0,3,47300.0,80.3,0,0
APP004830,655,2,1,37,2,120,3,5,47600.0,72.7,0,0
APP004831,689,7,1,52,0,0,2,4,217700.0,47.3,0,0
APP004832,633,2,2,2,0,0,3,4,489900.0,50.5,0,0
APP004833,812,6,4,15,3,120,1,9,409600.0,78.7,0,1
APP004834,572,5,2,143,0,0,2,5,89400.0,49.6,0,0
APP004835,679,2,2,116,0,0,2,4,520400.0,78.9,1,0
APP004836,707,1,0,57,0,0,1,4,321800.0,39.9,0,0
APP004837,575,3,2,28,0,0,1,3,1925900.0,28.3,0,0
APP004838,750,1,1,61,0,0,1,1,60700.0,92.4,0,1
APP004839,657,6,3,27,0,0,0,5,438200.0,55.7,0,0
APP004840,699,2,2,49,0,0,3,5,959900.0,32.5,0,0
APP004841,642,1,0,30,1,30,2,3,677000.0,59.0,0,0
APP004842,714,3,1,24,1,60,3,3,36700.0,93.6,1,0
APP004843,871,1,0,35,2,60,3,8,76800.0,62.2,0,0
APP004844,649,5,2,18,0,0,2,9,1446100.0,32.9,0,0
APP004845,739,2,2,34,0,0,0,2,399700.0,5.8,0,1
APP004846,537,2,2,76,1,30,0,2,22800.0,51.4,0,0
APP004847,738,1,1,11,0,0,3,3,291100.0,22.1,0,1
APP004848,673,3,1,13,0,0,0,3,139900.0,3.3,0,0
APP004849,750,2,2,13,0,0,3,6,1263800.0,86.1,0,0
APP004850,733,3,2,92,1,60,1,2,161100.0,81.9,0,0
APP004851,761,3,3,39,2,90,2,5,576400.0,56.1,0,0
APP004852,789,0,0,49,0,0,2,3,180800.0,7.3,0,0
APP004853,703,3,1,103,0,0,0,2,797200.0,44.7,2,0
APP004854,759,0,0,68,0,0,3,4,299400.0,99.0,0,0
APP004855,754,2,1,37,0,0,2,4,87000.0,32.1,3,0
APP004856,740,4,2,8,1,30,3,8,639000.0,51.4,1,0
APP004857,734,1,1,9,2,30,5,10,459700.0,75.4,0,0
APP004858,644,5,3,21,0,0,3,4,632800.0,82.4,0,0
APP004859,721,4,1,151,0,0,1,3,132800.0,51.5,0,1
APP004860,625,4,3,203,1,30,2,4,551200.0,9.7,1,0
APP004861,613,3,2,30,0,0,5,6,929000.0,32.4,0,1
APP004862,709,5,5,78,1,90,0,2,43600.0,36.8,0,0
APP004863,729,4,3,73,1,30,1,5,910000.0,88.9,0,0
APP004864,753,3,2,27,1,30,1,3,34000.0,12.2,0,0
APP004865,690,6,1,0,2,120,2,4,131800.0,94.2,0,0
APP004866,612,2,0,32,0,0,1,2,194700.0,80.2,0,0
APP004867,824,3,3,5,3,30,3,4,1830300.0,70.3,0,0
APP004868,749,6,2,93,0,0,3,5,502100.0,17.6,0,0
APP004869,597,1,1,17,0,0,1,4,698000.0,94.6,0,0
APP004870,644,3,2,34,0,0,2,6,433700.0,24.6,0,0
APP004871,751,3,2,2,1,120,0,2,321200.0,22.5,0,0
APP004872,624,0,0,136,0,0,3,4,50900.0,96.1,0,0
APP004873,739,2,2,164,0,0,2,7,313100.0,66.5,0,0
APP004874,646,1,1,89,0,0,0,0,1090600.0,61.4,3,1
APP004875,658,1,1,0,0,0,1,3,114600.0,42.8,0,0
APP004876,681,2,2,17,1,30,1,1,97300.0,96.3,0,0
APP004877,707,3,3,22,0,0,0,1,920800.0,20.9,0,0
APP004878,749,3,0,6,0,0,3,5,810500.0,64.5,0,0
APP004879,624,0,0,55,4,90,4,6,85500.0,36.5,0,0
APP004880,735,3,2,194,0,0,3,5,6700.0,6.9,0,0
APP004881,719,1,1,239,2,60,0,0,2125500.0,48.2,0,0
APP004882,736,6,0,10,0,0,3,8,564900.0,87.1,0,0
APP004883,652,6,0,4,1,30,3,6,644000.0,61.7,0,0
APP004884,708,4,0,1,0,0,1,4,1647200.0,63.2,0,0
APP004885,629,3,2,32,2,30,2,5,102600.0,25.5,2,0
APP004886,576,2,1,6,4,30,0,3,883900.0,3.4,0,0
APP004887,606,1,1,9,0,0,1,4,221000.0,15.7,0,0
APP004888,615,1,1,34,0,0,3,7,1182500.0,67.7,0,0
APP004889,681,6,1,25,0,0,5,7,180700.0,0.7,2,0
APP004890,793,1,1,37,0,0,1,7,231400.0,95.2,0,0
APP004891,690,3,3,65,0,0,3,4,553900.0,76.9,0,0
APP004892,568,2,2,0,0,0,1,2,407300.0,36.8,0,1
APP004893,711,8,3,17,1,30,2,5,546800.0,58.0,0,0
APP004894,659,3,0,14,1,30,4,9,7100.0,28.2,0,1
APP004895,704,3,3,40,3,60,3,6,25000.0,80.4,0,0
APP004896,756,3,3,54,0,0,2,6,302700.0,80.4,0,0
APP004897,652,2,2,76,1,120,0,5,3600.0,56.0,0,0
APP004898,715,6,1,51,2,30,4,9,401300.0,55.9,0,0
APP004899,759,1,1,15,1,30,1,1,544500.0,34.7,0,0
APP004900,714,7,1,85,0,0,1,3,60900.0,68.9,0,1
APP004901,759,4,1,71,0,0,3,4,626200.0,99.6,0,0
APP004902,812,3,3,317,3,60,0,1,2375300.0,54.5,0,0
APP004903,703,3,2,154,2,60,0,1,1525800.0,77.9,0,0
APP004904,722,1,0,9,0,0,3,5,509000.0,24.6,2,0
APP004905,761,2,2,236,0,0,1,1,259100.0,49.2,0,0
APP004906,736,4,2,18,0,0,3,4,463900.0,34.3,1,0
APP004907,596,4,2,87,0,0,2,4,1967900.0,60.3,1,0
APP004908,757,4,3,10,0,0,5,9,536800.0,78.0,0,0
APP004909,614,4,2,67,0,0,3,5,215400.0,25.0,0,1
APP004910,755,4,3,29,0,0,2,2,150600.0,39.1,0,0
APP004911,641,1,1,19,0,0,1,2,2833400.0,25.2,0,0
APP004912,612,4,4,76,0,0,1,2,846100.0,95.0,0,0
APP004913,774,4,1,197,1,30,0,3,774700.0,80.8,0,1
APP004914,664,2,2,83,0,0,1,3,198200.0,84.0,0,0
APP004915,841,4,1,73,1,60,1,3,1312900.0,42.3,0,0
APP004916,656,1,1,112,0,0,2,3,36700.0,58.4,1,1
APP004917,758,5,1,48,4,30,1,2,112100.0,32.4,0,1
APP004918,755,1,1,30,0,0,1,4,183400.0,96.5,0,0
APP004919,628,2,1,277,0,0,1,2,17600.0,98.0,0,0
APP004920,762,2,1,101,0,0,2,4,1071200.0,20.2,0,0
APP004921,829,2,2,22,0,0,1,1,146000.0,78.5,1,1
APP004922,696,3,1,15,2,30,1,2,94500.0,24.4,0,0
APP004923,891,1,1,18,0,0,3,5,148500.0,56.4,0,0
APP004924,741,4,1,72,2,30,0,3,282200.0,39.5,0,0
APP004925,678,0,0,5,1,30,0,1,124300.0,58.9,0,0
APP004926,675,6,2,81,2,30,4,7,859200.0,97.7,0,0
APP004927,652,2,1,45,5,60,5,5,2900.0,9.8,0,0
APP004928,511,3,2,163,5,60,2,4,374600.0,52.6,0,0
APP004929,607,4,2,37,0,0,4,4,675100.0,72.4,0,0
APP004930,674,0,0,10,0,0,2,6,186100.0,69.9,0,1
APP004931,723,2,1,101,0,0,2,2,116000.0,3.5,1,0
APP004932,605,2,2,5,0,0,0,3,168000.0,5.3,0,0
APP004933,760,2,2,2,0,0,2,6,4600.0,57.3,0,0
APP004934,529,4,4,68,4,30,2,2,1938200.0,77.0,1,0
APP004935,628,4,2,40,4,60,4,7,1122100.0,79.7,0,0
APP004936,769,3,0,40,0,0,4,6,638200.0,2.0,0,0
APP004937,682,2,2,50,1,30,0,3,269300.0,4.4,0,0
APP004938,585,2,0,18,2,60,3,4,280000.0,75.2,1,0
APP004939,698,6,1,47,0,0,1,1,2942600.0,31.4,1,0
APP004940,550,1,1,102,0,0,0,0,381800.0,22.6,0,0
APP004941,809,3,3,115,0,0,3,4,78200.0,16.3,0,0
APP004942,719,2,1,4,0,0,4,8,546400.0,33.3,0,2
APP004943,753,3,1,11,0,0,1,1,70300.0,91.3,0,0
APP004944,683,4,1,20,0,0,4,7,282900.0,66.1,0,0
APP004945,572,2,0,4,0,0,3,8,605000.0,99.3,1,0
APP004946,606,1,1,1,0,0,2,6,987000.0,65.3,0,1
APP004947,707,3,2,272,2,120,0,2,54800.0,78.5,2,0
APP004948,607,1,1,46,5,30,1,6,462600.0,70.4,0,0
APP004949,751,4,4,68,1,90,3,4,3274300.0,77.9,0,0
APP004950,607,3,2,51,0,0,1,4,480600.0,62.5,1,0
APP004951,884,4,2,0,0,0,1,2,98900.0,80.4,0,0
APP004952,709,3,3,64,0,0,2,3,855400.0,38.6,1,0
APP004953,619,2,2,20,0,0,2,2,1098400.0,55.5,0,0
APP004954,708,4,0,69,0,0,0,2,351700.0,95.8,0,0
APP004955,745,4,4,58,2,60,4,6,470800.0,24.9,0,0
APP004956,811,2,2,80,2,30,0,3,1998700.0,89.6,0,0
APP004957,633,3,3,26,1,30,3,4,174800.0,25.5,1,0
APP004958,564,6,2,22,0,0,1,2,45200.0,85.1,1,2
APP004959,760,1,1,30,3,90,2,5,266400.0,7.8,0,0
APP004960,723,1,1,89,3,60,4,5,228400.0,56.3,0,0
APP004961,550,7,4,53,2,30,1,5,202300.0,68.1,2,0
APP004962,758,6,5,51,0,0,2,6,3331400.0,42.6,0,0
APP004963,628,2,2,15,0,0,3,9,177300.0,73.5,0,0
APP004964,622,3,2,35,1,30,3,4,788800.0,53.7,0,0
APP004965,687,1,1,195,0,0,2,3,89300.0,59.2,0,0
APP004966,713,0,0,27,2,60,0,1,1206500.0,88.1,0,1
APP004967,642,2,2,46,0,0,0,4,191800.0,10.0,0,0
APP004968,720,1,1,37,0,0,5,5,125400.0,65.4,0,0
APP004969,758,2,2,72,0,0,4,6,578200.0,44.5,0,0
APP004970,761,4,0,32,1,30,4,4,3600.0,66.5,0,0
APP004971,707,7,2,21,0,0,1,2,542600.0,34.2,0,0
APP004972,667,5,2,40,0,0,3,4,453700.0,91.4,2,0
APP004973,654,5,3,34,0,0,0,1,1387700.0,9.6,0,0
APP004974,819,3,1,62,0,0,1,3,499400.0,86.4,0,0
APP004975,745,3,2,245,3,60,0,2,914600.0,97.8,0,0
APP004976,803,1,1,48,0,0,2,2,64500.0,17.5,0,0
APP004977,739,1,1,339,0,0,3,4,142500.0,60.8,3,0
APP004978,779,1,1,61,1,120,2,4,401900.0,52.1,0,0
APP004979,674,2,2,73,0,0,2,4,102100.0,66.2,0,0
APP004980,623,1,1,10,1,60,2,2,778500.0,50.8,0,0
APP004981,731,3,3,41,0,0,2,4,525100.0,71.8,0,0
APP004982,610,5,3,25,0,0,1,3,258300.0,30.4,0,0
APP004983,592,4,2,16,2,90,0,3,22700.0,80.1,0,0
APP004984,703,3,3,56,0,0,3,4,394900.0,97.2,0,0
APP004985,555,2,1,25,2,30,2,5,327800.0,6.0,1,0
APP004986,714,3,2,19,0,0,0,1,89200.0,0.8,0,0
APP004987,576,1,0,89,0,0,2,2,1134100.0,98.4,0,0
APP004988,587,5,3,23,0,0,0,1,1062300.0,38.2,0,0
APP004989,811,2,1,28,3,30,1,3,46800.0,37.9,0,0
APP004990,738,2,2,32,2,30,4,9,1161500.0,94.6,0,0
APP004991,762,6,5,28,0,0,1,5,324000.0,78.5,0,1
APP004992,748,5,4,5,0,0,2,5,212600.0,80.7,1,0
APP004993,664,2,2,101,0,0,3,6,765800.0,64.5,0,0
APP004994,700,1,1,11,3,90,5,6,153200.0,62.8,0,0
APP004995,485,1,1,86,0,0,1,4,738000.0,74.4,0,0
APP004996,697,3,3,11,0,0,3,5,1558600.0,15.5,0,0
APP004997,766,3,3,45,1,30,2,3,592700.0,16.0,0,1
APP004998,732,5,2,37,0,0,3,6,547100.0,11.6,2,0
APP004999,707,4,0,32,0,0,2,2,494400.0,72.1,0,0
APP005000,559,6,3,37,2,30,3,6,1816500.0,92.8,0,0
APP005001,832,5,2,67,0,0,1,3,23800.0,36.1,0,0
APP005002,721,5,1,27,0,0,3,5,141800.0,58.0,0,0
APP005003,639,4,3,76,0,0,1,3,62900.0,74.3,0,0
APP005004,863,4,3,54,2,30,2,4,720400.0,7.8,0,0
APP005005,831,0,0,12,0,0,2,4,538700.0,87.6,0,0
APP005006,607,4,2,59,0,0,3,6,299200.0,56.1,0,0
APP005007,716,2,2,84,0,0,1,3,716700.0,14.2,0,0
APP005008,610,0,0,178,0,0,3,4,345000.0,98.4,0,0
APP005009,630,1,1,127,0,0,1,5,620700.0,62.0,1,0
APP005010,610,3,2,6,0,0,3,4,537600.0,27.8,0,0
APP005011,776,4,4,35,0,0,4,6,499700.0,31.3,0,0
APP005012,709,5,4,151,0,0,3,5,423900.0,51.9,0,0
APP005013,580,5,0,9,0,0,3,6,269100.0,99.4,0,0
APP005014,648,2,2,66,0,0,0,1,98400.0,35.2,0,0
APP005015,676,4,2,118,0,0,0,4,725700.0,17.9,0,0
APP005016,567,3,2,179,0,0,3,4,64000.0,39.7,0,0
APP005017,663,3,0,49,0,0,1,3,174200.0,54.3,0,0
APP005018,690,2,2,56,2,30,2,4,1193100.0,46.1,0,0
APP005019,652,3,3,79,1,30,0,5,13200.0,10.9,0,0
APP005020,700,5,1,30,0,0,3,6,95000.0,96.1,0,0
APP005021,692,1,0,18,0,0,0,4,44800.0,30.8,0,0
APP005022,723,3,3,125,1,30,4,5,649000.0,55.7,0,0
APP005023,885,5,2,35,0,0,3,7,894000.0,52.6,0,1
APP005024,781,2,2,142,0,0,1,3,1367100.0,56.6,1,0
APP005025,622,6,2,40,3,30,3,4,621300.0,24.1,0,1
APP005026,682,3,3,189,1,60,2,7,418800.0,37.3,0,0
APP005027,723,4,4,1,0,0,0,4,359500.0,56.9,0,1
APP005028,488,2,0,10,0,0,3,3,182200.0,71.8,0,0
APP005029,836,3,0,2,1,30,1,5,490400.0,40.4,0,0
APP005030,704,3,2,90,1,30,0,2,20400.0,61.1,0,0
APP005031,632,5,3,16,5,30,3,5,300000.0,88.5,0,0
APP005032,572,2,1,11,2,30,2,4,474900.0,24.7,0,0
APP005033,727,3,3,80,3,30,3,4,1022600.0,87.4,0,0
APP005034,588,3,2,7,2,60,5,7,608600.0,81.3,0,0
APP005035,701,2,2,120,0,0,1,2,1815100.0,84.8,0,0
APP005036,704,4,1,41,0,0,6,8,275400.0,38.6,0,1
APP005037,671,2,1,43,2,90,4,4,952100.0,89.8,0,0
APP005038,515,4,3,26,1,60,3,4,35300.0,39.3,0,1
APP005039,588,3,1,16,1,30,1,2,471300.0,72.6,1,0
APP005040,749,2,1,318,0,0,0,6,85000.0,13.5,0,0
APP005041,756,1,1,25,1,60,1,2,138700.0,67.2,0,0
APP005042,546,2,0,33,3,90,4,4,657100.0,80.6,0,0
APP005043,704,2,2,82,0,0,2,3,234600.0,26.9,0,0
APP005044,576,3,2,120,0,0,3,3,277300.0,74.7,0,0
APP005045,884,4,0,29,4,90,5,6,53800.0,25.1,0,0
APP005046,648,4,1,2,0,0,3,5,127900.0,4.4,0,0
APP005047,763,1,1,53,1,30,2,6,422400.0,12.0,0,0
APP005048,457,1,1,76,0,0,1,3,375900.0,5.2,1,0
APP005049,749,3,3,80,3,30,4,5,541500.0,98.8,1,0
APP005050,639,1,1,13,0,0,0,2,752300.0,79.1,0,1
APP005051,705,4,3,69,0,0,1,1,128300.0,42.1,0,0
APP005052,782,2,2,360,2,60,5,6,221800.0,55.0,0,0
APP005053,705,1,1,18,0,0,0,0,358800.0,13.2,0,1
APP005054,670,8,2,30,2,60,1,2,4500.0,97.8,0,0
APP005055,748,5,2,25,0,0,0,2,309400.0,14.3,0,0
APP005056,666,4,4,16,1,90,1,2,1108200.0,45.7,0,0
APP005057,793,4,4,61,2,30,1,3,210900.0,2.3,0,0
APP005058,660,2,1,13,0,0,0,3,218600.0,32.6,0,0
APP005059,753,3,2,38,1,90,1,3,162800.0,53.6,0,0
APP005060,754,1,1,63,0,0,2,3,464400.0,12.1,0,0
APP005061,568,3,1,13,4,60,2,5,791700.0,91.2,0,0
APP005062,713,1,0,155,1,30,3,7,866700.0,1.3,0,0
APP005063,730,2,0,82,0,0,4,5,174300.0,40.9,0,0
APP005064,750,4,4,79,0,0,0,0,470100.0,8.4,0,1
APP005065,710,3,1,61,1,60,0,2,604800.0,18.4,0,0
APP005066,684,3,2,52,0,0,4,5,1560000.0,48.1,0,0
APP005067,706,2,1,128,0,0,2,4,457400.0,29.8,0,0
APP005068,784,3,3,130,1,90,0,4,160300.0,27.3,0,0
APP005069,696,4,4,39,0,0,1,4,699800.0,31.6,0,0
APP005070,688,2,0,62,0,0,0,4,758400.0,95.1,0,0
APP005071,662,6,2,22,0,0,0,2,660500.0,44.8,2,0
APP005072,654,4,0,22,3,90,4,8,801300.0,2.8,0,0
APP005073,609,4,1,50,1,90,3,5,644100.0,43.0,0,0
APP005074,599,3,2,41,1,90,3,3,881700.0,37.0,0,0
APP005075,664,1,0,104,0,0,4,9,265500.0,76.8,0,0
APP005076,831,1,1,115,0,0,3,4,892400.0,8.3,0,0
APP005077,759,1,1,3,0,0,0,1,145600.0,88.8,0,0
APP005078,777,5,0,72,2,60,3,6,137200.0,53.6,0,0
APP005079,763,3,0,21,0,0,0,1,170000.0,44.2,0,0
APP005080,859,4,2,108,0,0,1,2,859900.0,16.9,0,1
APP005081,722,0,0,5,1,30,0,3,87400.0,84.9,0,0
APP005082,681,2,2,5,0,0,1,4,276800.0,74.1,0,0
APP005083,641,0,0,0,1,60,4,8,90300.0,16.1,0,0
APP005084,723,5,1,49,1,120,0,1,165100.0,37.4,0,2
APP005085,754,5,0,42,0,0,5,7,942800.0,2.8,2,0
APP005086,552,1,1,52,0,0,0,5,283900.0,27.4,1,0
APP005087,653,3,3,0,2,30,2,4,615400.0,53.6,0,0
APP005088,616,4,4,40,0,0,1,2,482400.0,17.6,0,0
APP005089,663,1,1,10,0,0,2,6,12900.0,19.8,0,0
APP005090,827,3,1,149,2,120,2,3,72700.0,98.4,0,0
APP005091,713,4,1,336,0,0,0,2,196000.0,91.6,0,0
APP005092,652,1,1,22,0,0,5,10,181300.0,97.1,0,0
APP005093,666,1,0,16,0,0,5,6,1468600.0,63.2,0,0
APP005094,718,3,1,31,0,0,5,5,13000.0,53.3,0,0
APP005095,597,5,2,44,0,0,2,4,591000.0,99.9,0,0
APP005096,815,2,1,20,0,0,1,3,850200.0,77.1,0,0
APP005097,740,3,0,78,1,90,3,6,289900.0,52.4,0,0
APP005098,791,3,0,77,1,90,5,8,40500.0,65.1,0,0
APP005099,603,1,0,30,0,0,1,1,363600.0,84.6,0,0
APP005100,866,2,1,43,0,0,2,3,388200.0,54.1,0,0
APP005101,525,1,1,126,1,60,0,2,129100.0,51.9,1,0
APP005102,642,1,1,166,0,0,1,3,1224400.0,88.9,0,0
APP005103,765,2,0,248,1,60,1,4,135600.0,38.7,1,0
APP005104,623,4,1,113,1,30,1,4,1778900.0,84.0,0,1
APP005105,682,3,2,39,1,60,1,3,894900.0,91.7,0,0
APP005106,762,4,1,90,1,30,0,2,484000.0,87.4,0,0
APP005107,827,2,2,70,0,0,2,2,328500.0,36.9,0,0
APP005108,679,4,4,27,1,90,2,8,748400.0,22.9,2,0
APP005109,842,2,2,0,0,0,0,4,159200.0,67.4,2,0
APP005110,714,5,4,21,0,0,1,5,657400.0,24.4,0,0
APP005111,658,1,1,21,3,120,3,6,172800.0,66.2,1,1
APP005112,790,5,3,3,0,0,4,4,60100.0,55.6,2,0
APP005113,738,2,1,10,0,0,4,7,433300.0,93.9,0,0
APP005114,752,3,2,72,0,0,0,1,1421500.0,77.4,0,0
APP005115,707,3,2,10,0,0,4,7,795400.0,42.2,0,0
APP005116,847,1,0,41,4,60,4,4,236800.0,85.1,0,0
APP005117,724,10,0,50,1,30,0,2,1548900.0,13.2,0,0
APP005118,711,3,3,9,0,0,2,3,2036300.0,89.0,0,0
APP005119,848,2,2,52,0,0,0,4,246300.0,26.0,0,0
APP005120,693,4,4,87,0,0,2,2,718800.0,42.2,0,0
APP005121,692,5,3,3,1,60,5,7,258300.0,83.6,1,0
APP005122,705,2,2,8,0,0,1,2,48500.0,29.8,1,0
APP005123,606,5,1,89,1,60,1,2,52200.0,68.8,0,0
APP005124,677,2,2,67,2,180,1,2,207400.0,17.4,1,0
APP005125,583,6,2,41,0,0,1,1,327400.0,91.3,0,0
APP005126,623,0,0,24,0,0,3,4,494600.0,58.2,0,0
APP005127,787,4,2,34,0,0,0,0,837200.0,55.7,1,0
APP005128,742,1,1,52,1,30,4,8,3200.0,89.9,0,0
APP005129,747,0,0,21,0,0,0,4,234100.0,16.3,0,2
APP005130,605,3,1,135,0,0,0,1,388100.0,30.2,0,0
APP005131,688,6,3,7,0,0,1,4,437900.0,37.6,0,0
APP005132,680,1,1,18,0,0,2,3,997000.0,99.2,0,0
APP005133,708,0,0,51,0,0,2,5,355100.0,71.2,0,0
APP005134,715,0,0,47,4,60,3,3,37400.0,41.3,0,0
APP005135,596,3,1,76,2,90,3,4,458400.0,14.4,2,0
APP005136,686,5,1,3,1,120,3,6,480100.0,45.7,0,0
APP005137,664,3,0,41,0,0,0,1,322400.0,2.9,0,0
APP005138,570,2,1,32,0,0,1,2,1136500.0,16.6,0,0
APP005139,676,4,3,93,0,0,2,2,998700.0,2.4,0,0
APP005140,664,4,4,94,0,0,4,8,359400.0,15.8,0,0
APP005141,777,1,1,52,0,0,1,2,538700.0,40.2,0,0
APP005142,731,5,3,78,0,0,2,3,1098000.0,40.3,0,0
APP005143,702,2,1,95,1,30,1,6,694200.0,13.9,0,0
APP005144,813,3,2,119,0,0,2,4,805800.0,13.9,0,0
APP005145,708,3,1,272,4,90,1,2,89600.0,93.3,0,0
APP005146,665,4,0,52,0,0,2,4,665900.0,47.1,0,0
APP005147,823,2,0,9,0,0,0,1,140200.0,27.7,0,0
APP005148,695,7,2,16,1,30,4,6,317800.0,79.0,0,0
APP005149,732,4,0,194,3,30,2,5,45900.0,95.0,0,0
APP005150,671,1,1,14,1,120,1,2,846100.0,26.3,0,0
APP005151,670,5,1,1,0,0,0,5,282200.0,28.7,0,0
APP005152,724,4,1,59,1,180,3,4,766100.0,16.2,1,1
APP005153,683,1,1,53,4,30,1,3,456600.0,31.4,0,0
APP005154,668,2,1,1,1,120,5,8,633600.0,78.6,0,0
APP005155,649,1,1,80,0,0,2,4,1501400.0,77.9,0,0
APP005156,655,3,2,4,1,30,3,3,397400.0,50.5,0,0
APP005157,818,5,1,57,1,60,2,6,797900.0,19.5,0,0
APP005158,721,2,2,235,1,90,1,3,440200.0,49.1,2,0
APP005159,580,3,1,26,5,60,2,5,1460600.0,30.7,0,0
APP005160,619,3,1,152,2,30,5,8,571700.0,98.4,0,0
APP005161,507,5,2,44,0,0,2,4,886300.0,99.6,0,0
APP005162,598,2,1,33,1,30,3,5,325500.0,6.2,0,1
APP005163,729,6,2,56,0,0,3,5,21600.0,43.0,0,1
APP005164,834,2,1,29,1,60,2,4,866400.0,53.6,0,0
APP005165,570,2,2,5,5,60,1,4,884600.0,16.9,0,0
APP005166,767,0,0,224,0,0,3,4,150700.0,77.7,0,0
APP005167,663,5,2,25,0,0,5,8,263900.0,18.5,0,0
APP005168,717,2,0,63,0,0,2,4,223200.0,61.9,1,0
APP005169,771,2,1,53,1,180,2,3,453200.0,98.5,1,0
APP005170,650,3,2,49,2,90,4,7,213200.0,19.5,0,0
APP005171,596,2,2,102,0,0,0,0,412700.0,99.9,1,0
APP005172,633,3,0,78,0,0,1,5,152500.0,45.1,0,0
APP005173,731,5,4,111,0,0,4,5,33000.0,10.8,0,0
APP005174,688,4,2,92,0,0,3,6,443400.0,84.4,0,0
APP005175,706,3,1,34,2,60,3,3,298700.0,79.4,0,0
APP005176,589,5,1,11,1,90,2,4,690600.0,15.4,0,0
APP005177,701,3,3,51,0,0,4,4,1234800.0,51.9,0,0
APP005178,665,1,1,60,1,30,1,3,1200.0,67.4,0,0
APP005179,643,3,1,75,1,30,4,8,81500.0,37.4,2,0
APP005180,650,1,1,78,0,0,1,4,311800.0,95.8,0,0
APP005181,645,2,1,22,2,30,2,2,595900.0,83.7,0,0
APP005182,857,3,2,32,2,60,4,5,381900.0,20.3,2,0
APP005183,844,4,3,123,0,0,4,5,1152500.0,50.9,0,0
APP005184,638,0,0,68,1,60,3,6,86100.0,77.6,0,1
APP005185,860,2,2,20,1,120,0,4,752700.0,41.3,0,0
APP005186,682,3,1,221,1,60,3,4,1193400.0,3.4,0,0
APP005187,725,5,0,44,1,60,1,2,73700.0,21.3,1,0
APP005188,765,2,1,26,0,0,0,1,48500.0,49.7,1,0
APP005189,716,1,1,63,0,0,2,4,841600.0,41.5,1,0
APP005190,685,5,1,80,1,30,2,4,856600.0,83.4,0,0
APP005191,626,6,4,11,0,0,0,6,120600.0,35.9,0,0
APP005192,570,5,4,38,0,0,4,5,11000.0,72.4,0,0
APP005193,746,2,2,77,0,0,1,4,1201600.0,32.1,0,1
APP005194,651,2,2,21,0,0,3,4,545100.0,43.1,0,1
APP005195,645,4,3,43,0,0,2,3,734700.0,11.6,0,0
APP005196,612,2,2,23,0,0,1,2,1005700.0,63.2,0,0
APP005197,728,3,1,11,0,0,4,8,378700.0,17.1,0,0
APP005198,446,1,1,26,0,0,0,2,411900.0,75.7,0,0
APP005199,768,2,1,89,2,60,1,2,318600.0,91.7,0,0
APP005200,663,5,2,20,0,0,2,3,150000.0,30.0,0,0
APP005201,789,3,1,89,0,0,1,1,361300.0,84.4,0,0
APP005202,622,6,1,40,0,0,2,2,225900.0,5.0,0,0
APP005203,791,1,1,66,0,0,5,7,881600.0,12.2,0,0
APP005204,678,6,4,27,2,30,0,2,2171900.0,19.3,1,0
APP005205,677,3,2,63,0,0,4,6,1380200.0,60.7,0,0
APP005206,662,1,1,32,0,0,2,4,399500.0,95.6,0,0
APP005207,773,4,1,37,3,90,1,3,95100.0,87.0,0,0
APP005208,745,2,2,38,5,30,4,6,554900.0,93.2,1,0
APP005209,676,4,1,80,0,0,1,5,473400.0,62.8,0,0
APP005210,780,1,1,4,0,0,2,3,519000.0,23.0,0,0
APP005211,675,2,2,8,2,30,2,3,605600.0,19.3,0,0
APP005212,643,4,0,46,0,0,0,0,402100.0,66.5,0,0
APP005213,692,5,1,98,0,0,5,5,1081200.0,67.3,0,0
APP005214,724,1,1,52,1,30,4,8,3400.0,22.6,0,0
APP005215,578,1,1,73,3,30,2,5,1266400.0,62.4,0,0
APP005216,693,5,4,124,0,0,0,2,67300.0,81.5,0,0
APP005217,738,5,2,68,0,0,3,4,983200.0,70.1,0,0
APP005218,742,4,2,13,0,0,5,7,253900.0,4.3,0,0
APP005219,637,3,1,51,0,0,0,3,558800.0,59.0,0,0
APP005220,613,5,1,217,0,0,4,5,861000.0,61.5,0,1
APP005221,790,6,1,35,0,0,2,6,75500.0,90.4,0,0
APP005222,679,3,2,104,0,0,3,3,194700.0,82.4,0,0
APP005223,765,4,2,61,0,0,0,3,188400.0,58.0,0,0
APP005224,757,5,1,16,1,30,2,4,290500.0,7.2,0,0
APP005225,681,3,2,35,0,0,2,2,210300.0,11.8,0,0
APP005226,635,3,3,48,0,0,3,7,431300.0,5.3,0,0
APP005227,641,5,2,106,0,0,0,1,524400.0,68.4,0,0
APP005228,702,2,1,76,2,90,3,4,454800.0,28.3,0,0
APP005229,556,2,2,79,0,0,1,2,472700.0,75.9,0,0
APP005230,654,5,2,200,5,120,1,2,821800.0,59.0,0,0
APP005231,704,4,2,13,0,0,1,5,5400.0,96.9,0,0
APP005232,658,4,1,32,0,0,2,3,157300.0,29.5,0,0
APP005233,747,4,3,12,0,0,5,5,617200.0,41.1,0,0
APP005234,645,1,1,27,0,0,3,3,1566400.0,8.6,1,0
APP005235,849,2,0,43,0,0,3,5,938400.0,37.6,0,0
APP005236,572,3,3,100,0,0,0,0,1248000.0,86.6,0,0
APP005237,705,2,2,52,0,0,1,8,16000.0,37.4,0,0
APP005238,802,2,2,102,0,0,3,6,657100.0,62.4,0,0
APP005239,600,1,1,90,0,0,1,3,301700.0,92.8,0,0
APP005240,795,4,4,5,1,30,3,5,328600.0,77.2,0,1
APP005241,602,1,0,13,2,30,5,6,821500.0,65.9,0,0
APP005242,764,3,0,10,0,0,0,6,411400.0,26.0,3,1
APP005243,808,1,1,89,0,0,2,2,122400.0,36.2,2,0
APP005244,679,2,2,1,0,0,5,6,1692600.0,33.6,0,0
APP005245,645,1,1,7,0,0,4,4,262900.0,36.3,0,0
APP005246,608,3,2,7,0,0,4,5,140100.0,8.2,0,0
APP005247,702,4,4,148,1,90,1,3,139000.0,50.6,0,0
APP005248,654,2,0,0,0,0,1,3,141600.0,92.7,1,0
APP005249,733,1,1,13,0,0,2,2,11700.0,36.0,0,0
APP005250,804,5,2,55,0,0,3,6,769800.0,15.0,0,0
APP005251,649,4,1,18,4,90,0,5,881800.0,59.0,0,0
APP005252,737,2,0,70,0,0,1,3,562900.0,72.5,0,0
APP005253,821,4,0,4,0,0,3,4,138700.0,84.7,0,0
APP005254,758,2,2,41,1,30,1,4,292700.0,3.1,0,0
APP005255,594,0,0,87,0,0,0,3,732600.0,90.6,0,0
APP005256,653,4,2,206,0,0,0,0,368600.0,41.4,0,0
APP005257,583,3,1,74,0,0,2,7,1399300.0,27.3,0,1
APP005258,745,1,1,34,1,90,0,1,722400.0,10.3,2,0
APP005259,744,4,4,14,3,30,2,3,863700.0,80.5,0,0
APP005260,610,4,4,116,2,60,4,6,268000.0,21.2,0,0
APP005261,665,4,4,22,0,0,1,4,239100.0,9.5,0,0
APP005262,708,3,3,38,1,90,5,5,703600.0,65.2,0,0
APP005263,656,1,1,10,1,90,1,3,19100.0,78.3,0,0
APP005264,712,1,1,97,0,0,1,4,3500.0,94.9,1,0
APP005265,636,2,2,97,0,0,0,2,215200.0,39.9,0,0
APP005266,684,5,3,19,1,30,4,7,434600.0,23.1,0,0
APP005267,627,1,1,41,0,0,4,6,458300.0,19.7,0,0
APP005268,548,4,4,31,0,0,2,3,43300.0,92.4,0,0
APP005269,593,4,1,104,1,90,1,2,96700.0,92.9,0,0
APP005270,773,0,0,147,0,0,3,3,224900.0,86.4,0,2
APP005271,721,2,2,21,1,90,3,6,410700.0,32.8,0,0
APP005272,526,2,2,39,0,0,2,5,71800.0,5.2,0,0
APP005273,599,2,2,148,4,90,1,2,703200.0,52.5,1,1
APP005274,705,3,1,20,0,0,2,4,1883700.0,95.8,0,0
APP005275,697,2,2,26,0,0,4,5,606700.0,15.2,3,0
APP005276,838,3,1,17,0,0,3,6,492300.0,71.3,0,0
APP005277,574,4,1,17,2,60,2,5,734900.0,57.8,0,0
APP005278,643,2,2,92,0,0,2,4,847800.0,32.5,0,0
APP005279,573,2,2,20,0,0,0,5,16800.0,3.1,0,0
APP005280,706,2,1,51,2,90,1,4,337000.0,75.2,0,0
APP005281,532,1,1,125,1,60,3,3,724600.0,13.7,0,0
APP005282,593,3,3,1,0,0,1,6,135100.0,19.6,0,1
APP005283,684,0,0,15,4,60,2,6,209900.0,14.6,0,0
APP005284,791,4,2,69,0,0,6,6,2801200.0,64.7,0,0
APP005285,614,3,3,9,3,60,1,4,277600.0,81.9,0,0
APP005286,827,3,3,1,0,0,1,3,5700.0,65.5,0,0
APP005287,839,0,0,11,0,0,2,4,983200.0,62.2,0,1
APP005288,585,5,0,26,0,0,6,11,668400.0,16.4,0,0
APP005289,658,4,4,23,0,0,0,5,278500.0,5.2,0,1
APP005290,642,2,2,5,0,0,5,7,602100.0,93.2,0,0
APP005291,810,6,2,133,2,90,0,0,1012800.0,26.4,0,0
APP005292,561,2,0,51,0,0,1,3,259500.0,48.3,0,0
APP005293,591,2,2,63,1,30,1,1,64200.0,32.9,0,0
APP005294,766,4,0,12,2,180,2,3,484400.0,33.9,0,0
APP005295,785,2,2,63,4,60,3,4,363100.0,29.1,0,0
APP005296,748,1,1,87,0,0,4,5,228000.0,3.2,0,0
APP005297,722,2,2,21,0,0,2,3,467800.0,89.5,0,0
APP005298,714,2,0,24,0,0,2,4,1247100.0,49.6,1,0
APP005299,703,2,2,15,2,90,0,1,831800.0,36.9,0,0
APP005300,517,0,0,17,5,30,2,4,847900.0,6.5,0,0
APP005301,676,7,1,39,0,0,1,3,1142400.0,31.6,0,0
APP005302,661,4,3,83,0,0,2,5,469800.0,92.3,0,0
APP005303,607,2,1,151,1,90,2,4,49400.0,68.3,0,0
APP005304,723,1,1,122,0,0,1,3,1172800.0,47.6,0,0
APP005305,659,5,1,2,0,0,2,4,42200.0,45.1,1,0
APP005306,662,6,0,4,1,30,1,2,205100.0,76.5,0,1
APP005307,643,1,0,54,2,90,3,6,234000.0,74.0,0,0
APP005308,739,7,0,9,1,30,2,2,629400.0,90.2,0,0
APP005309,707,4,0,21,0,0,3,4,39200.0,35.0,1,0
APP005310,655,3,1,79,0,0,2,5,81000.0,100.0,0,1
APP005311,652,2,2,58,0,0,1,2,384000.0,56.5,0,0
APP005312,649,7,2,21,3,60,1,2,94700.0,57.9,0,0
APP005313,832,5,1,101,0,0,1,4,112700.0,41.8,0,0
APP005314,739,0,0,38,0,0,1,4,11100.0,18.9,0,0
APP005315,703,3,2,0,0,0,3,4,126500.0,59.0,0,0
APP005316,842,2,2,33,0,0,5,5,24300.0,56.1,0,0
APP005317,805,4,4,7,0,0,2,3,576600.0,40.3,0,1
APP005318,748,3,3,6,0,0,1,4,1449500.0,82.7,0,0
APP005319,809,4,2,5,0,0,5,6,887100.0,7.9,0,0
APP005320,647,1,1,110,1,60,2,8,1695000.0,68.5,0,0
APP005321,730,1,0,40,0,0,3,6,554800.0,90.3,0,0
APP005322,730,4,0,32,3,30,3,7,535000.0,89.8,0,0
APP005323,769,1,1,175,1,30,3,5,306500.0,0.9,2,0
APP005324,777,0,0,163,0,0,1,1,571000.0,98.4,0,0
APP005325,718,5,1,15,0,0,1,4,449600.0,95.6,0,0
APP005326,711,2,2,191,0,0,2,4,382100.0,63.1,0,0
APP005327,777,3,2,46,0,0,0,2,606300.0,57.5,0,0
APP005328,731,3,3,18,1,60,2,2,137100.0,6.8,0,0
APP005329,579,3,3,7,0,0,2,5,278600.0,77.2,0,0
APP005330,807,3,3,1,0,0,2,3,84800.0,55.2,0,0
APP005331,787,2,0,44,1,90,2,3,765100.0,10.4,0,1
APP005332,610,7,2,11,0,0,5,6,80400.0,9.0,0,0
APP005333,715,5,4,100,0,0,3,5,313900.0,68.3,0,0
APP005334,729,2,2,63,0,0,3,5,100100.0,2.9,0,0
APP005335,826,2,1,17,0,0,2,2,361100.0,69.1,0,0
APP005336,659,1,1,11,2,60,2,5,178900.0,39.8,0,1
APP005337,446,7,2,121,2,30,1,1,898500.0,64.1,0,0
APP005338,838,2,0,4,0,0,1,2,43000.0,28.2,2,0
APP005339,769,1,1,134,2,90,5,6,233700.0,23.2,0,0
APP005340,714,6,2,124,0,0,1,3,668900.0,50.3,0,0
APP005341,755,3,3,1,0,0,1,3,92900.0,19.5,0,0
APP005342,719,6,0,77,0,0,1,2,23300.0,49.4,0,0
APP005343,626,2,1,1,0,0,1,4,440900.0,22.3,2,0
APP005344,650,1,1,12,0,0,0,1,143000.0,93.4,1,0
APP005345,810,1,1,4,0,0,5,8,24400.0,62.0,0,0
APP005346,632,3,1,62,0,0,1,2,352700.0,14.1,0,2
APP005347,751,4,0,28,1,120,2,4,10800.0,22.2,0,0
APP005348,712,3,0,3,2,30,3,8,258100.0,20.6,0,0
APP005349,631,2,1,2,0,0,2,5,591100.0,25.0,0,0
APP005350,703,4,2,24,2,90,3,6,139800.0,27.0,0,0
APP005351,704,3,0,56,1,30,3,5,948100.0,15.6,0,0
APP005352,808,1,1,150,1,30,4,7,236500.0,39.7,1,0
APP005353,760,3,2,74,0,0,3,3,297400.0,60.9,0,1
APP005354,825,3,1,36,0,0,2,5,568000.0,36.0,0,0
APP005355,696,4,0,26,0,0,2,2,338600.0,39.1,0,0
APP005356,628,2,2,3,0,0,0,3,396100.0,63.0,0,0
APP005357,630,3,2,32,0,0,0,0,2325400.0,39.0,0,0
APP005358,734,3,1,17,0,0,1,3,85700.0,2.0,0,0
APP005359,696,2,2,22,0,0,2,4,318800.0,47.8,0,0
APP005360,670,2,1,115,0,0,1,3,298800.0,42.5,0,0
APP005361,720,5,5,6,1,30,4,7,514200.0,56.2,0,0
APP005362,669,1,0,23,0,0,3,6,1231900.0,78.5,2,0
APP005363,598,1,1,2,1,30,1,2,175700.0,68.4,0,0
APP005364,772,2,2,175,2,30,1,4,216700.0,10.3,2,0
APP005365,641,4,4,9,0,0,3,5,122000.0,78.5,0,0
APP005366,669,1,1,170,0,0,1,1,520200.0,32.7,0,0
APP005367,801,1,0,208,1,30,3,5,185500.0,28.3,0,0
APP005368,750,0,0,149,0,0,1,1,131700.0,53.6,0,0
APP005369,619,3,1,224,0,0,1,5,1434000.0,36.6,0,0
APP005370,650,2,2,28,0,0,0,3,373100.0,70.7,0,0
APP005371,757,1,1,75,0,0,2,4,1313800.0,88.3,0,0
APP005372,723,3,2,99,0,0,2,2,423000.0,72.8,0,0
APP005373,707,5,4,156,3,60,2,3,691100.0,50.9,0,0
APP005374,772,3,1,13,1,30,2,7,414300.0,78.4,0,0
APP005375,725,2,1,47,0,0,0,6,266300.0,74.7,0,0
APP005376,563,6,0,21,3,30,2,3,538100.0,53.4,0,0
APP005377,672,6,1,11,0,0,2,3,300100.0,99.3,0,1
APP005378,666,4,2,53,3,30,3,5,39800.0,44.1,0,0
APP005379,790,2,2,1,0,0,2,6,2142800.0,13.6,0,0
APP005380,646,3,2,26,0,0,2,3,321700.0,71.9,0,0
APP005381,712,4,3,30,0,0,2,4,174700.0,14.7,0,0
APP005382,755,5,2,70,0,0,0,2,105200.0,20.8,1,0
APP005383,623,3,1,19,0,0,0,1,324200.0,70.3,0,0
APP005384,786,4,1,85,0,0,0,0,519700.0,49.2,0,0
APP005385,686,2,2,12,0,0,0,4,353000.0,70.1,0,0
APP005386,628,5,3,0,0,0,5,6,125700.0,73.4,0,0
APP005387,710,0,0,10,0,0,1,3,557000.0,18.3,1,0
APP005388,883,1,1,125,0,0,4,4,330000.0,64.1,0,2
APP005389,716,2,2,59,2,90,5,7,1256800.0,8.2,0,0
APP005390,678,4,3,53,4,90,0,1,62500.0,37.9,0,0
APP005391,653,1,1,97,1,30,2,3,801600.0,18.7,1,0
APP005392,846,3,1,247,1,60,2,3,668400.0,8.6,0,0
APP005393,704,4,4,202,0,0,2,5,427100.0,66.6,0,0
APP005394,660,2,1,89,5,90,4,4,502700.0,2.6,0,0
APP005395,724,2,2,22,0,0,4,5,706600.0,5.4,0,0
APP005396,711,3,2,111,1,30,0,2,41000.0,61.5,0,0
APP005397,812,0,0,108,0,0,0,0,309800.0,31.6,0,0
APP005398,738,4,3,13,0,0,2,6,576200.0,63.7,0,0
APP005399,586,3,3,61,0,0,2,6,1536500.0,29.3,0,0
APP005400,760,4,1,12,0,0,3,4,106600.0,21.9,0,0
APP005401,700,4,1,91,0,0,0,1,397400.0,39.1,0,0
APP005402,584,1,1,12,0,0,3,4,522300.0,39.7,0,0
APP005403,606,2,2,15,1,60,2,7,91900.0,99.5,0,0
APP005404,794,3,3,4,1,30,1,2,1821600.0,31.5,0,0
APP005405,706,3,2,83,1,30,1,3,323400.0,70.0,0,0
APP005406,670,2,1,282,1,60,2,4,1305800.0,83.2,0,2
APP005407,651,3,2,11,1,120,2,2,220400.0,87.6,2,1
APP005408,765,1,1,72,0,0,1,2,171800.0,9.0,0,0
APP005409,787,2,0,64,0,0,1,3,131700.0,94.5,2,0
APP005410,598,3,3,4,1,30,3,5,415600.0,9.3,0,1
APP005411,657,3,3,13,2,120,6,8,246200.0,20.2,0,0
APP005412,664,2,2,23,1,30,3,5,231600.0,96.8,0,0
APP005413,750,4,1,15,1,60,1,2,703500.0,72.8,1,0
APP005414,766,6,1,48,0,0,3,7,152800.0,23.1,0,0
APP005415,883,2,2,36,0,0,1,1,108300.0,17.1,0,0
APP005416,704,2,0,6,0,0,3,3,335000.0,1.8,0,0
APP005417,688,2,0,4,0,0,0,2,488100.0,27.1,0,0
APP005418,676,1,1,58,0,0,2,2,101500.0,75.9,0,0
APP005419,646,4,1,15,1,120,0,1,487400.0,81.0,0,0
APP005420,687,3,3,20,0,0,2,3,781100.0,68.6,0,0
APP005421,566,3,1,87,1,180,3,4,819100.0,93.2,2,0
APP005422,645,5,2,54,1,30,7,9,93000.0,87.0,1,0
APP005423,703,3,2,15,0,0,3,5,256700.0,30.6,0,0
APP005424,681,0,0,126,0,0,2,3,1318800.0,7.7,0,0
APP005425,891,1,1,67,4,30,0,2,763500.0,83.2,0,0
APP005426,702,1,1,62,0,0,2,5,106100.0,30.7,0,0
APP005427,699,6,2,82,0,0,3,3,42800.0,63.0,0,0
APP005428,730,2,2,89,0,0,1,2,1701500.0,23.0,0,0
APP005429,686,4,3,127,1,120,5,6,193000.0,78.8,0,0
APP005430,834,4,2,27,0,0,1,5,86400.0,45.0,1,0
APP005431,502,3,2,64,0,0,0,4,825900.0,1.7,0,0
APP005432,758,5,2,45,1,90,2,3,24000.0,20.8,0,1
APP005433,533,7,1,39,1,60,4,4,789900.0,54.0,0,0
APP005434,648,4,4,5,0,0,6,9,179500.0,86.8,0,0
APP005435,723,2,0,314,0,0,1,3,352200.0,59.7,0,0
APP005436,796,5,2,249,0,0,2,3,1376800.0,75.8,0,0
APP005437,633,3,1,68,1,90,0,2,972100.0,89.3,0,0
APP005438,708,1,1,42,1,60,1,4,413300.0,2.0,0,0
APP005439,803,0,0,15,0,0,4,4,713300.0,5.3,0,0
APP005440,490,0,0,10,0,0,1,4,129000.0,72.9,0,0
APP005441,686,4,3,78,3,90,1,3,22800.0,41.3,0,1
APP005442,809,6,5,34,1,60,0,0,140700.0,6.7,0,0
APP005443,692,4,3,53,1,60,1,4,464000.0,68.6,0,0
APP005444,704,4,2,59,1,30,0,3,190200.0,83.2,2,0
APP005445,677,2,0,69,1,30,0,1,934900.0,86.0,0,0
APP005446,759,1,0,18,3,30,3,9,263000.0,99.0,0,0
APP005447,570,1,1,23,2,30,0,2,246400.0,41.6,0,0
APP005448,676,3,3,17,2,120,0,1,229500.0,21.7,0,0
APP005449,644,0,0,142,1,60,2,4,784300.0,57.7,0,0
APP005450,686,2,2,51,0,0,1,5,139400.0,54.1,0,0
APP005451,806,2,2,155,1,90,3,4,936500.0,91.7,0,0
APP005452,808,3,1,100,0,0,1,5,135400.0,2.8,0,0
APP005453,680,0,0,9,1,30,2,4,328100.0,16.6,0,0
APP005454,476,6,3,28,0,0,1,2,43200.0,98.4,2,0
APP005455,692,1,1,135,0,0,1,4,1502300.0,78.4,0,0
APP005456,669,2,0,116,0,0,2,5,1123800.0,25.1,0,0
APP005457,658,5,0,265,0,0,1,3,433400.0,54.1,0,0
APP005458,698,1,1,41,0,0,1,2,107400.0,41.6,0,0
APP005459,724,2,0,26,2,30,2,3,410000.0,54.1,0,0
APP005460,700,5,0,47,2,60,2,5,277000.0,99.4,0,0
APP005461,581,9,1,2,0,0,1,1,53600.0,41.7,0,2
APP005462,799,2,1,43,0,0,2,4,1545800.0,70.4,0,0
APP005463,693,0,0,85,0,0,2,3,232800.0,71.0,0,0
APP005464,711,3,1,25,0,0,2,4,22600.0,52.6,2,0
APP005465,523,1,1,22,1,30,1,3,1102500.0,55.4,0,0
APP005466,580,2,1,94,0,0,2,3,16500.0,7.8,0,0
APP005467,755,2,0,132,2,60,3,4,376800.0,66.9,0,0
APP005468,576,2,0,84,3,180,4,8,322300.0,73.4,0,0
APP005469,522,5,0,105,1,60,2,7,316700.0,72.9,0,0
APP005470,769,1,1,3,0,0,0,3,397300.0,92.4,0,0
APP005471,532,0,0,2,0,0,1,3,1495500.0,88.7,0,0
APP005472,813,1,1,152,0,0,0,2,21000.0,76.3,0,0
APP005473,793,3,1,31,0,0,0,0,498800.0,9.3,0,0
APP005474,753,2,0,39,0,0,3,5,293800.0,5.6,0,1
APP005475,809,2,2,115,0,0,2,4,478900.0,24.6,0,0
APP005476,642,3,0,9,0,0,3,7,387500.0,2.8,0,0
APP005477,688,4,2,15,0,0,4,6,209700.0,67.9,0,0
APP005478,731,1,1,14,0,0,1,2,253400.0,24.2,0,1
APP005479,695,4,1,69,2,30,2,4,310200.0,21.1,0,0
APP005480,685,2,2,20,2,90,3,5,1297800.0,63.7,0,0
APP005481,702,5,4,111,0,0,4,6,498300.0,89.7,0,1
APP005482,690,1,1,7,1,30,3,4,146800.0,53.1,0,0
APP005483,604,3,1,50,1,90,1,3,654100.0,38.3,0,0
APP005484,662,5,2,12,5,120,2,6,315400.0,34.4,0,0
APP005485,829,4,2,31,0,0,0,0,1149500.0,3.5,1,1
APP005486,810,2,2,9,0,0,1,5,529200.0,8.7,0,1
APP005487,803,2,1,4,0,0,1,3,1386300.0,42.3,0,0
APP005488,785,5,1,13,0,0,2,4,1222200.0,87.7,0,0
APP005489,691,1,1,18,2,30,2,3,487200.0,39.8,0,0
APP005490,640,5,3,183,0,0,5,7,324600.0,68.6,0,0
APP005491,721,3,1,20,4,90,2,4,121200.0,63.7,0,0
APP005492,595,1,1,161,1,60,3,6,49600.0,75.8,0,0
APP005493,790,4,0,53,0,0,1,2,452200.0,14.3,0,0
APP005494,732,0,0,360,0,0,1,5,153700.0,71.3,0,0
APP005495,757,2,1,29,0,0,2,5,1961700.0,89.5,0,0
APP005496,818,4,4,9,0,0,1,5,666400.0,43.4,0,1
APP005497,711,2,2,17,1,30,2,6,228500.0,85.6,0,0
APP005498,701,3,3,93,1,30,2,3,129300.0,52.4,0,0
APP005499,792,6,2,115,1,30,1,1,569500.0,85.5,0,0
APP005500,772,5,1,25,1,120,2,3,61200.0,35.7,0,0
APP005501,714,5,1,65,1,60,3,4,867900.0,25.9,1,0
APP005502,644,3,3,18,0,0,1,3,407000.0,31.4,0,0
APP005503,763,4,3,66,0,0,3,4,1121800.0,43.0,0,0
APP005504,685,5,3,6,0,0,2,2,509400.0,53.9,0,0
APP005505,704,4,3,25,0,0,3,4,738700.0,74.1,0,0
APP005506,709,5,3,50,0,0,2,3,330900.0,75.0,1,0
APP005507,684,3,1,16,0,0,1,1,148200.0,5.0,0,0
APP005508,746,4,2,50,2,90,0,4,736900.0,96.7,0,0
APP005509,795,2,2,65,3,60,2,3,100.0,72.1,0,0
APP005510,715,6,4,61,1,30,3,4,44400.0,95.7,0,2
APP005511,675,4,2,10,0,0,3,3,27800.0,24.5,0,0
APP005512,550,3,1,23,1,30,1,4,485900.0,72.7,0,0
APP005513,713,4,1,253,0,0,0,4,279900.0,12.1,1,0
APP005514,735,1,0,25,0,0,2,3,163800.0,3.8,0,0
APP005515,752,2,2,42,0,0,2,3,42000.0,4.8,0,0
APP005516,708,5,3,15,0,0,1,4,372900.0,82.6,0,0
APP005517,847,1,1,4,0,0,1,3,39500.0,18.3,0,0
APP005518,692,4,0,18,0,0,2,5,1246800.0,30.4,0,0
APP005519,877,4,2,7,0,0,1,2,1182500.0,33.1,0,0
APP005520,756,5,2,29,0,0,1,3,1168600.0,51.7,0,0
APP005521,747,4,2,39,1,30,4,8,406000.0,17.5,1,0
APP005522,739,5,2,198,5,30,0,4,56900.0,91.4,0,0
APP005523,607,1,1,4,2,30,1,3,2014600.0,9.3,0,0
APP005524,796,3,2,24,0,0,2,5,486200.0,13.1,0,0
APP005525,558,4,3,49,0,0,4,6,10600.0,6.9,0,0
APP005526,728,4,3,77,1,30,0,1,231900.0,95.9,0,0
APP005527,722,1,1,65,2,30,2,6,579300.0,28.2,0,0
APP005528,895,1,1,26,4,30,0,3,26700.0,17.4,3,0
APP005529,780,3,3,10,2,30,1,6,353200.0,35.5,0,0
APP005530,793,2,2,60,0,0,0,1,471900.0,30.6,1,0
APP005531,716,2,2,189,0,0,0,2,465400.0,4.2,0,0
APP005532,551,5,4,73,0,0,0,2,665800.0,57.2,0,0
APP005533,699,1,1,165,1,30,2,4,487100.0,47.3,0,0
APP005534,506,1,1,99,1,120,1,2,142800.0,63.1,0,0
APP005535,655,2,2,9,3,90,3,6,316700.0,57.4,0,0
APP005536,823,5,3,35,1,90,2,4,386600.0,60.9,0,0
APP005537,603,1,1,16,0,0,0,3,344500.0,19.4,0,1
APP005538,773,2,2,194,0,0,2,5,98000.0,47.6,0,1
APP005539,684,6,2,50,0,0,1,4,891300.0,5.3,0,0
APP005540,654,2,2,11,1,60,1,3,83700.0,63.3,0,0
APP005541,728,4,1,127,2,90,2,3,297300.0,28.8,0,1
APP005542,689,4,4,40,0,0,0,1,185800.0,34.0,1,1
APP005543,709,4,0,50,3,30,1,2,53100.0,58.7,0,1
APP005544,900,2,2,23,2,60,2,3,1264100.0,23.1,1,0
APP005545,711,5,0,26,0,0,0,1,551500.0,99.9,0,0
APP005546,800,1,0,70,0,0,3,5,356200.0,85.8,0,0
APP005547,736,1,1,21,0,0,4,8,95400.0,84.4,1,0
APP005548,773,2,2,36,0,0,1,2,249900.0,18.0,0,0
APP005549,746,4,1,21,0,0,0,1,280000.0,9.5,0,0
APP005550,599,8,5,122,0,0,8,9,1839000.0,82.6,0,0
APP005551,657,5,2,78,2,30,2,4,191200.0,69.3,0,0
APP005552,654,5,3,63,0,0,1,2,1399600.0,77.7,0,0
APP005553,720,6,4,60,0,0,0,1,25300.0,85.2,0,0
APP005554,578,4,0,30,0,0,5,7,2219600.0,90.2,0,0
APP005555,627,3,1,101,1,120,3,8,1041300.0,17.2,0,0
APP005556,546,5,2,89,0,0,2,2,553300.0,12.6,0,0
APP005557,699,4,3,33,4,90,1,1,711200.0,15.0,0,0
APP005558,648,3,2,51,1,90,0,3,211400.0,80.9,0,0
APP005559,600,4,1,21,0,0,2,7,335100.0,2.4,1,0
APP005560,643,4,2,19,1,60,1,6,494600.0,80.5,0,0
APP005561,613,2,0,161,0,0,2,3,474700.0,38.0,0,0
APP005562,787,1,0,54,0,0,3,5,206100.0,1.3,0,0
APP005563,711,4,3,191,0,0,1,2,233400.0,74.4,0,0
APP005564,731,0,0,43,3,30,2,4,1812900.0,15.1,0,0
APP005565,637,5,3,68,3,30,2,6,111800.0,12.9,3,0
APP005566,688,4,3,17,1,60,1,3,114000.0,95.6,2,0
APP005567,900,4,0,150,0,0,0,3,1421700.0,91.6,0,0
APP005568,756,5,2,70,1,60,3,7,27600.0,73.0,0,0
APP005569,741,2,1,74,1,30,1,6,385800.0,48.8,1,0
APP005570,804,3,0,12,1,90,4,6,2700.0,25.5,1,0
APP005571,776,4,4,70,0,0,1,2,1410700.0,92.5,0,0
APP005572,754,3,3,144,5,120,1,1,788100.0,11.4,0,1
APP005573,719,2,2,16,0,0,4,8,588900.0,2.7,0,0
APP005574,614,2,2,7,0,0,2,3,835400.0,18.0,0,1
APP005575,698,2,0,74,0,0,2,5,1034500.0,93.4,0,0
APP005576,618,4,1,1,0,0,0,2,265300.0,21.2,0,0
APP005577,783,3,0,33,1,90,2,4,33600.0,76.6,2,0
APP005578,692,2,2,1,1,30,3,5,263500.0,4.9,0,0
APP005579,775,1,1,14,3,120,4,7,654600.0,33.6,1,0
APP005580,651,5,3,60,1,60,0,4,548300.0,51.6,0,0
APP005581,607,4,2,5,0,0,2,2,422100.0,90.4,0,0
APP005582,763,5,3,7,0,0,3,5,14500.0,74.5,0,0
APP005583,601,1,1,65,0,0,4,8,1023700.0,37.3,0,0
APP005584,836,4,0,89,0,0,3,7,897500.0,0.3,0,1
APP005585,764,1,0,22,0,0,0,0,15500.0,13.9,0,1
APP005586,677,6,2,52,2,30,2,5,1769200.0,42.7,0,0
APP005587,648,2,2,53,0,0,1,2,595900.0,23.5,1,0
APP005588,624,5,1,21,0,0,4,6,511200.0,13.8,0,0
APP005589,668,4,0,19,1,120,3,4,793900.0,8.6,0,0
APP005590,782,2,2,57,0,0,5,5,992600.0,51.5,0,0
APP005591,716,3,3,4,0,0,3,4,128700.0,17.4,1,1
APP005592,724,2,2,91,1,30,5,9,1393000.0,67.7,0,1
APP005593,714,0,0,69,0,0,2,2,417400.0,5.4,0,0
APP005594,504,7,2,4,0,0,3,3,9600.0,95.8,0,0
APP005595,769,2,0,77,0,0,1,3,447300.0,12.7,0,1
APP005596,610,4,1,44,0,0,2,6,117200.0,61.5,0,0
APP005597,695,3,0,0,0,0,4,6,575300.0,59.3,1,0
APP005598,866,7,3,56,0,0,2,3,390400.0,57.7,0,0
APP005599,737,4,2,166,1,90,1,1,982300.0,29.6,0,0
APP005600,596,2,2,43,0,0,3,4,230400.0,31.5,0,0
APP005601,728,6,3,122,0,0,3,6,578600.0,93.6,0,0
APP005602,749,1,1,1,0,0,2,4,1422600.0,42.9,2,0
APP005603,671,6,2,11,2,120,2,4,49400.0,28.1,0,1
APP005604,607,3,1,31,1,90,1,5,275000.0,63.0,0,0
APP005605,821,2,2,47,0,0,0,1,2355100.0,15.8,0,0
APP005606,729,4,1,174,0,0,4,7,149100.0,97.9,0,0
APP005607,639,7,2,9,1,60,2,5,15100.0,47.8,0,0
APP005608,705,3,1,18,0,0,2,4,222300.0,50.9,0,0
APP005609,673,6,2,36,4,30,2,3,116600.0,77.8,0,0
APP005610,676,2,2,25,2,90,0,2,704400.0,13.0,0,1
APP005611,687,5,0,72,2,30,1,3,636400.0,20.7,0,0
APP005612,686,3,2,16,0,0,4,4,1130300.0,48.6,0,0
APP005613,627,6,2,33,0,0,3,3,240500.0,90.0,0,0
APP005614,701,4,1,10,0,0,2,2,208000.0,40.7,0,0
APP005615,631,5,1,8,0,0,5,7,268900.0,31.8,1,0
APP005616,711,3,0,12,5,60,3,4,1742200.0,66.2,0,0
APP005617,700,2,2,31,1,60,0,1,835600.0,31.0,0,0
APP005618,787,1,1,5,0,0,2,3,32200.0,54.7,0,0
APP005619,770,3,3,56,0,0,1,2,32300.0,42.4,0,0
APP005620,695,2,0,32,0,0,0,1,134500.0,1.8,0,0
APP005621,681,3,0,18,0,0,1,2,357600.0,82.3,0,0
APP005622,830,4,2,56,2,120,0,2,418000.0,36.4,0,0
APP005623,702,4,0,61,0,0,0,3,1192200.0,61.6,0,0
APP005624,728,3,0,143,1,30,0,3,3299000.0,59.5,0,0
APP005625,750,1,1,2,0,0,0,3,153800.0,52.7,0,0
APP005626,654,2,1,177,0,0,2,6,124800.0,28.8,0,0
APP005627,565,1,1,30,0,0,3,4,289900.0,28.2,0,0
APP005628,584,2,2,19,0,0,0,0,1368100.0,57.5,0,0
APP005629,647,6,1,16,0,0,0,1,357200.0,97.6,0,0
APP005630,643,1,0,105,3,60,0,3,49000.0,25.1,0,0
APP005631,656,3,2,25,2,60,2,5,505800.0,23.2,0,0
APP005632,636,2,2,5,0,0,0,2,173600.0,14.4,0,0
APP005633,717,2,1,39,2,60,1,5,642400.0,56.8,2,0
APP005634,692,1,0,51,0,0,1,5,670200.0,93.0,0,0
APP005635,545,5,2,5,0,0,2,4,1051800.0,85.5,0,0
APP005636,810,1,1,64,0,0,0,3,3239300.0,54.2,2,0
APP005637,601,1,1,177,0,0,1,3,495600.0,24.6,0,0
APP005638,600,3,3,125,1,90,1,6,320700.0,86.2,0,0
APP005639,818,2,2,282,3,30,1,2,684500.0,54.1,0,0
APP005640,667,3,0,60,0,0,0,2,111800.0,2.2,0,1
APP005641,699,1,0,10,1,30,1,3,30700.0,33.3,0,0
APP005642,793,0,0,47,0,0,1,3,119400.0,10.0,1,0
APP005643,719,1,1,24,0,0,2,6,475700.0,78.8,0,2
APP005644,572,3,2,41,0,0,1,4,25000.0,95.4,1,1
APP005645,674,4,3,24,2,30,2,4,799200.0,13.6,0,0
APP005646,843,4,3,35,0,0,1,6,315200.0,43.5,0,0
APP005647,603,1,1,16,0,0,1,4,131100.0,92.3,0,0
APP005648,536,0,0,93,0,0,2,3,1704200.0,76.6,0,0
APP005649,806,0,0,132,0,0,1,3,409200.0,46.0,0,0
APP005650,722,2,1,49,0,0,0,1,1070600.0,5.6,0,0
APP005651,727,4,4,71,0,0,2,3,315100.0,25.6,0,0
APP005652,900,1,1,5,1,60,2,5,345800.0,51.1,3,0
APP005653,800,4,4,45,0,0,2,2,133500.0,28.3,0,0
APP005654,654,2,2,30,1,30,2,4,1018300.0,12.2,0,0
APP005655,765,1,1,39,0,0,2,4,421100.0,44.7,1,0
APP005656,609,3,3,15,2,90,2,3,222300.0,91.5,0,0
APP005657,757,1,1,22,0,0,5,6,155400.0,8.4,2,0
APP005658,716,1,0,1,0,0,1,1,1249700.0,12.3,0,0
APP005659,678,3,2,14,0,0,0,2,29400.0,45.6,0,0
APP005660,593,3,2,268,0,0,0,1,1036600.0,20.4,0,2
APP005661,776,1,1,45,0,0,3,5,137000.0,37.4,1,0
APP005662,856,5,1,56,0,0,0,1,767600.0,12.3,0,0
APP005663,724,5,3,326,0,0,4,6,119300.0,38.0,0,0
APP005664,680,3,1,84,1,120,2,4,672300.0,71.5,0,0
APP005665,802,3,1,161,0,0,3,9,241200.0,10.2,0,0
APP005666,771,3,1,104,1,60,3,5,816100.0,46.8,0,0
APP005667,587,2,1,8,3,30,1,4,427900.0,37.1,0,1
APP005668,761,1,0,58,1,30,3,6,188700.0,62.7,0,0
APP005669,740,1,1,35,0,0,0,1,391900.0,83.9,0,0
APP005670,603,4,3,215,2,30,3,4,480800.0,80.5,2,0
APP005671,635,3,2,74,0,0,5,8,238200.0,6.1,1,1
APP005672,676,3,3,9,0,0,2,4,608900.0,52.9,0,0
APP005673,754,4,3,135,1,90,3,4,140800.0,78.6,0,0
APP005674,664,5,1,67,0,0,5,7,237400.0,3.7,0,0
APP005675,689,2,2,26,0,0,1,4,849200.0,57.4,0,0
APP005676,634,2,0,13,1,30,2,4,4100.0,95.7,0,1
APP005677,654,5,0,101,2,30,1,3,64600.0,32.4,0,0
APP005678,772,3,3,18,0,0,3,4,1151400.0,21.3,0,0
APP005679,687,2,2,71,0,0,0,1,979900.0,90.1,0,0
APP005680,702,3,2,143,0,0,0,4,84600.0,6.3,0,0
APP005681,745,2,2,35,0,0,2,6,255300.0,75.2,0,1
APP005682,648,1,1,13,0,0,1,3,814600.0,54.2,0,0
APP005683,786,2,1,67,0,0,3,8,1253600.0,49.3,0,0
APP005684,597,3,3,107,0,0,0,1,1369900.0,36.1,0,1
APP005685,585,4,1,66,2,60,3,3,98600.0,29.1,0,0
APP005686,711,1,1,3,3,90,1,2,280700.0,14.3,0,0
APP005687,700,7,3,51,0,0,2,3,1839000.0,12.2,0,0
APP005688,666,2,1,12,1,60,4,8,507700.0,40.5,0,1
APP005689,816,5,2,360,0,0,1,1,311800.0,41.3,0,0
APP005690,732,1,1,44,1,30,0,1,552800.0,35.7,0,0
APP005691,765,1,1,67,0,0,2,3,395000.0,34.0,1,0
APP005692,592,3,1,157,0,0,2,5,141800.0,69.7,0,0
APP005693,774,2,2,28,1,30,0,2,1333700.0,2.5,0,0
APP005694,779,1,1,83,0,0,2,3,4043900.0,82.9,0,0
APP005695,841,2,2,29,1,30,3,4,1018500.0,10.9,0,0
APP005696,799,2,1,57,1,30,2,4,1200800.0,24.9,2,0
APP005697,634,2,2,49,1,180,0,5,112000.0,94.9,1,0
APP005698,665,0,0,79,4,60,2,4,378600.0,40.5,0,0
APP005699,567,5,2,5,0,0,3,4,1152600.0,0.7,0,0
APP005700,853,3,2,2,0,0,0,0,136500.0,53.1,1,0
APP005701,821,0,0,16,0,0,5,7,273600.0,27.6,0,0
APP005702,791,4,0,57,0,0,1,2,250000.0,24.8,0,0
APP005703,782,2,2,19,0,0,1,3,452200.0,86.4,0,1
APP005704,623,2,2,62,0,0,3,6,250900.0,99.1,0,0
APP005705,574,3,3,33,2,60,1,2,2186100.0,48.8,1,0
APP005706,735,3,3,24,0,0,1,2,489600.0,78.1,0,0
APP005707,673,4,4,130,1,60,1,6,106500.0,47.3,0,0
APP005708,763,2,0,81,0,0,0,2,1099700.0,30.6,2,0
APP005709,666,3,3,19,0,0,0,4,456600.0,9.1,0,0
APP005710,772,5,4,97,0,0,2,2,650600.0,76.1,0,0
APP005711,742,4,4,65,0,0,2,3,641700.0,99.3,0,0
APP005712,514,3,2,77,0,0,1,4,130800.0,46.1,0,0
APP005713,722,7,1,14,0,0,2,4,331700.0,70.5,0,0
APP005714,680,3,3,158,2,60,4,5,183400.0,86.7,0,0
APP005715,649,1,1,55,3,90,2,4,969000.0,43.7,0,0
APP005716,794,2,1,112,0,0,1,6,41100.0,30.3,0,0
APP005717,629,3,3,21,5,60,3,5,485500.0,59.6,2,0
APP005718,765,2,2,99,1,60,3,5,212400.0,22.2,1,0
APP005719,679,3,2,114,0,0,3,7,25900.0,94.6,0,0
APP005720,612,6,1,14,0,0,4,6,1382800.0,71.3,0,2
APP005721,618,4,4,45,0,0,3,4,1634800.0,92.2,0,0
APP005722,729,3,1,15,0,0,0,0,61200.0,4.5,0,0
APP005723,681,2,2,2,0,0,3,8,262600.0,15.8,0,0
APP005724,624,4,1,49,3,60,0,0,1764200.0,34.0,0,0
APP005725,651,2,2,185,2,60,2,3,159700.0,53.3,0,0
APP005726,614,2,0,12,0,0,3,7,42400.0,89.7,0,0
APP005727,734,3,2,39,0,0,1,2,450600.0,32.0,0,0
APP005728,571,1,1,96,1,90,2,5,37900.0,31.6,0,0
APP005729,679,3,3,2,1,30,2,4,191600.0,56.4,0,0
APP005730,572,2,2,201,1,30,1,4,223600.0,26.7,0,0
APP005731,814,6,5,65,5,120,2,2,962800.0,87.4,0,0
APP005732,699,1,1,92,0,0,1,5,253600.0,34.9,0,0
APP005733,843,6,1,36,1,120,0,3,265500.0,91.8,0,0
APP005734,659,5,2,7,0,0,3,4,462300.0,1.2,0,0
APP005735,606,4,2,116,0,0,2,6,446000.0,81.8,0,0
APP005736,757,3,1,160,4,30,4,8,74100.0,79.3,0,0
APP005737,584,7,1,56,1,120,3,7,533100.0,78.5,0,0
APP005738,620,2,1,98,0,0,2,8,542200.0,86.1,0,0
APP005739,667,5,2,41,0,0,1,2,88900.0,59.0,0,0
APP005740,586,2,2,138,0,0,0,1,593200.0,59.8,0,0
APP005741,736,3,3,36,2,120,1,3,581200.0,89.9,0,0
APP005742,619,5,3,12,0,0,2,2,137600.0,49.4,0,0
APP005743,881,2,2,26,2,90,4,6,157900.0,97.9,0,0
APP005744,846,3,2,62,1,30,1,3,470500.0,27.6,2,0
APP005745,658,1,0,34,1,180,2,2,9100.0,94.2,0,0
APP005746,697,7,2,4,0,0,2,2,499400.0,51.5,0,0
APP005747,639,6,0,7,0,0,4,6,117000.0,27.7,0,0
APP005748,761,4,1,1,0,0,5,7,428400.0,82.6,0,0
APP005749,802,3,1,8,2,30,3,5,449200.0,88.2,0,0
APP005750,594,3,2,32,0,0,4,6,631800.0,6.0,0,0
APP005751,770,4,2,20,0,0,2,4,534600.0,88.8,0,0
APP005752,676,3,1,17,0,0,1,2,2268600.0,46.7,0,0
APP005753,743,3,1,134,1,30,2,7,1825600.0,19.9,0,0
APP005754,690,2,2,47,0,0,2,4,580400.0,22.3,0,0
APP005755,727,5,1,115,1,60,3,4,117200.0,32.2,0,2
APP005756,636,1,1,54,0,0,1,5,119500.0,61.7,0,0
APP005757,834,3,3,360,1,180,0,3,247200.0,64.1,0,1
APP005758,680,2,2,46,0,0,2,3,569100.0,39.8,0,0
APP005759,676,2,2,16,0,0,3,5,50400.0,62.9,0,0
APP005760,767,3,3,132,1,30,1,2,728200.0,77.2,0,0
APP005761,611,2,1,4,0,0,1,3,99200.0,89.4,0,1
APP005762,695,0,0,8,2,60,1,2,90200.0,76.0,1,0
APP005763,685,3,1,44,2,60,2,3,307700.0,47.3,0,0
APP005764,722,3,3,25,1,30,1,4,422300.0,5.9,0,0
APP005765,626,5,0,28,2,90,1,3,280600.0,77.6,0,1
APP005766,771,1,1,161,0,0,2,5,342900.0,79.2,0,0
APP005767,675,1,1,59,4,60,0,2,897400.0,98.5,0,0
APP005768,771,3,3,115,0,0,2,6,1289500.0,10.7,0,0
APP005769,750,2,2,37,1,60,4,7,105800.0,2.7,0,2
APP005770,753,2,2,128,2,60,0,0,192200.0,85.6,0,0
APP005771,784,3,1,20,1,120,3,6,2152800.0,68.6,0,0
APP005772,571,2,2,78,0,0,1,1,1750100.0,7.3,0,0
APP005773,638,3,2,31,4,30,0,0,318200.0,79.7,0,0
APP005774,762,5,1,13,1,30,5,7,51400.0,30.0,0,1
APP005775,644,1,1,21,0,0,4,4,134300.0,87.2,0,1
APP005776,669,2,1,13,1,30,3,5,1009600.0,80.0,2,0
APP005777,740,1,1,2,0,0,1,3,484500.0,8.0,0,0
APP005778,668,3,0,135,0,0,4,7,91000.0,40.6,0,0
APP005779,648,1,1,141,0,0,2,5,192500.0,34.0,0,0
APP005780,606,6,4,3,0,0,3,5,757300.0,14.8,0,0
APP005781,900,2,2,15,0,0,0,3,331500.0,34.2,0,0
APP005782,715,3,3,107,0,0,3,5,735300.0,12.5,0,0
APP005783,654,6,3,21,1,60,0,0,1602200.0,70.3,1,0
APP005784,765,2,2,15,0,0,1,6,1416400.0,51.0,1,0
APP005785,666,5,2,2,4,60,1,3,249700.0,80.1,0,0
APP005786,733,6,2,20,1,90,1,4,322900.0,16.3,1,0
APP005787,782,6,1,97,0,0,5,6,670800.0,11.8,0,0
APP005788,629,3,0,26,2,30,2,3,23900.0,33.2,0,1
APP005789,766,2,2,69,0,0,3,5,322900.0,19.1,0,1
APP005790,719,4,1,16,0,0,2,3,48900.0,72.8,0,0
APP005791,652,4,1,115,0,0,3,6,566400.0,2.7,0,0
APP005792,704,5,4,17,0,0,1,1,1305600.0,20.0,0,0
APP005793,746,2,2,9,1,180,1,2,111400.0,96.2,0,0
APP005794,738,0,0,10,1,60,1,1,1529800.0,9.0,0,0
APP005795,777,3,1,14,0,0,0,1,57400.0,99.8,0,0
APP005796,700,2,0,59,1,90,2,2,401900.0,10.8,0,0
APP005797,679,5,3,12,1,30,1,6,407000.0,43.4,0,0
APP005798,539,4,0,24,1,60,1,2,289300.0,23.8,0,0
APP005799,719,5,2,16,2,30,0,1,162300.0,7.5,0,0
APP005800,606,3,1,319,0,0,4,5,213400.0,27.1,2,1
APP005801,690,5,1,15,1,60,2,2,667200.0,38.2,0,0
APP005802,774,1,1,174,4,60,2,5,219100.0,13.9,0,0
APP005803,774,3,1,22,0,0,0,4,515800.0,22.6,0,0
APP005804,831,3,2,97,5,60,1,3,120600.0,68.9,0,0
APP005805,806,2,2,83,1,30,1,4,117000.0,30.4,0,0
APP005806,687,3,1,105,0,0,2,5,381100.0,1.1,0,0
APP005807,590,1,1,46,1,60,6,10,8600.0,13.2,0,0
APP005808,740,4,1,166,1,60,4,7,57500.0,10.5,0,0
APP005809,557,2,1,8,0,0,1,5,240800.0,76.3,0,0
APP005810,587,0,0,23,2,60,2,3,540600.0,21.4,0,0
APP005811,726,3,1,133,1,180,3,6,99400.0,48.2,0,0
APP005812,856,4,0,87,2,30,1,4,861100.0,13.2,0,0
APP005813,752,3,3,85,0,0,6,8,143000.0,0.0,0,1
APP005814,653,5,2,116,0,0,2,2,292500.0,58.3,0,0
APP005815,686,5,3,49,0,0,1,7,2000.0,0.2,0,0
APP005816,694,2,1,58,0,0,2,3,172600.0,81.8,0,0
APP005817,703,2,1,97,0,0,2,4,141400.0,27.5,2,0
APP005818,637,5,2,36,0,0,3,3,17300.0,82.3,0,0
APP005819,692,2,2,50,1,180,1,1,351800.0,84.5,0,0
APP005820,801,3,1,21,0,0,2,8,708100.0,82.2,0,2
APP005821,662,3,1,16,0,0,1,3,631300.0,97.7,0,0
APP005822,621,4,2,0,0,0,3,4,438800.0,24.0,0,0
APP005823,656,4,3,53,1,60,0,1,342500.0,36.9,1,0
APP005824,897,2,1,6,2,90,2,4,27500.0,18.7,0,0
APP005825,550,4,3,0,4,30,4,6,13900.0,93.8,0,0
APP005826,647,6,0,6,0,0,1,6,399000.0,2.4,0,0
APP005827,668,5,0,2,4,90,4,4,178100.0,83.3,0,0
APP005828,529,4,3,95,0,0,2,4,201800.0,88.6,0,0
APP005829,705,3,3,3,0,0,3,4,871400.0,65.5,0,0
APP005830,677,0,0,239,0,0,4,7,268700.0,39.0,0,0
APP005831,716,1,1,76,0,0,2,3,234900.0,12.7,0,0
APP005832,744,1,1,26,0,0,2,5,1354200.0,20.2,0,0
APP005833,734,4,2,13,0,0,1,6,496100.0,65.7,0,0
APP005834,763,2,0,41,0,0,0,2,354900.0,4.1,0,0
APP005835,690,1,1,4,1,120,0,0,941100.0,39.5,0,0
APP005836,594,5,1,22,0,0,1,5,1229600.0,20.4,0,0
APP005837,811,3,0,80,2,30,2,3,28400.0,16.1,0,0
APP005838,670,1,1,73,1,90,2,3,703600.0,36.6,0,1
APP005839,649,2,2,39,0,0,2,2,1573000.0,31.9,0,0
APP005840,621,4,3,9,1,30,4,11,399600.0,27.5,0,0
APP005841,583,4,1,10,2,90,0,2,512400.0,0.1,0,1
APP005842,774,2,0,73,0,0,2,3,696900.0,20.2,2,0
APP005843,716,1,1,10,1,60,1,1,797200.0,92.5,0,0
APP005844,728,3,1,47,0,0,3,4,217000.0,79.6,0,1
APP005845,767,2,1,60,3,30,1,3,423600.0,98.9,0,0
APP005846,662,4,4,4,0,0,1,3,521300.0,17.8,0,0
APP005847,812,2,2,32,0,0,2,4,110900.0,33.5,2,1
APP005848,566,4,1,68,0,0,1,3,160500.0,81.1,0,0
APP005849,629,3,3,58,2,180,1,2,434500.0,18.5,2,1
APP005850,624,7,2,0,2,90,2,4,193400.0,52.8,0,0
APP005851,731,1,1,19,2,30,5,6,289300.0,72.4,0,0
APP005852,714,2,1,35,0,0,2,4,279800.0,58.2,3,0
APP005853,713,5,1,40,0,0,5,6,594400.0,49.7,0,0
APP005854,708,1,0,100,0,0,3,5,996100.0,48.6,0,1
APP005855,525,3,1,12,0,0,2,3,619600.0,64.1,0,0
APP005856,670,4,4,13,0,0,3,4,357100.0,65.1,0,0
APP005857,690,0,0,0,0,0,3,5,101300.0,45.6,0,1
APP005858,674,1,0,91,0,0,1,2,1117800.0,54.1,0,0
APP005859,894,6,4,31,0,0,5,9,520500.0,98.8,0,0
APP005860,696,3,3,25,2,30,1,2,644900.0,50.1,0,0
APP005861,738,1,0,229,2,90,3,6,325600.0,85.8,0,0
APP005862,588,2,0,30,0,0,3,7,325200.0,70.4,0,1
APP005863,719,2,2,4,4,30,5,6,186400.0,16.7,0,0
APP005864,643,6,4,10,1,30,0,4,164400.0,33.8,0,0
APP005865,895,0,0,98,1,60,2,6,1150900.0,24.7,0,0
APP005866,640,5,1,122,2,30,3,5,118900.0,84.0,0,0
APP005867,654,2,2,25,0,0,4,4,139800.0,18.3,0,0
APP005868,794,8,2,360,0,0,1,4,2981800.0,10.0,0,0
APP005869,612,1,1,126,0,0,0,2,378400.0,61.9,0,0
APP005870,845,3,3,54,0,0,6,9,439900.0,67.0,0,0
APP005871,765,5,0,150,2,90,2,4,1408500.0,52.9,0,0
APP005872,744,4,4,23,0,0,3,4,37600.0,14.3,0,0
APP005873,712,6,5,6,1,180,2,4,277500.0,58.4,0,0
APP005874,484,1,1,125,0,0,2,5,59600.0,45.3,0,2
APP005875,761,5,1,71,2,30,3,5,48600.0,76.6,0,0
APP005876,694,4,1,171,0,0,1,3,235700.0,88.3,0,1
APP005877,694,7,1,15,4,90,1,4,65500.0,93.0,3,0
APP005878,703,1,1,2,0,0,4,9,129200.0,80.0,0,0
APP005879,609,5,3,11,0,0,0,2,445600.0,66.2,0,0
APP005880,725,1,1,28,0,0,2,2,1700.0,64.2,0,0
APP005881,582,2,2,360,0,0,1,2,432400.0,44.7,0,1
APP005882,631,2,1,79,0,0,0,2,192700.0,93.9,0,0
APP005883,722,4,2,37,0,0,2,4,583500.0,84.6,0,0
APP005884,588,7,1,102,0,0,1,3,17400.0,18.2,1,0
APP005885,788,2,1,101,0,0,2,7,1361800.0,35.7,0,0
APP005886,594,4,1,41,2,30,1,4,14300.0,46.8,0,1
APP005887,702,3,1,81,1,30,2,3,120900.0,22.9,0,0
APP005888,704,3,1,7,0,0,2,3,278100.0,97.5,0,0
APP005889,646,1,1,3,0,0,0,1,89900.0,42.4,0,0
APP005890,662,0,0,24,0,0,2,4,450500.0,85.5,0,0
APP005891,734,2,0,10,2,30,2,5,151300.0,96.4,0,0
APP005892,715,3,3,50,4,30,1,5,246600.0,5.4,0,0
APP005893,659,4,0,37,1,30,1,3,765200.0,18.2,0,0
APP005894,791,2,0,81,1,30,2,5,296900.0,67.1,0,0
APP005895,671,7,3,0,2,60,5,6,132800.0,77.6,0,0
APP005896,773,5,1,50,0,0,3,6,563100.0,18.0,0,0
APP005897,654,3,2,137,0,0,2,3,286700.0,97.8,0,0
APP005898,642,3,2,154,0,0,2,4,254400.0,48.4,0,2
APP005899,768,2,1,99,0,0,1,3,214800.0,97.4,0,1
APP005900,643,5,1,161,1,30,1,3,78700.0,81.7,0,0
APP005901,754,6,1,149,2,60,0,4,465000.0,43.4,0,0
APP005902,559,2,2,54,0,0,5,8,557000.0,69.9,2,0
APP005903,622,2,2,22,1,180,1,4,1993100.0,97.6,0,0
APP005904,691,4,2,23,0,0,2,3,58000.0,54.4,0,0
APP005905,676,7,1,27,1,60,5,6,563500.0,80.8,0,0
APP005906,864,5,2,59,4,90,0,1,413000.0,18.1,0,0
APP005907,847,3,3,45,0,0,3,3,83300.0,10.2,0,0
APP005908,789,3,0,16,2,60,3,4,171900.0,95.8,0,0
APP005909,649,5,5,68,1,90,5,5,2206800.0,2.4,0,0
APP005910,733,1,1,72,1,30,2,3,505400.0,42.9,0,0
APP005911,717,2,0,29,5,90,0,5,845600.0,18.5,0,1
APP005912,717,4,0,55,1,30,3,4,374400.0,45.8,0,0
APP005913,633,1,1,95,0,0,0,2,84600.0,27.9,0,0
APP005914,641,6,4,25,1,30,0,3,674000.0,79.8,0,0
APP005915,577,3,2,36,1,60,3,4,157300.0,31.4,0,0
APP005916,666,5,1,40,3,30,1,3,325300.0,1.0,0,0
APP005917,652,5,1,59,0,0,2,5,26300.0,24.9,0,0
APP005918,639,2,2,15,2,60,2,3,111100.0,76.5,0,0
APP005919,655,4,2,4,1,60,3,7,238900.0,15.5,0,0
APP005920,638,4,0,79,0,0,0,1,922000.0,4.9,0,0
APP005921,552,2,2,54,2,30,1,3,82400.0,55.4,0,0
APP005922,706,2,2,75,0,0,0,0,704500.0,86.4,0,0
APP005923,799,2,2,62,0,0,1,4,551200.0,76.0,0,0
APP005924,656,5,3,11,0,0,2,5,124400.0,20.0,0,0
APP005925,754,0,0,75,0,0,5,8,29900.0,1.2,0,0
APP005926,644,4,3,65,0,0,5,7,2291400.0,38.8,0,0
APP005927,723,4,0,24,0,0,1,3,440500.0,5.6,0,0
APP005928,729,1,1,92,0,0,4,8,689500.0,8.4,0,0
APP005929,764,3,3,7,1,30,4,5,292000.0,51.1,0,0
APP005930,726,0,0,64,1,60,4,8,1853000.0,46.3,1,1
APP005931,733,0,0,275,0,0,2,4,18200.0,61.3,0,0
APP005932,614,6,1,0,0,0,3,3,260700.0,25.5,0,2
APP005933,847,1,1,174,5,120,2,2,1281300.0,62.9,1,0
APP005934,640,3,3,109,1,90,3,8,820500.0,31.4,0,2
APP005935,814,3,1,157,1,60,2,6,251800.0,64.1,0,0
APP005936,770,4,1,53,1,120,1,4,122900.0,41.3,0,0
APP005937,602,3,1,127,1,60,1,2,39700.0,91.0,0,0
APP005938,815,3,2,76,2,60,5,10,707000.0,34.3,0,0
APP005939,640,4,2,30,0,0,5,7,677500.0,90.1,0,0
APP005940,900,3,2,78,0,0,1,1,43400.0,89.4,1,1
APP005941,725,3,0,52,0,0,1,2,59300.0,93.0,0,0
APP005942,505,2,1,32,0,0,2,4,204200.0,85.7,1,0
APP005943,833,5,0,199,0,0,3,5,951100.0,32.6,0,1
APP005944,703,3,1,20,0,0,2,4,572200.0,32.6,0,0
APP005945,797,1,1,189,0,0,0,4,432700.0,69.2,0,0
APP005946,724,2,2,12,0,0,2,4,96300.0,65.3,0,0
APP005947,708,1,1,134,1,30,2,3,811200.0,19.2,0,0
APP005948,772,1,1,35,0,0,2,5,2652200.0,71.1,0,0
APP005949,626,5,4,20,3,30,3,5,1225600.0,34.0,0,0
APP005950,822,7,4,48,0,0,3,7,27200.0,55.0,0,0
APP005951,815,2,1,23,1,60,3,3,912300.0,57.0,0,0
APP005952,650,2,2,40,0,0,4,9,377800.0,1.3,0,0
APP005953,751,1,1,3,0,0,2,3,556600.0,96.7,0,0
APP005954,692,4,4,20,0,0,3,3,1090800.0,25.0,0,0
APP005955,601,4,4,0,0,0,5,6,418200.0,47.3,0,0
APP005956,714,5,0,164,0,0,3,7,364000.0,74.0,0,0
APP005957,739,2,2,9,0,0,1,2,1084200.0,48.6,1,0
APP005958,725,3,0,23,0,0,0,3,137500.0,56.9,0,0
APP005959,720,3,3,0,0,0,0,5,198700.0,94.1,0,1
APP005960,715,2,2,14,0,0,4,6,82200.0,93.7,0,0
APP005961,840,2,2,72,2,90,3,5,188900.0,2.7,1,0
APP005962,809,4,3,56,0,0,7,8,454300.0,3.5,0,0
APP005963,749,1,1,0,0,0,1,3,604700.0,77.8,0,0
APP005964,704,5,5,79,1,30,2,7,612400.0,59.5,0,0
APP005965,676,1,0,2,1,30,3,5,2334700.0,95.8,0,2
APP005966,734,8,0,51,0,0,2,3,1884100.0,41.6,0,0
APP005967,660,0,0,38,0,0,2,4,250100.0,46.8,0,0
APP005968,721,3,1,15,1,30,1,2,336900.0,43.9,0,0
APP005969,697,3,1,13,0,0,3,5,596100.0,85.8,0,0
APP005970,682,0,0,112,1,30,2,4,729600.0,8.5,0,0
APP005971,732,5,1,66,2,30,1,2,2099400.0,60.6,0,0
APP005972,686,4,4,87,0,0,1,3,83100.0,77.4,0,0
APP005973,681,4,2,62,1,30,0,3,179100.0,18.7,0,0
APP005974,700,1,1,75,2,30,0,2,475600.0,93.1,0,0
APP005975,639,1,1,0,0,0,3,6,10100.0,98.4,1,0
APP005976,615,4,2,89,2,180,5,7,55000.0,99.7,1,0
APP005977,674,2,2,21,0,0,0,3,32100.0,12.0,0,0
APP005978,728,4,0,74,0,0,4,5,281100.0,19.0,0,0
APP005979,760,3,1,71,0,0,1,6,329400.0,55.1,0,1
APP005980,623,4,4,22,4,180,1,3,415400.0,57.3,0,0
APP005981,701,1,1,54,0,0,0,5,121400.0,89.9,0,0
APP005982,746,5,4,91,1,30,1,3,293800.0,89.3,0,0
APP005983,712,1,1,56,0,0,1,1,289200.0,2.0,0,0
APP005984,760,4,0,90,0,0,1,2,67100.0,32.7,0,0
APP005985,619,3,1,0,1,30,1,2,60200.0,87.0,0,0
APP005986,554,3,2,10,0,0,2,6,40100.0,37.8,0,0
APP005987,776,7,1,2,5,60,2,3,647600.0,13.3,0,1
APP005988,747,1,1,55,0,0,4,5,818700.0,66.5,0,0
APP005989,883,6,0,46,0,0,0,1,219300.0,11.9,0,0
APP005990,679,2,0,30,3,90,3,5,367100.0,9.9,0,0
APP005991,759,2,2,9,1,30,1,4,553900.0,30.7,0,0
APP005992,721,5,2,92,0,0,3,5,652000.0,33.1,0,0
APP005993,634,4,1,18,0,0,2,3,234700.0,68.7,0,1
APP005994,708,1,1,28,0,0,2,3,593700.0,71.6,0,0
APP005995,765,1,0,25,1,120,0,1,641800.0,38.3,0,2
APP005996,690,1,1,85,0,0,3,4,163500.0,55.0,0,0
APP005997,732,8,2,179,2,120,4,5,323500.0,52.5,0,0
APP005998,608,4,4,30,0,0,3,6,1267300.0,50.6,1,0
APP005999,653,4,3,139,2,60,4,5,1084900.0,7.5,0,1
APP006000,692,6,1,13,1,30,0,2,65600.0,98.0,0,1
APP006001,797,1,1,17,3,30,2,5,262900.0,30.5,0,0
APP006002,753,2,1,12,0,0,1,1,238200.0,83.5,0,1
APP006003,685,2,1,16,0,0,0,1,409300.0,68.0,0,0
APP006004,726,4,2,129,0,0,0,4,390300.0,61.3,1,0
APP006005,687,4,1,165,1,180,2,3,106200.0,39.5,1,0
APP006006,652,1,1,66,0,0,1,3,54900.0,37.2,0,1
APP006007,584,7,2,37,0,0,0,1,1195400.0,59.7,0,0
APP006008,694,6,2,35,0,0,2,4,57200.0,77.3,0,0
APP006009,694,1,1,83,4,90,2,5,539800.0,37.2,0,0
APP006010,641,2,1,80,5,60,1,3,1203900.0,60.8,0,0
APP006011,712,5,3,77,0,0,3,8,732500.0,69.2,0,0
APP006012,692,2,2,30,0,0,5,6,330000.0,81.5,0,0
APP006013,802,2,2,27,0,0,1,1,677900.0,80.3,1,0
APP006014,708,2,2,74,0,0,2,5,191100.0,97.9,0,0
APP006015,836,8,1,17,0,0,4,5,189900.0,18.9,0,0
APP006016,766,6,2,31,0,0,2,2,504800.0,93.0,0,0
APP006017,798,3,1,28,0,0,1,3,253300.0,66.1,0,0
APP006018,706,1,1,6,4,180,0,5,398000.0,0.8,0,0
APP006019,900,4,3,42,0,0,3,3,11200.0,48.9,1,0
APP006020,769,3,3,153,1,30,2,3,376400.0,41.2,0,0
APP006021,552,4,1,3,1,180,2,4,772300.0,41.9,0,0
APP006022,556,3,3,20,0,0,2,4,337500.0,74.2,0,0
APP006023,647,2,0,93,2,60,5,5,131500.0,14.1,0,0
APP006024,743,2,2,17,0,0,1,5,79800.0,95.1,0,0
APP006025,739,5,0,0,0,0,1,3,486900.0,14.4,0,0
APP006026,690,0,0,23,1,30,3,7,1146000.0,89.8,0,0
APP006027,652,6,5,9,2,90,3,4,401600.0,10.4,0,0
APP006028,705,2,2,8,1,90,1,3,267500.0,91.8,0,0
APP006029,697,1,1,79,1,30,0,1,173000.0,11.9,0,0
APP006030,808,2,2,49,0,0,4,5,280300.0,67.8,1,0
APP006031,725,2,2,47,0,0,0,1,348800.0,79.6,1,0
APP006032,701,5,3,105,0,0,1,3,307600.0,32.7,1,1
APP006033,823,4,4,224,3,90,1,3,124400.0,98.8,0,2
APP006034,798,4,1,58,5,90,4,5,238200.0,88.1,1,0
APP006035,778,5,1,17,2,30,3,4,286100.0,47.0,0,0
APP006036,712,1,1,8,2,90,2,5,304300.0,86.7,0,1
APP006037,632,4,2,67,5,120,3,4,456500.0,56.8,0,0
APP006038,784,5,1,28,1,120,3,6,10400.0,98.5,0,0
APP006039,689,2,2,6,0,0,2,5,298200.0,91.4,0,0
APP006040,690,6,2,4,0,0,3,6,101800.0,72.3,0,0
APP006041,661,0,0,116,0,0,1,1,1052100.0,44.2,1,1
APP006042,720,1,1,28,3,180,3,4,333500.0,46.5,0,0
APP006043,650,8,1,96,0,0,1,1,1402900.0,1.4,0,0
APP006044,704,6,1,17,0,0,2,3,649300.0,88.6,0,1
APP006045,737,0,0,194,2,120,2,4,1451600.0,84.7,0,0
APP006046,726,1,1,61,4,90,1,2,164200.0,61.7,0,0
APP006047,729,4,2,1,0,0,4,7,18000.0,49.5,0,0
APP006048,709,4,4,171,5,30,2,5,229600.0,27.9,2,0
APP006049,727,3,3,2,1,60,1,2,146300.0,79.1,0,0
APP006050,592,4,2,58,3,30,3,5,92800.0,65.7,2,0
APP006051,662,3,1,42,0,0,0,1,484100.0,27.8,0,0
APP006052,579,2,1,59,0,0,1,3,134300.0,92.3,1,1
APP006053,641,3,1,53,0,0,2,3,397500.0,51.7,0,0
APP006054,641,4,2,131,1,30,2,5,980700.0,37.6,0,0
APP006055,748,2,2,15,0,0,3,7,299600.0,63.7,1,0
APP006056,641,7,2,74,2,60,1,4,2674400.0,88.4,0,0
APP006057,511,2,1,21,0,0,0,3,37700.0,78.8,0,0
APP006058,572,5,2,45,0,0,1,2,305500.0,65.4,0,0
APP006059,758,5,1,22,4,180,1,3,182200.0,53.8,1,2
APP006060,617,2,2,229,0,0,1,5,882700.0,39.4,0,0
APP006061,729,3,3,77,0,0,2,2,156500.0,50.0,0,0
APP006062,627,1,0,12,2,120,3,4,1061600.0,60.7,0,0
APP006063,694,1,1,7,0,0,3,6,95000.0,69.2,0,0
APP006064,692,5,1,143,0,0,2,6,317600.0,89.4,0,2
APP006065,613,4,3,20,0,0,0,4,4900.0,24.3,0,0
APP006066,810,1,1,140,1,30,4,5,48700.0,27.0,0,0
APP006067,633,1,1,8,2,60,1,3,41000.0,47.0,0,0
APP006068,845,2,0,9,3,60,1,2,1500.0,20.4,2,0
APP006069,655,4,1,154,0,0,3,3,691100.0,0.4,2,0
APP006070,763,1,1,91,0,0,0,2,846500.0,29.5,0,0
APP006071,539,1,1,5,1,60,3,3,566400.0,36.5,0,0
APP006072,461,8,1,31,0,0,3,6,130800.0,87.3,0,0
APP006073,739,2,1,27,0,0,4,6,543300.0,4.4,1,0
APP006074,749,4,4,32,5,60,2,3,367200.0,25.7,0,0
APP006075,781,2,2,132,0,0,3,4,1049400.0,51.8,0,0
APP006076,746,2,2,156,0,0,1,4,477100.0,12.6,1,0
APP006077,583,2,2,52,0,0,1,6,148800.0,9.4,0,0
APP006078,777,4,3,98,3,90,2,5,418500.0,98.3,0,0
APP006079,703,1,1,113,2,30,3,5,227000.0,68.5,2,0
APP006080,489,3,2,3,1,60,5,5,283700.0,74.8,0,0
APP006081,567,3,2,140,3,180,3,6,125100.0,83.4,0,0
APP006082,514,4,0,225,0,0,3,3,304400.0,94.6,0,0
APP006083,809,1,1,17,0,0,0,0,412200.0,0.6,0,0
APP006084,720,4,3,20,0,0,0,1,539800.0,10.5,0,0
APP006085,752,2,1,33,0,0,2,4,61800.0,77.1,0,0
APP006086,654,3,1,43,0,0,1,5,401200.0,76.8,1,0
APP006087,784,2,2,40,1,90,3,3,498000.0,40.5,0,0
APP006088,655,1,0,55,0,0,0,0,94900.0,78.4,0,1
APP006089,694,1,1,7,0,0,1,2,264400.0,7.4,0,0
APP006090,575,0,0,20,0,0,0,1,557200.0,36.2,0,1
APP006091,742,0,0,149,2,30,1,3,371300.0,38.3,1,0
APP006092,772,4,1,2,0,0,0,4,214400.0,23.5,2,0
APP006093,763,1,1,20,0,0,0,2,38300.0,2.2,1,0
APP006094,792,1,1,245,0,0,1,4,1116000.0,41.3,0,2
APP006095,761,2,2,0,0,0,1,1,574300.0,46.4,0,0
APP006096,682,1,1,37,0,0,0,1,1279100.0,23.0,0,0
APP006097,700,2,0,46,0,0,2,3,277800.0,8.1,0,0
APP006098,706,3,3,4,4,90,1,3,210100.0,21.7,0,0
APP006099,688,3,2,179,1,30,1,3,29900.0,0.1,0,0
APP006100,882,4,4,202,0,0,1,2,611300.0,9.7,0,0
APP006101,642,2,1,104,3,60,2,4,404400.0,6.3,0,0
APP006102,632,4,1,18,0,0,2,3,521500.0,6.3,0,0
APP006103,735,3,2,60,0,0,3,4,180900.0,48.2,0,0
APP006104,781,1,1,3,2,30,0,2,291700.0,18.4,1,0
APP006105,604,2,2,339,3,30,1,2,25600.0,8.4,1,0
APP006106,786,1,1,49,0,0,2,5,114800.0,17.0,0,0
APP006107,690,6,1,113,0,0,3,5,170600.0,34.0,0,0
APP006108,729,1,0,37,0,0,2,6,472700.0,76.0,0,0
APP006109,648,3,1,94,1,30,4,5,723400.0,76.6,0,0
APP006110,733,0,0,91,5,60,0,0,164300.0,7.9,0,0
APP006111,635,3,3,54,2,60,1,4,2000.0,5.2,0,0
APP006112,824,2,1,26,0,0,4,6,75000.0,17.1,0,0
APP006113,647,1,1,16,0,0,4,7,254600.0,58.1,3,0
APP006114,732,4,0,15,0,0,0,1,940500.0,7.7,0,0
APP006115,678,3,3,5,2,60,2,5,998100.0,56.6,0,0
APP006116,900,1,1,10,2,30,1,5,40100.0,85.9,0,0
APP006117,770,2,2,23,0,0,0,6,815900.0,35.0,0,0
APP006118,610,4,1,15,0,0,1,5,758000.0,73.9,0,0
APP006119,676,1,0,29,2,30,1,2,277000.0,64.8,1,0
APP006120,763,2,2,77,5,30,0,1,111200.0,29.4,0,0
APP006121,694,4,3,30,0,0,2,7,4700.0,57.8,0,0
APP006122,900,6,3,54,5,30,1,2,224700.0,98.5,0,0
APP006123,756,1,1,41,0,0,0,1,837300.0,95.8,0,1
APP006124,550,3,0,14,0,0,1,4,938600.0,56.3,0,0
APP006125,862,6,2,58,0,0,2,4,233100.0,86.2,0,0
APP006126,730,3,1,11,0,0,2,2,101400.0,14.9,0,0
APP006127,827,1,1,40,0,0,1,3,99700.0,77.4,0,0
APP006128,797,6,1,49,2,180,2,5,449400.0,3.7,0,0
APP006129,777,3,0,24,0,0,3,5,345800.0,11.1,0,2
APP006130,676,4,0,133,0,0,2,5,296600.0,45.0,0,0
APP006131,679,2,0,34,0,0,3,5,255600.0,97.4,0,0
APP006132,679,2,2,31,0,0,2,3,603100.0,34.1,0,0
APP006133,728,4,1,6,0,0,3,8,1135900.0,77.0,0,0
APP006134,761,3,1,135,0,0,4,6,249400.0,69.7,0,0
APP006135,622,0,0,65,2,90,0,2,169500.0,2.7,0,0
APP006136,747,3,2,16,0,0,0,3,2481600.0,46.8,0,0
APP006137,788,0,0,57,1,30,4,7,561200.0,37.5,0,0
APP006138,709,1,1,23,1,90,5,8,463300.0,71.2,1,1
APP006139,773,7,3,0,0,0,5,7,726900.0,5.9,0,0
APP006140,576,3,3,54,0,0,2,7,372100.0,0.2,0,0
APP006141,703,3,2,38,0,0,5,6,21900.0,25.0,2,0
APP006142,734,1,1,22,3,60,0,1,7500.0,88.6,0,0
APP006143,631,4,2,33,0,0,6,6,1145000.0,90.3,0,0
APP006144,661,3,2,30,0,0,1,3,64300.0,48.7,0,2
APP006145,706,1,1,3,1,30,3,3,10200.0,14.4,0,1
APP006146,527,7,1,28,0,0,1,1,181700.0,68.2,0,0
APP006147,563,1,1,18,0,0,2,4,348100.0,76.1,0,0
APP006148,639,4,4,61,0,0,1,2,213400.0,50.3,0,0
APP006149,640,3,3,7,2,90,3,6,452100.0,6.7,0,0
APP006150,749,4,4,121,0,0,0,3,342800.0,54.7,0,0
APP006151,735,7,0,0,1,60,2,5,313400.0,68.8,0,0
APP006152,689,0,0,67,2,30,2,3,748500.0,30.6,0,0
APP006153,694,4,3,99,0,0,1,2,2900.0,45.0,2,0
APP006154,646,3,2,35,0,0,0,0,98900.0,60.7,0,1
APP006155,752,4,1,78,0,0,4,6,1348500.0,89.2,0,0
APP006156,592,3,3,128,0,0,4,7,954300.0,94.7,2,1
APP006157,811,5,3,36,4,90,5,8,156900.0,13.7,0,0
APP006158,693,2,2,50,4,90,5,10,1427000.0,89.5,0,0
APP006159,784,1,1,53,1,60,4,6,774000.0,29.1,0,0
APP006160,684,0,0,18,0,0,0,2,395100.0,66.2,1,0
APP006161,797,4,1,33,3,30,0,5,246900.0,2.0,0,1
APP006162,695,3,1,14,0,0,6,7,209200.0,61.7,0,0
APP006163,714,4,2,54,0,0,0,5,74500.0,54.3,0,0
APP006164,776,3,3,86,0,0,2,5,210200.0,26.1,2,0
APP006165,755,5,1,4,0,0,1,2,1086700.0,74.0,0,0
APP006166,572,1,1,66,0,0,3,7,251500.0,87.3,0,0
APP006167,699,1,1,90,0,0,1,3,93800.0,60.0,0,0
APP006168,589,5,2,59,0,0,3,3,53500.0,99.3,2,0
APP006169,653,3,2,11,1,60,1,3,566500.0,13.8,0,1
APP006170,587,1,1,33,5,30,1,5,754700.0,23.2,0,0
APP006171,651,3,2,16,0,0,3,5,547800.0,61.6,0,0
APP006172,674,3,1,64,0,0,4,6,883900.0,60.3,0,0
APP006173,627,3,2,204,1,30,0,0,901600.0,54.2,0,0
APP006174,642,0,0,11,0,0,3,6,128100.0,31.1,0,0
APP006175,656,3,3,5,3,30,4,7,46700.0,37.7,0,0
APP006176,613,9,3,83,1,30,2,5,180400.0,41.9,0,1
APP006177,556,3,2,118,0,0,3,6,221700.0,17.9,1,0
APP006178,672,3,1,122,0,0,3,3,1386600.0,4.8,0,0
APP006179,687,1,1,64,0,0,1,2,40400.0,33.3,0,0
APP006180,722,1,0,62,0,0,1,2,345400.0,7.6,0,0
APP006181,624,6,2,48,0,0,3,4,648600.0,90.1,0,0
APP006182,712,1,1,13,0,0,0,6,628500.0,79.3,0,0
APP006183,644,3,2,147,0,0,2,4,249900.0,13.6,0,0
APP006184,823,3,3,18,1,30,0,2,130100.0,3.3,0,0
APP006185,621,4,2,7,0,0,0,3,425000.0,8.0,0,0
APP006186,767,1,1,19,2,90,4,6,377700.0,56.0,0,1
APP006187,743,2,2,25,0,0,2,2,1539600.0,6.1,1,0
APP006188,689,0,0,0,0,0,4,6,129800.0,85.4,0,0
APP006189,721,2,2,3,1,120,2,3,276400.0,49.3,0,0
APP006190,559,3,0,15,0,0,3,6,1027500.0,95.6,0,0
APP006191,596,1,0,99,0,0,3,7,222200.0,8.0,1,1
APP006192,806,3,1,95,0,0,3,7,741800.0,39.2,0,0
APP006193,745,2,2,36,2,180,5,7,2000.0,82.2,0,0
APP006194,749,3,2,86,3,90,1,6,666500.0,87.6,0,0
APP006195,801,4,4,52,0,0,0,1,42200.0,42.9,0,0
APP006196,808,3,3,1,0,0,2,4,401300.0,52.2,0,0
APP006197,728,2,2,118,1,30,3,4,350800.0,68.1,0,0
APP006198,676,3,2,0,0,0,1,2,305600.0,64.7,0,1
APP006199,676,4,1,65,0,0,1,4,2475600.0,77.2,0,0
APP006200,721,2,2,48,0,0,5,5,1989800.0,95.4,0,0
APP006201,754,1,1,41,5,90,2,2,110700.0,6.6,1,0
APP006202,650,2,1,29,3,60,4,6,398100.0,49.7,0,0
APP006203,767,4,0,47,0,0,5,7,65600.0,17.7,0,0
APP006204,638,2,2,288,2,120,3,3,1038600.0,22.0,0,1
APP006205,810,4,0,61,0,0,5,6,285500.0,28.9,1,0
APP006206,562,3,2,41,0,0,4,5,291400.0,35.9,0,0
APP006207,698,5,1,101,2,30,0,4,446800.0,61.3,0,0
APP006208,751,3,2,149,0,0,2,5,837000.0,33.8,0,0
APP006209,786,3,1,21,5,90,0,2,368800.0,44.3,1,0
APP006210,774,1,1,47,1,90,3,5,1059700.0,25.5,0,0
APP006211,738,2,1,8,2,30,1,2,309300.0,12.5,0,0
APP006212,759,8,1,53,1,30,1,1,351900.0,5.3,0,0
APP006213,705,3,3,83,0,0,3,5,1889300.0,89.0,0,0
APP006214,674,0,0,70,0,0,1,4,104500.0,11.6,0,0
APP006215,597,5,3,58,1,60,0,1,559000.0,40.4,0,0
APP006216,709,4,4,117,0,0,1,2,1409400.0,41.7,0,0
APP006217,731,2,1,89,0,0,1,2,1037100.0,61.4,0,0
APP006218,699,7,1,14,0,0,0,2,7000.0,77.5,0,0
APP006219,622,2,2,14,0,0,3,4,1080900.0,18.6,0,0
APP006220,723,4,0,19,0,0,0,2,198600.0,96.8,0,0
APP006221,643,2,2,103,0,0,4,6,416300.0,44.7,1,0
APP006222,757,2,0,31,1,90,1,1,117200.0,91.0,0,0
APP006223,727,2,1,229,0,0,2,4,1540900.0,11.8,0,0
APP006224,791,0,0,19,0,0,3,7,357400.0,18.9,0,0
APP006225,650,5,1,10,0,0,2,7,392200.0,30.8,1,0
APP006226,621,2,2,52,1,30,1,1,943500.0,76.2,0,0
APP006227,671,1,1,167,0,0,3,6,108000.0,51.6,0,0
APP006228,628,1,1,73,0,0,2,4,551000.0,56.4,0,0
APP006229,896,4,1,54,0,0,1,1,247700.0,77.9,0,2
APP006230,723,2,2,7,0,0,3,8,802900.0,96.3,0,0
APP006231,625,4,2,63,1,30,2,3,34200.0,57.8,0,0
APP006232,789,3,2,24,0,0,4,4,22100.0,86.5,2,0
APP006233,594,4,4,7,2,60,0,0,738800.0,5.1,0,0
APP006234,536,2,1,238,0,0,0,1,1408900.0,98.2,1,1
APP006235,635,6,1,125,0,0,3,4,410100.0,71.7,0,0
APP006236,613,1,1,180,0,0,2,3,104200.0,12.5,0,0
APP006237,654,3,1,105,0,0,2,3,1351500.0,72.8,1,0
APP006238,724,3,2,211,0,0,2,5,614000.0,88.0,0,0
APP006239,742,3,3,2,1,30,3,9,239400.0,55.1,0,0
APP006240,599,2,0,128,0,0,0,3,302200.0,25.3,0,0
APP006241,668,3,1,9,0,0,6,7,185800.0,32.8,0,0
APP006242,724,4,1,75,0,0,0,1,129600.0,80.8,0,0
APP006243,633,1,1,74,0,0,3,4,662400.0,4.1,0,0
APP006244,733,4,3,155,1,30,3,4,2004600.0,97.9,0,0
APP006245,759,3,1,28,0,0,3,5,702600.0,87.8,0,0
APP006246,714,3,3,12,0,0,2,4,893300.0,58.4,0,0
APP006247,773,4,2,57,5,120,2,5,101300.0,4.5,0,0
APP006248,674,0,0,10,0,0,1,4,130000.0,11.7,0,0
APP006249,775,2,2,4,0,0,2,3,350100.0,87.5,0,0
APP006250,748,7,5,17,0,0,2,3,19400.0,73.1,1,0
APP006251,777,2,2,3,0,0,2,4,100600.0,98.9,0,0
APP006252,763,2,1,3,0,0,1,5,204300.0,23.7,0,0
APP006253,669,2,1,49,0,0,3,5,1193400.0,97.8,1,0
APP006254,642,2,2,125,1,60,2,5,823100.0,25.5,0,0
APP006255,790,4,2,36,0,0,1,3,1297200.0,6.4,0,0
APP006256,546,6,2,36,5,90,1,2,427600.0,18.4,0,0
APP006257,658,3,3,70,0,0,0,3,834900.0,78.2,2,0
APP006258,709,4,1,11,0,0,0,2,35200.0,62.1,0,0
APP006259,589,2,2,6,0,0,2,4,826300.0,57.9,0,0
APP006260,674,2,0,57,0,0,1,3,672700.0,42.0,0,0
APP006261,619,1,1,249,0,0,3,4,191800.0,6.9,0,0
APP006262,665,4,1,9,0,0,3,5,226400.0,41.0,0,0
APP006263,774,2,1,10,0,0,1,2,225200.0,4.6,0,0
APP006264,683,2,1,100,1,60,2,3,412400.0,26.8,1,0
APP006265,720,3,2,31,2,30,4,5,1145300.0,22.9,0,1
APP006266,685,3,2,39,1,30,2,4,1169500.0,55.3,2,0
APP006267,636,1,1,62,0,0,3,7,71000.0,66.7,0,0
APP006268,786,2,2,10,0,0,1,3,56200.0,88.5,0,0
APP006269,699,0,0,44,0,0,4,8,180700.0,88.6,0,0
APP006270,807,5,2,112,1,30,4,5,670600.0,53.8,0,0
APP006271,657,3,3,87,0,0,1,3,457000.0,74.6,0,0
APP006272,708,5,4,45,1,60,2,2,417500.0,81.4,0,0
APP006273,718,3,2,259,0,0,2,3,37700.0,98.0,0,0
APP006274,642,6,2,35,0,0,1,5,301000.0,63.1,0,0
APP006275,579,6,1,50,0,0,1,3,1168800.0,9.2,0,1
APP006276,835,2,2,136,0,0,0,0,1352200.0,28.4,0,0
APP006277,744,0,0,74,1,180,1,5,302900.0,74.5,0,0
APP006278,649,2,0,170,2,60,0,2,1238700.0,28.2,0,0
APP006279,750,4,1,21,0,0,2,6,1759800.0,70.5,0,0
APP006280,707,3,3,56,0,0,2,4,625500.0,56.1,0,0
APP006281,727,1,0,119,3,60,3,5,104600.0,49.7,0,0
APP006282,775,3,3,105,0,0,0,3,122900.0,94.6,0,0
APP006283,681,2,2,64,0,0,2,4,8300.0,17.3,0,0
APP006284,681,5,0,17,0,0,3,3,156100.0,1.4,2,0
APP006285,843,3,1,12,0,0,3,7,89300.0,27.1,0,0
APP006286,866,5,4,85,2,120,3,8,307800.0,58.7,0,0
APP006287,710,2,2,81,0,0,0,0,20900.0,14.5,0,0
APP006288,568,6,1,19,0,0,3,8,75900.0,15.0,0,0
APP006289,811,8,0,28,1,30,1,2,573200.0,6.7,0,0
APP006290,808,5,3,145,0,0,1,4,842900.0,61.0,1,0
APP006291,800,4,0,50,3,60,2,5,566900.0,82.8,0,0
APP006292,669,3,3,38,0,0,0,2,497300.0,97.2,0,0
APP006293,690,3,1,28,0,0,2,4,901600.0,32.7,0,0
APP006294,428,4,3,47,2,60,1,3,2295700.0,61.8,0,0
APP006295,686,0,0,40,0,0,1,3,1329000.0,68.6,0,0
APP006296,681,2,2,32,2,60,1,4,683000.0,75.5,0,1
APP006297,757,2,0,1,1,120,0,1,640400.0,22.7,1,0
APP006298,832,3,0,139,0,0,2,3,1079400.0,19.5,0,0
APP006299,766,4,4,36,1,30,1,3,246900.0,2.0,3,0
APP006300,741,2,0,41,1,30,1,4,500800.0,54.3,0,0
APP006301,715,3,2,136,0,0,2,4,95800.0,79.3,0,0
APP006302,773,5,0,80,0,0,1,1,747700.0,11.6,0,1
APP006303,749,0,0,38,1,30,2,3,547500.0,57.9,0,0
APP006304,794,3,2,45,0,0,4,6,860500.0,14.1,0,0
APP006305,767,7,4,9,1,90,1,5,653700.0,54.0,0,0
APP006306,810,2,2,25,0,0,1,4,2395700.0,55.5,1,0
APP006307,810,3,3,6,0,0,2,7,1878800.0,86.6,0,0
APP006308,670,3,1,10,1,90,0,2,225600.0,9.6,0,0
APP006309,712,2,2,13,0,0,2,4,370300.0,56.8,0,0
APP006310,777,7,1,16,0,0,0,2,802700.0,37.6,0,0
APP006311,723,5,2,58,0,0,2,2,297000.0,77.1,0,0
APP006312,745,5,1,53,2,60,3,6,3192200.0,91.0,0,0
APP006313,748,3,3,97,2,60,3,6,386500.0,51.3,3,0
APP006314,793,0,0,7,5,30,3,3,903100.0,23.6,1,0
APP006315,602,5,1,131,0,0,5,7,840600.0,97.2,0,0
APP006316,629,3,2,40,0,0,1,3,673000.0,82.9,0,0
APP006317,802,4,1,152,0,0,1,2,432700.0,23.1,0,0
APP006318,717,3,0,13,0,0,2,4,915800.0,50.5,0,0
APP006319,674,3,3,118,0,0,2,5,238200.0,42.5,1,0
APP006320,719,2,1,33,2,30,1,1,883100.0,31.1,0,0
APP006321,807,2,2,25,2,90,2,3,771200.0,87.4,0,0
APP006322,779,4,1,47,0,0,1,3,647700.0,90.2,0,0
APP006323,791,5,0,184,0,0,3,7,279700.0,69.9,0,0
APP006324,640,6,1,189,0,0,1,1,90400.0,25.9,0,0
APP006325,725,5,1,27,0,0,1,2,450900.0,43.5,0,0
APP006326,468,2,2,29,0,0,2,4,60300.0,23.1,0,0
APP006327,522,0,0,117,0,0,3,5,811300.0,85.4,0,0
APP006328,817,2,1,32,0,0,1,3,600500.0,65.7,0,0
APP006329,758,3,2,42,3,60,1,3,113000.0,72.0,0,2
APP006330,686,2,2,55,3,30,4,5,109800.0,62.7,0,0
APP006331,805,2,2,6,0,0,2,3,238500.0,26.6,0,0
APP006332,900,2,2,71,0,0,3,6,1107600.0,10.2,0,0
APP006333,771,1,1,14,2,60,3,4,786600.0,67.6,0,0
APP006334,659,3,3,25,0,0,0,2,78500.0,46.9,0,0
APP006335,650,4,2,44,1,60,1,3,532600.0,8.6,0,0
APP006336,806,5,3,51,3,90,4,6,230900.0,89.5,0,0
APP006337,682,1,1,35,1,60,0,3,119000.0,13.5,0,0
APP006338,650,1,1,98,0,0,2,5,9100.0,27.6,0,0
APP006339,705,5,5,73,1,30,3,5,30700.0,43.4,2,2
APP006340,763,4,2,58,0,0,6,9,46000.0,68.6,0,0
APP006341,638,2,0,18,0,0,1,4,1964000.0,98.0,0,0
APP006342,713,3,2,37,2,30,1,2,100500.0,44.1,1,0
APP006343,722,2,2,38,0,0,1,1,311700.0,88.6,0,0
APP006344,671,4,2,167,0,0,0,1,6200.0,8.1,0,0
APP006345,615,3,3,11,0,0,0,1,420700.0,98.9,0,0
APP006346,642,3,2,31,0,0,1,3,223600.0,3.8,0,0
APP006347,686,3,1,16,0,0,2,3,502900.0,62.2,0,0
APP006348,688,0,0,36,4,120,2,2,192700.0,68.8,0,0
APP006349,784,1,1,4,5,90,1,5,256000.0,28.3,0,0
APP006350,561,1,1,88,0,0,3,4,694300.0,60.6,0,0
APP006351,657,5,1,35,0,0,2,5,1640800.0,4.4,0,0
APP006352,694,2,1,50,2,30,2,5,362700.0,93.8,0,0
APP006353,838,1,1,38,0,0,5,7,258600.0,79.1,0,0
APP006354,806,3,1,30,2,60,2,5,65400.0,55.0,0,0
APP006355,760,0,0,80,1,60,3,4,459000.0,99.5,0,0
APP006356,788,3,1,48,1,60,2,4,473600.0,33.6,1,0
APP006357,752,4,1,51,0,0,3,4,1410600.0,27.7,0,0
APP006358,696,2,2,234,0,0,2,5,47100.0,42.3,0,0
APP006359,689,3,1,63,0,0,2,3,330000.0,74.5,2,1
APP006360,643,1,1,125,0,0,3,4,69700.0,18.2,0,0
APP006361,562,2,2,79,0,0,1,6,230100.0,8.5,2,1
APP006362,627,1,1,272,2,90,2,4,89600.0,54.7,0,0
APP006363,676,4,2,2,0,0,1,3,784100.0,75.7,0,0
APP006364,542,1,1,50,0,0,4,10,796900.0,68.0,0,0
APP006365,649,2,1,2,0,0,3,3,3800.0,71.8,0,0
APP006366,820,2,2,25,0,0,1,1,762800.0,29.6,0,0
APP006367,679,1,0,12,3,30,1,6,405700.0,64.7,0,0
APP006368,600,5,1,66,0,0,4,7,25700.0,46.7,0,0
APP006369,636,2,1,67,1,120,0,1,81800.0,69.0,0,0
APP006370,693,1,0,10,0,0,0,2,1974600.0,72.7,0,0
APP006371,759,5,0,4,0,0,1,4,369400.0,24.8,1,0
APP006372,576,3,0,14,1,120,2,3,296900.0,63.3,2,0
APP006373,602,6,2,28,0,0,2,2,430000.0,74.8,0,0
APP006374,606,4,1,86,0,0,0,2,692500.0,92.4,0,0
APP006375,792,3,0,146,2,120,1,1,246700.0,38.9,0,0
APP006376,703,2,0,73,2,90,4,4,360400.0,47.8,0,0
APP006377,702,3,2,11,2,30,2,3,111200.0,59.7,1,0
APP006378,686,5,0,43,0,0,3,4,131900.0,62.8,0,0
APP006379,583,3,1,36,1,30,1,1,1763400.0,11.7,0,0
APP006380,669,1,1,222,0,0,3,7,63700.0,70.3,0,0
APP006381,652,5,3,30,0,0,1,1,364300.0,60.9,0,0
APP006382,617,4,3,168,0,0,1,2,560700.0,84.9,0,0
APP006383,741,4,1,78,1,30,2,4,110400.0,15.1,0,0
APP006384,678,5,2,6,0,0,5,8,926600.0,64.0,0,0
APP006385,762,2,1,8,0,0,0,2,942600.0,58.9,0,0
APP006386,659,6,1,237,0,0,1,2,46100.0,85.8,1,0
APP006387,724,1,1,36,1,60,0,3,6500.0,35.7,0,1
APP006388,614,1,1,45,0,0,4,7,904900.0,10.6,0,0
APP006389,686,1,0,125,2,30,2,3,224300.0,96.2,0,0
APP006390,742,4,2,48,0,0,1,3,241600.0,4.0,0,0
APP006391,690,4,1,153,1,120,0,3,1214800.0,52.6,0,0
APP006392,703,2,1,43,1,60,5,6,650800.0,65.7,0,0
APP006393,808,4,1,15,0,0,2,5,86100.0,34.7,0,1
APP006394,711,4,2,56,0,0,2,5,552400.0,95.8,0,0
APP006395,770,6,3,72,0,0,2,3,167700.0,98.9,0,0
APP006396,733,6,2,7,0,0,2,5,1129400.0,25.6,0,0
APP006397,737,4,2,2,1,90,4,12,1918500.0,25.9,0,0
APP006398,763,2,1,14,1,60,2,4,147500.0,90.5,0,0
APP006399,643,5,1,44,0,0,2,4,1122800.0,89.2,0,0
APP006400,488,2,2,109,1,30,2,6,945700.0,4.0,0,0
APP006401,742,1,0,74,2,30,1,6,1396500.0,70.1,0,1
APP006402,721,5,2,0,0,0,1,2,72300.0,40.4,0,0
APP006403,826,2,2,28,3,90,2,2,637100.0,36.4,3,0
APP006404,756,2,2,54,2,60,0,3,873400.0,39.5,0,0
APP006405,848,3,2,8,0,0,1,2,18800.0,63.5,0,1
APP006406,594,3,0,85,0,0,2,4,219500.0,75.4,0,0
APP006407,728,6,1,45,2,30,2,4,114200.0,65.8,1,0
APP006408,716,0,0,9,0,0,1,3,61100.0,81.5,0,0
APP006409,734,3,3,43,2,90,0,4,349300.0,66.0,1,1
APP006410,557,3,3,28,1,120,5,8,121900.0,83.1,1,0
APP006411,708,3,0,99,3,60,0,3,775100.0,11.4,0,0
APP006412,750,1,1,68,2,60,5,5,750200.0,74.4,0,1
APP006413,589,2,2,89,1,60,0,0,235200.0,74.7,0,0
APP006414,507,1,1,26,0,0,0,5,278200.0,19.7,0,1
APP006415,558,4,2,17,1,120,1,2,4000.0,53.3,2,0
APP006416,665,6,0,22,0,0,3,5,430300.0,51.3,0,0
APP006417,715,2,0,18,0,0,4,6,1452300.0,91.3,0,0
APP006418,703,4,2,2,0,0,3,4,1283300.0,48.3,0,0
APP006419,797,1,1,306,1,90,0,0,292100.0,74.4,0,0
APP006420,604,2,2,30,0,0,2,4,671800.0,75.5,0,0
APP006421,746,4,0,6,0,0,3,5,43700.0,26.1,0,0
APP006422,758,3,0,129,0,0,2,2,64600.0,66.5,0,0
APP006423,557,2,2,24,1,180,1,3,249200.0,4.3,0,0
APP006424,655,3,1,45,1,90,2,4,905600.0,34.7,0,0
APP006425,679,3,1,93,0,0,4,6,201700.0,28.8,0,0
APP006426,669,5,3,6,0,0,0,0,904700.0,86.9,0,0
APP006427,559,4,0,36,1,60,3,6,79500.0,94.0,0,0
APP006428,728,4,1,54,1,60,0,1,437000.0,59.8,0,0
APP006429,768,4,2,23,1,30,4,6,257200.0,82.1,0,0
APP006430,675,2,1,26,1,90,1,3,35000.0,28.5,0,0
APP006431,845,4,2,8,0,0,2,2,1170700.0,37.2,0,0
APP006432,708,2,2,151,0,0,1,2,433700.0,91.6,0,0
APP006433,780,4,3,78,0,0,0,3,581700.0,71.7,0,0
APP006434,710,4,1,40,0,0,2,8,276800.0,62.7,1,0
APP006435,726,3,2,76,3,120,0,3,204400.0,17.8,0,0
APP006436,686,3,2,32,0,0,1,2,1071100.0,55.3,0,1
APP006437,738,4,2,360,0,0,2,3,267800.0,9.9,0,0
APP006438,684,2,0,18,1,60,1,2,193000.0,91.4,0,1
APP006439,744,3,0,1,0,0,0,0,389500.0,55.5,0,1
APP006440,528,5,5,84,1,90,2,4,113600.0,74.2,0,0
APP006441,806,4,0,19,1,30,2,6,1255100.0,23.0,1,0
APP006442,756,2,2,305,1,60,4,5,662100.0,90.8,1,0
APP006443,752,1,1,28,4,30,1,3,28700.0,23.6,0,0
APP006444,620,1,1,42,2,90,2,2,382000.0,77.3,0,0
APP006445,585,4,2,3,0,0,4,5,919100.0,57.6,0,0
APP006446,682,2,0,12,0,0,2,3,1162000.0,78.6,0,0
APP006447,743,6,3,94,0,0,0,1,871200.0,86.6,0,0
APP006448,506,4,3,51,0,0,2,6,1362600.0,33.5,0,1
APP006449,598,5,1,31,1,90,2,4,320700.0,54.8,0,0
APP006450,761,4,2,157,1,30,3,3,124600.0,5.8,0,0
APP006451,629,9,0,51,0,0,2,6,349400.0,46.3,1,0
APP006452,603,3,1,38,1,60,2,3,100900.0,12.3,0,0
APP006453,738,9,2,22,0,0,1,1,2590500.0,74.2,0,0
APP006454,724,1,1,19,1,180,2,5,145700.0,79.8,0,0
APP006455,671,1,1,33,0,0,2,2,252800.0,38.1,0,0
APP006456,696,0,0,104,1,120,3,7,792700.0,59.9,0,0
APP006457,688,3,3,48,0,0,2,3,159500.0,25.6,2,0
APP006458,773,1,1,44,0,0,2,8,655300.0,53.7,1,0
APP006459,785,2,0,10,0,0,2,4,175200.0,53.0,1,0
APP006460,804,4,0,30,0,0,2,2,323300.0,34.9,0,0
APP006461,727,3,3,116,0,0,2,5,195800.0,12.3,0,0
APP006462,546,3,0,64,2,60,4,6,471000.0,40.5,0,0
APP006463,562,6,3,209,0,0,1,1,63100.0,13.0,0,0
APP006464,757,2,2,30,5,120,4,6,778500.0,38.8,0,0
APP006465,624,2,1,64,0,0,1,2,73000.0,60.4,0,0
APP006466,559,3,1,3,0,0,2,3,444500.0,46.9,0,0
APP006467,734,2,2,7,0,0,2,3,609600.0,35.7,0,0
APP006468,605,5,4,111,3,30,3,6,71900.0,64.7,0,0
APP006469,668,4,1,34,0,0,3,6,753800.0,31.6,3,0
APP006470,641,0,0,136,0,0,1,4,874300.0,73.1,0,0
APP006471,739,6,2,65,1,90,1,3,360000.0,22.3,0,0
APP006472,746,5,2,3,0,0,4,7,765800.0,99.6,1,0
APP006473,571,2,1,6,0,0,1,2,722100.0,56.9,0,0
APP006474,533,2,1,33,1,120,1,6,179100.0,31.5,0,0
APP006475,596,5,1,45,0,0,2,4,1174800.0,3.9,0,1
APP006476,732,6,2,105,0,0,2,2,22000.0,92.6,0,0
APP006477,726,5,2,33,0,0,3,7,14100.0,87.3,0,0
APP006478,839,4,2,23,0,0,2,3,29800.0,42.3,1,0
APP006479,743,2,2,9,1,60,4,6,130300.0,38.8,0,0
APP006480,639,3,1,52,0,0,2,4,142900.0,85.3,1,1
APP006481,571,3,1,61,4,30,4,6,509100.0,93.8,0,0
APP006482,793,1,1,86,0,0,2,5,335500.0,85.7,0,0
APP006483,683,3,1,360,0,0,6,9,194700.0,68.4,0,0
APP006484,790,3,0,7,0,0,2,3,278600.0,57.8,0,0
APP006485,702,2,2,0,0,0,1,3,560200.0,78.3,0,0
APP006486,710,1,0,40,0,0,0,3,548100.0,93.2,0,0
APP006487,718,2,2,40,0,0,2,4,1059700.0,23.0,0,0
APP006488,605,5,1,152,0,0,2,6,179500.0,95.9,0,0
APP006489,844,3,2,31,3,120,3,8,564900.0,1.8,0,0
APP006490,701,4,4,61,0,0,2,7,58200.0,86.6,0,0
APP006491,629,4,0,57,0,0,1,3,260400.0,73.7,0,0
APP006492,683,4,0,120,1,90,3,5,599000.0,17.4,0,0
APP006493,735,4,0,16,0,0,3,6,530900.0,17.5,0,0
APP006494,665,1,1,112,0,0,1,1,1203800.0,22.2,0,0
APP006495,711,1,1,45,2,30,4,5,28100.0,56.8,0,0
APP006496,778,1,1,36,5,30,3,4,442900.0,11.4,0,0
APP006497,719,3,1,30,3,90,0,4,136400.0,20.8,0,1
APP006498,786,2,2,11,0,0,3,6,56200.0,34.4,1,0
APP006499,816,4,4,61,1,30,0,3,14700.0,15.4,0,0
APP006500,683,4,4,75,0,0,1,4,1191700.0,59.7,0,0
APP006501,655,8,2,32,0,0,0,1,1028400.0,88.4,3,0
APP006502,693,4,2,97,1,60,1,3,216500.0,56.3,1,0
APP006503,781,4,1,123,1,30,2,4,1114000.0,23.9,0,0
APP006504,647,1,1,54,3,180,4,5,135700.0,0.4,0,0
APP006505,706,4,0,64,0,0,3,4,17200.0,10.7,0,0
APP006506,698,2,2,27,1,30,2,2,12100.0,1.7,0,0
APP006507,637,4,2,161,0,0,3,5,78800.0,17.6,0,0
APP006508,638,3,0,53,0,0,1,3,139600.0,7.1,0,0
APP006509,769,3,3,44,0,0,1,3,755600.0,3.2,0,0
APP006510,726,3,0,16,0,0,4,6,226500.0,76.8,0,0
APP006511,740,4,3,16,0,0,1,2,161300.0,29.0,0,0
APP006512,727,2,2,14,0,0,1,7,205800.0,25.7,0,0
APP006513,666,1,1,4,1,90,4,7,7500.0,35.2,0,0
APP006514,718,0,0,27,1,120,2,4,2816300.0,26.4,0,0
APP006515,612,5,1,3,1,60,2,3,80800.0,98.5,0,0
APP006516,686,7,3,43,0,0,0,4,348300.0,2.2,0,0
APP006517,694,8,2,28,0,0,1,3,148500.0,81.9,0,0
APP006518,708,4,2,77,0,0,2,2,3600.0,41.9,0,0
APP006519,625,4,2,37,0,0,3,6,366900.0,55.5,0,0
APP006520,697,1,0,36,0,0,2,4,1050300.0,74.9,0,0
APP006521,622,5,2,42,1,60,3,5,235400.0,45.7,0,0
APP006522,815,4,1,52,0,0,1,1,1328000.0,25.1,0,0
APP006523,662,2,2,22,0,0,1,4,80400.0,50.8,3,0
APP006524,703,0,0,17,1,30,0,2,699700.0,55.9,0,0
APP006525,679,3,3,12,0,0,4,7,658100.0,5.8,0,1
APP006526,680,1,1,12,0,0,2,3,191600.0,74.0,0,0
APP006527,587,4,1,94,0,0,4,8,16200.0,51.5,0,0
APP006528,637,2,1,0,2,30,2,4,466600.0,61.6,1,0
APP006529,740,2,2,44,2,30,0,2,602100.0,73.5,0,0
APP006530,613,1,1,87,0,0,2,2,794900.0,16.0,0,0
APP006531,698,2,2,3,1,30,2,4,1363900.0,32.4,0,0
APP006532,625,2,2,224,0,0,3,4,286400.0,55.5,0,1
APP006533,686,1,1,101,0,0,0,2,1371600.0,60.6,2,0
APP006534,513,2,1,27,2,90,1,3,308900.0,79.3,2,0
APP006535,616,3,1,61,0,0,2,6,322500.0,89.4,2,0
APP006536,738,2,2,7,0,0,0,2,3300.0,58.4,0,0
APP006537,719,2,2,15,0,0,1,4,179300.0,91.7,0,0
APP006538,609,1,1,21,1,30,2,6,346800.0,78.7,0,0
APP006539,724,6,2,40,0,0,4,5,313900.0,46.8,2,0
APP006540,623,3,0,66,0,0,3,4,958700.0,44.6,0,0
APP006541,547,2,2,120,1,120,2,5,33100.0,96.8,1,0
APP006542,720,1,1,17,0,0,2,3,441100.0,84.0,0,0
APP006543,713,4,2,24,0,0,4,5,361600.0,64.9,2,0
APP006544,723,3,3,65,1,30,4,9,807100.0,95.7,0,0
APP006545,553,2,1,44,0,0,1,3,426400.0,59.3,0,0
APP006546,876,4,1,33,4,60,1,3,123000.0,52.8,0,0
APP006547,677,7,7,43,0,0,1,4,259000.0,84.9,2,0
APP006548,569,4,4,27,0,0,2,7,271800.0,34.3,0,0
APP006549,774,4,2,139,1,90,5,6,12500.0,52.3,1,0
APP006550,751,0,0,84,1,90,6,7,665300.0,67.3,0,1
APP006551,741,8,3,105,0,0,1,2,599600.0,16.7,2,0
APP006552,726,5,1,77,0,0,5,8,88400.0,0.5,0,0
APP006553,832,4,1,19,0,0,1,3,1650500.0,8.9,0,1
APP006554,669,4,2,14,1,120,2,3,778100.0,15.6,1,0
APP006555,610,2,1,95,0,0,2,3,338200.0,0.9,0,0
APP006556,814,1,0,190,0,0,1,4,305200.0,14.4,0,0
APP006557,666,4,1,1,0,0,1,1,140100.0,86.3,0,0
APP006558,650,1,1,1,0,0,0,0,354100.0,76.1,0,0
APP006559,637,1,1,153,2,180,4,6,1463500.0,59.8,0,0
APP006560,718,4,2,42,0,0,2,4,193400.0,76.0,0,0
APP006561,831,5,1,133,0,0,3,5,822200.0,74.9,0,0
APP006562,664,3,3,74,0,0,3,6,152300.0,56.4,0,0
APP006563,883,5,2,25,0,0,0,1,590100.0,77.3,0,0
APP006564,707,4,0,7,0,0,1,1,342800.0,4.6,0,0
APP006565,695,2,2,46,0,0,2,2,1125800.0,4.5,2,0
APP006566,782,2,2,162,2,60,3,3,343500.0,22.4,0,0
APP006567,714,1,1,35,1,90,1,2,829800.0,6.7,0,0
APP006568,491,1,1,37,0,0,1,2,564500.0,89.7,0,0
APP006569,576,3,2,17,2,90,3,5,665100.0,49.9,2,0
APP006570,725,2,2,3,0,0,3,4,172400.0,33.4,0,0
APP006571,679,1,1,13,1,30,4,5,2231700.0,73.6,0,0
APP006572,606,4,1,45,1,30,1,2,822100.0,50.2,0,0
APP006573,645,1,1,42,0,0,2,4,632600.0,41.1,1,0
APP006574,598,3,3,21,0,0,2,6,574900.0,6.6,0,0
APP006575,820,7,3,0,1,30,2,7,1093400.0,23.4,0,0
APP006576,806,1,0,20,1,30,1,4,220600.0,95.9,0,0
APP006577,642,2,2,149,1,90,0,1,665700.0,43.7,0,1
APP006578,804,2,2,45,0,0,5,7,446300.0,99.2,1,0
APP006579,550,5,2,20,0,0,3,6,190400.0,63.4,0,0
APP006580,589,5,4,31,0,0,3,4,285500.0,51.9,0,1
APP006581,653,2,2,27,0,0,2,4,569200.0,26.5,3,0
APP006582,642,3,3,62,0,0,1,2,1485000.0,80.3,0,0
APP006583,802,2,0,17,0,0,2,7,380100.0,41.5,0,2
APP006584,654,4,2,45,0,0,1,5,300500.0,55.6,0,1
APP006585,700,3,2,64,0,0,0,0,684600.0,39.4,0,0
APP006586,762,1,0,129,1,180,3,7,489200.0,81.9,0,0
APP006587,699,1,0,37,0,0,2,4,31000.0,74.6,0,0
APP006588,783,1,1,17,1,90,3,4,560900.0,51.4,0,0
APP006589,604,1,0,123,5,30,3,4,500400.0,40.3,0,0
APP006590,746,6,2,80,0,0,1,3,794100.0,12.7,0,0
APP006591,662,3,0,9,0,0,1,4,984700.0,30.0,0,0
APP006592,549,3,3,97,2,60,4,6,308000.0,45.8,0,1
APP006593,643,2,2,49,5,60,2,4,55100.0,20.9,0,0
APP006594,758,7,3,109,0,0,1,2,329100.0,61.9,2,0
APP006595,554,3,3,4,1,30,3,6,1301900.0,13.1,0,0
APP006596,787,1,0,25,0,0,0,6,801000.0,7.8,0,0
APP006597,726,7,3,19,1,90,1,2,359700.0,4.7,0,0
APP006598,539,5,2,48,0,0,0,2,534100.0,69.0,0,0
APP006599,698,2,2,34,0,0,1,3,294800.0,45.7,0,0
APP006600,716,3,1,199,0,0,1,3,79300.0,87.9,0,1
APP006601,728,5,1,121,0,0,2,6,365500.0,3.1,0,0
APP006602,638,3,1,49,1,30,5,5,3800.0,31.7,0,0
APP006603,649,6,2,62,1,30,0,3,829400.0,2.2,0,0
APP006604,679,0,0,36,0,0,1,3,936800.0,68.4,0,0
APP006605,739,4,1,29,2,60,1,4,1400.0,57.6,0,0
APP006606,688,3,2,10,1,180,2,3,750800.0,94.4,0,0
APP006607,687,5,1,11,2,30,3,5,45700.0,28.4,2,0
APP006608,658,5,3,46,0,0,1,2,537800.0,31.7,2,0
APP006609,746,3,3,20,0,0,3,6,86300.0,50.4,0,0
APP006610,773,1,1,163,0,0,1,3,105500.0,6.2,2,0
APP006611,644,3,3,16,0,0,3,4,72400.0,36.8,0,0
APP006612,595,2,2,177,0,0,0,3,828400.0,80.9,0,0
APP006613,742,3,0,17,2,60,6,6,209100.0,15.6,0,0
APP006614,803,2,1,136,0,0,2,3,1487800.0,13.7,0,0
APP006615,750,5,1,9,4,90,0,2,417500.0,10.3,0,0
APP006616,782,3,1,9,0,0,1,2,145400.0,53.2,0,0
APP006617,592,2,2,95,1,180,1,1,113900.0,52.2,0,0
APP006618,654,2,1,68,1,30,1,2,6300.0,25.0,0,0
APP006619,673,1,1,50,0,0,2,2,484600.0,53.9,0,0
APP006620,792,3,1,7,1,30,3,3,194700.0,53.5,0,1
APP006621,791,1,1,23,2,90,1,6,690400.0,36.7,1,0
APP006622,719,0,0,63,0,0,0,1,869800.0,79.0,1,0
APP006623,855,0,0,128,0,0,3,3,787400.0,28.6,3,0
APP006624,635,4,2,45,4,60,2,3,145000.0,79.4,0,0
APP006625,733,1,1,19,1,30,1,4,41600.0,24.0,0,0
APP006626,685,4,0,66,2,30,2,3,470500.0,93.7,0,0
APP006627,601,7,5,11,0,0,2,2,1722200.0,92.7,0,0
APP006628,812,2,2,98,2,180,0,1,117200.0,49.0,2,0
APP006629,604,5,1,18,1,30,0,2,42200.0,85.3,1,2
APP006630,515,2,2,19,0,0,2,5,725700.0,24.6,1,0
APP006631,618,6,3,130,0,0,1,1,207600.0,98.5,0,0
APP006632,690,3,0,72,0,0,1,4,927600.0,78.3,0,1
APP006633,728,2,2,60,0,0,3,4,116100.0,72.2,0,1
APP006634,586,4,3,46,0,0,4,8,862400.0,77.3,0,0
APP006635,658,2,2,23,0,0,1,2,812100.0,17.4,1,0
APP006636,660,3,3,1,0,0,3,7,145500.0,58.9,0,0
APP006637,778,3,1,33,4,30,4,5,698200.0,81.7,0,1
APP006638,633,5,2,91,1,30,2,2,375500.0,39.1,0,0
APP006639,740,0,0,42,0,0,3,4,902000.0,48.9,0,1
APP006640,730,4,1,0,0,0,0,2,481300.0,14.7,0,0
APP006641,563,2,2,37,1,120,0,1,608900.0,22.7,0,0
APP006642,716,4,3,33,0,0,2,2,340600.0,13.7,0,0
APP006643,821,3,1,76,0,0,1,2,88500.0,2.8,0,0
APP006644,738,4,0,134,0,0,2,5,1230200.0,48.5,0,0
APP006645,712,2,2,25,0,0,0,3,743200.0,42.5,1,0
APP006646,748,4,0,43,0,0,3,5,410100.0,46.5,2,0
APP006647,733,3,3,6,0,0,3,4,198700.0,64.4,0,0
APP006648,715,4,1,50,0,0,0,2,24700.0,50.9,0,0
APP006649,659,4,1,28,3,60,1,2,127800.0,77.4,0,0
APP006650,730,3,3,168,0,0,0,3,603600.0,80.4,0,0
APP006651,792,3,0,46,4,60,3,6,185300.0,24.1,0,0
APP006652,713,3,0,132,1,30,2,3,27400.0,64.6,0,0
APP006653,746,4,2,0,0,0,2,4,1930800.0,37.2,0,0
APP006654,632,2,1,17,1,180,2,4,198000.0,13.6,0,0
APP006655,595,5,0,37,0,0,0,1,64900.0,53.5,0,0
APP006656,652,2,2,11,4,30,1,3,1570100.0,42.8,0,1
APP006657,547,2,2,47,5,30,4,8,53600.0,39.3,0,0
APP006658,655,5,2,9,0,0,3,5,540800.0,93.8,0,0
APP006659,810,1,1,52,5,60,2,7,335900.0,34.3,1,0
APP006660,721,2,1,1,0,0,2,3,115100.0,4.7,0,0
APP006661,611,3,1,3,0,0,3,5,744800.0,88.7,0,0
APP006662,673,3,1,14,0,0,1,4,76600.0,4.4,0,1
APP006663,868,6,0,26,1,30,2,5,767600.0,27.3,0,1
APP006664,544,3,3,18,1,30,1,2,503900.0,40.6,0,0
APP006665,605,3,0,5,0,0,2,4,134400.0,56.0,0,0
APP006666,526,3,3,11,0,0,0,4,668200.0,73.7,0,0
APP006667,532,8,1,35,0,0,1,2,786600.0,62.8,0,0
APP006668,714,2,2,8,0,0,5,8,327000.0,83.5,2,0
APP006669,651,1,1,54,1,180,7,9,319500.0,63.3,0,0
APP006670,617,2,2,11,0,0,0,1,410600.0,2.3,0,0
APP006671,715,1,1,39,0,0,2,3,319100.0,91.1,0,0
APP006672,794,3,1,67,0,0,1,3,317000.0,32.7,0,0
APP006673,715,1,1,263,2,120,0,3,50300.0,62.8,0,0
APP006674,612,5,2,10,1,30,2,2,94200.0,58.0,0,0
APP006675,716,3,3,32,0,0,3,6,557900.0,15.7,0,0
APP006676,692,1,1,35,0,0,5,7,42500.0,93.1,0,1
APP006677,714,5,3,15,0,0,3,6,583100.0,83.3,0,0
APP006678,729,7,2,2,0,0,4,7,130700.0,16.7,0,0
APP006679,708,3,3,10,3,30,2,6,384600.0,49.0,0,0
APP006680,647,4,1,32,0,0,2,7,1612600.0,84.6,0,0
APP006681,654,4,0,3,1,60,2,5,318900.0,6.6,0,0
APP006682,551,3,3,24,1,30,1,3,1567800.0,71.3,0,0
APP006683,683,3,1,220,2,90,4,6,22600.0,39.1,0,0
APP006684,767,3,2,39,0,0,1,6,522900.0,15.2,0,0
APP006685,771,2,2,36,0,0,1,2,54400.0,36.9,0,0
APP006686,745,0,0,148,1,120,2,2,574200.0,68.5,0,1
APP006687,650,3,2,22,0,0,4,5,558600.0,83.5,0,0
APP006688,736,0,0,147,1,60,0,1,79400.0,93.8,1,0
APP006689,667,3,2,20,0,0,1,2,152800.0,70.1,0,0
APP006690,783,0,0,82,2,120,1,2,202500.0,30.4,0,0
APP006691,744,4,0,103,1,30,2,4,1665100.0,75.1,0,0
APP006692,734,3,3,22,1,60,4,5,668700.0,66.8,2,0
APP006693,663,2,1,102,0,0,3,8,30300.0,68.6,0,0
APP006694,696,3,3,0,0,0,1,5,342600.0,37.9,0,0
APP006695,728,2,2,97,3,60,5,7,161200.0,53.1,2,0
APP006696,813,1,1,0,3,90,0,3,36800.0,69.2,0,0
APP006697,748,5,3,143,1,60,2,2,390700.0,86.2,0,0
APP006698,713,3,3,49,3,60,3,4,601200.0,6.5,0,0
APP006699,639,1,1,76,0,0,2,6,445600.0,49.8,0,0
APP006700,717,4,0,2,1,30,2,4,190100.0,2.1,0,0
APP006701,704,2,2,18,0,0,0,1,480500.0,68.0,0,1
APP006702,692,1,1,3,0,0,2,4,484800.0,79.5,0,1
APP006703,571,1,1,34,0,0,1,4,103900.0,40.2,0,2
APP006704,722,10,1,6,1,90,3,4,593000.0,61.5,0,0
APP006705,707,5,2,14,0,0,3,4,820900.0,50.3,3,0
APP006706,615,2,1,0,0,0,6,6,255000.0,8.6,0,0
APP006707,641,6,1,37,0,0,6,8,663500.0,63.4,0,2
APP006708,581,2,1,20,0,0,0,0,153200.0,32.6,0,0
APP006709,662,5,1,125,0,0,7,9,170100.0,99.1,1,0
APP006710,734,2,2,45,0,0,2,6,200700.0,9.3,2,0
APP006711,667,3,1,177,3,90,0,3,166200.0,39.0,1,0
APP006712,693,4,3,93,1,30,1,4,51900.0,13.5,0,0
APP006713,603,3,0,53,1,60,4,7,197200.0,68.9,0,0
APP006714,634,2,2,12,0,0,0,8,195200.0,33.8,0,1
APP006715,642,3,3,19,0,0,0,1,428200.0,25.1,0,0
APP006716,583,1,0,123,0,0,3,4,295500.0,20.7,0,0
APP006717,614,3,3,10,2,90,1,2,1747300.0,16.9,0,0
APP006718,729,3,3,46,0,0,1,6,1199700.0,6.2,0,0
APP006719,637,1,1,210,0,0,1,2,22200.0,35.8,0,0
APP006720,728,4,3,63,1,30,6,6,1279800.0,46.8,0,0
APP006721,587,7,4,119,5,60,3,6,116000.0,99.3,3,0
APP006722,734,7,0,2,1,90,1,4,88400.0,23.7,0,0
APP006723,696,0,0,59,0,0,1,5,352800.0,37.5,0,0
APP006724,678,2,2,64,1,90,2,2,481500.0,73.3,0,0
APP006725,743,2,2,19,2,180,0,2,900700.0,23.4,0,0
APP006726,579,3,3,93,1,120,3,3,1454600.0,50.8,0,0
APP006727,769,5,2,39,0,0,2,5,173300.0,34.7,0,0
APP006728,637,6,2,27,0,0,1,3,572500.0,15.9,0,0
APP006729,786,4,1,74,0,0,1,2,338600.0,37.0,0,1
APP006730,748,2,2,4,3,90,1,4,548700.0,28.0,0,0
APP006731,734,3,2,8,0,0,2,3,6200.0,78.1,0,1
APP006732,560,3,3,35,1,120,1,2,437700.0,73.9,0,0
APP006733,496,4,0,185,0,0,1,2,243900.0,79.1,0,0
APP006734,653,2,1,153,0,0,1,1,546400.0,50.6,0,0
APP006735,770,6,4,27,0,0,2,3,424600.0,85.6,0,1
APP006736,636,2,2,12,0,0,5,7,58500.0,1.4,0,0
APP006737,618,2,1,25,3,90,2,3,642000.0,4.0,0,0
APP006738,686,1,1,360,0,0,1,2,1621000.0,77.6,0,0
APP006739,658,6,2,3,0,0,3,4,337400.0,49.8,0,0
APP006740,631,1,1,18,0,0,0,1,1343500.0,51.8,0,0
APP006741,844,0,0,92,0,0,5,5,241800.0,63.8,2,1
APP006742,700,4,1,88,0,0,1,2,711100.0,22.6,0,0
APP006743,764,2,2,27,1,30,3,7,634700.0,87.1,0,0
APP006744,619,4,4,52,2,30,1,3,234900.0,25.5,0,0
APP006745,666,5,0,4,0,0,3,4,761300.0,56.6,0,0
APP006746,745,4,3,136,3,30,1,5,600700.0,75.7,0,0
APP006747,716,2,2,58,1,30,5,5,44500.0,72.3,0,0
APP006748,891,0,0,17,0,0,4,9,51400.0,95.2,0,0
APP006749,747,3,1,31,0,0,2,2,2555400.0,54.4,0,0
APP006750,680,2,2,14,3,60,1,7,494900.0,60.2,0,1
APP006751,656,3,3,25,0,0,1,2,38500.0,90.4,0,0
APP006752,727,4,4,18,0,0,5,9,129200.0,12.3,3,0
APP006753,767,2,2,43,0,0,1,3,257900.0,22.4,0,0
APP006754,723,0,0,5,0,0,0,0,373200.0,62.3,0,0
APP006755,631,4,3,14,0,0,5,6,774000.0,82.0,0,0
APP006756,775,3,3,2,0,0,3,8,240900.0,89.2,0,0
APP006757,734,0,0,23,4,30,2,4,401700.0,94.2,1,0
APP006758,717,2,2,28,2,60,2,3,160200.0,85.2,0,1
APP006759,663,5,5,95,1,60,2,2,932800.0,33.2,0,0
APP006760,659,1,1,106,0,0,2,6,215400.0,53.8,0,0
APP006761,763,5,4,103,0,0,2,2,611300.0,71.9,0,0
APP006762,791,1,1,77,1,60,2,7,974900.0,87.9,1,0
APP006763,700,1,1,6,0,0,2,3,91100.0,5.2,0,0
APP006764,720,2,1,72,0,0,1,2,246400.0,16.7,0,0
APP006765,670,3,0,55,0,0,2,10,307800.0,27.3,0,1
APP006766,881,1,1,117,1,30,0,2,21200.0,63.4,2,0
APP006767,656,4,4,48,0,0,2,4,520800.0,91.7,0,0
APP006768,820,2,2,7,0,0,3,3,443900.0,83.2,0,0
APP006769,722,0,0,100,3,30,1,4,701300.0,97.1,0,0
APP006770,705,1,1,11,0,0,1,3,702300.0,18.6,1,0
APP006771,601,4,1,73,2,60,0,3,321800.0,30.8,0,0
APP006772,641,1,1,96,0,0,3,8,274800.0,22.6,0,1
APP006773,609,3,3,45,0,0,3,9,145900.0,21.3,0,0
APP006774,756,6,3,54,0,0,2,6,148700.0,76.1,0,0
APP006775,759,2,1,8,1,60,1,2,83000.0,95.2,0,0
APP006776,790,2,0,149,0,0,2,4,39400.0,97.1,0,0
APP006777,716,5,1,32,0,0,1,1,706600.0,22.3,0,0
APP006778,712,1,1,66,2,90,0,3,1641100.0,20.3,0,0
APP006779,705,3,1,6,2,90,1,1,1110300.0,58.3,0,0
APP006780,658,3,0,25,0,0,2,3,128000.0,54.1,0,1
APP006781,684,1,1,31,0,0,4,11,699700.0,95.3,0,0
APP006782,546,0,0,167,0,0,1,1,67700.0,67.6,0,0
APP006783,870,4,2,165,0,0,4,9,1110000.0,7.9,0,0
APP006784,694,4,1,79,0,0,3,6,2650900.0,31.0,0,1
APP006785,752,2,0,1,0,0,3,3,2592300.0,55.3,0,0
APP006786,691,0,0,31,1,30,1,1,201700.0,81.6,0,0
APP006787,735,1,0,40,0,0,2,5,767200.0,46.3,1,0
APP006788,742,4,2,140,5,30,4,4,599100.0,88.1,0,0
APP006789,673,3,3,93,0,0,4,6,210900.0,16.7,1,0
APP006790,728,2,1,13,0,0,1,6,259500.0,17.1,2,0
APP006791,704,3,1,4,2,30,1,2,326100.0,86.6,0,1
APP006792,735,1,1,177,0,0,2,5,600300.0,52.6,2,0
APP006793,721,5,3,52,0,0,3,4,890700.0,40.3,0,0
APP006794,570,5,0,53,0,0,3,6,1138900.0,68.7,0,0
APP006795,727,1,1,46,0,0,0,2,1031300.0,33.2,0,0
APP006796,670,2,2,165,5,60,6,7,1828100.0,75.0,0,0
APP006797,774,1,1,6,0,0,4,7,64800.0,10.0,0,0
APP006798,680,4,3,39,0,0,5,7,858200.0,84.0,0,2
APP006799,683,1,1,15,0,0,4,6,394300.0,55.2,0,0
APP006800,642,2,2,18,0,0,1,2,582500.0,63.2,0,0
APP006801,765,2,1,99,0,0,3,5,584100.0,25.3,0,0
APP006802,611,5,3,91,0,0,3,5,73800.0,51.6,0,0
APP006803,752,1,1,103,0,0,3,7,836000.0,50.2,0,0
APP006804,583,2,2,22,2,30,1,3,2179600.0,1.1,0,0
APP006805,690,2,2,8,3,60,3,6,414400.0,10.9,0,0
APP006806,689,2,2,15,0,0,3,5,95100.0,33.8,0,0
APP006807,681,3,1,2,1,90,1,1,2700.0,37.9,0,0
APP006808,765,1,1,5,0,0,2,5,398900.0,95.1,0,0
APP006809,782,5,1,55,1,30,1,3,47800.0,98.3,0,0
APP006810,775,9,2,9,4,30,3,3,280200.0,30.8,0,0
APP006811,687,5,1,3,4,30,4,6,430800.0,40.1,0,0
APP006812,809,4,2,45,0,0,2,2,454000.0,48.0,0,0
APP006813,641,3,3,38,0,0,1,3,106700.0,97.2,0,0
APP006814,587,2,2,132,1,30,1,3,386300.0,36.0,0,0
APP006815,650,4,2,11,0,0,1,2,682200.0,86.9,0,0
APP006816,739,3,1,37,0,0,5,7,65300.0,31.5,0,0
APP006817,638,5,5,43,0,0,2,4,422700.0,76.4,1,1
APP006818,845,1,1,58,0,0,2,7,36400.0,29.0,0,0
APP006819,760,4,1,165,2,30,0,2,18200.0,53.3,0,0
APP006820,637,3,2,18,0,0,1,3,99800.0,73.1,0,0
APP006821,753,3,3,2,2,30,0,1,1242600.0,33.0,1,0
APP006822,684,3,1,36,2,30,3,4,477300.0,41.6,0,0
APP006823,639,1,1,148,0,0,2,3,556400.0,56.3,0,0
APP006824,704,1,1,229,2,90,3,7,210600.0,16.4,0,0
APP006825,706,3,3,12,0,0,1,4,28800.0,13.4,0,0
APP006826,717,5,2,10,0,0,3,6,202600.0,43.1,0,0
APP006827,562,3,2,130,2,90,3,4,516800.0,53.3,0,0
APP006828,641,2,1,102,0,0,1,1,330500.0,46.8,0,0
APP006829,737,2,2,84,4,60,4,7,1555700.0,84.4,0,0
APP006830,751,4,3,90,0,0,1,3,55000.0,27.5,0,0
APP006831,528,4,1,22,2,30,0,4,582800.0,39.8,0,0
APP006832,610,0,0,72,0,0,4,5,155600.0,21.0,0,0
APP006833,672,1,1,10,0,0,3,5,101000.0,21.5,0,0
APP006834,672,6,1,26,0,0,1,4,927000.0,78.3,0,0
APP006835,801,1,0,42,0,0,2,5,310600.0,6.9,0,0
APP006836,688,1,1,6,1,60,2,4,58500.0,16.8,0,0
APP006837,659,3,3,0,1,30,1,3,1263400.0,95.9,0,0
APP006838,608,6,0,51,1,30,3,4,1159600.0,82.7,0,0
APP006839,702,0,0,76,2,30,2,4,566800.0,93.2,0,0
APP006840,840,7,1,52,0,0,4,8,919100.0,55.6,0,0
APP006841,796,2,2,117,0,0,2,3,12300.0,13.3,0,0
APP006842,697,3,2,64,5,30,2,5,760300.0,88.2,0,0
APP006843,648,5,1,4,0,0,2,3,226300.0,47.7,0,0
APP006844,561,1,1,72,1,90,1,3,1076700.0,3.9,0,0
APP006845,564,4,2,147,1,30,1,5,1226100.0,37.0,0,0
APP006846,740,3,3,9,1,90,1,2,604500.0,47.4,0,0
APP006847,730,4,4,51,0,0,1,2,463900.0,68.1,0,0
APP006848,726,5,1,49,0,0,1,3,123800.0,9.8,0,0
APP006849,645,3,2,92,3,30,1,2,422400.0,64.2,0,0
APP006850,686,2,2,3,0,0,4,6,71200.0,67.4,0,0
APP006851,688,4,2,175,0,0,2,3,86900.0,15.2,1,0
APP006852,663,5,2,122,0,0,1,2,404900.0,72.1,0,0
APP006853,594,5,1,41,1,30,2,2,439800.0,17.9,0,0
APP006854,656,9,4,38,0,0,3,8,292000.0,64.6,0,0
APP006855,561,4,1,147,0,0,1,4,144200.0,86.8,0,0
APP006856,526,1,1,98,0,0,2,4,161700.0,91.8,0,0
APP006857,665,2,2,33,0,0,3,5,1534100.0,9.3,0,0
APP006858,720,0,0,81,4,120,4,8,70300.0,29.9,0,0
APP006859,700,4,1,133,0,0,4,7,294700.0,98.5,0,0
APP006860,541,3,1,36,0,0,1,3,108400.0,95.1,0,0
APP006861,570,8,0,7,0,0,3,3,30500.0,6.0,0,0
APP006862,706,4,1,86,2,90,0,3,281100.0,27.7,0,0
APP006863,612,3,2,1,1,90,0,3,1479100.0,3.1,0,0
APP006864,701,3,0,126,4,90,3,4,159500.0,39.6,0,1
APP006865,600,2,2,40,2,90,1,1,1008800.0,57.3,1,0
APP006866,645,4,0,66,0,0,1,2,346400.0,40.1,0,0
APP006867,532,6,4,30,4,60,4,7,1165400.0,96.3,1,0
APP006868,581,2,1,66,2,30,3,3,1250200.0,98.3,0,0
APP006869,783,1,1,14,0,0,0,3,534600.0,41.5,0,0
APP006870,782,6,1,83,0,0,5,9,507200.0,96.7,0,0
APP006871,663,5,1,16,0,0,1,1,86600.0,38.5,1,0
APP006872,714,1,1,45,0,0,0,0,74000.0,4.4,1,0
APP006873,637,1,1,55,3,30,3,3,81400.0,21.5,0,0
APP006874,786,3,1,10,0,0,1,4,958000.0,89.0,0,0
APP006875,663,4,1,48,0,0,1,3,830000.0,51.4,2,0
APP006876,576,1,1,6,2,30,4,8,859100.0,51.1,0,0
APP006877,683,2,0,105,0,0,1,1,9000.0,0.7,0,0
APP006878,675,4,4,23,1,30,1,4,474800.0,74.4,0,0
APP006879,666,3,1,89,0,0,2,3,315200.0,65.0,0,0
APP006880,834,5,2,56,0,0,0,3,1334100.0,45.5,0,0
APP006881,611,3,2,23,0,0,1,1,236000.0,76.8,0,0
APP006882,750,5,1,45,3,30,3,5,1324500.0,69.4,0,0
APP006883,682,3,1,68,1,120,0,2,185700.0,66.5,0,0
APP006884,647,3,0,49,0,0,3,8,457800.0,98.8,0,0
APP006885,652,2,1,62,0,0,1,5,683400.0,46.9,0,0
APP006886,715,2,0,124,2,30,0,1,333900.0,61.8,0,0
APP006887,778,2,2,49,2,30,1,1,633500.0,41.8,0,0
APP006888,644,4,2,6,0,0,0,1,1331300.0,99.4,0,0
APP006889,666,2,2,40,0,0,0,2,11400.0,61.3,0,0
APP006890,740,4,3,39,0,0,2,4,795900.0,59.4,0,0
APP006891,693,3,3,0,0,0,3,6,29000.0,31.2,0,0
APP006892,621,1,1,153,0,0,3,4,237800.0,5.1,3,0
APP006893,672,4,0,121,2,30,1,3,34600.0,24.5,0,0
APP006894,633,4,1,106,1,30,2,3,2400.0,23.1,0,0
APP006895,888,5,3,31,0,0,2,3,147700.0,14.8,0,0
APP006896,773,7,1,175,0,0,1,2,291400.0,75.0,1,2
APP006897,750,8,2,90,1,30,2,4,1505400.0,77.5,0,0
APP006898,707,0,0,118,0,0,0,2,1015900.0,45.7,0,0
APP006899,702,4,0,70,1,30,2,3,1518700.0,7.4,0,0
APP006900,726,3,1,6,3,30,1,5,399800.0,22.4,0,1
APP006901,787,5,2,0,2,60,6,7,915300.0,3.3,1,0
APP006902,739,6,4,57,0,0,0,2,725900.0,4.9,0,0
APP006903,693,0,0,3,1,90,2,3,578600.0,42.6,0,0
APP006904,700,1,1,254,0,0,4,5,121200.0,84.8,0,0
APP006905,722,5,1,2,5,90,1,4,131700.0,87.8,0,1
APP006906,667,2,2,70,0,0,3,4,76700.0,63.5,0,0
APP006907,661,3,3,76,0,0,0,1,234600.0,82.6,0,0
APP006908,716,7,2,44,5,30,4,8,1128600.0,8.5,0,1
APP006909,707,4,2,6,0,0,2,4,4200.0,79.8,0,0
APP006910,524,0,0,156,0,0,1,1,277000.0,43.5,0,1
APP006911,598,1,0,36,0,0,3,5,31800.0,59.3,0,0
APP006912,811,1,1,221,0,0,2,3,628600.0,82.3,0,0
APP006913,660,1,1,32,0,0,1,4,6200.0,23.5,0,0
APP006914,796,3,2,7,0,0,1,4,16900.0,49.6,0,0
APP006915,574,5,2,146,0,0,0,5,314200.0,5.0,0,0
APP006916,615,1,1,8,2,30,3,5,153200.0,77.5,0,0
APP006917,626,5,0,110,2,30,2,2,416100.0,13.9,0,0
APP006918,612,2,2,26,1,30,4,6,322700.0,4.0,2,0
APP006919,703,4,3,20,0,0,5,7,2163400.0,39.4,0,0
APP006920,624,4,4,12,0,0,4,5,192700.0,24.8,0,0
APP006921,553,3,2,41,1,60,0,4,90000.0,72.3,0,0
APP006922,626,2,2,10,0,0,2,4,118200.0,44.0,0,0
APP006923,775,5,2,2,2,30,0,1,189000.0,66.1,0,0
APP006924,550,1,1,34,2,90,0,3,47400.0,63.3,2,1
APP006925,770,2,2,39,0,0,0,1,119300.0,48.6,0,0
APP006926,662,4,1,138,1,90,3,4,265100.0,94.7,0,0
APP006927,690,1,1,101,3,120,2,5,604400.0,95.1,1,0
APP006928,654,1,1,43,1,30,3,5,289800.0,98.6,0,0
APP006929,698,2,2,0,1,60,3,4,41300.0,17.6,0,0
APP006930,802,3,2,62,0,0,0,0,64600.0,49.8,0,0
APP006931,715,2,1,34,0,0,1,2,319900.0,3.8,0,0
APP006932,824,6,3,20,0,0,1,5,177600.0,58.2,0,0
APP006933,613,4,2,115,0,0,4,5,90000.0,72.5,0,0
APP006934,723,3,1,33,0,0,1,4,285500.0,19.9,0,0
APP006935,670,1,1,22,3,30,1,6,1982500.0,52.5,3,1
APP006936,711,2,1,11,0,0,2,2,66900.0,4.5,0,0
APP006937,670,2,2,32,1,30,0,2,176700.0,63.5,0,0
APP006938,834,0,0,177,0,0,3,5,167300.0,69.0,0,0
APP006939,621,3,0,35,1,60,1,3,875900.0,31.0,0,0
APP006940,879,1,1,126,3,30,0,2,13000.0,37.3,1,0
APP006941,812,7,2,33,1,30,3,7,11700.0,90.0,0,0
APP006942,638,5,1,42,0,0,2,6,982900.0,67.8,0,0
APP006943,667,2,1,19,1,30,2,3,188000.0,11.3,1,0
APP006944,761,3,2,166,0,0,2,5,520000.0,69.4,0,0
APP006945,568,2,2,18,0,0,1,4,285800.0,40.3,0,0
APP006946,606,4,2,10,0,0,1,2,354900.0,4.5,0,0
APP006947,733,4,4,202,1,30,3,4,72600.0,90.0,0,0
APP006948,727,1,1,87,0,0,1,2,68500.0,72.3,2,0
APP006949,590,4,1,46,4,90,1,4,125000.0,25.6,1,0
APP006950,759,4,3,108,1,30,1,3,388000.0,87.8,0,0
APP006951,693,2,2,77,1,90,1,4,168700.0,76.6,0,0
APP006952,808,2,2,254,2,60,1,2,513200.0,68.3,0,0
APP006953,616,2,2,0,0,0,1,3,437700.0,47.0,0,0
APP006954,588,7,1,131,0,0,2,3,844800.0,60.1,1,0
APP006955,633,4,4,99,1,30,1,2,412000.0,65.8,1,0
APP006956,757,6,1,170,0,0,4,6,321900.0,54.1,0,0
APP006957,701,4,1,20,0,0,1,2,443700.0,75.1,0,0
APP006958,659,5,1,85,1,180,1,5,942800.0,30.4,0,0
APP006959,812,3,1,111,0,0,5,6,228500.0,40.1,0,0
APP006960,635,3,3,7,0,0,1,3,285700.0,92.6,0,0
APP006961,729,3,1,83,0,0,2,2,410100.0,29.3,0,0
APP006962,841,1,1,242,0,0,1,5,898800.0,57.5,0,0
APP006963,613,5,3,61,0,0,2,8,256100.0,17.2,0,0
APP006964,771,0,0,34,0,0,3,6,276300.0,19.3,0,0
APP006965,715,4,4,24,0,0,2,5,581400.0,78.6,0,0
APP006966,665,6,1,116,1,90,1,2,169100.0,18.2,0,0
APP006967,626,7,0,65,0,0,3,4,367700.0,67.2,0,0
APP006968,845,1,1,85,0,0,1,1,15500.0,22.1,0,0
APP006969,692,0,0,276,4,60,1,4,263000.0,87.5,0,0
APP006970,770,4,0,161,0,0,1,2,369500.0,55.3,0,1
APP006971,592,2,2,9,0,0,3,4,200300.0,32.2,1,0
APP006972,794,5,2,146,0,0,2,5,778900.0,34.3,0,0
APP006973,851,4,1,42,2,60,4,7,443100.0,69.7,0,0
APP006974,683,3,1,168,1,90,1,1,1013200.0,28.1,0,0
APP006975,647,5,1,158,4,30,2,2,1062700.0,74.5,0,0
APP006976,806,4,4,5,0,0,1,1,214400.0,89.7,1,1
APP006977,738,2,1,27,4,120,3,4,153300.0,35.6,0,0
APP006978,761,6,2,16,0,0,1,3,89400.0,87.8,0,0
APP006979,695,4,0,35,0,0,6,7,398000.0,6.4,1,0
APP006980,824,3,1,360,1,90,1,2,458500.0,61.5,0,0
APP006981,660,1,1,0,4,30,3,4,568900.0,38.5,0,0
APP006982,704,2,2,75,0,0,2,5,44800.0,66.2,0,0
APP006983,670,1,1,28,2,60,2,2,1084300.0,13.8,0,0
APP006984,700,3,3,31,0,0,4,6,198600.0,23.4,0,0
APP006985,716,2,1,31,0,0,2,4,1521000.0,61.3,0,0
APP006986,722,4,2,2,5,60,2,3,283600.0,25.7,0,0
APP006987,581,3,2,10,0,0,3,5,642800.0,37.0,0,0
APP006988,738,0,0,38,3,30,2,2,251100.0,39.6,0,2
APP006989,586,3,2,53,1,30,1,2,5500.0,0.1,0,0
APP006990,633,1,0,0,0,0,1,5,852500.0,1.8,0,0
APP006991,620,6,2,6,0,0,1,2,696000.0,31.4,0,1
APP006992,721,3,0,6,0,0,1,1,550900.0,8.9,2,1
APP006993,788,6,0,35,1,30,2,3,424500.0,13.6,0,0
APP006994,839,3,0,11,0,0,4,6,281100.0,71.9,0,0
APP006995,691,3,1,54,0,0,1,2,354400.0,39.6,1,0
APP006996,773,3,3,79,4,180,2,3,3300.0,99.3,0,0
APP006997,666,3,1,8,1,60,0,1,260700.0,93.0,0,0
APP006998,624,4,2,41,0,0,5,6,159100.0,88.0,0,0
APP006999,509,5,0,7,0,0,2,4,630300.0,39.8,3,0
APP007000,560,3,1,167,0,0,6,7,72600.0,50.6,0,0
APP007001,737,7,1,135,0,0,4,5,660000.0,43.3,0,0
APP007002,690,3,0,64,0,0,0,6,608000.0,83.4,0,0
APP007003,555,2,1,73,3,120,1,6,9700.0,14.5,0,0
APP007004,727,5,1,59,0,0,1,3,835900.0,95.4,0,0
APP007005,715,4,2,2,1,120,1,3,512900.0,33.6,0,0
APP007006,703,5,0,99,0,0,2,3,62000.0,8.4,0,0
APP007007,686,3,2,40,0,0,4,7,566200.0,68.9,0,0
APP007008,732,3,2,101,0,0,2,4,1900.0,90.0,0,0
APP007009,699,1,1,122,0,0,2,6,133400.0,91.9,0,0
APP007010,796,3,3,19,1,120,2,2,425700.0,90.8,0,0
APP007011,716,3,2,162,0,0,2,5,204400.0,77.4,0,0
APP007012,721,0,0,11,0,0,4,6,2002500.0,72.4,0,0
APP007013,631,2,2,20,2,60,0,1,62900.0,50.9,0,1
APP007014,693,2,2,124,4,90,1,4,533400.0,22.0,0,0
APP007015,598,6,2,112,0,0,3,6,202500.0,4.6,0,0
APP007016,802,3,1,163,5,90,0,1,32900.0,5.5,3,1
APP007017,795,1,1,26,1,90,0,1,102000.0,69.6,0,0
APP007018,676,3,2,15,2,90,2,4,16900.0,6.4,0,0
APP007019,777,2,2,29,0,0,1,3,132700.0,0.7,0,0
APP007020,566,2,2,14,0,0,2,4,664200.0,19.7,0,0
APP007021,840,3,1,60,3,90,3,4,1391500.0,96.6,0,1
APP007022,645,3,1,23,5,30,1,1,252000.0,75.0,2,1
APP007023,615,3,3,173,1,120,1,4,128800.0,59.9,1,0
APP007024,818,3,1,0,0,0,2,4,564300.0,33.5,0,0
APP007025,691,2,2,144,1,60,0,0,125800.0,76.9,0,0
APP007026,617,5,3,5,1,30,2,4,370600.0,26.2,0,0
APP007027,811,2,1,42,4,180,3,6,291700.0,4.2,0,0
APP007028,606,1,1,25,0,0,2,6,654500.0,77.7,0,0
APP007029,777,2,2,33,1,90,1,2,181300.0,42.8,0,0
APP007030,795,0,0,19,5,30,3,3,1116400.0,71.8,0,0
APP007031,782,3,1,67,1,30,0,2,754700.0,27.6,0,0
APP007032,794,2,1,97,0,0,0,2,446600.0,99.4,0,0
APP007033,787,4,1,93,1,60,4,8,701000.0,43.4,1,0
APP007034,698,1,0,10,0,0,0,2,1703500.0,30.8,0,0
APP007035,730,4,2,15,4,30,0,0,11100.0,3.8,0,0
APP007036,654,4,0,63,5,30,2,2,55600.0,2.2,0,0
APP007037,798,6,3,39,0,0,3,4,96200.0,57.4,0,0
APP007038,640,1,1,23,0,0,1,2,177300.0,59.3,0,0
APP007039,675,6,1,127,0,0,2,6,173000.0,2.4,0,0
APP007040,712,2,2,10,5,60,4,5,63400.0,55.7,2,0
APP007041,731,2,2,14,0,0,4,6,355600.0,87.0,0,0
APP007042,750,2,1,5,0,0,2,3,915700.0,60.8,0,0
APP007043,576,4,2,32,1,90,2,3,119600.0,24.5,3,0
APP007044,571,2,2,4,1,60,1,6,380500.0,2.5,0,0
APP007045,819,4,1,74,3,60,0,0,2685700.0,95.4,0,0
APP007046,776,3,2,7,2,30,2,5,66200.0,45.9,0,0
APP007047,761,1,1,140,3,30,1,2,816300.0,67.8,1,0
APP007048,506,1,1,16,0,0,3,3,165500.0,58.4,2,0
APP007049,682,5,1,11,1,60,1,2,87700.0,13.4,1,0
APP007050,549,1,1,6,1,30,4,5,650500.0,50.1,0,0
APP007051,594,3,0,255,3,90,0,5,249100.0,28.4,0,0
APP007052,818,4,2,64,0,0,3,4,515400.0,82.9,0,0
APP007053,798,1,1,211,0,0,1,3,939000.0,73.7,0,0
APP007054,712,4,2,84,0,0,3,4,388900.0,62.4,0,0
APP007055,589,4,4,46,0,0,0,1,14500.0,80.1,0,0
APP007056,638,3,3,32,0,0,3,7,191800.0,94.8,0,0
APP007057,792,2,2,174,0,0,2,4,136000.0,19.1,2,0
APP007058,769,2,1,14,0,0,1,1,630400.0,72.7,0,0
APP007059,550,2,2,30,0,0,1,2,763900.0,76.0,1,0
APP007060,719,3,1,71,3,90,4,7,184600.0,56.3,0,0
APP007061,726,2,2,79,1,30,8,13,22900.0,8.7,0,0
APP007062,737,2,2,47,0,0,2,6,654600.0,15.1,0,0
APP007063,715,3,1,153,0,0,5,6,230200.0,57.8,0,2
APP007064,808,3,3,167,0,0,5,6,393600.0,64.7,2,0
APP007065,763,1,1,48,0,0,3,5,1201400.0,42.9,0,0
APP007066,803,1,1,18,0,0,0,2,1048300.0,83.7,0,0
APP007067,633,3,1,51,0,0,1,1,282000.0,41.5,0,0
APP007068,730,5,2,160,0,0,3,5,800900.0,67.3,0,0
APP007069,691,2,2,44,0,0,2,2,140800.0,52.0,0,0
APP007070,664,2,2,30,0,0,0,2,405200.0,37.3,0,0
APP007071,730,6,0,102,0,0,2,2,279300.0,79.8,0,0
APP007072,897,2,0,69,3,60,2,2,288500.0,70.4,0,0
APP007073,698,3,3,158,0,0,5,7,169800.0,73.6,0,0
APP007074,584,3,3,54,0,0,1,4,665100.0,28.6,0,0
APP007075,750,2,2,133,0,0,2,2,185800.0,54.3,0,0
APP007076,718,4,2,51,0,0,2,4,1400.0,87.0,0,0
APP007077,685,4,2,6,1,30,1,3,299400.0,80.2,0,0
APP007078,746,3,0,7,0,0,3,4,62400.0,49.7,0,0
APP007079,733,3,2,26,0,0,5,6,109000.0,29.5,0,0
APP007080,707,2,2,14,0,0,3,6,638500.0,72.5,1,0
APP007081,699,1,1,196,1,90,1,2,245300.0,2.6,1,0
APP007082,678,4,0,106,4,30,3,4,183100.0,53.9,1,0
APP007083,890,1,1,5,1,60,1,3,870700.0,42.9,1,0
APP007084,771,2,2,20,1,60,3,5,1174700.0,73.7,0,0
APP007085,558,4,1,26,0,0,2,4,728400.0,59.8,0,0
APP007086,605,4,3,103,0,0,2,4,218000.0,49.7,0,0
APP007087,823,2,2,42,0,0,1,5,367100.0,62.7,0,0
APP007088,687,4,4,38,2,30,1,4,61700.0,92.5,0,0
APP007089,671,1,1,176,5,30,0,2,208500.0,87.0,1,0
APP007090,626,4,2,360,0,0,2,6,158200.0,22.5,0,0
APP007091,628,3,3,4,0,0,3,6,294200.0,1.0,2,0
APP007092,561,8,4,11,5,90,0,0,204000.0,84.8,0,0
APP007093,656,4,4,16,1,90,3,4,240600.0,76.8,0,0
APP007094,715,5,1,164,0,0,5,6,65900.0,15.6,0,0
APP007095,787,1,1,78,0,0,2,5,26800.0,33.4,0,0
APP007096,687,3,2,50,0,0,2,5,37800.0,61.2,0,0
APP007097,745,6,2,21,0,0,1,3,164500.0,2.8,0,0
APP007098,700,4,3,14,1,30,2,6,463500.0,30.3,0,0
APP007099,504,3,2,3,0,0,1,5,152700.0,50.5,0,0
APP007100,646,6,1,12,2,60,1,4,73400.0,23.0,0,0
APP007101,776,4,2,78,1,60,1,3,14100.0,13.7,0,0
APP007102,593,2,2,14,0,0,0,0,320100.0,54.0,0,0
APP007103,581,2,2,42,1,30,6,8,134200.0,53.2,0,0
APP007104,774,5,3,39,2,60,0,3,96500.0,7.1,0,0
APP007105,738,7,1,127,0,0,3,4,308800.0,89.8,0,0
APP007106,741,6,0,113,0,0,2,3,26700.0,5.1,0,0
APP007107,639,2,2,3,2,30,2,3,13500.0,19.1,0,0
APP007108,703,3,0,7,1,30,2,2,83800.0,16.7,0,0
APP007109,548,3,1,41,0,0,1,3,714300.0,32.1,0,0
APP007110,785,3,2,173,5,90,2,3,226800.0,32.9,0,0
APP007111,532,5,4,132,3,30,3,6,1493900.0,44.2,2,0
APP007112,764,3,2,30,0,0,4,8,404800.0,20.5,0,0
APP007113,561,3,0,9,0,0,4,6,29800.0,72.2,0,0
APP007114,666,7,5,108,0,0,3,4,1061100.0,43.9,0,0
APP007115,875,3,1,1,0,0,2,6,40400.0,68.9,0,0
APP007116,846,4,4,23,1,30,1,3,29500.0,78.6,0,2
APP007117,650,1,1,150,0,0,3,6,111500.0,98.0,0,0
APP007118,719,3,3,10,0,0,4,5,8500.0,86.2,0,0
APP007119,748,6,3,130,0,0,5,8,268400.0,89.0,0,0
APP007120,684,3,2,18,0,0,3,6,1407600.0,87.4,0,1
APP007121,656,3,3,124,0,0,4,7,965700.0,48.9,1,0
APP007122,791,1,1,27,2,60,2,5,1372100.0,20.4,0,0
APP007123,717,4,2,15,0,0,1,3,214200.0,91.4,0,0
APP007124,658,1,1,25,1,60,7,9,146500.0,89.0,0,0
APP007125,662,4,0,15,2,180,2,4,422400.0,48.9,0,0
APP007126,825,2,2,182,2,30,3,6,21400.0,78.0,0,0
APP007127,818,3,3,3,0,0,1,4,591900.0,11.5,0,0
APP007128,655,1,1,61,3,120,0,1,804600.0,1.0,0,0
APP007129,749,3,1,7,2,180,0,1,497000.0,87.9,0,0
APP007130,633,3,3,34,1,120,2,4,1835100.0,13.9,1,0
APP007131,743,4,1,19,0,0,4,6,208500.0,17.4,0,0
APP007132,711,5,3,60,1,60,3,4,852900.0,70.8,0,0
APP007133,625,1,1,30,0,0,2,9,155100.0,92.8,0,1
APP007134,583,4,4,22,0,0,3,8,450400.0,88.4,0,0
APP007135,760,0,0,3,1,90,6,8,226900.0,8.3,0,0
APP007136,711,4,3,85,0,0,1,2,288600.0,21.0,0,0
APP007137,688,4,4,79,0,0,5,9,1001800.0,67.7,0,0
APP007138,736,1,1,44,0,0,2,3,773100.0,52.7,0,0
APP007139,838,1,1,21,1,180,3,5,65900.0,57.1,0,1
APP007140,769,2,2,88,0,0,0,4,725900.0,56.5,0,0
APP007141,608,3,1,293,0,0,1,1,126700.0,16.3,0,0
APP007142,586,5,0,44,0,0,0,2,577500.0,67.2,0,0
APP007143,813,1,1,113,0,0,3,4,167600.0,10.5,0,0
APP007144,657,6,2,64,0,0,4,5,401700.0,55.0,0,0
APP007145,706,5,2,55,1,90,3,6,24500.0,7.6,0,0
APP007146,618,2,1,59,0,0,2,8,415000.0,18.4,0,0
APP007147,593,2,1,47,1,30,1,5,43500.0,23.2,0,0
APP007148,669,5,1,59,1,60,0,2,144600.0,5.3,0,0
APP007149,782,4,4,194,0,0,1,3,1116300.0,22.1,0,0
APP007150,821,0,0,215,0,0,3,4,229600.0,37.4,1,0
APP007151,691,3,2,11,0,0,2,5,25200.0,53.4,0,0
APP007152,718,3,2,1,1,90,4,7,595200.0,63.2,0,0
APP007153,711,4,0,0,0,0,1,5,533500.0,92.0,0,0
APP007154,796,2,2,30,0,0,5,5,243400.0,92.0,2,0
APP007155,736,4,3,105,0,0,2,3,1569700.0,1.5,0,1
APP007156,660,2,0,68,1,90,5,8,512700.0,58.1,0,0
APP007157,663,3,3,59,0,0,0,2,955000.0,58.0,0,0
APP007158,748,2,2,93,3,60,1,2,131800.0,49.3,0,0
APP007159,727,4,1,6,1,180,1,4,151300.0,57.4,0,1
APP007160,691,3,3,100,1,90,2,5,384500.0,2.5,0,0
APP007161,624,3,3,25,0,0,1,4,306600.0,86.6,0,0
APP007162,692,4,0,102,1,60,1,2,823600.0,87.9,0,0
APP007163,680,5,0,100,0,0,2,6,188600.0,53.9,0,0
APP007164,648,1,1,77,3,30,1,3,366100.0,36.8,0,0
APP007165,560,4,1,12,3,120,0,1,675400.0,98.1,0,0
APP007166,675,6,4,30,0,0,2,3,147000.0,81.2,0,1
APP007167,853,0,0,1,0,0,3,3,962800.0,18.6,1,0
APP007168,760,4,1,45,1,60,1,3,380300.0,30.3,0,0
APP007169,871,4,1,50,0,0,2,3,235000.0,41.5,0,0
APP007170,742,2,2,0,0,0,4,6,779900.0,42.8,0,0
APP007171,731,2,0,47,3,30,2,2,135300.0,34.6,0,0
APP007172,654,6,2,29,0,0,2,5,505300.0,3.2,0,0
APP007173,767,2,2,66,0,0,3,5,17000.0,99.8,0,0
APP007174,764,3,2,102,2,30,4,5,309000.0,7.1,0,0
APP007175,714,0,0,18,1,60,0,3,254000.0,22.9,0,0
APP007176,693,2,2,53,0,0,2,5,240500.0,5.3,0,0
APP007177,620,2,2,25,0,0,1,5,514800.0,20.5,0,0
APP007178,645,1,1,117,5,30,3,5,87400.0,98.6,0,0
APP007179,646,2,2,57,0,0,1,4,514900.0,4.8,2,0
APP007180,720,3,3,11,2,60,0,1,416200.0,49.4,0,0
APP007181,777,3,3,162,5,30,2,6,269000.0,15.3,0,0
APP007182,709,3,2,26,0,0,1,5,152900.0,20.8,0,0
APP007183,900,5,1,31,0,0,1,3,38500.0,52.1,0,0
APP007184,680,2,0,78,0,0,5,7,126400.0,39.1,0,0
APP007185,751,3,1,162,0,0,0,0,518900.0,4.4,0,0
APP007186,714,0,0,25,0,0,1,3,632800.0,97.8,1,0
APP007187,829,2,1,20,1,120,2,5,42800.0,69.2,0,0
APP007188,496,2,2,5,0,0,0,1,210900.0,32.7,0,0
APP007189,677,3,0,32,1,120,2,4,145100.0,99.5,2,0
APP007190,715,3,3,70,2,90,2,3,386200.0,45.3,0,0
APP007191,627,1,1,78,0,0,0,2,1089500.0,66.0,0,0
APP007192,720,2,1,10,1,60,3,6,51700.0,49.7,0,0
APP007193,676,2,1,233,0,0,0,3,1369200.0,13.6,0,0
APP007194,602,2,2,0,2,120,1,2,466400.0,32.0,0,1
APP007195,670,5,2,38,0,0,3,5,366200.0,3.5,0,0
APP007196,759,4,2,44,0,0,1,5,997400.0,59.9,0,0
APP007197,729,7,2,28,0,0,1,1,504400.0,55.1,0,0
APP007198,679,3,2,50,3,90,1,4,132400.0,78.1,0,1
APP007199,752,3,3,7,0,0,2,5,67300.0,21.7,0,0
APP007200,602,5,2,17,2,30,1,3,431000.0,5.5,0,0
APP007201,586,2,1,82,1,30,2,3,228900.0,63.6,0,0
APP007202,588,5,2,18,0,0,4,7,723400.0,10.9,0,1
APP007203,792,0,0,27,0,0,1,3,16000.0,28.9,1,0
APP007204,742,5,2,78,3,30,4,8,501700.0,44.7,0,0
APP007205,656,4,2,113,0,0,3,4,249400.0,15.9,0,0
APP007206,694,4,1,51,1,180,8,8,4600.0,50.8,0,0
APP007207,779,1,1,88,2,30,2,5,761900.0,90.7,0,1
APP007208,760,4,2,1,0,0,2,4,503500.0,75.5,0,0
APP007209,719,0,0,9,1,30,0,4,190700.0,1.8,0,0
APP007210,537,1,0,10,1,30,3,3,307600.0,65.4,0,0
APP007211,734,2,1,85,4,90,0,1,165300.0,17.8,0,1
APP007212,651,3,1,146,0,0,0,2,163100.0,19.1,0,0
APP007213,607,2,2,69,2,90,3,3,299500.0,37.6,0,0
APP007214,809,6,3,2,0,0,1,1,369200.0,77.1,0,0
APP007215,513,2,2,141,5,90,1,4,236300.0,13.7,0,0
APP007216,665,3,2,5,0,0,1,2,168800.0,56.3,0,0
APP007217,814,2,2,132,0,0,0,2,212000.0,27.5,0,1
APP007218,661,2,2,16,1,60,1,3,440300.0,54.6,0,0
APP007219,628,3,1,17,0,0,1,2,311700.0,80.1,0,0
APP007220,714,5,3,60,0,0,3,3,936400.0,68.5,0,0
APP007221,693,4,3,43,0,0,0,3,240400.0,11.4,0,0
APP007222,681,5,2,11,0,0,1,3,979000.0,80.4,0,0
APP007223,712,6,5,112,2,60,3,7,304400.0,89.0,0,0
APP007224,807,3,3,38,0,0,1,1,489300.0,77.4,0,0
APP007225,663,5,2,63,0,0,0,2,506500.0,58.5,3,0
APP007226,666,2,0,119,3,30,3,8,165700.0,74.2,0,0
APP007227,760,3,3,2,2,30,1,1,77200.0,93.1,1,0
APP007228,502,1,1,73,0,0,0,0,91600.0,54.8,3,0
APP007229,596,6,3,28,0,0,3,6,37700.0,75.8,0,0
APP007230,716,2,2,30,1,30,3,5,171500.0,44.1,0,0
APP007231,650,2,2,14,1,30,1,3,222100.0,27.8,0,0
APP007232,583,2,1,46,0,0,1,2,1036900.0,87.4,0,0
APP007233,661,3,2,69,1,60,2,7,304700.0,79.3,1,0
APP007234,717,5,2,48,2,90,5,6,902400.0,79.2,0,0
APP007235,818,5,1,12,0,0,1,1,370000.0,33.4,0,0
APP007236,664,2,2,139,1,120,2,6,13200.0,81.9,0,0
APP007237,640,2,2,22,2,60,1,2,11400.0,32.3,0,0
APP007238,788,5,2,69,1,30,1,2,288700.0,63.4,0,0
APP007239,554,2,1,94,0,0,3,4,1341000.0,37.5,1,0
APP007240,700,4,3,89,0,0,4,4,151600.0,74.1,0,0
APP007241,618,5,2,50,2,30,1,2,195700.0,94.0,0,0
APP007242,588,2,2,40,1,30,6,8,167200.0,39.5,0,0
APP007243,635,4,1,11,0,0,6,6,367300.0,70.2,0,0
APP007244,676,1,1,62,4,90,0,0,67100.0,5.4,0,0
APP007245,688,3,1,1,0,0,1,1,343400.0,62.2,0,0
APP007246,784,2,2,48,0,0,2,3,359900.0,57.9,0,0
APP007247,722,4,3,101,3,120,2,3,50900.0,47.2,0,0
APP007248,869,2,2,125,0,0,1,3,611500.0,70.3,1,0
APP007249,676,4,1,35,1,60,3,6,353300.0,29.5,0,0
APP007250,639,4,1,7,2,30,0,0,289200.0,36.7,0,0
APP007251,654,3,2,12,1,30,2,3,2569300.0,94.3,0,0
APP007252,697,4,4,100,0,0,1,3,151400.0,12.1,0,0
APP007253,584,2,1,9,0,0,0,0,431100.0,72.5,0,0
APP007254,624,5,3,66,0,0,2,3,81000.0,49.3,0,0
APP007255,717,5,3,5,0,0,3,4,868500.0,31.4,0,0
APP007256,724,1,1,26,0,0,4,7,223500.0,22.8,0,0
APP007257,586,1,0,141,0,0,1,4,101900.0,16.8,2,0
APP007258,764,6,0,125,3,90,4,5,535000.0,65.7,0,0
APP007259,694,5,2,161,0,0,2,5,222000.0,56.2,0,0
APP007260,670,2,1,42,2,60,5,8,93500.0,10.1,0,2
APP007261,643,2,1,30,2,90,1,5,537400.0,53.9,2,0
APP007262,740,2,2,133,3,60,2,3,8500.0,34.5,2,0
APP007263,759,3,1,1,2,60,3,5,57900.0,20.9,0,0
APP007264,843,3,3,18,0,0,1,5,629100.0,77.5,0,0
APP007265,652,5,1,124,0,0,4,5,428200.0,41.6,0,0
APP007266,614,3,2,17,0,0,1,6,135200.0,61.9,0,1
APP007267,732,2,2,209,0,0,4,5,437300.0,90.3,0,0
APP007268,655,1,1,94,5,30,1,2,41800.0,97.9,0,0
APP007269,733,8,1,52,0,0,3,6,638800.0,48.4,0,0
APP007270,646,6,0,7,1,60,1,5,995000.0,9.4,1,0
APP007271,554,5,0,2,3,30,2,3,73200.0,59.0,0,0
APP007272,724,2,1,68,0,0,4,6,395600.0,30.5,0,1
APP007273,629,1,1,0,0,0,5,8,157600.0,97.1,0,0
APP007274,785,4,2,53,0,0,0,4,381900.0,79.6,1,0
APP007275,747,2,2,6,0,0,4,8,42500.0,32.9,0,0
APP007276,707,3,3,18,1,30,4,5,355400.0,87.9,0,0
APP007277,700,4,2,66,0,0,2,4,415600.0,80.7,0,1
APP007278,792,3,0,56,1,30,6,10,209000.0,53.6,1,0
APP007279,597,4,3,7,0,0,2,2,1015600.0,93.8,0,0
APP007280,784,2,1,7,0,0,5,9,514600.0,76.9,0,1
APP007281,686,1,1,2,0,0,2,4,806100.0,71.9,0,0
APP007282,697,5,1,9,3,30,4,8,452700.0,23.3,0,0
APP007283,648,1,1,13,0,0,1,3,834500.0,52.8,0,0
APP007284,647,2,2,19,0,0,1,3,517300.0,65.1,1,0
APP007285,688,4,1,5,1,60,0,2,69400.0,18.4,0,0
APP007286,795,7,2,20,0,0,2,4,837600.0,85.2,0,0
APP007287,700,2,2,18,0,0,3,3,63000.0,92.4,0,0
APP007288,731,3,2,12,2,90,2,4,100900.0,79.2,0,0
APP007289,701,2,2,3,2,120,3,8,373200.0,65.5,0,0
APP007290,613,5,1,82,2,30,0,1,525500.0,31.5,0,0
APP007291,749,1,1,39,0,0,1,5,533000.0,73.3,0,0
APP007292,625,3,1,162,1,60,2,4,598900.0,70.4,0,0
APP007293,752,2,1,35,2,90,1,2,1160800.0,28.6,0,0
APP007294,754,1,0,19,2,60,2,4,112300.0,37.9,1,0
APP007295,683,0,0,46,0,0,2,2,583400.0,58.3,1,0
APP007296,830,2,1,8,0,0,1,3,1280200.0,84.1,0,0
APP007297,752,2,2,108,4,60,2,4,557700.0,86.6,0,0
APP007298,687,4,0,13,0,0,2,4,40200.0,78.8,0,1
APP007299,845,4,1,37,4,90,3,6,175800.0,83.7,0,0
APP007300,778,4,0,5,0,0,3,4,1032200.0,15.3,0,0
APP007301,622,3,2,82,0,0,0,2,7200.0,28.2,0,0
APP007302,610,3,2,70,2,30,3,5,640300.0,20.0,0,0
APP007303,675,2,2,42,1,90,3,6,727700.0,19.8,0,0
APP007304,731,1,0,265,3,30,1,5,566700.0,27.8,0,0
APP007305,733,3,2,3,1,90,2,9,631900.0,20.1,0,0
APP007306,818,3,3,83,0,0,2,2,553400.0,13.3,0,0
APP007307,660,5,0,61,1,30,2,5,436000.0,16.9,2,0
APP007308,706,5,1,55,0,0,2,3,1040200.0,33.9,0,0
APP007309,819,7,2,126,0,0,1,3,184600.0,59.3,0,0
APP007310,701,1,1,129,0,0,1,3,517800.0,58.2,0,0
APP007311,819,0,0,30,0,0,0,2,607300.0,49.8,0,1
APP007312,643,2,2,63,1,30,1,3,557500.0,26.4,0,1
APP007313,647,4,0,45,0,0,2,3,687000.0,75.3,0,0
APP007314,762,2,2,5,0,0,4,7,110100.0,65.6,0,0
APP007315,664,4,2,4,0,0,0,2,3494000.0,74.6,0,0
APP007316,687,0,0,10,1,120,1,2,1300.0,35.9,2,0
APP007317,667,2,1,7,0,0,4,7,440200.0,64.6,0,0
APP007318,623,7,0,22,0,0,3,5,468400.0,36.9,0,0
APP007319,659,4,1,37,3,60,2,5,505900.0,78.6,0,0
APP007320,671,3,2,5,0,0,2,3,1198500.0,42.3,0,0
APP007321,671,3,3,18,3,60,4,6,2604800.0,63.1,0,0
APP007322,623,1,0,59,0,0,2,5,133100.0,77.6,0,0
APP007323,593,4,2,29,1,60,3,6,4900.0,26.6,0,2
APP007324,631,6,3,9,1,90,3,4,19800.0,32.1,0,0
APP007325,650,2,1,116,0,0,0,2,180000.0,74.7,0,1
APP007326,670,1,1,22,0,0,3,5,410400.0,9.3,0,1
APP007327,722,1,1,189,3,30,2,3,92100.0,70.8,0,0
APP007328,683,7,1,10,0,0,6,8,38400.0,85.1,0,0
APP007329,612,1,1,63,1,30,1,3,15600.0,34.7,0,0
APP007330,756,4,1,7,0,0,3,3,174400.0,8.2,0,0
APP007331,637,1,1,119,3,90,1,3,168100.0,90.6,0,0
APP007332,900,2,2,62,0,0,2,5,931900.0,10.2,1,0
APP007333,710,4,3,97,1,60,1,6,1045200.0,89.5,0,0
APP007334,710,0,0,42,1,30,2,4,498800.0,14.1,0,0
APP007335,774,2,2,56,1,30,2,7,115700.0,16.1,0,0
APP007336,656,3,1,82,2,30,3,4,545400.0,45.0,0,0
APP007337,696,3,1,17,0,0,1,6,401100.0,18.1,1,0
APP007338,731,7,2,69,1,30,4,4,526100.0,93.3,1,0
APP007339,721,4,1,5,0,0,1,4,107500.0,14.1,0,0
APP007340,707,2,1,9,1,120,3,8,1143400.0,45.0,0,0
APP007341,781,4,0,24,1,30,4,5,26500.0,77.6,0,0
APP007342,752,7,3,138,3,30,2,2,525500.0,42.6,0,0
APP007343,756,2,0,33,1,30,0,4,162500.0,32.3,0,0
APP007344,693,0,0,88,3,30,3,5,150600.0,13.6,0,0
APP007345,606,3,1,177,0,0,2,3,299500.0,4.2,0,0
APP007346,629,8,1,104,0,0,0,1,808700.0,84.6,0,0
APP007347,648,2,2,13,0,0,0,1,922400.0,32.9,0,0
APP007348,649,7,1,21,3,180,2,6,1253400.0,79.9,0,0
APP007349,764,4,2,155,0,0,2,3,80600.0,91.8,0,0
APP007350,657,0,0,7,0,0,1,2,24500.0,43.3,0,0
APP007351,669,2,2,119,2,180,2,2,2024000.0,55.4,0,0
APP007352,748,2,2,18,0,0,3,6,113700.0,86.6,0,0
APP007353,667,4,0,154,2,60,3,6,55200.0,80.7,0,0
APP007354,636,5,4,67,0,0,1,3,792800.0,95.8,0,0
APP007355,745,3,3,22,0,0,3,5,117800.0,70.0,1,0
APP007356,650,3,1,2,0,0,1,4,942800.0,81.4,0,0
APP007357,750,2,1,9,1,120,3,3,1239400.0,19.5,1,2
APP007358,581,6,1,31,0,0,0,3,644800.0,37.8,0,0
APP007359,553,1,1,11,0,0,1,4,392300.0,93.2,0,0
APP007360,793,1,1,36,0,0,5,7,24100.0,48.6,0,0
APP007361,708,3,1,14,0,0,3,7,139200.0,80.5,1,0
APP007362,639,3,0,55,2,30,4,6,272100.0,5.8,0,0
APP007363,634,1,1,6,1,30,4,8,662900.0,88.1,0,0
APP007364,732,4,0,118,1,60,3,5,224300.0,95.9,3,0
APP007365,830,0,0,0,0,0,3,6,1267500.0,45.3,1,0
APP007366,723,1,1,36,0,0,1,1,943100.0,15.4,0,0
APP007367,686,4,0,58,0,0,2,3,233700.0,88.8,0,0
APP007368,616,1,1,42,0,0,1,3,30300.0,50.0,0,0
APP007369,607,2,2,3,0,0,3,3,506900.0,85.5,0,0
APP007370,551,3,1,65,1,30,0,1,575500.0,72.8,0,0
APP007371,773,3,2,45,0,0,2,6,262200.0,69.3,0,0
APP007372,863,1,1,2,0,0,2,4,152100.0,11.8,0,0
APP007373,761,6,2,23,0,0,3,8,480500.0,68.1,0,0
APP007374,830,1,1,30,1,90,2,7,291500.0,99.2,0,0
APP007375,847,2,2,75,5,120,0,1,471500.0,36.4,2,0
APP007376,715,2,2,13,0,0,2,6,1513300.0,14.6,0,0
APP007377,810,3,3,176,1,60,0,1,984600.0,30.6,0,0
APP007378,742,4,2,1,0,0,1,2,20400.0,78.0,1,0
APP007379,653,5,1,87,0,0,1,2,1148300.0,11.6,0,0
APP007380,558,2,2,186,1,30,2,5,110000.0,14.7,0,0
APP007381,652,3,0,128,0,0,3,6,167500.0,72.8,0,0
APP007382,699,1,1,4,0,0,1,1,711300.0,1.3,0,0
APP007383,780,3,3,19,0,0,1,2,180400.0,18.7,0,1
APP007384,582,5,2,2,0,0,2,3,314400.0,30.0,0,0
APP007385,719,4,2,169,1,90,6,7,562000.0,78.6,0,0
APP007386,717,2,1,16,0,0,1,1,299100.0,53.2,0,0
APP007387,705,1,1,30,0,0,2,6,884100.0,74.4,0,0
APP007388,844,3,3,158,0,0,2,3,1705500.0,84.5,0,0
APP007389,767,5,0,69,1,60,1,3,638200.0,17.8,0,0
APP007390,748,2,2,118,1,60,0,3,227300.0,98.8,0,0
APP007391,675,5,4,66,1,60,3,5,332100.0,2.0,0,0
APP007392,636,5,2,29,0,0,1,4,586100.0,79.7,0,0
APP007393,827,2,2,0,1,30,3,4,432600.0,87.5,0,0
APP007394,883,6,2,23,3,60,2,3,198500.0,39.5,1,0
APP007395,651,5,3,21,5,30,4,6,459600.0,64.2,0,0
APP007396,608,4,2,90,0,0,2,3,98600.0,36.0,0,0
APP007397,773,3,1,127,1,30,2,6,1053700.0,0.8,0,0
APP007398,770,2,2,78,0,0,2,2,68800.0,71.8,0,0
APP007399,768,2,2,19,1,30,3,3,363200.0,2.7,0,1
APP007400,726,3,0,134,1,120,4,7,26300.0,51.6,0,0
APP007401,682,1,0,45,0,0,2,2,41400.0,64.2,0,0
APP007402,652,1,1,2,0,0,4,4,22200.0,71.7,0,0
APP007403,706,3,3,25,0,0,1,3,2594100.0,92.6,0,0
APP007404,599,3,1,10,0,0,1,5,3888000.0,46.8,0,0
APP007405,702,7,2,29,0,0,2,5,142400.0,42.7,3,0
APP007406,708,3,3,7,0,0,0,2,18800.0,59.3,0,0
APP007407,733,1,1,39,2,30,1,3,662300.0,0.9,0,0
APP007408,742,3,3,43,1,30,2,9,202900.0,11.2,0,0
APP007409,656,0,0,25,0,0,2,6,1644900.0,81.6,0,1
APP007410,837,1,1,36,2,30,1,2,212500.0,70.3,2,0
APP007411,770,5,2,60,0,0,2,5,281200.0,41.2,0,0
APP007412,679,0,0,49,0,0,3,3,168600.0,72.1,1,0
APP007413,553,3,3,5,5,60,5,6,1442800.0,76.3,0,0
APP007414,706,2,0,9,0,0,4,7,18500.0,51.4,0,0
APP007415,855,5,1,52,2,90,3,6,619600.0,30.7,0,0
APP007416,684,6,0,74,2,30,2,5,201400.0,50.4,0,0
APP007417,647,3,3,47,0,0,0,6,916000.0,68.6,0,0
APP007418,720,0,0,233,0,0,4,7,367000.0,15.0,0,0
APP007419,761,1,1,47,3,30,1,3,77100.0,61.7,0,0
APP007420,689,2,2,39,1,180,7,12,87800.0,96.3,0,0
APP007421,617,0,0,119,0,0,3,5,161000.0,10.0,0,0
APP007422,694,1,1,48,0,0,1,3,597600.0,78.2,0,1
APP007423,787,1,1,73,0,0,0,1,1018600.0,92.3,0,0
APP007424,713,3,3,41,0,0,3,9,42800.0,87.1,0,0
APP007425,641,6,1,0,1,30,2,4,173600.0,68.9,0,1
APP007426,807,5,2,14,3,30,4,10,416900.0,7.4,0,0
APP007427,556,4,4,3,0,0,0,2,257700.0,75.4,0,0
APP007428,596,6,3,0,1,60,1,3,655600.0,94.4,1,0
APP007429,631,3,0,4,3,60,0,0,3400.0,1.7,0,0
APP007430,700,2,0,38,1,90,2,4,54900.0,44.0,0,2
APP007431,776,2,2,97,0,0,0,3,112700.0,46.0,0,0
APP007432,750,4,0,33,1,30,2,4,95400.0,55.8,1,0
APP007433,786,2,2,177,0,0,2,3,28300.0,96.4,0,0
APP007434,631,4,0,98,0,0,1,1,589000.0,58.5,1,0
APP007435,720,3,3,141,0,0,1,2,533900.0,47.2,0,0
APP007436,779,2,2,120,2,30,1,1,6000.0,14.3,0,0
APP007437,720,4,4,4,0,0,1,4,249100.0,42.6,0,0
APP007438,634,3,1,53,3,180,0,1,781500.0,89.0,0,0
APP007439,854,2,1,63,0,0,2,5,102400.0,20.3,0,0
APP007440,645,2,2,30,0,0,4,4,210900.0,90.8,0,0
APP007441,749,5,1,56,0,0,0,1,46800.0,1.5,0,0
APP007442,829,3,1,177,0,0,3,4,218500.0,44.6,0,0
APP007443,625,4,4,177,0,0,1,5,309800.0,19.2,0,2
APP007444,652,2,2,40,1,90,3,6,257600.0,34.7,0,0
APP007445,824,1,1,38,0,0,2,5,351500.0,1.0,0,0
APP007446,580,3,3,106,0,0,5,8,133100.0,24.0,1,0
APP007447,750,3,3,13,0,0,2,4,652900.0,26.3,0,0
APP007448,720,2,2,215,3,60,0,0,188000.0,43.3,0,0
APP007449,872,2,0,116,4,180,2,5,1789500.0,15.1,0,0
APP007450,514,3,2,21,1,90,3,5,1021800.0,21.4,0,0
APP007451,776,2,2,38,0,0,0,1,78900.0,23.4,0,1
APP007452,708,6,1,111,0,0,0,0,63800.0,23.2,1,0
APP007453,667,5,3,74,0,0,0,3,1148600.0,15.9,0,0
APP007454,813,7,1,43,2,180,4,6,112400.0,51.0,0,0
APP007455,655,2,2,15,1,30,4,8,626600.0,98.0,0,0
APP007456,679,1,0,16,0,0,0,2,268100.0,44.6,0,1
APP007457,758,3,2,2,1,30,3,4,673700.0,72.6,0,0
APP007458,789,2,2,151,0,0,2,3,76500.0,97.1,3,0
APP007459,706,2,2,4,0,0,3,4,3405300.0,49.1,0,0
APP007460,559,4,0,102,1,30,0,1,884800.0,90.6,0,0
APP007461,578,3,1,53,1,30,1,4,1956800.0,26.4,0,0
APP007462,766,2,2,56,0,0,4,6,323100.0,36.8,0,0
APP007463,832,2,1,212,0,0,2,4,95700.0,31.6,1,0
APP007464,600,1,1,54,0,0,2,4,379200.0,9.3,0,0
APP007465,560,1,1,76,0,0,2,4,202500.0,76.6,0,0
APP007466,769,0,0,164,0,0,3,6,295600.0,54.8,0,0
APP007467,773,3,1,6,0,0,3,7,1462400.0,55.6,0,0
APP007468,623,3,2,121,1,60,2,5,1315000.0,84.8,0,0
APP007469,830,1,1,9,1,90,3,4,93400.0,7.6,0,0
APP007470,757,1,1,273,0,0,2,3,589400.0,29.5,0,0
APP007471,617,3,0,51,0,0,6,9,158600.0,67.8,0,0
APP007472,700,3,1,24,0,0,0,4,2009900.0,13.7,0,0
APP007473,741,4,0,14,0,0,3,7,109500.0,93.8,0,0
APP007474,851,1,0,20,0,0,0,2,153100.0,28.1,0,0
APP007475,716,3,2,97,2,120,4,5,176800.0,60.2,0,0
APP007476,712,3,1,59,0,0,4,5,786300.0,76.5,0,0
APP007477,702,1,1,18,1,30,3,5,178000.0,40.0,0,0
APP007478,716,2,0,33,0,0,6,7,70200.0,99.9,0,0
APP007479,748,4,2,41,1,30,1,6,1406300.0,18.6,0,0
APP007480,667,4,1,53,1,120,2,5,180500.0,89.0,0,0
APP007481,709,6,1,59,2,30,0,1,530100.0,12.2,0,0
APP007482,602,4,1,42,0,0,2,5,137800.0,97.3,0,0
APP007483,720,2,0,166,0,0,0,2,332100.0,97.1,0,0
APP007484,640,3,0,91,3,90,2,4,54500.0,31.2,0,1
APP007485,587,7,3,177,0,0,3,7,494100.0,63.9,0,0
APP007486,784,4,2,0,0,0,2,6,23200.0,49.7,0,1
APP007487,670,1,1,0,0,0,0,1,167000.0,24.0,0,0
APP007488,760,2,2,66,0,0,0,1,382300.0,54.4,0,0
APP007489,642,2,1,45,0,0,2,2,744200.0,52.1,0,1
APP007490,621,3,3,10,0,0,4,5,96100.0,69.2,0,0
APP007491,900,4,2,90,0,0,1,3,140000.0,57.7,1,0
APP007492,710,4,0,233,0,0,3,5,214800.0,35.2,1,0
APP007493,638,4,2,38,4,30,3,3,134800.0,62.8,1,0
APP007494,836,5,3,9,1,30,2,3,48700.0,6.3,0,1
APP007495,673,1,1,105,2,180,1,3,617900.0,78.4,0,0
APP007496,726,3,2,9,0,0,1,2,8700.0,64.2,0,0
APP007497,729,3,0,33,0,0,2,4,173800.0,10.8,0,0
APP007498,600,4,1,158,0,0,4,5,371500.0,30.6,0,0
APP007499,660,2,2,28,0,0,1,3,249100.0,29.1,0,0
APP007500,645,1,1,40,4,180,4,5,611800.0,53.7,0,0
APP007501,897,2,2,169,0,0,2,2,585500.0,65.2,0,0
APP007502,604,8,1,7,0,0,1,4,2105300.0,6.6,1,0
APP007503,740,6,2,56,1,60,4,9,375900.0,74.3,0,0
APP007504,713,1,1,10,2,60,2,2,926700.0,74.9,3,0
APP007505,861,3,3,74,1,30,2,6,241700.0,49.7,0,0
APP007506,736,3,3,61,0,0,1,3,98500.0,34.5,2,0
APP007507,683,2,2,6,0,0,1,2,70000.0,44.3,0,0
APP007508,719,0,0,53,1,60,3,5,27900.0,88.2,0,0
APP007509,540,5,1,22,0,0,0,0,556000.0,67.3,0,0
APP007510,721,4,0,13,2,30,2,2,1276700.0,55.3,0,0
APP007511,737,6,3,21,2,60,3,6,253200.0,16.3,1,0
APP007512,659,2,1,31,1,90,2,2,7900.0,85.8,0,0
APP007513,805,4,0,31,0,0,2,4,24900.0,65.6,0,0
APP007514,725,2,2,25,0,0,2,2,778100.0,72.8,0,0
APP007515,704,0,0,179,4,30,2,2,199000.0,8.9,0,0
APP007516,740,5,5,14,0,0,2,3,111800.0,46.5,0,0
APP007517,571,3,1,48,3,30,2,5,116000.0,48.3,0,0
APP007518,681,1,1,39,1,180,2,3,653800.0,67.2,0,0
APP007519,740,1,1,42,0,0,3,4,347100.0,79.6,0,0
APP007520,581,2,2,12,1,60,3,5,94400.0,19.4,0,0
APP007521,745,6,1,37,0,0,0,2,168600.0,51.1,0,0
APP007522,704,4,4,38,0,0,1,1,8400.0,7.9,0,1
APP007523,781,3,1,4,2,60,5,7,451600.0,50.9,0,0
APP007524,754,5,3,36,0,0,1,2,518800.0,43.9,0,0
APP007525,730,5,2,16,5,180,0,1,21200.0,89.1,1,0
APP007526,545,4,1,35,3,90,3,4,252900.0,64.5,0,0
APP007527,692,1,0,168,0,0,1,2,836700.0,48.2,0,1
APP007528,642,2,1,37,0,0,3,4,392200.0,76.0,0,0
APP007529,621,3,3,13,0,0,4,9,264900.0,74.2,0,1
APP007530,565,0,0,71,2,90,1,3,57000.0,21.3,0,0
APP007531,593,1,1,35,0,0,2,4,104400.0,5.9,0,0
APP007532,881,0,0,12,1,90,1,6,88700.0,99.0,1,0
APP007533,603,1,1,26,2,90,1,4,814400.0,85.7,0,0
APP007534,707,4,4,44,0,0,4,7,30300.0,89.8,0,0
APP007535,644,2,1,3,0,0,1,1,141000.0,33.7,0,0
APP007536,774,2,0,27,0,0,1,2,529500.0,74.0,0,0
APP007537,755,2,1,4,0,0,1,3,465800.0,96.0,0,0
APP007538,730,1,1,3,0,0,1,4,364800.0,78.0,0,0
APP007539,573,5,1,16,2,30,1,3,1353700.0,21.9,0,0
APP007540,735,4,0,49,0,0,2,3,309000.0,82.8,0,0
APP007541,754,2,2,39,0,0,1,1,57300.0,99.0,0,0
APP007542,548,2,2,105,1,30,0,1,45900.0,0.6,0,0
APP007543,725,2,2,9,1,180,3,7,3234100.0,27.4,0,0
APP007544,691,4,3,144,0,0,1,3,946600.0,85.3,0,0
APP007545,643,3,3,24,0,0,1,2,555500.0,13.8,3,0
APP007546,688,2,2,12,2,30,3,7,123100.0,67.4,0,0
APP007547,671,2,1,84,0,0,2,4,73600.0,79.6,0,0
APP007548,546,7,0,31,0,0,2,8,881900.0,12.3,0,0
APP007549,845,0,0,0,0,0,4,9,643200.0,66.2,0,0
APP007550,752,2,0,2,1,60,1,5,878600.0,37.2,0,0
APP007551,619,1,1,14,0,0,1,3,256900.0,58.0,0,0
APP007552,789,6,3,14,0,0,0,1,419500.0,81.6,2,0
APP007553,666,1,1,14,0,0,3,5,326300.0,31.8,2,0
APP007554,598,2,2,75,0,0,3,6,562000.0,70.8,0,0
APP007555,650,2,2,89,0,0,1,2,40000.0,51.7,0,0
APP007556,900,5,5,23,2,60,1,2,1729400.0,84.3,0,0
APP007557,705,4,0,47,0,0,2,5,974900.0,67.0,0,0
APP007558,734,2,2,211,0,0,2,2,308900.0,87.3,0,0
APP007559,725,3,3,141,1,90,1,4,1897900.0,14.0,0,0
APP007560,845,2,1,40,2,60,0,4,77700.0,7.7,1,0
APP007561,684,0,0,121,0,0,2,5,1298400.0,17.9,0,0
APP007562,797,3,3,21,0,0,3,5,333900.0,45.6,0,2
APP007563,759,6,1,38,0,0,1,1,6900.0,26.4,3,0
APP007564,579,4,0,6,0,0,2,3,53500.0,83.0,0,2
APP007565,815,3,2,165,1,60,2,4,225300.0,79.8,0,0
APP007566,806,1,1,22,1,30,3,6,4700.0,78.6,1,0
APP007567,775,2,2,4,0,0,1,1,858500.0,34.7,1,0
APP007568,698,1,1,48,0,0,3,3,417000.0,58.1,0,0
APP007569,777,2,2,30,0,0,0,1,1282700.0,29.0,0,0
APP007570,782,2,0,56,0,0,2,4,1359800.0,4.8,3,0
APP007571,668,5,3,27,0,0,2,5,959600.0,53.8,0,0
APP007572,688,4,4,37,2,30,2,5,326800.0,94.4,0,2
APP007573,707,4,1,105,0,0,1,2,275200.0,89.8,0,0
APP007574,605,1,1,6,1,30,2,4,70500.0,88.6,0,0
APP007575,714,5,4,15,0,0,2,2,138900.0,95.5,0,1
APP007576,668,1,1,12,0,0,2,2,406600.0,3.8,0,0
APP007577,626,1,1,49,0,0,3,4,107800.0,99.9,0,0
APP007578,803,2,1,16,3,30,2,7,61000.0,14.5,0,0
APP007579,740,1,1,134,1,90,1,2,35700.0,53.3,0,0
APP007580,622,1,1,18,1,30,3,6,145600.0,16.5,0,0
APP007581,758,2,2,20,1,120,1,3,491300.0,44.5,0,0
APP007582,791,2,1,20,0,0,2,3,839500.0,59.9,2,0
APP007583,524,2,2,6,0,0,2,3,33100.0,74.5,0,0
APP007584,747,1,0,108,0,0,1,3,147400.0,7.6,0,0
APP007585,704,3,0,10,2,180,0,2,391900.0,12.9,1,0
APP007586,697,0,0,64,1,30,0,3,879400.0,21.5,1,0
APP007587,648,2,1,6,0,0,2,3,891000.0,1.2,0,0
APP007588,768,5,4,30,0,0,1,5,700.0,40.5,0,0
APP007589,712,1,1,26,0,0,1,2,1305600.0,81.5,0,0
APP007590,693,3,0,15,2,30,0,2,218700.0,25.7,0,0
APP007591,635,2,1,144,0,0,1,5,142600.0,9.5,0,0
APP007592,726,2,2,38,0,0,1,1,1573500.0,71.1,0,0
APP007593,762,5,4,34,2,30,2,3,83100.0,46.3,2,0
APP007594,731,2,2,44,1,30,1,2,658000.0,30.0,0,1
APP007595,721,4,4,17,0,0,4,6,570800.0,36.2,0,0
APP007596,668,2,2,133,1,90,1,2,98500.0,96.2,0,0
APP007597,665,3,2,17,0,0,0,0,200600.0,20.8,0,0
APP007598,720,2,2,143,0,0,1,6,670500.0,12.9,0,0
APP007599,591,6,3,12,0,0,2,4,425400.0,40.1,0,0
APP007600,595,3,1,21,4,30,2,3,127800.0,13.4,1,0
APP007601,799,0,0,5,0,0,0,2,365200.0,53.4,0,0
APP007602,642,3,1,5,0,0,1,2,792500.0,59.5,1,0
APP007603,730,2,1,75,0,0,1,2,272500.0,91.3,0,1
APP007604,753,6,4,10,2,30,3,5,229000.0,65.2,0,0
APP007605,731,3,0,81,1,60,1,5,851700.0,23.1,0,0
APP007606,799,2,0,25,0,0,4,6,717400.0,87.1,1,0
APP007607,672,6,2,17,0,0,1,2,524900.0,13.2,0,0
APP007608,683,3,2,13,1,90,0,0,983200.0,35.8,0,0
APP007609,809,3,2,50,0,0,2,5,584500.0,8.3,0,0
APP007610,743,3,3,16,0,0,2,4,1144400.0,23.8,0,0
APP007611,638,4,3,102,0,0,0,2,47400.0,19.9,0,2
APP007612,669,0,0,25,2,90,1,3,379500.0,86.0,0,0
APP007613,746,1,1,30,2,30,2,2,740300.0,18.0,0,0
APP007614,638,2,2,27,1,90,3,5,806900.0,44.1,3,0
APP007615,817,2,2,189,0,0,3,4,426900.0,39.2,2,0
APP007616,739,3,1,19,0,0,2,4,561300.0,55.5,0,0
APP007617,800,2,0,41,5,30,3,4,151900.0,18.8,0,0
APP007618,652,1,1,81,0,0,1,2,73800.0,89.7,0,0
APP007619,768,3,2,69,0,0,0,1,59600.0,16.6,0,0
APP007620,709,3,3,83,1,90,5,9,22500.0,40.1,0,0
APP007621,757,7,4,14,0,0,5,5,1193100.0,41.7,0,0
APP007622,630,4,2,30,0,0,1,3,46400.0,63.2,0,0
APP007623,785,2,1,157,0,0,2,3,1693500.0,83.2,0,0
APP007624,729,2,2,45,0,0,0,2,498100.0,0.2,0,0
APP007625,612,2,1,29,0,0,5,9,3058200.0,25.1,1,0
APP007626,807,4,2,22,0,0,1,3,2213400.0,95.3,0,0
APP007627,633,2,2,59,1,60,3,7,77900.0,9.1,0,0
APP007628,735,1,1,13,2,30,2,4,338300.0,67.9,0,0
APP007629,789,2,2,12,1,60,1,6,7100.0,10.2,0,0
APP007630,653,3,2,32,0,0,2,3,341900.0,58.2,0,0
APP007631,717,4,3,93,3,90,0,3,626400.0,43.1,0,0
APP007632,742,4,1,76,0,0,0,2,15600.0,44.1,0,0
APP007633,736,2,2,66,1,90,4,5,719200.0,48.6,0,0
APP007634,591,2,1,29,0,0,3,4,1784700.0,21.2,0,0
APP007635,762,1,1,83,0,0,3,5,728500.0,6.2,3,0
APP007636,657,3,2,28,0,0,1,3,1353700.0,6.4,1,0
APP007637,772,2,0,41,0,0,0,1,397300.0,65.5,0,0
APP007638,664,3,0,17,1,30,1,4,34700.0,4.9,0,0
APP007639,565,1,1,2,2,60,2,3,423800.0,22.4,0,0
APP007640,682,1,1,73,0,0,1,3,180300.0,95.3,0,0
APP007641,811,5,1,65,0,0,2,5,448000.0,89.9,0,0
APP007642,586,0,0,119,0,0,3,7,42600.0,57.0,0,2
APP007643,881,4,2,25,0,0,0,5,320600.0,50.9,0,0
APP007644,729,0,0,5,1,90,1,4,62600.0,88.9,0,0
APP007645,628,3,3,89,2,120,1,1,1839900.0,66.5,1,0
APP007646,755,0,0,40,0,0,1,3,330000.0,43.6,0,0
APP007647,818,3,2,16,2,90,3,8,96100.0,65.6,0,0
APP007648,785,1,1,49,0,0,3,3,591200.0,4.6,0,0
APP007649,756,5,1,360,0,0,1,1,216900.0,2.2,1,0
APP007650,640,6,1,156,0,0,0,2,400.0,32.8,0,0
APP007651,637,3,3,113,2,30,3,3,1175800.0,3.2,0,0
APP007652,801,1,1,86,0,0,0,5,937100.0,78.9,0,0
APP007653,640,5,2,33,0,0,0,1,296700.0,62.3,0,0
APP007654,708,1,0,41,0,0,4,9,3932500.0,41.6,1,0
APP007655,817,1,1,30,0,0,1,1,167200.0,80.2,0,0
APP007656,571,3,1,137,0,0,4,5,141600.0,40.7,0,2
APP007657,726,2,1,25,0,0,0,2,757500.0,32.7,0,0
APP007658,696,3,3,11,1,30,1,2,50700.0,2.9,0,0
APP007659,729,1,1,162,0,0,4,4,282800.0,18.9,1,0
APP007660,627,2,1,22,0,0,0,3,415400.0,37.8,0,0
APP007661,593,5,3,88,0,0,2,4,1166400.0,67.1,2,0
APP007662,707,5,1,122,0,0,1,4,45400.0,66.5,0,0
APP007663,744,2,0,255,0,0,2,4,533700.0,74.1,1,0
APP007664,587,7,2,13,1,30,1,2,225400.0,50.6,3,1
APP007665,757,3,2,10,0,0,3,5,468000.0,42.7,0,0
APP007666,611,1,1,14,0,0,1,1,471900.0,10.6,0,0
APP007667,667,2,2,46,1,120,1,2,800200.0,12.1,0,0
APP007668,862,2,0,8,5,180,3,6,136200.0,31.7,0,0
APP007669,736,4,3,11,0,0,1,4,88700.0,72.8,0,0
APP007670,784,4,0,69,0,0,3,5,467600.0,10.9,0,0
APP007671,756,3,3,76,0,0,0,0,539100.0,74.6,0,0
APP007672,686,1,1,232,0,0,0,1,141600.0,36.7,0,0
APP007673,811,6,2,0,0,0,2,4,773600.0,10.1,0,1
APP007674,512,7,3,2,0,0,2,5,206300.0,51.3,0,0
APP007675,593,3,1,31,0,0,2,4,143200.0,7.2,0,0
APP007676,744,4,1,168,0,0,0,2,376800.0,45.9,0,0
APP007677,601,5,2,80,1,90,3,3,339300.0,97.5,0,0
APP007678,698,3,3,31,0,0,1,1,20700.0,15.5,0,0
APP007679,558,0,0,18,0,0,3,6,1184300.0,32.0,0,0
APP007680,765,3,1,1,1,90,6,7,454800.0,99.7,0,0
APP007681,664,1,1,54,1,30,1,1,88200.0,15.0,0,0
APP007682,638,4,1,5,0,0,4,9,703400.0,66.0,0,0
APP007683,766,3,3,86,0,0,3,4,1123400.0,41.4,1,1
APP007684,710,2,2,3,0,0,0,3,295200.0,82.6,0,0
APP007685,714,7,2,144,0,0,3,5,66800.0,81.0,0,0
APP007686,573,4,0,32,0,0,2,4,846800.0,1.1,0,0
APP007687,667,0,0,200,0,0,0,1,680300.0,48.4,0,0
APP007688,642,5,3,36,3,90,4,7,298400.0,73.8,0,0
APP007689,614,2,2,31,0,0,0,1,411800.0,99.0,0,0
APP007690,650,4,3,24,0,0,1,3,399800.0,42.7,0,0
APP007691,566,2,1,70,1,60,3,6,760800.0,23.3,0,0
APP007692,765,3,3,9,1,30,6,8,15100.0,91.2,0,0
APP007693,631,5,2,20,0,0,1,3,184400.0,16.6,0,0
APP007694,720,6,2,21,0,0,1,4,870300.0,9.8,0,0
APP007695,699,3,3,9,3,60,3,4,938700.0,32.4,0,0
APP007696,672,4,2,45,0,0,3,5,161100.0,26.3,0,1
APP007697,688,5,0,63,1,120,4,7,366200.0,59.3,0,0
APP007698,649,7,5,80,0,0,4,4,89600.0,53.0,1,0
APP007699,791,5,2,160,0,0,2,4,247500.0,50.6,0,0
APP007700,672,5,1,18,2,60,2,3,316600.0,75.2,0,0
APP007701,646,3,3,23,0,0,2,3,270500.0,2.5,0,0
APP007702,768,2,0,7,0,0,2,2,56700.0,37.3,2,0
APP007703,762,1,1,23,3,90,1,4,47100.0,71.8,0,0
APP007704,629,0,0,21,0,0,1,3,715200.0,53.8,0,0
APP007705,617,1,0,31,4,30,0,1,331600.0,27.1,0,0
APP007706,746,3,2,65,0,0,2,2,388100.0,9.5,0,0
APP007707,747,3,1,40,0,0,0,2,129300.0,95.7,0,0
APP007708,741,3,1,28,0,0,1,1,234300.0,99.4,0,0
APP007709,773,5,2,3,0,0,2,7,770100.0,17.3,0,0
APP007710,728,3,2,43,0,0,2,4,1761700.0,74.2,0,0
APP007711,649,2,2,26,2,30,4,6,1226000.0,92.0,0,1
APP007712,702,6,2,25,0,0,1,2,223100.0,50.9,1,0
APP007713,633,7,1,57,1,30,2,3,882500.0,72.1,0,0
APP007714,681,2,2,93,1,30,2,4,229900.0,22.1,0,0
APP007715,676,1,1,83,0,0,2,4,357600.0,58.8,0,0
APP007716,791,3,2,16,0,0,2,4,19200.0,56.0,0,0
APP007717,695,8,1,24,0,0,0,3,608500.0,41.3,0,0
APP007718,707,2,2,70,0,0,0,2,79400.0,85.2,0,0
APP007719,766,3,1,73,1,30,2,4,3466700.0,90.7,0,0
APP007720,658,2,1,68,5,30,1,2,303600.0,60.3,0,0
APP007721,656,3,2,33,1,30,0,2,573700.0,6.5,0,0
APP007722,714,0,0,18,0,0,3,5,1145400.0,58.3,1,0
APP007723,670,3,1,7,0,0,3,3,572500.0,32.8,0,0
APP007724,685,1,1,11,0,0,0,3,84300.0,93.3,0,0
APP007725,709,2,2,90,1,30,3,7,1975000.0,96.1,0,0
APP007726,627,8,3,156,0,0,1,2,33300.0,63.2,0,0
APP007727,727,1,1,57,0,0,3,8,1095600.0,45.7,0,0
APP007728,538,1,1,42,0,0,2,2,690200.0,40.3,0,0
APP007729,805,3,3,1,0,0,3,6,631700.0,32.8,2,0
APP007730,636,5,2,88,1,180,2,6,229900.0,98.7,1,2
APP007731,693,5,2,35,1,30,1,3,139700.0,3.2,0,0
APP007732,653,2,1,156,0,0,1,2,1884800.0,59.7,0,1
APP007733,763,1,1,136,0,0,1,5,1041600.0,13.6,1,0
APP007734,642,1,1,5,0,0,3,7,1338900.0,77.1,1,0
APP007735,606,2,2,19,3,30,0,1,591600.0,19.3,2,0
APP007736,645,2,2,79,1,30,1,3,335000.0,64.4,0,1
APP007737,650,1,0,104,4,30,3,4,178300.0,14.1,0,0
APP007738,661,0,0,63,2,30,3,7,964500.0,49.9,0,0
APP007739,604,4,2,16,0,0,6,6,971900.0,99.5,2,0
APP007740,697,2,2,111,1,90,2,2,295900.0,43.8,0,0
APP007741,663,5,3,65,0,0,1,4,66900.0,12.5,2,0
APP007742,769,1,1,65,3,90,3,3,69400.0,23.4,0,0
APP007743,614,0,0,34,0,0,0,1,364400.0,38.8,0,0
APP007744,748,4,3,124,0,0,2,4,903800.0,55.4,0,0
APP007745,671,4,1,58,0,0,1,4,51800.0,17.4,0,0
APP007746,773,4,3,7,0,0,3,4,838700.0,30.7,0,0
APP007747,792,2,2,8,2,60,2,5,476600.0,3.8,0,2
APP007748,643,1,1,51,0,0,1,4,182100.0,69.7,0,0
APP007749,818,2,1,80,1,30,3,4,2846700.0,10.0,0,0
APP007750,560,2,2,111,0,0,2,3,31500.0,75.8,0,0
APP007751,748,3,3,76,0,0,0,0,724400.0,45.8,0,0
APP007752,769,6,2,28,1,60,2,5,353300.0,28.2,0,0
APP007753,699,3,0,70,0,0,3,6,190800.0,89.1,0,0
APP007754,749,4,3,67,0,0,5,7,517400.0,37.6,0,0
APP007755,776,0,0,18,0,0,1,2,78000.0,73.7,0,0
APP007756,609,2,2,19,0,0,2,2,27600.0,87.1,0,2
APP007757,677,3,2,176,0,0,3,6,1329900.0,79.7,0,1
APP007758,763,1,1,108,1,180,1,2,203100.0,21.8,0,0
APP007759,568,1,1,114,0,0,5,7,439000.0,40.1,0,0
APP007760,783,3,3,72,2,30,7,8,759400.0,23.0,0,0
APP007761,733,2,0,39,0,0,3,5,248300.0,86.9,2,0
APP007762,704,5,0,21,2,30,1,1,9800.0,86.8,0,1
APP007763,713,1,1,48,2,60,2,2,410100.0,70.7,0,0
APP007764,727,5,1,3,0,0,1,2,191000.0,43.1,0,0
APP007765,708,5,3,5,1,60,0,1,1114000.0,56.2,0,0
APP007766,883,4,4,46,1,60,5,6,527300.0,84.3,0,0
APP007767,599,6,3,35,0,0,0,3,116700.0,13.6,1,1
APP007768,616,4,3,214,0,0,0,6,3000.0,10.1,0,0
APP007769,621,4,0,75,0,0,2,5,830400.0,24.8,0,1
APP007770,708,3,1,134,0,0,2,4,191400.0,3.6,0,1
APP007771,763,5,1,17,1,60,4,4,329600.0,36.9,0,0
APP007772,742,1,1,60,3,30,3,4,1177500.0,77.8,0,0
APP007773,739,4,1,98,1,30,3,4,54000.0,47.4,1,0
APP007774,765,4,3,56,0,0,2,4,100700.0,91.7,0,0
APP007775,574,2,2,47,0,0,0,2,126600.0,70.0,0,1
APP007776,771,4,2,108,2,60,1,3,178500.0,19.2,0,0
APP007777,768,1,1,70,1,30,0,1,1225800.0,27.7,0,0
APP007778,758,6,2,86,0,0,1,1,15500.0,78.9,0,0
APP007779,795,5,1,10,0,0,2,4,458700.0,87.2,0,0
APP007780,683,3,1,8,1,90,3,5,1033300.0,0.0,0,0
APP007781,688,4,0,6,1,90,2,5,748000.0,10.3,0,0
APP007782,732,4,1,180,2,90,4,5,428800.0,79.1,0,0
APP007783,715,4,1,58,1,60,5,6,52000.0,10.9,0,0
APP007784,688,4,2,106,1,30,3,5,1157000.0,75.3,0,0
APP007785,659,2,2,9,1,90,6,7,40100.0,38.5,0,0
APP007786,660,0,0,0,1,30,2,3,78400.0,24.6,0,1
APP007787,606,4,2,91,2,30,4,7,17000.0,38.8,0,0
APP007788,759,3,2,45,0,0,1,1,339100.0,40.1,0,0
APP007789,855,4,1,29,0,0,3,4,767300.0,59.8,0,0
APP007790,714,4,1,38,1,90,1,3,292200.0,81.6,0,0
APP007791,589,4,2,28,1,30,0,4,96300.0,75.3,0,0
APP007792,709,3,1,7,0,0,3,9,256800.0,38.6,0,0
APP007793,755,1,0,128,0,0,4,7,2554000.0,81.4,0,0
APP007794,670,1,1,89,1,30,0,2,457300.0,21.6,0,0
APP007795,615,2,1,1,2,90,2,4,439400.0,48.4,0,0
APP007796,676,4,1,18,1,30,3,4,206600.0,15.2,0,0
APP007797,755,2,0,133,2,30,1,3,867100.0,18.1,0,0
APP007798,773,4,3,89,0,0,1,2,504800.0,24.8,0,0
APP007799,615,3,3,169,1,90,1,2,350900.0,49.3,2,0
APP007800,652,5,1,69,0,0,0,0,496000.0,15.2,1,0
APP007801,757,3,3,15,0,0,2,3,698000.0,43.4,1,0
APP007802,684,3,1,39,2,30,2,4,1633800.0,50.1,0,0
APP007803,612,2,2,79,2,120,2,6,92700.0,88.1,0,0
APP007804,884,3,1,87,2,60,1,2,241200.0,76.2,0,0
APP007805,690,3,3,2,0,0,5,9,114300.0,84.9,0,0
APP007806,743,1,1,15,0,0,0,0,734100.0,68.3,0,0
APP007807,752,4,2,0,0,0,2,4,1669800.0,81.3,0,1
APP007808,726,4,4,67,0,0,1,3,429200.0,97.9,0,1
APP007809,780,3,1,30,3,30,4,5,796500.0,59.4,0,1
APP007810,687,7,4,143,1,60,1,2,247700.0,51.5,0,0
APP007811,875,3,1,122,1,180,2,3,592500.0,22.9,0,0
APP007812,655,4,1,51,0,0,4,7,844200.0,57.3,0,0
APP007813,650,2,1,19,0,0,1,3,354100.0,76.1,0,0
APP007814,811,1,1,3,1,90,3,6,934900.0,64.9,0,0
APP007815,656,8,3,9,0,0,2,3,65400.0,76.3,0,0
APP007816,733,0,0,4,0,0,2,6,1092900.0,97.0,0,0
APP007817,783,4,1,65,2,60,0,0,140000.0,96.9,0,0
APP007818,713,0,0,29,0,0,0,0,1887400.0,99.0,0,0
APP007819,848,1,1,97,1,30,2,3,1007700.0,27.1,0,0
APP007820,680,3,0,79,1,30,0,2,287900.0,17.8,0,0
APP007821,657,4,4,21,1,30,2,6,531700.0,95.1,0,0
APP007822,689,2,1,31,0,0,1,2,145300.0,44.7,0,0
APP007823,715,3,3,161,0,0,3,5,304000.0,31.4,0,1
APP007824,792,2,2,16,0,0,3,6,375000.0,27.3,0,0
APP007825,743,4,2,142,0,0,2,3,4600.0,7.0,0,0
APP007826,674,4,2,33,3,60,1,1,357900.0,13.5,0,0
APP007827,672,7,0,2,0,0,2,3,334600.0,64.7,0,0
APP007828,550,3,1,48,0,0,3,4,109100.0,13.0,1,0
APP007829,779,7,2,241,0,0,0,3,316400.0,48.1,0,0
APP007830,686,3,3,4,1,30,2,4,2035800.0,6.7,0,1
APP007831,614,3,2,71,3,60,4,7,192300.0,9.8,0,0
APP007832,789,2,1,1,0,0,1,5,196000.0,15.1,0,0
APP007833,689,4,2,17,0,0,2,2,517800.0,89.2,0,0
APP007834,844,4,1,4,0,0,1,3,1445600.0,39.4,0,0
APP007835,736,2,2,60,0,0,1,2,1343200.0,49.7,0,0
APP007836,640,4,1,92,0,0,4,8,322100.0,53.9,0,0
APP007837,704,6,3,26,0,0,2,3,50200.0,6.1,2,0
APP007838,792,3,1,7,0,0,2,4,670500.0,18.7,0,1
APP007839,720,2,1,51,0,0,4,7,404600.0,33.7,0,0
APP007840,671,4,0,91,0,0,1,3,117700.0,79.8,0,1
APP007841,682,3,1,0,0,0,4,5,328400.0,68.6,0,0
APP007842,691,1,1,106,0,0,1,2,565900.0,68.7,0,0
APP007843,689,1,1,2,0,0,1,4,1085200.0,53.0,0,0
APP007844,695,3,3,346,3,60,3,5,574000.0,88.1,0,0
APP007845,806,3,1,27,3,60,1,4,685100.0,2.1,0,0
APP007846,671,2,2,24,1,60,3,4,365700.0,85.4,0,0
APP007847,559,3,2,25,0,0,0,1,142100.0,45.3,0,0
APP007848,671,10,3,95,1,90,2,5,4100.0,2.7,0,0
APP007849,726,4,2,94,0,0,2,5,194100.0,9.9,0,0
APP007850,699,5,2,108,2,30,1,1,55100.0,14.2,0,0
APP007851,862,1,1,5,0,0,3,4,528400.0,89.5,0,0
APP007852,805,3,1,62,0,0,1,2,765800.0,32.2,0,0
APP007853,617,2,1,53,0,0,0,3,112700.0,86.1,0,0
APP007854,708,6,2,118,1,30,3,6,31400.0,2.1,0,0
APP007855,724,3,2,115,0,0,5,7,445100.0,0.2,0,0
APP007856,756,3,1,46,0,0,3,9,137400.0,61.2,0,0
APP007857,692,1,1,69,2,30,3,5,759700.0,60.2,0,0
APP007858,856,1,1,0,0,0,2,2,233100.0,97.7,0,0
APP007859,752,6,1,44,1,60,3,3,231600.0,32.7,0,0
APP007860,701,2,2,63,0,0,4,5,307300.0,10.5,0,1
APP007861,715,2,2,70,0,0,3,3,911700.0,54.0,1,0
APP007862,710,3,1,170,1,180,4,6,15700.0,90.0,0,0
APP007863,782,5,1,63,0,0,2,3,1421900.0,99.7,0,0
APP007864,765,3,0,60,1,60,1,4,442100.0,8.2,0,2
APP007865,787,6,2,36,0,0,3,4,22400.0,1.4,0,0
APP007866,600,2,1,80,2,30,5,6,696900.0,56.7,0,0
APP007867,606,3,0,27,0,0,1,2,125000.0,5.3,0,0
APP007868,695,2,2,96,1,30,1,3,1050500.0,99.6,0,0
APP007869,708,3,2,13,0,0,1,3,560700.0,0.3,0,0
APP007870,605,2,2,30,0,0,2,2,124400.0,76.9,0,1
APP007871,763,6,2,122,0,0,2,3,492000.0,38.3,0,0
APP007872,744,3,1,36,0,0,0,0,70300.0,91.0,0,0
APP007873,633,6,1,32,0,0,6,9,199000.0,12.4,0,0
APP007874,708,3,1,0,0,0,7,9,70200.0,85.8,0,0
APP007875,674,1,1,14,0,0,2,4,213900.0,52.1,0,0
APP007876,621,1,0,35,2,90,2,9,1516700.0,64.1,0,0
APP007877,770,8,2,79,0,0,1,7,1289100.0,58.4,1,0
APP007878,632,3,1,61,0,0,7,10,875400.0,69.6,0,0
APP007879,745,3,2,93,1,30,3,4,141200.0,39.6,0,0
APP007880,641,6,0,14,0,0,2,2,155000.0,2.2,0,0
APP007881,667,2,1,169,1,120,0,1,1710700.0,99.0,0,0
APP007882,723,3,1,36,0,0,3,5,121800.0,31.6,0,0
APP007883,674,6,1,265,0,0,3,6,32900.0,25.0,0,0
APP007884,597,1,1,48,0,0,1,1,1095800.0,65.7,0,0
APP007885,755,0,0,8,0,0,0,2,822500.0,21.9,0,1
APP007886,578,4,2,24,1,60,0,2,619000.0,88.2,0,0
APP007887,699,6,2,6,0,0,2,5,491200.0,47.2,0,0
APP007888,707,4,1,49,0,0,0,3,500600.0,54.8,0,0
APP007889,684,1,0,146,1,30,2,4,660900.0,90.5,0,0
APP007890,805,2,2,87,0,0,2,4,675900.0,77.0,0,0
APP007891,650,3,3,83,0,0,2,3,626100.0,74.1,0,0
APP007892,721,3,1,13,0,0,0,2,128000.0,86.2,0,0
APP007893,629,5,0,5,0,0,3,5,564400.0,60.8,0,1
APP007894,821,2,2,314,0,0,2,3,233600.0,4.7,0,0
APP007895,639,3,3,3,2,30,2,3,29000.0,69.1,0,0
APP007896,685,1,0,14,0,0,1,3,243300.0,12.1,0,0
APP007897,791,3,2,94,0,0,0,0,1446500.0,54.7,0,0
APP007898,716,3,2,38,0,0,0,1,924700.0,35.6,0,0
APP007899,636,3,3,52,1,90,4,6,332300.0,77.4,0,1
APP007900,631,1,1,107,0,0,1,3,1047300.0,75.1,0,0
APP007901,668,4,2,82,1,60,3,4,688000.0,62.4,0,0
APP007902,805,7,2,178,0,0,1,3,66700.0,31.5,0,0
APP007903,718,2,2,3,0,0,1,4,245900.0,67.2,0,0
APP007904,762,5,2,64,1,30,4,8,1976200.0,72.9,0,0
APP007905,604,2,1,85,0,0,1,1,295700.0,68.3,1,1
APP007906,711,6,4,65,1,180,2,2,96500.0,2.7,0,0
APP007907,771,3,1,5,0,0,0,3,443300.0,50.2,0,0
APP007908,756,4,2,108,2,60,3,5,294700.0,31.4,0,0
APP007909,666,5,1,124,2,60,0,3,613200.0,84.4,0,0
APP007910,661,5,5,6,1,30,2,5,570400.0,9.5,0,0
APP007911,780,4,1,28,1,30,1,4,112200.0,52.2,0,0
APP007912,575,5,2,52,0,0,1,3,1796700.0,59.6,0,0
APP007913,755,6,2,1,0,0,7,8,283400.0,6.2,0,0
APP007914,683,5,1,55,0,0,2,4,3700.0,36.9,0,0
APP007915,632,2,1,78,0,0,2,5,733800.0,30.4,0,0
APP007916,802,5,0,49,0,0,0,1,227900.0,53.4,0,0
APP007917,670,2,2,25,1,30,2,5,1800.0,33.5,0,0
APP007918,685,1,1,21,1,60,2,5,76300.0,48.3,0,0
APP007919,673,3,0,15,3,30,0,1,932800.0,8.4,0,1
APP007920,707,3,3,14,2,90,2,3,1751100.0,37.5,0,0
APP007921,698,2,2,10,0,0,2,6,20700.0,62.2,1,0
APP007922,716,2,1,89,0,0,1,4,1306100.0,47.6,2,0
APP007923,701,2,2,26,1,90,1,3,172500.0,62.8,0,0
APP007924,676,3,3,46,0,0,2,3,211900.0,44.8,0,0
APP007925,576,5,1,3,1,90,3,3,348800.0,51.7,0,0
APP007926,565,3,0,5,0,0,2,2,923100.0,39.0,0,1
APP007927,622,1,1,29,1,30,2,6,197400.0,51.8,0,0
APP007928,672,3,2,56,0,0,2,4,479100.0,32.6,0,0
APP007929,850,1,1,38,1,30,1,3,20800.0,65.9,0,0
APP007930,736,4,4,6,0,0,0,5,233300.0,46.4,0,0
APP007931,670,3,3,44,4,90,2,5,577300.0,98.9,0,1
APP007932,683,3,2,38,2,30,1,2,245800.0,54.8,0,0
APP007933,643,1,1,22,0,0,2,4,956200.0,76.9,2,2
APP007934,694,2,2,2,1,30,3,6,67200.0,7.5,0,1
APP007935,594,2,2,55,0,0,2,7,73900.0,91.7,0,0
APP007936,733,4,2,14,0,0,1,3,288700.0,33.3,0,0
APP007937,535,3,2,14,5,60,1,5,187600.0,39.7,0,0
APP007938,602,1,1,8,0,0,2,4,338400.0,61.0,0,0
APP007939,582,5,0,88,0,0,6,9,267700.0,92.5,0,0
APP007940,712,11,4,2,3,30,1,3,1502300.0,32.2,2,0
APP007941,713,3,3,37,0,0,2,4,54000.0,2.1,0,1
APP007942,611,3,0,146,1,30,2,7,70900.0,99.5,0,0
APP007943,796,1,1,24,0,0,3,8,78200.0,14.4,0,0
APP007944,791,4,1,27,2,30,3,8,12400.0,20.3,0,0
APP007945,716,3,1,32,0,0,2,4,420800.0,74.3,0,0
APP007946,487,2,2,101,3,30,2,4,282100.0,35.6,0,0
APP007947,758,5,1,55,0,0,0,2,220000.0,18.5,2,0
APP007948,634,4,1,150,0,0,3,7,527200.0,27.2,0,2
APP007949,748,2,2,2,2,30,2,7,584700.0,92.6,0,0
APP007950,807,3,3,82,5,60,2,3,272600.0,30.3,0,0
APP007951,718,4,1,213,0,0,4,5,275300.0,81.7,0,0
APP007952,629,3,2,13,1,90,0,1,846500.0,29.5,0,0
APP007953,763,2,2,7,0,0,2,4,268600.0,55.7,0,0
APP007954,864,2,1,16,0,0,5,7,489500.0,82.3,0,0
APP007955,791,2,2,11,0,0,0,1,465200.0,13.2,3,0
APP007956,776,4,3,94,0,0,1,2,219400.0,42.2,0,0
APP007957,693,4,0,29,0,0,0,0,451000.0,44.4,0,0
APP007958,791,2,2,108,1,60,2,5,143100.0,50.8,0,0
APP007959,705,3,1,107,0,0,0,3,979500.0,72.2,0,0
APP007960,776,2,2,9,0,0,1,3,219600.0,39.9,0,0
APP007961,609,5,2,26,0,0,2,3,113700.0,91.2,3,0
APP007962,698,3,2,40,0,0,1,3,413600.0,72.3,0,0
APP007963,706,5,2,5,0,0,3,5,874000.0,53.3,0,0
APP007964,628,5,2,15,2,30,5,8,2050900.0,63.2,0,0
APP007965,775,2,2,13,0,0,2,4,117900.0,13.7,0,0
APP007966,737,4,0,235,0,0,2,3,116100.0,50.7,0,1
APP007967,617,2,2,5,2,30,3,7,272400.0,7.1,1,0
APP007968,638,1,1,113,1,30,1,2,627100.0,95.2,0,0
APP007969,577,3,2,111,2,90,3,3,284700.0,55.0,0,2
APP007970,706,2,2,31,0,0,3,4,37200.0,52.6,0,0
APP007971,611,1,1,4,0,0,1,3,41400.0,51.0,0,0
APP007972,557,5,1,146,0,0,1,4,222700.0,57.4,0,0
APP007973,593,3,0,128,1,60,0,0,86900.0,50.5,0,0
APP007974,731,6,1,50,1,90,3,6,2107800.0,47.0,0,0
APP007975,590,1,1,89,0,0,1,2,454900.0,35.8,0,0
APP007976,824,3,1,0,2,90,2,3,266600.0,89.3,1,0
APP007977,667,4,1,26,0,0,1,2,29500.0,34.2,0,0
APP007978,654,1,1,115,1,60,0,0,546500.0,73.2,0,0
APP007979,808,2,2,26,0,0,4,6,12700.0,40.5,0,1
APP007980,697,6,2,47,0,0,0,4,1022100.0,73.6,0,0
APP007981,765,1,0,70,1,90,0,0,742300.0,37.3,0,0
APP007982,742,5,4,64,2,30,3,6,475100.0,30.3,0,0
APP007983,797,3,3,132,1,30,0,4,1549200.0,86.2,0,0
APP007984,666,1,1,14,0,0,2,3,1230800.0,7.7,0,0
APP007985,668,4,1,22,0,0,3,3,284100.0,23.7,0,0
APP007986,729,2,2,198,1,180,1,3,1599600.0,66.4,0,1
APP007987,733,5,1,60,0,0,1,2,520300.0,82.9,1,0
APP007988,698,3,1,22,0,0,0,3,57600.0,36.8,0,0
APP007989,692,1,1,49,1,60,1,2,1378900.0,43.9,3,1
APP007990,790,0,0,19,0,0,4,7,83100.0,71.2,0,0
APP007991,752,4,4,47,0,0,1,3,374200.0,73.0,0,0
APP007992,697,6,0,78,0,0,3,6,302000.0,6.4,0,0
APP007993,720,3,1,2,0,0,6,7,66200.0,33.9,0,0
APP007994,716,1,1,36,0,0,0,1,200200.0,54.7,0,0
APP007995,686,4,0,9,0,0,1,2,934400.0,6.3,0,0
APP007996,571,1,1,141,0,0,2,4,310500.0,70.3,2,0
APP007997,590,4,0,28,2,30,2,3,333600.0,85.7,0,0
APP007998,732,7,2,3,2,30,0,1,751500.0,67.6,0,0
APP007999,735,4,1,65,2,180,1,1,1096300.0,40.5,0,0
APP008000,711,4,3,276,0,0,2,4,507700.0,77.1,0,0
APP008001,729,1,1,9,2,60,4,7,253000.0,34.6,0,0
APP008002,578,3,1,36,0,0,2,4,158000.0,57.1,0,0
APP008003,686,2,2,157,0,0,3,4,190200.0,21.8,0,0
APP008004,701,2,2,31,0,0,2,3,20200.0,36.2,0,1
APP008005,799,3,0,3,0,0,1,4,293400.0,54.7,0,0
APP008006,683,4,4,89,1,90,1,3,66400.0,15.8,0,0
APP008007,722,0,0,33,0,0,2,5,12000.0,29.1,0,0
APP008008,632,4,1,28,0,0,1,5,139700.0,76.8,0,0
APP008009,772,2,0,31,0,0,0,5,363900.0,76.2,0,0
APP008010,744,2,2,42,2,90,3,9,1503200.0,6.5,0,0
APP008011,866,6,2,61,0,0,1,2,467500.0,15.0,0,0
APP008012,743,3,1,25,0,0,3,6,94500.0,20.0,0,0
APP008013,729,5,3,98,0,0,4,7,374800.0,4.4,0,0
APP008014,797,3,2,39,0,0,0,2,244300.0,94.5,0,0
APP008015,678,0,0,22,3,30,1,3,154000.0,30.5,0,0
APP008016,648,1,0,23,0,0,3,6,108500.0,43.5,0,0
APP008017,798,2,2,143,0,0,3,5,134100.0,61.8,0,0
APP008018,693,2,2,209,2,90,3,6,1058300.0,97.5,0,0
APP008019,743,2,2,29,0,0,1,1,1168200.0,38.0,2,0
APP008020,665,3,3,42,0,0,5,7,449200.0,81.6,0,0
APP008021,849,4,3,75,0,0,4,7,303600.0,13.4,0,0
APP008022,682,3,0,8,0,0,0,4,1448700.0,27.9,1,0
APP008023,654,4,2,25,5,30,3,5,184000.0,79.5,0,0
APP008024,668,2,2,16,1,60,4,6,302900.0,8.1,0,0
APP008025,648,2,2,6,3,90,2,4,34000.0,76.1,0,0
APP008026,697,7,4,64,0,0,2,5,231300.0,1.5,0,0
APP008027,683,4,1,59,1,30,1,1,10600.0,42.9,0,1
APP008028,611,1,1,79,3,60,2,3,125200.0,76.7,0,1
APP008029,800,1,1,96,0,0,4,5,615400.0,77.4,1,0
APP008030,829,2,1,21,2,30,2,3,153700.0,0.9,0,0
APP008031,600,2,2,16,0,0,3,5,142600.0,53.8,0,0
APP008032,612,5,1,45,0,0,4,5,254300.0,63.7,0,0
APP008033,720,4,1,63,2,30,4,5,973600.0,1.4,0,0
APP008034,547,1,1,72,0,0,2,4,156300.0,11.8,0,0
APP008035,812,3,3,91,1,30,5,6,54200.0,94.5,2,0
APP008036,730,2,1,26,0,0,3,4,397000.0,85.9,0,1
APP008037,750,7,3,31,4,30,0,4,576700.0,17.8,0,1
APP008038,618,4,1,12,2,30,0,3,560000.0,87.3,0,0
APP008039,613,1,1,6,2,30,3,6,83600.0,73.3,0,0
APP008040,670,3,3,70,0,0,4,6,311900.0,12.7,0,0
APP008041,705,1,1,26,2,90,2,5,771200.0,0.1,0,0
APP008042,739,5,3,38,0,0,5,7,842800.0,53.1,0,0
APP008043,703,5,2,31,0,0,2,5,13500.0,73.0,0,0
APP008044,704,3,0,26,1,30,4,5,104400.0,17.9,0,0
APP008045,802,2,2,41,0,0,2,4,101300.0,47.5,0,0
APP008046,692,5,3,36,4,90,1,2,628200.0,1.9,0,0
APP008047,841,1,1,113,0,0,3,3,747800.0,52.9,0,0
APP008048,727,1,1,21,0,0,2,5,195200.0,68.3,0,0
APP008049,808,2,2,152,0,0,3,4,407200.0,37.4,0,0
APP008050,669,4,2,33,0,0,3,9,417900.0,96.1,0,0
APP008051,745,0,0,11,0,0,2,2,158200.0,64.4,0,0
APP008052,672,3,2,24,0,0,3,7,14800.0,87.7,1,1
APP008053,690,0,0,3,0,0,3,3,65900.0,65.3,1,0
APP008054,745,2,1,175,0,0,2,3,1082600.0,49.9,2,0
APP008055,730,4,1,32,1,90,3,4,417000.0,34.2,0,0
APP008056,712,1,1,37,0,0,3,6,324200.0,19.7,0,0
APP008057,766,3,1,165,5,90,2,3,627800.0,33.2,0,0
APP008058,770,5,5,10,4,30,2,4,895500.0,14.0,0,0
APP008059,770,1,1,0,2,120,3,5,95700.0,61.1,0,0
APP008060,673,1,1,71,0,0,4,4,493200.0,6.6,0,0
APP008061,698,1,0,185,1,120,1,4,147200.0,81.6,0,0
APP008062,735,3,1,112,0,0,2,3,393400.0,30.1,0,0
APP008063,729,5,5,33,0,0,1,3,222100.0,19.2,1,0
APP008064,643,3,1,27,0,0,2,3,271300.0,31.3,0,0
APP008065,619,0,0,58,0,0,5,8,196300.0,86.3,0,0
APP008066,717,1,1,7,0,0,2,3,110900.0,35.5,0,0
APP008067,661,4,4,55,0,0,2,3,811700.0,6.3,0,0
APP008068,753,2,1,56,0,0,2,3,13300.0,30.3,0,0
APP008069,654,2,1,44,0,0,1,2,268900.0,64.2,0,0
APP008070,712,2,2,88,0,0,1,1,704600.0,94.8,0,1
APP008071,796,2,2,37,0,0,2,4,293700.0,33.7,0,0
APP008072,846,4,1,38,0,0,4,7,936600.0,60.7,0,0
APP008073,650,2,0,331,0,0,1,3,133400.0,53.9,2,0
APP008074,614,5,1,39,1,60,1,2,136800.0,9.1,0,0
APP008075,638,4,3,82,0,0,3,7,63500.0,40.7,0,0
APP008076,629,5,0,75,1,60,5,6,289700.0,39.1,0,0
APP008077,705,2,1,81,2,120,5,6,369300.0,33.5,0,0
APP008078,747,8,3,16,0,0,1,2,561000.0,12.6,2,0
APP008079,837,3,0,2,0,0,5,5,793000.0,72.3,2,0
APP008080,887,5,4,169,3,90,3,6,366800.0,0.6,0,1
APP008081,651,5,3,31,0,0,2,5,79400.0,22.1,0,0
APP008082,788,1,1,61,0,0,4,5,166600.0,82.4,0,0
APP008083,674,2,0,29,5,30,2,5,1036300.0,3.6,0,0
APP008084,710,1,1,83,0,0,1,2,244300.0,60.8,1,0
APP008085,696,4,1,53,0,0,1,2,156100.0,21.5,0,0
APP008086,617,7,0,0,1,60,4,4,136400.0,26.4,0,0
APP008087,816,3,3,67,3,60,2,5,174700.0,81.6,0,0
APP008088,600,1,1,17,0,0,4,6,82100.0,45.5,0,0
APP008089,734,1,0,56,0,0,2,4,329000.0,43.7,0,1
APP008090,710,2,2,36,3,60,0,2,426400.0,94.5,0,0
APP008091,734,5,1,5,0,0,4,4,1562000.0,77.9,2,2
APP008092,560,0,0,1,0,0,2,3,85300.0,43.1,0,0
APP008093,642,4,1,34,0,0,2,6,100100.0,72.1,0,0
APP008094,738,3,2,32,0,0,1,2,178200.0,47.6,1,0
APP008095,745,4,3,32,3,30,2,4,334200.0,45.3,0,0
APP008096,642,3,2,40,3,60,1,1,56700.0,7.0,0,0
APP008097,729,1,1,31,0,0,3,5,120200.0,46.5,0,0
APP008098,817,3,3,17,0,0,3,4,38400.0,19.6,2,0
APP008099,729,3,3,68,0,0,3,4,319200.0,93.2,0,0
APP008100,627,0,0,36,0,0,2,2,705400.0,33.3,1,0
APP008101,669,1,1,38,0,0,3,6,1809500.0,54.4,0,0
APP008102,668,2,1,73,0,0,4,5,2294500.0,75.7,0,0
APP008103,735,2,2,65,1,180,0,3,768700.0,10.7,0,0
APP008104,794,2,2,50,0,0,4,6,357800.0,41.6,0,0
APP008105,788,1,1,45,0,0,0,2,217100.0,29.3,0,0
APP008106,682,2,2,48,2,30,0,2,217100.0,25.4,0,0
APP008107,701,3,3,4,0,0,2,4,18100.0,29.6,0,0
APP008108,643,5,2,68,0,0,3,3,668800.0,80.8,0,0
APP008109,877,2,2,29,0,0,2,4,76000.0,53.4,0,0
APP008110,712,3,1,51,1,120,0,4,1955200.0,15.2,0,0
APP008111,674,4,0,60,0,0,0,1,345500.0,86.4,0,0
APP008112,697,2,2,88,0,0,5,7,285900.0,85.0,0,0
APP008113,682,3,2,28,0,0,3,6,385200.0,92.3,0,0
APP008114,627,4,2,69,1,30,2,6,3100.0,10.5,1,0
APP008115,753,4,1,27,1,60,2,3,24500.0,70.7,0,0
APP008116,763,3,0,36,1,30,4,8,594800.0,43.7,0,1
APP008117,764,2,2,99,0,0,4,6,397600.0,60.6,1,0
APP008118,658,1,1,31,0,0,2,5,807800.0,32.2,0,0
APP008119,747,3,2,21,0,0,2,5,645200.0,31.7,1,0
APP008120,657,5,2,211,1,30,2,3,565100.0,81.8,2,0
APP008121,767,2,2,57,2,180,0,3,154300.0,34.0,0,0
APP008122,660,4,2,12,0,0,3,7,1050500.0,95.8,0,0
APP008123,733,1,1,74,2,90,3,5,119300.0,75.7,0,0
APP008124,734,3,3,128,4,120,1,7,216200.0,3.8,0,0
APP008125,631,6,1,39,1,60,3,6,56200.0,23.1,1,0
APP008126,720,5,0,97,2,30,2,4,2184300.0,58.1,0,0
APP008127,677,2,2,40,0,0,0,4,31100.0,58.4,0,1
APP008128,768,5,1,89,0,0,0,1,259700.0,87.4,0,0
APP008129,670,3,1,7,0,0,3,6,57400.0,17.9,0,0
APP008130,580,3,0,29,2,30,3,8,265500.0,79.7,2,0
APP008131,622,1,1,232,0,0,0,1,525500.0,93.7,0,0
APP008132,698,2,2,73,2,120,3,5,674200.0,48.1,0,0
APP008133,714,5,1,69,0,0,0,6,85100.0,61.2,0,0
APP008134,900,3,3,78,1,30,1,4,493000.0,79.1,0,0
APP008135,738,4,4,187,0,0,1,3,131600.0,2.6,3,0
APP008136,747,1,1,48,1,120,3,4,1006800.0,69.7,0,0
APP008137,781,3,2,15,0,0,1,5,29300.0,77.1,1,0
APP008138,756,5,0,21,0,0,4,8,1191600.0,60.0,0,0
APP008139,707,6,2,26,0,0,4,6,20500.0,98.5,0,0
APP008140,718,2,2,9,2,120,0,3,74100.0,95.8,0,0
APP008141,634,5,4,183,0,0,5,5,43300.0,56.6,1,0
APP008142,715,2,1,57,0,0,1,4,117100.0,39.2,0,0
APP008143,694,4,3,3,1,30,1,3,86500.0,69.9,0,2
APP008144,706,4,3,5,1,60,2,3,54600.0,10.6,0,0
APP008145,794,2,2,34,0,0,2,3,388300.0,90.9,0,0
APP008146,725,5,0,181,0,0,1,4,66800.0,78.3,0,0
APP008147,626,2,2,27,1,90,3,4,173500.0,49.9,0,0
APP008148,679,2,0,29,0,0,4,6,513600.0,43.2,0,0
APP008149,680,6,6,107,0,0,4,7,693700.0,47.8,0,0
APP008150,734,5,3,3,0,0,2,5,755500.0,48.3,0,0
APP008151,618,2,2,129,0,0,2,4,1123000.0,11.8,0,0
APP008152,757,2,2,4,0,0,0,2,56700.0,65.8,0,0
APP008153,711,1,1,45,0,0,5,7,1123900.0,9.9,0,1
APP008154,890,3,1,27,0,0,1,2,612500.0,97.0,0,0
APP008155,691,6,1,12,0,0,0,2,1068700.0,41.2,2,0
APP008156,653,1,1,208,5,90,2,2,631100.0,25.8,0,0
APP008157,689,1,0,168,0,0,4,4,246200.0,6.3,0,0
APP008158,611,4,1,4,0,0,2,3,980200.0,71.3,0,0
APP008159,759,4,1,27,1,120,0,3,119000.0,24.8,0,0
APP008160,749,1,1,6,0,0,2,2,22800.0,20.7,2,0
APP008161,714,3,3,52,3,30,2,4,900.0,92.8,0,0
APP008162,724,2,1,14,0,0,2,3,114700.0,3.1,0,0
APP008163,651,3,2,137,0,0,1,4,488600.0,87.3,0,0
APP008164,670,4,3,1,0,0,2,3,741100.0,82.5,0,0
APP008165,740,1,1,43,0,0,1,1,336600.0,98.3,0,0
APP008166,661,4,4,220,0,0,1,3,6900.0,71.2,0,0
APP008167,685,5,1,6,0,0,0,5,155100.0,2.9,0,0
APP008168,833,2,2,61,5,90,3,4,752000.0,81.3,0,0
APP008169,672,2,2,110,3,180,4,7,296000.0,62.4,0,0
APP008170,575,4,0,65,0,0,3,7,1083200.0,22.7,0,1
APP008171,751,4,2,38,0,0,3,7,1070800.0,9.9,0,0
APP008172,816,4,1,51,2,60,2,5,1002500.0,64.8,0,0
APP008173,845,3,0,13,4,30,1,2,1175400.0,21.7,0,0
APP008174,750,2,1,56,0,0,0,2,193300.0,39.7,0,0
APP008175,768,5,2,33,0,0,0,1,317600.0,91.5,0,0
APP008176,633,2,0,85,0,0,1,5,609800.0,48.5,0,0
APP008177,572,4,0,14,4,60,1,5,72700.0,9.9,0,0
APP008178,763,3,0,10,2,120,3,5,1294200.0,55.4,0,0
APP008179,696,2,2,19,0,0,3,3,1462000.0,6.9,0,0
APP008180,786,4,3,160,0,0,1,4,177200.0,59.2,0,0
APP008181,669,3,1,53,0,0,2,5,970800.0,56.3,0,1
APP008182,680,2,2,126,0,0,1,3,498600.0,58.9,0,0
APP008183,703,3,1,20,1,180,3,7,87800.0,35.1,0,0
APP008184,818,4,1,3,2,90,2,5,152500.0,35.0,0,0
APP008185,677,4,2,46,0,0,2,3,97300.0,23.1,0,0
APP008186,812,3,3,28,0,0,4,4,7100.0,59.5,0,0
APP008187,638,2,2,79,0,0,0,0,283000.0,78.3,0,0
APP008188,766,1,1,132,0,0,3,4,606600.0,7.8,0,0
APP008189,661,0,0,9,1,30,0,2,449200.0,32.8,0,0
APP008190,795,0,0,29,0,0,1,7,59200.0,67.0,0,0
APP008191,772,4,4,324,0,0,3,4,1110600.0,43.6,0,0
APP008192,577,1,1,48,0,0,2,5,3609300.0,90.9,0,0
APP008193,637,2,1,72,1,60,3,4,677100.0,42.4,0,0
APP008194,814,1,1,320,2,90,2,3,275000.0,79.7,0,0
APP008195,583,5,1,44,1,60,2,3,279000.0,96.5,0,0
APP008196,882,4,4,14,4,90,2,5,312700.0,49.9,0,1
APP008197,734,5,3,91,1,90,3,5,757000.0,44.3,0,0
APP008198,724,2,1,68,0,0,2,7,64700.0,88.2,0,0
APP008199,652,5,4,122,2,30,4,4,105000.0,75.1,0,0
APP008200,695,8,2,31,0,0,3,4,52600.0,33.4,0,0
APP008201,687,4,2,89,0,0,0,0,224100.0,57.5,0,0
APP008202,605,0,0,132,0,0,3,4,256300.0,62.4,0,0
APP008203,634,2,2,71,0,0,1,4,689300.0,7.0,0,0
APP008204,745,3,3,26,0,0,1,4,289100.0,50.9,0,0
APP008205,706,4,2,24,0,0,1,3,344700.0,16.7,1,0
APP008206,701,3,1,19,0,0,3,7,890500.0,83.4,1,0
APP008207,549,5,3,41,0,0,0,2,45800.0,40.8,1,0
APP008208,734,4,1,63,1,120,2,4,644300.0,60.3,0,0
APP008209,773,8,2,42,3,30,2,5,69000.0,75.9,0,1
APP008210,629,3,1,7,0,0,2,4,292500.0,38.3,0,0
APP008211,631,5,2,34,3,60,2,2,597200.0,80.1,2,0
APP008212,576,1,1,24,3,60,4,4,260800.0,68.3,0,0
APP008213,663,4,4,100,0,0,3,5,302400.0,79.5,0,0
APP008214,696,4,4,20,0,0,0,1,184100.0,62.3,0,0
APP008215,577,3,1,168,0,0,2,3,379600.0,67.2,2,0
APP008216,586,2,2,22,3,120,0,2,461700.0,13.5,0,0
APP008217,721,4,2,4,0,0,1,3,231400.0,91.8,0,0
APP008218,628,3,3,18,0,0,1,3,1145500.0,55.4,0,0
APP008219,620,3,1,27,0,0,3,4,99900.0,36.9,1,0
APP008220,767,3,1,35,0,0,0,3,543200.0,51.0,0,0
APP008221,787,5,0,106,2,60,0,0,7900.0,86.1,0,0
APP008222,767,2,0,15,0,0,1,2,662500.0,24.7,0,0
APP008223,582,2,0,2,1,30,2,7,671300.0,19.3,0,1
APP008224,762,0,0,45,0,0,2,4,586900.0,0.6,0,0
APP008225,572,3,1,10,0,0,2,5,892300.0,8.7,0,0
APP008226,770,1,1,138,0,0,3,5,341300.0,67.0,0,0
APP008227,871,0,0,96,0,0,2,4,47600.0,28.4,0,0
APP008228,679,1,0,36,0,0,1,3,74400.0,66.7,0,0
APP008229,744,2,0,36,0,0,3,4,86400.0,83.3,0,0
APP008230,675,2,2,45,1,90,1,4,643800.0,69.4,0,0
APP008231,503,5,2,62,0,0,2,3,277300.0,69.4,0,0
APP008232,641,5,1,28,0,0,2,2,1011700.0,35.1,0,0
APP008233,765,4,4,25,0,0,5,7,638700.0,15.5,0,0
APP008234,654,3,0,8,0,0,2,2,164400.0,38.2,2,0
APP008235,598,3,2,115,0,0,3,5,2672800.0,75.3,0,0
APP008236,700,6,1,18,0,0,3,4,1364100.0,8.0,1,0
APP008237,712,4,4,18,0,0,2,3,933500.0,22.5,0,0
APP008238,663,5,0,33,0,0,2,2,74900.0,80.7,0,0
APP008239,739,2,2,79,4,30,2,2,533100.0,49.8,0,0
APP008240,646,2,2,17,0,0,0,5,1834900.0,86.9,0,0
APP008241,707,1,1,24,0,0,0,5,839600.0,66.5,0,0
APP008242,786,4,2,10,0,0,2,3,449000.0,78.7,1,0
APP008243,588,2,1,28,0,0,2,4,431600.0,96.6,0,0
APP008244,618,1,1,24,0,0,1,3,815600.0,39.1,0,0
APP008245,761,2,2,112,0,0,1,6,462500.0,88.8,0,0
APP008246,711,2,2,92,0,0,1,1,225700.0,14.1,0,0
APP008247,739,5,0,192,0,0,2,2,1299800.0,73.3,0,0
APP008248,640,3,1,36,0,0,1,2,399300.0,7.2,0,0
APP008249,900,2,0,62,2,60,2,6,37900.0,85.6,0,0
APP008250,723,2,2,29,0,0,2,3,329800.0,41.5,0,0
APP008251,816,2,1,34,2,30,1,2,1314800.0,7.2,2,0
APP008252,700,3,1,51,0,0,2,6,252000.0,80.9,0,0
APP008253,735,1,1,177,2,90,2,2,67900.0,18.4,0,0
APP008254,817,1,0,11,2,180,1,5,44900.0,91.5,0,2
APP008255,749,3,3,8,0,0,0,0,177800.0,90.9,0,1
APP008256,623,5,4,12,0,0,2,5,332200.0,11.5,0,0
APP008257,755,3,1,29,0,0,2,5,59200.0,37.9,0,0
APP008258,643,1,1,99,0,0,4,7,477600.0,52.8,0,0
APP008259,685,3,2,67,0,0,3,4,580400.0,68.9,0,0
APP008260,798,2,2,1,0,0,2,3,185500.0,46.1,0,0
APP008261,605,3,2,49,2,60,1,6,655800.0,77.6,0,0
APP008262,564,5,4,15,3,30,2,5,128200.0,22.8,0,1
APP008263,603,5,0,75,0,0,4,5,880400.0,26.7,0,0
APP008264,823,0,0,40,0,0,3,7,958700.0,9.6,0,0
APP008265,674,4,2,14,0,0,3,5,203400.0,74.1,0,0
APP008266,748,4,1,96,0,0,0,2,80000.0,17.4,0,0
APP008267,798,3,1,205,4,180,0,1,2077200.0,76.7,2,0
APP008268,745,5,1,21,5,30,3,3,450700.0,10.2,0,0
APP008269,652,3,2,55,0,0,3,5,104100.0,57.1,0,1
APP008270,672,1,0,3,1,30,0,0,195900.0,88.7,1,0
APP008271,740,2,0,204,0,0,1,4,430400.0,52.9,0,0
APP008272,620,2,1,23,2,60,0,1,201900.0,98.5,2,2
APP008273,709,3,3,23,0,0,4,6,920300.0,2.6,0,0
APP008274,643,5,0,50,1,120,2,3,1180400.0,99.5,0,0
APP008275,771,4,1,70,4,90,1,2,973100.0,27.3,0,0
APP008276,725,4,1,41,0,0,1,2,458900.0,59.9,0,0
APP008277,669,3,3,106,0,0,2,2,146700.0,84.3,0,0
APP008278,678,3,2,115,4,60,3,3,151800.0,13.4,1,0
APP008279,766,9,1,35,1,60,2,3,117000.0,7.9,0,0
APP008280,638,5,2,79,0,0,3,4,375300.0,29.6,0,1
APP008281,779,3,1,95,0,0,0,2,189200.0,23.2,0,0
APP008282,709,3,2,0,0,0,1,2,1227600.0,37.3,0,0
APP008283,736,3,3,58,0,0,2,5,255700.0,20.6,0,0
APP008284,583,3,1,75,0,0,2,3,628200.0,7.5,0,0
APP008285,675,4,2,17,0,0,0,2,38400.0,40.9,0,0
APP008286,718,4,1,61,2,30,0,3,151000.0,9.5,0,0
APP008287,749,3,3,121,1,30,1,2,3416500.0,67.0,0,1
APP008288,528,4,2,45,0,0,4,7,27000.0,81.1,0,0
APP008289,545,6,0,1,0,0,0,5,501800.0,83.3,0,0
APP008290,661,2,1,52,0,0,2,2,99200.0,87.3,0,0
APP008291,800,2,2,39,0,0,1,1,179300.0,51.7,0,1
APP008292,663,3,0,122,1,90,0,1,420200.0,88.2,0,0
APP008293,720,4,2,80,0,0,2,6,2357400.0,82.3,0,2
APP008294,591,1,1,285,2,30,1,4,231400.0,10.3,0,0
APP008295,768,6,4,9,3,90,4,4,88300.0,78.1,0,0
APP008296,669,3,3,14,1,90,1,2,797500.0,83.7,0,0
APP008297,625,5,3,0,0,0,1,2,346300.0,53.4,0,0
APP008298,666,6,2,59,1,120,5,8,638200.0,9.5,0,0
APP008299,803,2,0,6,0,0,0,2,286800.0,89.5,0,0
APP008300,612,2,1,33,0,0,1,3,3300.0,10.9,0,0
APP008301,621,6,2,13,0,0,4,7,60100.0,10.8,0,0
APP008302,681,3,0,50,0,0,2,3,263800.0,36.5,3,0
APP008303,812,0,0,14,2,60,1,5,1298500.0,46.8,3,0
APP008304,580,3,1,146,0,0,2,3,44400.0,52.4,1,0
APP008305,806,2,2,3,1,60,1,4,180700.0,65.5,0,0
APP008306,762,5,1,35,0,0,2,6,108900.0,56.9,0,0
APP008307,830,3,2,223,0,0,1,2,204400.0,8.0,0,0
APP008308,661,4,4,6,1,60,0,3,10300.0,23.4,0,0
APP008309,789,2,2,33,0,0,0,3,414300.0,44.0,0,0
APP008310,641,3,2,22,3,30,2,5,418600.0,7.3,0,0
APP008311,699,3,3,35,0,0,1,2,64800.0,60.6,0,0
APP008312,780,3,1,161,4,60,1,3,31200.0,31.0,0,1
APP008313,622,2,2,24,0,0,1,4,205400.0,7.9,1,0
APP008314,853,3,2,3,0,0,2,5,262100.0,76.1,0,0
APP008315,794,0,0,7,1,90,1,2,697500.0,13.7,0,0
APP008316,733,6,3,37,0,0,3,7,182800.0,15.3,0,0
APP008317,734,2,1,0,3,30,3,6,1012600.0,99.1,0,0
APP008318,631,2,1,3,0,0,1,4,119600.0,1.8,1,0
APP008319,637,4,1,29,1,60,3,7,492300.0,24.0,0,0
APP008320,652,1,1,23,3,180,0,3,249300.0,76.0,2,1
APP008321,662,7,2,7,0,0,4,6,147800.0,43.4,0,0
APP008322,671,3,1,114,3,60,2,6,1169100.0,57.3,0,0
APP008323,641,2,1,44,3,180,4,8,58900.0,21.9,2,0
APP008324,741,1,1,26,1,30,2,4,43300.0,55.8,0,0
APP008325,743,2,2,68,0,0,3,3,529700.0,18.7,0,0
APP008326,678,4,1,16,1,60,0,2,450100.0,4.4,0,0
APP008327,682,3,0,3,0,0,3,4,46100.0,95.4,0,0
APP008328,702,7,0,29,4,120,3,4,156800.0,4.1,0,0
APP008329,616,2,2,4,5,30,3,4,339000.0,69.2,0,0
APP008330,626,0,0,31,3,30,1,1,19700.0,30.7,0,0
APP008331,691,2,1,29,0,0,1,1,1956400.0,54.6,1,0
APP008332,785,2,2,3,2,30,1,2,758500.0,52.2,0,0
APP008333,625,2,0,75,3,60,3,5,56300.0,78.0,0,0
APP008334,757,1,1,62,3,60,4,6,1218800.0,13.1,0,0
APP008335,663,3,3,56,0,0,0,2,313900.0,73.1,0,0
APP008336,703,5,5,36,5,90,1,2,116500.0,70.2,0,0
APP008337,636,4,2,130,0,0,5,9,368300.0,68.2,0,0
APP008338,608,3,1,74,1,60,3,4,404200.0,91.5,0,1
APP008339,693,5,3,115,0,0,3,3,705200.0,95.2,0,0
APP008340,694,2,1,119,1,90,2,4,182300.0,71.1,0,0
APP008341,680,1,1,50,0,0,4,5,265200.0,96.7,0,0
APP008342,840,4,0,123,2,30,0,2,38500.0,22.3,0,0
APP008343,577,2,1,172,2,30,1,5,1132500.0,99.6,2,0
APP008344,580,1,1,3,0,0,0,0,84100.0,66.7,0,0
APP008345,800,1,1,1,0,0,3,5,26200.0,24.7,0,0
APP008346,633,6,2,3,2,180,1,4,966900.0,67.6,0,0
APP008347,667,3,3,38,0,0,2,4,1230500.0,32.2,0,0
APP008348,830,6,1,10,0,0,0,4,499900.0,98.3,0,0
APP008349,651,3,1,55,0,0,1,2,760900.0,7.4,0,0
APP008350,617,2,2,15,0,0,4,7,196000.0,14.8,0,0
APP008351,651,2,2,36,2,120,3,4,300200.0,35.7,0,0
APP008352,784,1,1,27,0,0,2,3,276600.0,78.6,0,0
APP008353,646,1,1,1,0,0,2,5,264800.0,41.5,0,0
APP008354,638,4,0,24,0,0,4,7,447600.0,74.1,0,0
APP008355,718,4,2,85,1,60,1,3,1014300.0,66.3,0,0
APP008356,844,4,1,8,0,0,0,0,103100.0,90.6,0,0
APP008357,609,2,1,17,1,120,0,2,306600.0,80.7,0,0
APP008358,615,2,2,31,1,30,6,9,1145700.0,62.8,1,0
APP008359,761,3,1,8,0,0,0,5,119100.0,26.2,0,0
APP008360,787,1,1,0,1,120,2,3,1574800.0,27.1,2,0
APP008361,626,2,2,76,1,30,1,2,529500.0,8.2,0,0
APP008362,743,2,2,30,0,0,1,1,497700.0,0.6,0,0
APP008363,781,1,1,6,0,0,2,3,183300.0,15.4,0,0
APP008364,592,0,0,57,0,0,1,5,700900.0,16.0,0,0
APP008365,848,1,1,70,0,0,3,4,501700.0,96.8,2,0
APP008366,736,4,3,37,1,60,1,2,83100.0,50.5,0,0
APP008367,794,2,2,98,0,0,2,2,281100.0,79.8,0,0
APP008368,771,4,4,88,1,60,2,3,407500.0,27.7,0,0
APP008369,749,1,1,118,3,30,1,5,1058900.0,73.7,0,0
APP008370,757,2,2,28,0,0,0,1,553100.0,40.4,0,0
APP008371,709,4,0,192,3,60,2,4,82200.0,74.3,0,0
APP008372,799,5,2,92,4,60,2,6,179100.0,94.6,0,1
APP008373,815,1,1,0,0,0,4,6,557800.0,20.2,0,1
APP008374,682,6,1,71,0,0,5,6,560700.0,94.8,0,0
APP008375,651,1,1,41,0,0,4,5,811800.0,41.4,0,0
APP008376,630,2,2,118,0,0,1,4,748500.0,94.6,0,0
APP008377,757,2,2,66,1,90,1,3,373400.0,23.9,0,0
APP008378,677,6,5,14,0,0,3,5,3100.0,21.1,0,0
APP008379,674,2,2,31,0,0,1,3,1870100.0,55.4,0,0
APP008380,747,0,0,60,2,60,3,5,88900.0,35.5,0,1
APP008381,626,0,0,26,0,0,3,4,93600.0,53.0,0,0
APP008382,850,3,2,34,0,0,0,5,864100.0,80.0,0,0
APP008383,783,4,0,28,0,0,2,2,47700.0,86.7,0,0
APP008384,728,6,3,5,2,60,4,4,150000.0,4.6,0,0
APP008385,650,5,2,9,2,60,2,2,19800.0,26.6,0,0
APP008386,675,3,3,10,2,60,1,2,138700.0,42.5,0,0
APP008387,715,5,1,46,0,0,0,2,65500.0,85.2,0,0
APP008388,816,4,2,180,0,0,1,3,507700.0,12.8,0,0
APP008389,831,2,2,17,0,0,3,4,805200.0,5.1,0,0
APP008390,620,3,1,17,0,0,2,5,250200.0,25.2,0,0
APP008391,646,4,0,19,0,0,2,3,240800.0,69.5,0,0
APP008392,822,3,3,8,3,90,2,4,802300.0,59.3,1,2
APP008393,683,3,2,27,0,0,5,5,1136400.0,80.5,0,0
APP008394,774,2,2,124,0,0,1,3,301600.0,60.5,0,0
APP008395,754,4,4,18,1,120,1,6,396600.0,39.1,0,0
APP008396,794,4,4,257,0,0,2,5,746800.0,25.8,0,0
APP008397,781,4,2,5,0,0,3,5,304000.0,6.4,0,0
APP008398,732,4,1,108,3,30,2,4,173500.0,15.1,0,0
APP008399,668,3,1,151,1,120,2,3,387300.0,61.7,0,0
APP008400,796,3,1,28,0,0,2,3,58400.0,39.0,0,0
APP008401,720,3,1,54,0,0,7,8,603000.0,66.4,0,0
APP008402,699,4,0,253,0,0,2,4,94000.0,34.4,0,0
APP008403,842,4,0,68,0,0,4,7,535000.0,96.7,0,0
APP008404,686,5,4,132,1,60,0,3,1838200.0,33.1,0,0
APP008405,865,0,0,14,1,30,1,1,291000.0,64.5,0,0
APP008406,727,9,3,4,0,0,1,3,1008500.0,84.9,0,0
APP008407,675,4,1,71,3,60,2,4,88600.0,11.2,1,0
APP008408,612,6,1,264,0,0,2,3,941200.0,71.4,2,0
APP008409,716,3,1,47,1,90,2,2,276200.0,37.8,0,0
APP008410,786,0,0,33,1,90,1,5,476800.0,66.6,0,0
APP008411,578,1,0,5,2,30,0,2,673500.0,16.1,0,0
APP008412,733,2,2,29,0,0,1,3,889000.0,6.9,0,0
APP008413,664,7,2,103,1,30,3,6,782200.0,95.1,0,0
APP008414,616,4,3,1,5,30,0,3,304500.0,61.5,0,0
APP008415,589,4,0,9,0,0,5,9,1837800.0,2.8,0,0
APP008416,815,1,1,12,3,30,0,0,871900.0,70.3,0,0
APP008417,763,1,1,126,0,0,3,4,620600.0,65.6,0,1
APP008418,682,3,3,8,0,0,1,1,959300.0,66.2,1,0
APP008419,466,1,1,8,0,0,3,3,240000.0,88.1,1,0
APP008420,662,3,2,49,1,90,2,5,216200.0,79.2,0,0
APP008421,758,4,4,2,1,60,2,7,152700.0,11.1,0,0
APP008422,645,1,1,13,0,0,4,7,590300.0,21.3,1,0
APP008423,716,2,1,10,0,0,2,4,652300.0,71.7,0,0
APP008424,667,4,1,35,0,0,3,3,310500.0,73.5,0,0
APP008425,746,4,2,6,2,30,4,6,377000.0,22.7,0,0
APP008426,804,1,1,35,0,0,2,5,378500.0,91.6,0,0
APP008427,736,1,1,20,0,0,2,2,217200.0,93.6,0,0
APP008428,521,2,2,60,1,30,5,6,10300.0,12.6,0,0
APP008429,813,1,0,53,0,0,3,4,263800.0,23.3,0,0
APP008430,655,4,3,10,1,90,4,6,664400.0,49.6,0,0
APP008431,726,6,1,6,2,60,1,3,42600.0,25.4,0,0
APP008432,662,0,0,41,0,0,0,4,2086400.0,77.1,0,0
APP008433,742,4,3,23,0,0,2,3,342000.0,67.9,0,0
APP008434,864,2,2,81,0,0,0,1,405100.0,55.3,1,0
APP008435,769,3,3,6,1,30,0,3,256900.0,74.8,0,0
APP008436,669,5,1,6,2,30,0,3,198800.0,29.2,0,0
APP008437,761,3,3,66,2,90,4,6,202100.0,2.9,1,0
APP008438,789,2,0,47,4,90,2,3,1829600.0,45.4,0,0
APP008439,696,7,0,84,0,0,0,2,282300.0,81.7,0,1
APP008440,627,4,2,23,1,30,1,2,335500.0,46.6,0,0
APP008441,708,5,1,46,1,30,1,4,897300.0,27.0,0,0
APP008442,705,4,1,12,1,30,2,3,40800.0,80.7,0,0
APP008443,646,2,2,176,1,90,1,3,594100.0,12.9,0,0
APP008444,637,4,3,167,4,30,1,4,497600.0,22.7,0,0
APP008445,592,2,2,5,1,30,1,3,564800.0,8.4,0,0
APP008446,694,0,0,36,0,0,1,5,7100.0,31.0,0,1
APP008447,858,2,1,41,2,60,2,5,438700.0,84.2,0,0
APP008448,735,3,0,6,1,120,2,7,28300.0,63.8,0,0
APP008449,671,1,0,24,2,60,1,1,831300.0,21.0,1,0
APP008450,691,4,3,11,0,0,3,7,339200.0,42.3,1,0
APP008451,643,3,2,22,0,0,6,7,147100.0,4.3,0,0
APP008452,577,4,0,18,2,90,2,3,489200.0,66.0,0,0
APP008453,872,2,1,36,0,0,1,4,344400.0,99.8,0,0
APP008454,700,2,0,8,1,60,1,1,490700.0,85.6,0,0
APP008455,756,2,2,18,0,0,3,6,452500.0,5.9,0,0
APP008456,529,5,2,148,0,0,5,5,367100.0,7.0,0,1
APP008457,680,2,2,11,0,0,3,5,505500.0,8.7,0,0
APP008458,621,6,2,32,0,0,1,4,26200.0,75.4,0,0
APP008459,635,2,2,46,0,0,1,3,506500.0,69.6,0,2
APP008460,675,3,1,55,0,0,2,4,417000.0,40.4,0,1
APP008461,404,2,2,35,2,60,1,3,13700.0,79.9,0,0
APP008462,669,1,0,59,0,0,5,9,1117700.0,66.3,3,0
APP008463,778,3,1,59,0,0,0,4,101600.0,70.8,1,0
APP008464,699,4,2,54,2,120,0,0,213100.0,46.8,0,0
APP008465,841,3,2,78,2,30,3,6,11500.0,60.3,0,0
APP008466,602,2,1,17,1,30,0,3,225300.0,10.8,0,0
APP008467,663,5,1,73,0,0,3,4,389600.0,28.9,0,0
APP008468,701,6,1,77,0,0,2,3,1154200.0,20.6,0,0
APP008469,688,2,2,27,0,0,5,7,461600.0,89.3,0,0
APP008470,676,5,2,45,0,0,2,3,145700.0,36.0,0,0
APP008471,678,0,0,177,1,30,2,5,67800.0,82.6,0,0
APP008472,677,0,0,39,4,60,2,2,326300.0,23.6,0,0
APP008473,498,1,1,9,0,0,4,7,110000.0,48.1,0,0
APP008474,641,5,3,16,2,120,2,4,776000.0,6.8,2,0
APP008475,821,6,4,37,1,60,2,2,89100.0,78.9,0,0
APP008476,723,1,1,18,5,60,4,8,166700.0,97.7,0,0
APP008477,649,3,0,249,0,0,5,6,759600.0,13.6,0,0
APP008478,573,6,1,94,0,0,1,2,39600.0,48.1,0,0
APP008479,716,3,3,46,0,0,1,3,1151300.0,56.5,0,0
APP008480,726,6,0,54,0,0,4,6,448400.0,39.3,2,0
APP008481,665,6,2,14,0,0,0,0,202000.0,93.8,0,0
APP008482,669,6,2,32,3,30,3,3,52600.0,0.3,0,2
APP008483,840,8,2,35,0,0,1,4,64500.0,17.2,1,0
APP008484,600,2,2,2,2,120,2,4,348700.0,12.8,0,0
APP008485,666,2,1,9,3,60,2,7,528100.0,29.2,0,0
APP008486,824,0,0,38,2,30,1,2,503800.0,72.9,2,2
APP008487,756,2,2,45,2,60,2,4,16600.0,93.6,0,0
APP008488,611,2,0,83,1,60,2,4,1841400.0,64.0,0,0
APP008489,726,1,1,97,0,0,3,3,399700.0,66.0,0,0
APP008490,762,2,2,104,2,90,1,4,261000.0,84.0,0,0
APP008491,839,5,1,14,1,90,0,0,274500.0,99.3,0,0
APP008492,678,4,1,0,0,0,2,3,593400.0,24.0,0,0
APP008493,656,3,0,15,1,30,1,2,114800.0,21.0,0,0
APP008494,675,2,2,31,2,90,3,6,424300.0,92.4,1,0
APP008495,642,3,3,14,0,0,2,3,494000.0,33.1,0,0
APP008496,605,6,2,58,0,0,3,9,330800.0,96.2,1,1
APP008497,625,1,0,36,0,0,4,8,1095600.0,0.9,0,0
APP008498,831,2,1,52,0,0,3,4,199200.0,54.2,0,0
APP008499,842,6,1,5,3,30,2,2,13300.0,22.1,2,0
APP008500,585,3,0,147,0,0,1,4,125900.0,4.6,2,0
APP008501,785,1,1,111,2,30,3,5,829500.0,70.2,0,0
APP008502,707,1,1,90,0,0,0,1,33400.0,46.0,0,0
APP008503,736,2,1,155,2,30,5,5,300400.0,57.3,0,1
APP008504,698,6,0,9,0,0,2,4,279400.0,28.7,0,0
APP008505,685,1,1,208,3,60,1,2,279200.0,20.9,0,0
APP008506,705,2,0,13,0,0,4,6,373300.0,22.8,0,0
APP008507,611,6,2,25,0,0,1,1,30000.0,12.3,1,0
APP008508,623,1,1,86,1,30,3,6,314600.0,58.6,0,0
APP008509,724,2,1,16,0,0,2,5,168800.0,60.1,0,0
APP008510,731,1,1,1,0,0,1,2,482700.0,74.5,0,1
APP008511,689,4,0,88,2,90,5,5,6400.0,12.9,0,0
APP008512,712,3,1,32,2,30,2,6,380500.0,31.1,2,0
APP008513,830,2,2,7,3,30,3,7,538600.0,31.9,0,0
APP008514,857,5,4,118,3,30,1,4,7600.0,15.4,0,0
APP008515,575,3,2,12,1,60,2,5,216300.0,93.3,0,0
APP008516,788,4,1,35,5,60,1,2,29500.0,51.2,0,0
APP008517,707,3,3,37,0,0,2,3,41200.0,21.0,0,0
APP008518,706,6,1,5,0,0,2,5,15500.0,75.3,0,0
APP008519,682,5,3,13,0,0,3,5,519600.0,11.6,0,0
APP008520,668,6,2,118,2,30,3,7,24600.0,83.5,0,0
APP008521,634,3,1,124,1,30,1,2,613400.0,16.6,0,1
APP008522,784,5,0,123,1,30,5,8,62700.0,94.4,0,0
APP008523,788,2,2,160,1,30,1,1,185100.0,48.8,0,0
APP008524,685,4,1,82,0,0,4,9,122500.0,19.5,0,0
APP008525,684,3,1,72,0,0,2,3,51500.0,60.2,0,0
APP008526,809,4,4,3,1,30,4,4,378400.0,20.2,0,0
APP008527,734,4,4,88,5,60,1,4,135900.0,38.5,2,0
APP008528,709,3,3,116,0,0,2,4,207000.0,26.3,1,0
APP008529,748,3,2,11,0,0,6,8,374000.0,65.5,0,0
APP008530,631,4,2,8,0,0,3,4,299300.0,5.6,0,0
APP008531,579,3,1,23,0,0,1,4,2499700.0,25.5,0,0
APP008532,659,3,2,52,0,0,2,2,48500.0,50.3,0,0
APP008533,801,1,1,3,0,0,2,3,342700.0,78.2,0,0
APP008534,702,0,0,68,1,30,2,2,1749600.0,95.4,0,0
APP008535,683,1,0,23,2,30,1,2,219900.0,62.5,2,0
APP008536,561,5,1,61,1,30,2,2,1807100.0,54.6,0,1
APP008537,746,2,2,112,1,30,4,6,548200.0,87.0,0,0
APP008538,730,2,2,39,0,0,1,5,708800.0,67.7,0,0
APP008539,607,1,1,354,1,60,1,3,1689400.0,83.3,0,0
APP008540,448,3,0,119,0,0,3,7,743500.0,82.6,0,0
APP008541,831,5,0,94,0,0,0,4,436100.0,50.2,0,0
APP008542,803,3,1,74,3,30,3,4,692800.0,78.0,0,0
APP008543,654,2,2,58,0,0,2,5,553100.0,40.3,0,0
APP008544,653,4,2,42,0,0,2,5,40000.0,65.5,0,0
APP008545,692,1,1,29,0,0,4,8,1200800.0,36.8,0,1
APP008546,622,3,0,10,0,0,0,2,7600.0,22.2,0,0
APP008547,491,3,1,16,2,90,2,2,514500.0,0.8,0,0
APP008548,612,2,2,72,0,0,2,2,398900.0,86.0,0,0
APP008549,851,3,1,195,0,0,2,3,388200.0,55.3,0,0
APP008550,698,1,1,16,0,0,2,5,336700.0,47.1,0,1
APP008551,583,5,2,37,0,0,4,7,183700.0,97.2,0,0
APP008552,683,5,2,52,1,30,6,8,675600.0,91.6,0,0
APP008553,715,3,1,52,1,120,2,3,144100.0,70.1,0,0
APP008554,681,3,3,21,0,0,3,5,442400.0,59.7,0,0
APP008555,772,4,1,53,1,90,2,3,75500.0,30.4,0,0
APP008556,631,3,0,18,0,0,1,2,187500.0,26.9,0,0
APP008557,767,0,0,121,3,90,5,8,1485700.0,20.0,0,1
APP008558,800,1,1,46,0,0,5,7,793300.0,25.4,0,0
APP008559,649,3,2,46,1,60,2,5,154700.0,99.9,0,0
APP008560,681,6,1,43,1,30,4,6,459900.0,38.5,0,0
APP008561,747,1,1,47,0,0,2,4,417900.0,27.9,0,0
APP008562,595,5,4,23,3,30,0,5,34400.0,33.6,2,0
APP008563,686,2,2,100,1,90,2,3,683000.0,26.7,1,1
APP008564,736,4,1,25,0,0,3,3,245000.0,66.3,0,0
APP008565,656,7,3,262,4,60,5,7,12800.0,10.5,0,0
APP008566,706,2,2,91,0,0,0,1,367500.0,63.5,2,0
APP008567,761,3,1,7,0,0,3,6,1427300.0,47.3,0,1
APP008568,660,5,3,52,0,0,2,5,48200.0,12.4,0,0
APP008569,830,1,1,8,0,0,3,5,392400.0,54.7,0,0
APP008570,673,5,1,313,0,0,3,6,269700.0,93.3,0,0
APP008571,815,0,0,33,1,120,3,4,1523200.0,31.8,0,0
APP008572,643,2,1,51,0,0,3,4,197100.0,7.9,0,0
APP008573,655,3,2,145,1,180,2,6,1332400.0,42.7,0,1
APP008574,531,2,2,35,0,0,3,5,348200.0,50.2,0,0
APP008575,560,3,1,20,2,60,3,6,333300.0,48.0,1,0
APP008576,613,4,1,45,0,0,2,4,571600.0,14.2,0,0
APP008577,773,5,4,196,0,0,4,5,554100.0,23.9,0,0
APP008578,690,4,1,1,2,60,3,7,58000.0,77.9,0,1
APP008579,680,3,2,31,2,30,1,1,600500.0,93.3,0,0
APP008580,624,3,3,12,1,30,1,4,63500.0,95.9,0,0
APP008581,779,3,1,142,0,0,1,2,216800.0,61.5,0,0
APP008582,585,1,1,49,0,0,4,4,62800.0,58.8,0,0
APP008583,703,3,1,135,0,0,0,3,1315700.0,8.5,0,0
APP008584,745,1,1,135,0,0,1,4,12700.0,48.0,0,0
APP008585,777,3,2,77,1,30,0,0,357200.0,31.1,0,0
APP008586,769,3,2,202,3,60,3,6,332900.0,30.1,0,0
APP008587,602,1,0,13,1,180,2,3,612800.0,74.7,0,0
APP008588,624,0,0,24,0,0,3,6,499100.0,88.0,0,0
APP008589,650,2,0,64,0,0,1,2,592400.0,99.9,0,1
APP008590,641,2,2,10,2,30,2,8,1037100.0,83.2,0,0
APP008591,635,4,4,120,0,0,3,3,790400.0,91.5,0,0
APP008592,678,1,1,39,1,60,3,6,1253600.0,55.6,0,0
APP008593,764,1,1,41,0,0,0,1,1041200.0,31.8,0,1
APP008594,760,4,2,34,0,0,0,1,862500.0,72.6,0,0
APP008595,669,5,2,33,0,0,2,5,218100.0,14.9,0,0
APP008596,778,1,1,29,2,90,1,2,157400.0,63.7,0,0
APP008597,616,4,4,42,2,60,2,2,51500.0,42.9,0,0
APP008598,791,4,4,17,0,0,3,3,1600.0,15.0,1,0
APP008599,731,4,2,63,0,0,1,3,1103600.0,51.5,0,1
APP008600,729,2,2,79,0,0,4,7,34700.0,13.5,1,0
APP008601,692,0,0,94,0,0,3,6,582100.0,64.3,0,0
APP008602,647,3,0,35,2,90,4,5,243900.0,86.2,0,0
APP008603,682,3,0,118,2,60,1,1,1009500.0,82.4,0,0
APP008604,702,3,3,48,1,60,1,4,263200.0,70.8,0,0
APP008605,743,1,1,139,1,90,3,6,18500.0,63.6,0,0
APP008606,704,2,1,63,1,90,3,5,800300.0,70.8,0,0
APP008607,749,6,5,3,5,60,1,4,115600.0,16.2,0,0
APP008608,676,3,1,153,1,60,1,4,1451900.0,58.9,0,0
APP008609,537,1,1,131,1,120,2,6,116500.0,91.2,0,0
APP008610,779,2,1,24,1,90,2,3,1285700.0,95.7,0,0
APP008611,897,4,1,144,1,180,2,3,241900.0,59.5,2,0
APP008612,826,1,1,239,0,0,4,7,208300.0,22.3,0,0
APP008613,695,4,2,88,0,0,2,3,1105200.0,46.9,0,0
APP008614,769,5,2,85,0,0,4,6,475800.0,92.2,0,0
APP008615,825,2,1,79,3,30,2,4,2494700.0,13.2,0,0
APP008616,694,4,2,9,0,0,3,4,413600.0,67.1,0,0
APP008617,720,4,1,27,0,0,6,8,577400.0,29.6,0,0
APP008618,771,1,1,43,1,60,4,8,469000.0,13.3,1,0
APP008619,804,3,3,7,0,0,3,6,800.0,51.6,0,0
APP008620,757,4,3,4,1,60,2,7,440700.0,56.9,0,0
APP008621,725,0,0,106,0,0,0,7,485500.0,89.6,0,0
APP008622,572,2,1,99,1,30,1,2,293800.0,8.6,0,0
APP008623,634,5,1,64,0,0,2,9,755200.0,98.0,0,0
APP008624,709,2,0,126,0,0,1,3,107000.0,52.9,0,0
APP008625,697,3,2,21,0,0,4,4,174500.0,41.2,0,0
APP008626,730,0,0,54,0,0,3,4,485400.0,60.7,0,0
APP008627,744,3,2,105,0,0,3,6,108100.0,42.1,0,0
APP008628,586,2,2,94,2,30,1,3,103800.0,48.2,0,1
APP008629,622,0,0,97,1,90,3,5,763900.0,30.6,0,0
APP008630,706,4,1,61,2,30,4,5,120800.0,31.6,0,0
APP008631,630,2,1,75,2,30,1,4,238200.0,26.0,2,0
APP008632,566,3,0,209,0,0,3,7,576200.0,64.3,2,0
APP008633,802,5,2,27,1,30,3,3,106600.0,39.6,0,0
APP008634,675,10,0,151,2,30,1,6,12400.0,12.9,0,0
APP008635,673,1,1,75,0,0,1,4,206200.0,7.8,0,0
APP008636,730,1,1,48,2,30,2,5,477200.0,12.1,0,0
APP008637,612,0,0,7,0,0,3,9,830800.0,35.3,0,0
APP008638,632,5,1,107,1,30,0,0,247600.0,61.1,0,0
APP008639,696,2,2,33,0,0,2,4,1199200.0,43.9,0,0
APP008640,716,2,0,68,1,180,3,5,283500.0,83.7,2,0
APP008641,820,4,1,3,2,60,6,7,707000.0,6.0,0,0
APP008642,649,0,0,52,0,0,1,2,82100.0,67.4,0,0
APP008643,621,3,2,29,1,30,2,3,238500.0,15.3,0,0
APP008644,660,2,1,56,0,0,4,10,627200.0,64.1,1,0
APP008645,700,3,0,14,5,30,3,7,932200.0,88.7,0,0
APP008646,717,5,1,0,2,90,2,3,69300.0,6.4,0,0
APP008647,698,4,4,114,1,30,3,6,359500.0,25.6,0,0
APP008648,783,2,2,34,0,0,1,3,177100.0,73.3,0,0
APP008649,699,4,0,100,0,0,0,5,636600.0,54.3,0,0
APP008650,628,5,1,35,0,0,2,2,18200.0,13.4,1,0
APP008651,460,5,0,52,1,30,0,6,87400.0,70.7,0,0
APP008652,593,1,1,37,0,0,0,3,29700.0,64.7,1,0
APP008653,600,2,0,82,2,120,1,2,21400.0,28.6,0,0
APP008654,655,3,0,78,0,0,2,4,64300.0,89.7,1,0
APP008655,690,6,3,134,0,0,2,2,50300.0,40.1,0,0
APP008656,690,1,1,125,0,0,1,4,115500.0,95.3,1,1
APP008657,780,6,4,51,4,60,2,9,225600.0,83.1,0,1
APP008658,721,1,1,47,0,0,1,5,125200.0,70.3,0,0
APP008659,757,1,1,8,0,0,1,1,171300.0,55.6,0,0
APP008660,702,2,2,46,1,30,2,2,1508400.0,22.1,0,0
APP008661,830,3,3,54,1,30,4,12,80800.0,21.1,0,0
APP008662,647,3,1,7,0,0,3,5,18300.0,50.4,0,0
APP008663,697,4,2,42,0,0,1,5,1762100.0,94.7,0,1
APP008664,896,3,3,60,0,0,0,3,602800.0,39.5,0,1
APP008665,473,2,1,8,3,180,1,1,70800.0,83.2,1,0
APP008666,520,2,2,169,0,0,1,3,70700.0,76.5,1,0
APP008667,638,0,0,17,1,60,2,3,106700.0,21.5,0,0
APP008668,705,2,2,105,4,30,3,5,11200.0,6.2,0,0
APP008669,734,7,4,56,1,90,1,3,71300.0,82.8,0,0
APP008670,645,1,1,26,0,0,2,2,289300.0,30.8,0,0
APP008671,518,5,3,69,0,0,4,4,782800.0,19.9,0,0
APP008672,746,2,1,107,0,0,2,5,379500.0,49.5,0,0
APP008673,637,3,3,0,1,30,3,6,1128700.0,18.4,0,0
APP008674,628,1,1,38,0,0,2,5,278500.0,21.6,0,0
APP008675,610,5,0,49,2,90,1,3,279900.0,20.7,0,0
APP008676,689,6,1,54,1,30,1,3,60600.0,49.0,0,0
APP008677,754,0,0,31,0,0,1,1,634600.0,48.6,0,0
APP008678,713,2,2,0,4,30,3,5,1098200.0,84.0,0,0
APP008679,802,1,1,52,1,120,0,3,230900.0,56.6,0,0
APP008680,660,1,1,112,1,120,3,5,186000.0,60.8,0,0
APP008681,697,4,1,121,0,0,1,2,263700.0,31.0,0,0
APP008682,881,3,2,10,0,0,1,4,991800.0,73.5,0,0
APP008683,589,2,1,45,0,0,1,4,378100.0,28.2,0,0
APP008684,640,6,1,27,0,0,0,1,558000.0,87.1,0,0
APP008685,686,1,1,128,3,30,2,2,863100.0,21.4,1,0
APP008686,704,5,0,7,1,60,1,4,292900.0,70.9,3,0
APP008687,761,6,5,21,1,30,3,4,134400.0,19.7,0,0
APP008688,675,3,1,15,2,90,3,8,137700.0,53.4,0,0
APP008689,640,3,2,9,0,0,0,2,35800.0,13.5,0,0
APP008690,742,2,2,11,0,0,4,5,1229600.0,16.9,0,0
APP008691,569,1,1,171,0,0,1,3,485200.0,69.6,0,0
APP008692,618,4,3,109,2,30,4,5,20400.0,58.8,3,0
APP008693,640,3,3,35,0,0,4,8,28800.0,40.8,0,0
APP008694,592,1,1,40,3,60,1,2,246200.0,41.4,1,0
APP008695,703,4,3,30,2,90,3,9,6700.0,60.6,1,0
APP008696,797,3,2,23,1,90,3,6,621400.0,68.1,0,0
APP008697,681,4,3,61,2,90,4,5,82700.0,71.8,0,0
APP008698,581,6,2,61,3,30,1,3,27400.0,83.4,0,0
APP008699,674,4,2,0,3,60,3,8,42400.0,64.3,0,0
APP008700,814,5,5,37,1,30,3,6,685200.0,83.4,0,0
APP008701,836,3,1,152,0,0,4,4,189900.0,21.5,0,0
APP008702,680,1,1,88,0,0,2,4,299400.0,67.4,0,0
APP008703,658,2,2,6,0,0,2,4,561500.0,77.4,0,0
APP008704,723,2,2,4,1,30,2,5,61100.0,13.9,0,0
APP008705,707,3,3,2,1,30,0,5,194100.0,64.9,1,0
APP008706,760,2,2,102,0,0,1,2,387500.0,0.2,3,0
APP008707,553,3,3,156,1,60,3,3,66700.0,33.5,0,0
APP008708,668,3,1,16,0,0,0,2,149000.0,12.0,0,2
APP008709,665,0,0,52,0,0,3,4,606200.0,60.1,1,0
APP008710,651,3,3,101,0,0,1,2,940400.0,4.5,0,0
APP008711,870,4,1,179,2,180,3,3,543600.0,46.5,0,0
APP008712,763,1,0,71,0,0,2,4,8600.0,6.0,0,0
APP008713,643,3,3,31,0,0,1,2,1351800.0,31.2,0,0
APP008714,751,3,1,38,4,30,0,2,78000.0,45.4,1,0
APP008715,564,4,2,23,0,0,2,6,215800.0,68.7,0,0
APP008716,738,1,1,19,0,0,2,2,442300.0,18.7,0,0
APP008717,742,6,2,50,5,180,2,3,636500.0,49.3,0,0
APP008718,595,6,2,23,2,60,4,7,287800.0,92.0,0,0
APP008719,693,2,2,4,0,0,3,5,786300.0,1.8,0,0
APP008720,537,1,1,31,3,90,2,4,524600.0,57.2,0,1
APP008721,599,4,3,165,0,0,6,7,315300.0,1.2,0,0
APP008722,675,3,2,10,0,0,1,3,33600.0,75.3,1,1
APP008723,790,3,2,34,0,0,2,5,315700.0,32.6,0,0
APP008724,815,4,2,239,0,0,0,2,391700.0,55.9,0,0
APP008725,757,1,1,115,0,0,2,6,311000.0,96.2,0,0
APP008726,763,3,3,6,0,0,1,1,760000.0,65.0,0,0
APP008727,738,2,0,42,0,0,1,4,98100.0,16.9,0,0
APP008728,596,4,2,58,5,60,3,5,868800.0,69.5,0,0
APP008729,702,2,2,18,0,0,2,6,233300.0,67.0,0,0
APP008730,708,1,1,6,0,0,3,5,418700.0,52.0,0,0
APP008731,704,2,2,53,0,0,2,5,329000.0,90.2,0,0
APP008732,533,3,3,9,0,0,3,5,54000.0,7.3,0,0
APP008733,740,4,1,10,0,0,1,3,978000.0,73.4,0,0
APP008734,649,1,1,72,1,30,2,3,409200.0,11.1,0,0
APP008735,592,6,3,35,0,0,1,2,773600.0,41.9,0,2
APP008736,667,5,0,3,0,0,2,4,1344700.0,92.6,0,0
APP008737,688,1,1,53,4,60,2,3,554100.0,11.3,0,0
APP008738,824,1,1,103,4,90,1,3,1007300.0,13.3,0,1
APP008739,501,3,3,195,2,60,1,2,814900.0,97.1,0,0
APP008740,641,1,1,46,0,0,1,5,296100.0,13.0,0,0
APP008741,718,2,2,16,0,0,2,2,364900.0,99.8,0,0
APP008742,637,1,1,48,1,30,3,3,207700.0,15.5,0,0
APP008743,859,6,1,166,0,0,2,5,714600.0,21.5,0,0
APP008744,725,0,0,8,0,0,1,2,2482000.0,81.2,0,0
APP008745,603,3,1,24,0,0,1,3,1148500.0,53.8,0,0
APP008746,673,4,2,10,0,0,4,4,129000.0,68.0,0,0
APP008747,667,2,2,10,1,30,1,2,316800.0,97.2,1,0
APP008748,621,7,1,114,0,0,3,5,190900.0,56.4,0,0
APP008749,692,3,3,48,0,0,1,4,1081400.0,25.5,0,0
APP008750,714,4,4,144,0,0,1,3,272600.0,42.5,2,0
APP008751,678,2,2,17,0,0,4,6,342300.0,82.4,0,0
APP008752,590,4,2,36,0,0,5,7,1320300.0,52.6,2,0
APP008753,735,2,1,107,0,0,1,2,19700.0,71.6,0,0
APP008754,705,7,3,126,0,0,1,2,389400.0,31.9,0,1
APP008755,662,1,1,133,2,30,4,6,666500.0,41.2,0,0
APP008756,600,10,2,118,1,60,6,6,127400.0,64.1,0,0
APP008757,612,2,2,155,0,0,1,2,951900.0,21.5,0,0
APP008758,588,4,2,176,0,0,3,3,70200.0,14.8,1,0
APP008759,651,4,0,31,3,90,3,4,372400.0,99.2,0,0
APP008760,735,1,1,106,0,0,1,3,535900.0,52.1,0,0
APP008761,613,4,1,15,2,180,3,4,1220800.0,8.6,0,1
APP008762,749,5,4,17,0,0,5,9,58700.0,22.9,0,0
APP008763,776,3,3,44,0,0,3,4,1405200.0,8.2,0,0
APP008764,848,4,1,31,2,30,3,6,294700.0,46.6,0,0
APP008765,711,4,0,8,3,30,1,2,102500.0,87.2,0,0
APP008766,656,2,2,38,0,0,1,3,57700.0,8.2,0,0
APP008767,652,3,2,8,0,0,1,2,131200.0,47.2,0,0
APP008768,790,4,1,149,3,90,3,5,799900.0,38.8,1,0
APP008769,720,4,1,134,0,0,1,3,146800.0,57.6,1,0
APP008770,829,3,2,65,0,0,0,0,238200.0,85.2,0,0
APP008771,686,1,1,298,3,120,3,8,3163700.0,42.0,0,0
APP008772,617,2,2,13,0,0,1,5,83800.0,3.8,0,0
APP008773,722,5,0,66,2,90,2,5,473900.0,41.4,0,0
APP008774,718,5,2,136,1,180,1,4,382500.0,2.7,0,0
APP008775,479,3,3,4,1,120,2,6,46100.0,10.9,0,0
APP008776,742,2,1,20,0,0,1,1,325600.0,99.5,0,0
APP008777,683,4,4,34,0,0,0,0,53700.0,90.5,0,0
APP008778,698,3,1,11,1,60,3,4,384800.0,84.9,0,1
APP008779,673,1,1,135,5,30,5,6,937700.0,91.3,0,0
APP008780,566,4,1,97,3,60,2,6,2059300.0,76.8,0,0
APP008781,782,2,2,8,0,0,0,1,382200.0,37.5,1,0
APP008782,640,6,1,29,1,30,1,2,10400.0,94.7,0,0
APP008783,671,4,1,95,2,60,3,3,167000.0,11.6,0,0
APP008784,741,3,2,40,5,180,2,5,655500.0,80.0,0,0
APP008785,810,1,1,64,0,0,1,2,616000.0,73.8,0,0
APP008786,656,1,0,16,0,0,4,4,138300.0,39.4,0,0
APP008787,583,2,2,53,2,30,1,2,415100.0,39.9,0,0
APP008788,622,4,2,48,0,0,1,4,581100.0,24.7,0,0
APP008789,692,3,1,24,0,0,1,5,271700.0,21.2,0,0
APP008790,649,2,1,46,2,30,2,4,801700.0,34.5,0,0
APP008791,882,4,3,35,0,0,2,2,101100.0,30.6,0,0
APP008792,748,1,1,13,0,0,4,6,257800.0,57.2,0,0
APP008793,678,1,1,132,0,0,3,3,45800.0,17.2,1,0
APP008794,594,3,3,256,2,90,2,4,869000.0,59.0,1,1
APP008795,873,2,2,35,0,0,0,4,515900.0,78.3,0,0
APP008796,729,3,0,126,2,30,1,4,216400.0,93.5,0,0
APP008797,721,1,1,57,1,120,1,4,1874500.0,72.3,0,0
APP008798,585,1,1,18,1,60,2,3,68300.0,38.9,0,0
APP008799,713,3,2,60,1,30,1,2,43000.0,28.0,0,0
APP008800,684,5,1,104,5,90,1,5,453700.0,75.8,0,0
APP008801,668,4,2,9,1,60,2,5,1742000.0,20.3,0,1
APP008802,782,1,1,88,0,0,3,6,72800.0,35.0,0,0
APP008803,682,5,4,148,5,30,2,4,85200.0,34.7,1,0
APP008804,757,1,1,76,0,0,1,3,2331300.0,33.6,0,1
APP008805,758,4,4,285,3,90,2,3,987600.0,47.9,0,0
APP008806,646,5,3,32,1,60,1,3,377400.0,29.1,0,0
APP008807,635,8,1,12,0,0,1,3,54900.0,59.5,2,0
APP008808,780,5,0,4,0,0,2,2,301800.0,2.5,0,0
APP008809,624,2,2,1,0,0,3,6,336200.0,78.3,0,0
APP008810,799,2,2,38,0,0,3,6,1448600.0,30.8,0,0
APP008811,715,2,2,52,0,0,3,6,680100.0,17.8,0,0
APP008812,750,4,1,102,0,0,1,4,879000.0,3.4,0,0
APP008813,726,3,1,86,0,0,1,5,54900.0,10.1,2,0
APP008814,743,2,2,13,0,0,2,5,300.0,39.9,0,0
APP008815,764,3,0,7,0,0,2,4,258000.0,13.2,0,0
APP008816,719,4,3,9,0,0,3,3,21400.0,99.9,0,0
APP008817,606,1,1,187,0,0,5,8,291000.0,96.6,2,0
APP008818,731,4,3,40,1,90,0,4,494200.0,43.0,0,0
APP008819,672,3,2,134,2,60,2,4,738300.0,29.9,0,0
APP008820,697,3,2,212,0,0,0,2,474000.0,70.1,0,0
APP008821,681,2,2,13,0,0,1,5,12400.0,42.6,0,0
APP008822,812,2,1,120,1,90,5,7,167000.0,56.3,0,0
APP008823,649,4,2,56,0,0,3,4,483700.0,90.7,0,0
APP008824,761,1,1,100,1,120,1,4,113900.0,82.3,0,0
APP008825,561,7,0,39,0,0,1,2,794700.0,28.9,0,0
APP008826,627,2,0,57,1,60,0,2,59700.0,93.1,0,0
APP008827,558,2,1,71,0,0,3,3,352700.0,88.8,0,0
APP008828,570,1,1,85,0,0,3,6,390700.0,95.6,1,0
APP008829,745,2,2,74,0,0,2,3,17500.0,67.7,0,0
APP008830,821,3,2,16,2,30,2,4,63000.0,19.6,0,0
APP008831,714,3,1,43,1,90,4,4,1481200.0,19.8,0,0
APP008832,697,1,0,7,2,30,1,2,6900.0,98.9,1,0
APP008833,729,5,2,59,0,0,0,1,45100.0,32.9,0,0
APP008834,631,4,1,105,0,0,1,4,452700.0,11.0,0,1
APP008835,773,5,2,50,3,60,1,2,97200.0,88.8,0,0
APP008836,626,2,1,67,0,0,3,6,536400.0,63.4,0,0
APP008837,635,4,0,8,3,60,1,2,469700.0,17.2,1,0
APP008838,656,2,2,7,1,30,0,0,1210600.0,33.2,0,0
APP008839,758,1,1,10,2,60,3,5,1102000.0,43.0,0,0
APP008840,716,4,0,6,3,30,1,2,33100.0,2.2,1,0
APP008841,573,3,1,10,1,90,1,2,342500.0,27.8,0,0
APP008842,556,1,1,39,1,90,2,3,440300.0,34.3,0,0
APP008843,806,4,4,19,3,30,1,2,358800.0,3.7,0,0
APP008844,778,2,2,79,0,0,2,5,208100.0,69.9,0,0
APP008845,767,5,3,127,1,30,1,2,94200.0,18.1,0,0
APP008846,624,1,1,129,0,0,2,5,1234100.0,84.5,0,0
APP008847,764,6,3,41,0,0,1,3,1149100.0,56.0,0,0
APP008848,696,5,1,21,3,30,2,3,250800.0,34.6,0,0
APP008849,589,5,0,75,0,0,2,3,385500.0,68.6,0,0
APP008850,582,3,3,30,0,0,1,2,210200.0,49.8,0,0
APP008851,692,4,2,25,2,90,1,3,275800.0,87.7,0,0
APP008852,652,4,1,12,0,0,1,3,307200.0,97.0,0,0
APP008853,775,4,3,1,0,0,1,2,204300.0,92.1,0,0
APP008854,699,5,3,19,1,90,2,5,850000.0,69.2,0,1
APP008855,745,1,0,0,0,0,3,3,476200.0,88.2,0,0
APP008856,642,3,2,22,0,0,2,5,289200.0,53.5,0,1
APP008857,590,2,2,68,0,0,1,6,953100.0,71.0,0,0
APP008858,857,2,0,6,1,60,1,4,525200.0,89.2,0,0
APP008859,571,3,3,4,2,60,1,1,408300.0,59.3,0,1
APP008860,665,2,1,31,1,60,4,4,288200.0,41.5,0,0
APP008861,737,1,1,54,0,0,1,3,258000.0,76.4,0,0
APP008862,768,0,0,33,0,0,2,4,10000.0,87.1,0,0
APP008863,607,9,1,85,2,30,1,2,50800.0,80.3,0,0
APP008864,778,1,1,4,1,90,1,2,36100.0,44.0,2,2
APP008865,747,1,1,31,1,60,2,2,2532800.0,49.9,0,0
APP008866,807,5,1,61,0,0,2,3,132900.0,30.7,0,0
APP008867,735,3,2,27,2,120,2,4,165900.0,45.2,0,0
APP008868,742,2,2,42,0,0,1,5,833600.0,56.9,0,0
APP008869,568,4,0,63,1,30,1,3,159200.0,58.2,0,0
APP008870,689,4,1,63,1,60,2,7,887700.0,71.7,0,1
APP008871,850,3,1,165,0,0,1,2,119300.0,7.9,0,0
APP008872,657,4,0,130,0,0,3,5,932100.0,52.6,2,0
APP008873,763,6,1,145,0,0,1,5,142100.0,32.6,0,0
APP008874,649,4,1,93,0,0,0,2,816800.0,25.7,0,0
APP008875,675,3,3,49,0,0,0,0,1257700.0,65.4,0,0
APP008876,826,4,3,33,0,0,1,2,407300.0,26.6,0,0
APP008877,660,4,2,152,0,0,0,2,151600.0,56.8,0,0
APP008878,707,2,2,41,0,0,3,4,257700.0,93.8,0,0
APP008879,795,1,1,6,0,0,3,5,1038000.0,84.9,0,0
APP008880,719,3,1,7,3,30,2,5,875000.0,50.1,2,0
APP008881,699,3,2,92,0,0,2,4,28200.0,18.2,0,0
APP008882,783,3,3,68,0,0,0,2,143000.0,60.0,0,1
APP008883,606,3,3,88,3,30,3,5,802600.0,89.7,0,0
APP008884,676,7,3,56,1,90,1,5,251900.0,96.8,0,0
APP008885,619,0,0,34,0,0,2,6,449600.0,25.6,0,0
APP008886,823,2,2,39,0,0,5,5,116900.0,41.0,0,0
APP008887,860,4,1,25,1,60,1,4,685500.0,44.3,0,0
APP008888,815,6,0,24,3,120,0,1,258700.0,78.7,0,0
APP008889,692,4,1,44,0,0,2,2,627300.0,77.7,0,0
APP008890,782,3,3,354,1,30,2,4,786700.0,31.1,1,0
APP008891,868,1,1,15,0,0,2,4,441300.0,18.1,2,0
APP008892,777,1,1,34,3,30,1,3,2768800.0,11.7,1,1
APP008893,616,2,2,9,2,30,2,4,139900.0,24.8,0,0
APP008894,680,3,2,7,0,0,1,3,340200.0,27.0,1,0
APP008895,646,3,3,28,1,120,3,5,822400.0,97.3,0,0
APP008896,693,3,0,5,0,0,0,4,277200.0,76.1,0,1
APP008897,749,3,1,139,2,90,0,1,262200.0,19.2,0,0
APP008898,638,4,0,2,0,0,1,2,193000.0,25.9,0,0
APP008899,799,6,2,237,2,90,1,2,158900.0,40.3,0,0
APP008900,742,1,1,104,4,60,0,3,218900.0,68.6,0,0
APP008901,665,1,1,85,0,0,2,2,60100.0,67.6,0,0
APP008902,876,0,0,34,0,0,2,7,577100.0,76.1,0,0
APP008903,715,4,2,82,0,0,0,4,7400.0,22.0,0,0
APP008904,540,2,1,219,0,0,1,2,33300.0,93.9,0,0
APP008905,586,2,2,85,0,0,1,1,285500.0,76.0,0,0
APP008906,480,1,1,34,1,120,2,3,248400.0,73.9,1,0
APP008907,671,6,3,43,0,0,3,4,454500.0,67.4,0,0
APP008908,881,4,1,24,2,60,2,5,887900.0,11.2,0,0
APP008909,722,3,2,18,2,30,0,0,504700.0,20.0,2,0
APP008910,756,2,2,90,0,0,0,2,112500.0,93.9,0,0
APP008911,700,2,1,6,0,0,2,4,328500.0,60.7,0,0
APP008912,731,2,2,16,0,0,1,2,64200.0,81.7,0,0
APP008913,759,6,4,48,0,0,0,3,341700.0,19.4,0,0
APP008914,610,1,0,32,0,0,2,5,1000.0,56.2,3,0
APP008915,618,1,0,48,0,0,2,3,1988600.0,91.1,0,0
APP008916,762,4,2,51,3,30,3,4,291100.0,51.9,0,0
APP008917,738,2,1,26,0,0,2,3,211200.0,81.8,1,0
APP008918,662,7,1,81,3,60,3,7,98800.0,96.0,1,0
APP008919,636,2,2,51,0,0,2,5,198900.0,46.1,0,0
APP008920,617,1,0,83,1,30,3,3,578100.0,69.7,0,0
APP008921,695,5,2,82,0,0,1,1,46400.0,17.8,0,0
APP008922,758,1,0,77,0,0,1,3,1088400.0,6.3,1,0
APP008923,645,3,3,50,0,0,0,3,127700.0,16.1,0,0
APP008924,712,2,1,20,0,0,2,3,226400.0,51.8,0,0
APP008925,815,4,3,55,1,60,3,3,136400.0,94.7,1,0
APP008926,651,3,1,66,1,30,3,7,777900.0,99.5,0,0
APP008927,675,2,2,111,0,0,0,2,1003700.0,4.7,1,0
APP008928,627,5,1,20,0,0,3,6,148900.0,19.6,0,0
APP008929,724,5,2,291,0,0,2,6,77900.0,44.1,1,0
APP008930,755,3,0,11,2,90,3,4,232900.0,17.8,0,0
APP008931,752,2,2,196,0,0,0,2,1165700.0,92.0,0,0
APP008932,706,6,3,26,0,0,2,5,297200.0,28.7,1,0
APP008933,893,3,3,9,4,30,3,8,1164200.0,53.6,0,0
APP008934,805,0,0,101,4,30,3,5,29100.0,16.9,0,0
APP008935,720,0,0,75,0,0,1,2,12300.0,98.8,0,0
APP008936,756,2,2,49,0,0,2,4,147700.0,35.9,1,0
APP008937,855,2,1,95,3,30,2,4,1117400.0,0.4,0,0
APP008938,671,5,1,21,1,180,2,2,242300.0,91.2,0,0
APP008939,785,4,4,91,0,0,3,4,124200.0,12.5,1,0
APP008940,667,4,0,42,2,60,4,5,144200.0,36.6,1,0
APP008941,662,5,2,76,1,90,0,3,366200.0,84.2,0,0
APP008942,806,3,3,59,1,60,2,5,463300.0,37.6,0,0
APP008943,766,1,1,69,1,30,2,5,31500.0,14.6,0,0
APP008944,734,4,2,5,1,90,3,3,286200.0,63.1,0,0
APP008945,670,2,1,74,0,0,2,3,590700.0,63.2,0,0
APP008946,824,4,4,6,2,30,1,3,19200.0,67.3,0,0
APP008947,666,4,1,7,0,0,4,7,437700.0,97.0,0,0
APP008948,767,8,0,23,0,0,2,3,630000.0,40.4,0,0
APP008949,644,2,2,17,1,90,2,4,143700.0,83.6,0,0
APP008950,763,2,2,127,0,0,2,4,645700.0,49.8,0,0
APP008951,559,3,1,39,0,0,3,6,764500.0,71.6,0,0
APP008952,748,1,0,4,0,0,2,2,652600.0,96.6,0,0
APP008953,680,1,1,132,0,0,1,3,1073300.0,3.6,0,0
APP008954,726,2,2,49,1,60,0,3,33200.0,12.8,0,0
APP008955,664,2,0,19,0,0,1,3,129600.0,71.8,0,2
APP008956,828,3,2,27,0,0,4,7,176400.0,3.9,0,0
APP008957,692,6,4,132,4,120,2,4,201200.0,46.7,0,0
APP008958,590,3,3,9,1,30,1,5,1333000.0,55.6,0,1
APP008959,643,3,2,7,0,0,1,5,353900.0,79.9,0,0
APP008960,894,5,2,28,2,60,1,7,1405200.0,52.5,0,0
APP008961,587,2,1,5,0,0,0,1,518500.0,9.3,1,0
APP008962,537,4,2,126,0,0,2,6,184300.0,74.7,0,0
APP008963,580,2,1,57,0,0,1,3,1427300.0,68.9,0,0
APP008964,828,1,1,15,2,60,1,2,50900.0,67.4,0,0
APP008965,616,1,1,16,0,0,1,5,499300.0,9.6,0,0
APP008966,650,3,3,9,4,60,1,1,337500.0,10.1,0,0
APP008967,755,4,4,65,5,60,2,6,541200.0,87.6,1,0
APP008968,657,1,1,76,1,30,0,3,282100.0,96.0,0,1
APP008969,529,4,2,11,2,90,0,1,93600.0,94.7,1,0
APP008970,622,3,1,35,0,0,1,4,542700.0,99.2,0,0
APP008971,682,2,2,154,1,30,3,4,120600.0,14.8,0,0
APP008972,582,2,2,1,0,0,4,4,296600.0,63.4,0,0
APP008973,541,1,1,10,1,30,3,7,22100.0,28.1,0,0
APP008974,656,2,2,20,1,30,1,2,485000.0,3.8,0,0
APP008975,710,10,4,4,0,0,2,3,1189900.0,45.5,0,2
APP008976,670,3,1,8,0,0,0,2,405700.0,60.1,0,0
APP008977,820,3,1,3,0,0,2,3,413600.0,70.4,0,0
APP008978,877,0,0,112,0,0,0,1,265200.0,6.3,0,0
APP008979,534,3,1,15,0,0,2,7,218600.0,77.9,0,0
APP008980,557,4,2,15,0,0,1,3,351100.0,80.5,0,0
APP008981,629,2,2,17,0,0,2,4,465600.0,34.4,0,0
APP008982,635,2,2,127,0,0,2,4,1171400.0,93.5,0,0
APP008983,782,2,0,13,1,60,2,3,934600.0,24.4,0,0
APP008984,712,2,2,8,0,0,0,2,731700.0,73.1,0,0
APP008985,651,0,0,1,0,0,2,4,276100.0,24.1,0,0
APP008986,764,1,1,12,2,60,2,6,933800.0,70.4,0,0
APP008987,747,1,1,50,0,0,2,4,485900.0,8.9,0,0
APP008988,703,3,2,57,1,60,3,8,842000.0,42.2,0,0
APP008989,689,6,6,59,3,90,3,4,698600.0,15.5,0,0
APP008990,812,5,2,5,0,0,0,0,85500.0,41.3,0,0
APP008991,639,1,1,6,0,0,3,5,55700.0,30.7,0,0
APP008992,687,1,1,116,0,0,2,2,22600.0,43.0,0,0
APP008993,691,4,3,23,0,0,2,3,40500.0,30.7,0,0
APP008994,581,4,3,160,1,30,3,5,1042800.0,25.2,0,0
APP008995,616,5,3,23,0,0,1,3,359800.0,50.8,0,0
APP008996,605,4,1,5,3,90,2,3,889300.0,66.3,0,0
APP008997,591,5,0,14,0,0,1,4,93400.0,96.5,0,0
APP008998,689,2,1,9,0,0,1,3,283800.0,74.5,0,0
APP008999,580,4,1,1,0,0,2,4,260300.0,94.6,0,0
APP009000,745,2,2,48,0,0,1,2,935100.0,5.0,0,0
APP009001,575,3,0,14,5,90,4,7,585400.0,87.6,0,0
APP009002,675,5,1,33,0,0,2,3,538900.0,82.3,0,0
APP009003,653,0,0,11,2,30,1,3,191300.0,50.8,3,0
APP009004,739,2,2,48,0,0,3,4,244500.0,71.5,0,0
APP009005,672,4,3,40,0,0,1,2,379400.0,72.9,0,0
APP009006,687,4,1,83,0,0,2,3,548000.0,51.1,1,0
APP009007,467,3,3,77,1,60,3,4,452700.0,15.0,1,0
APP009008,612,5,1,83,1,90,0,1,51400.0,61.9,0,0
APP009009,827,4,1,2,0,0,2,5,436500.0,96.8,0,0
APP009010,660,6,1,138,0,0,2,4,108300.0,75.2,0,0
APP009011,669,0,0,11,4,60,2,6,78200.0,39.3,1,0
APP009012,574,5,0,4,0,0,4,5,16400.0,98.6,0,0
APP009013,695,1,1,97,0,0,2,4,583900.0,57.5,0,0
APP009014,819,5,2,9,0,0,1,4,243900.0,6.8,0,0
APP009015,784,5,1,167,0,0,2,2,533600.0,86.5,0,0
APP009016,654,3,3,9,0,0,3,4,1715800.0,4.3,0,0
APP009017,637,3,3,107,0,0,0,5,218600.0,42.2,0,0
APP009018,650,1,1,77,1,90,2,3,142100.0,10.8,0,0
APP009019,724,2,2,136,2,30,2,7,674500.0,31.3,0,0
APP009020,758,5,2,29,0,0,1,2,137100.0,75.0,0,0
APP009021,682,2,2,14,4,90,2,4,853900.0,55.7,0,0
APP009022,765,3,3,74,1,30,3,3,565400.0,69.5,0,0
APP009023,645,2,2,129,1,60,2,4,190500.0,64.3,1,0
APP009024,709,1,1,1,0,0,1,3,1119400.0,62.7,1,0
APP009025,686,3,3,18,3,30,3,7,931700.0,77.5,0,0
APP009026,568,1,1,47,0,0,1,5,948400.0,6.6,0,0
APP009027,741,5,1,79,0,0,1,4,156900.0,78.4,0,0
APP009028,686,2,1,53,0,0,3,6,3900.0,38.6,0,0
APP009029,808,3,3,70,0,0,0,4,17200.0,43.1,0,0
APP009030,736,3,1,60,3,90,2,2,385600.0,86.3,2,0
APP009031,659,6,0,182,0,0,4,7,493300.0,65.0,0,0
APP009032,720,5,0,98,0,0,1,1,85400.0,58.8,0,0
APP009033,592,2,0,10,0,0,0,3,315300.0,30.9,0,2
APP009034,720,4,1,72,0,0,2,4,1303500.0,11.2,0,0
APP009035,597,3,2,170,1,30,2,3,18800.0,59.4,0,1
APP009036,731,2,2,24,0,0,3,6,1395500.0,92.5,0,0
APP009037,870,3,1,26,0,0,3,3,51600.0,26.4,0,0
APP009038,644,6,1,49,2,30,2,3,288200.0,20.9,0,1
APP009039,803,2,1,14,3,30,2,4,3600.0,65.2,0,0
APP009040,788,3,3,9,0,0,3,4,1098800.0,41.6,0,0
APP009041,761,3,3,92,0,0,1,3,1146700.0,86.2,1,0
APP009042,737,4,2,29,1,90,2,6,115500.0,35.5,0,0
APP009043,716,3,3,4,0,0,3,5,734200.0,14.1,0,0
APP009044,600,1,1,107,0,0,3,6,476500.0,6.7,2,0
APP009045,579,3,3,131,3,30,1,2,380200.0,16.0,0,0
APP009046,693,5,0,139,0,0,1,2,73400.0,91.2,0,0
APP009047,655,4,3,45,0,0,3,4,832900.0,31.7,0,0
APP009048,854,3,1,5,0,0,2,5,223700.0,76.0,0,0
APP009049,656,3,3,233,3,60,5,9,5100.0,96.0,0,0
APP009050,748,3,1,216,0,0,2,3,137600.0,36.8,0,0
APP009051,622,2,1,6,0,0,0,3,812800.0,32.5,0,0
APP009052,650,2,1,120,0,0,5,7,1381600.0,81.1,0,0
APP009053,564,4,0,25,0,0,1,2,2352900.0,69.4,0,0
APP009054,638,1,1,111,0,0,4,5,413800.0,88.0,0,0
APP009055,530,3,3,26,0,0,1,1,957300.0,33.3,0,0
APP009056,531,2,2,72,1,30,0,3,699200.0,83.2,2,0
APP009057,841,3,3,14,0,0,3,5,517000.0,43.7,1,0
APP009058,589,1,0,360,0,0,4,6,784200.0,96.9,1,0
APP009059,599,2,1,187,0,0,1,2,809000.0,22.3,0,0
APP009060,830,1,1,24,0,0,0,0,400900.0,49.7,0,0
APP009061,812,2,2,42,3,90,2,2,31000.0,82.2,0,0
APP009062,759,3,2,3,3,90,0,6,1588500.0,79.0,2,1
APP009063,646,4,0,125,5,30,3,5,475800.0,15.3,0,0
APP009064,672,2,2,1,0,0,1,2,147000.0,19.0,1,0
APP009065,732,4,3,74,1,90,1,4,2635200.0,4.7,0,0
APP009066,615,4,0,4,1,30,2,3,307300.0,36.3,1,0
APP009067,720,0,0,12,0,0,1,6,451800.0,58.8,2,0
APP009068,786,4,2,86,1,30,0,4,114100.0,0.9,0,0
APP009069,644,3,3,39,0,0,1,4,415800.0,38.1,0,0
APP009070,521,3,0,37,1,60,1,4,34200.0,49.0,0,0
APP009071,650,3,2,0,0,0,1,4,753800.0,46.5,0,0
APP009072,764,5,1,66,0,0,2,3,124200.0,98.8,0,0
APP009073,692,0,0,16,0,0,2,7,669300.0,87.4,3,0
APP009074,720,2,2,22,0,0,1,2,114500.0,48.9,0,1
APP009075,624,3,2,174,2,90,3,3,2926200.0,46.4,0,0
APP009076,794,2,1,29,1,180,2,5,1265700.0,35.7,0,0
APP009077,704,1,0,105,1,90,3,6,130600.0,31.1,0,0
APP009078,759,1,1,212,1,60,0,0,504000.0,46.2,0,0
APP009079,900,2,2,82,0,0,0,2,619100.0,50.1,0,0
APP009080,654,3,1,33,1,30,2,3,22800.0,11.5,0,0
APP009081,770,5,3,0,2,90,1,3,101500.0,95.0,0,0
APP009082,677,3,1,38,1,30,1,3,253500.0,3.4,0,0
APP009083,723,2,2,40,3,30,3,3,984900.0,32.8,0,0
APP009084,684,8,0,3,0,0,1,3,118500.0,20.2,0,0
APP009085,744,4,4,39,2,90,2,3,156800.0,34.2,0,1
APP009086,686,1,0,89,0,0,3,4,749900.0,67.0,1,0
APP009087,663,2,2,360,0,0,2,3,189900.0,6.0,0,0
APP009088,658,2,2,134,0,0,4,8,770400.0,25.8,0,0
APP009089,772,6,1,62,0,0,1,3,359400.0,89.0,0,0
APP009090,658,5,1,104,4,30,2,4,17300.0,19.0,0,0
APP009091,630,3,2,17,0,0,2,7,198500.0,31.4,0,0
APP009092,601,5,0,66,0,0,2,4,174500.0,85.3,0,0
APP009093,733,4,1,66,0,0,5,7,191300.0,64.4,0,0
APP009094,788,4,1,40,2,120,2,3,99300.0,29.0,0,0
APP009095,680,1,0,34,0,0,4,6,1326400.0,26.9,0,0
APP009096,549,1,0,15,0,0,4,9,5300.0,2.6,0,2
APP009097,615,5,2,38,0,0,1,2,172200.0,40.9,0,1
APP009098,715,7,3,41,0,0,2,2,711300.0,69.7,0,0
APP009099,730,2,2,107,0,0,1,2,30900.0,53.7,0,0
APP009100,583,5,0,20,0,0,1,4,253900.0,30.5,0,0
APP009101,662,4,2,49,1,30,1,5,189700.0,37.2,0,0
APP009102,877,3,3,70,0,0,2,8,379800.0,73.5,0,0
APP009103,695,5,2,10,0,0,1,2,28200.0,9.4,0,1
APP009104,736,6,2,35,0,0,2,3,584400.0,32.8,0,0
APP009105,725,2,2,19,0,0,4,4,390100.0,21.5,0,0
APP009106,793,5,1,0,2,30,4,6,186800.0,78.7,0,0
APP009107,825,3,2,84,3,120,3,6,179600.0,23.6,0,0
APP009108,747,2,2,79,1,30,3,5,452100.0,17.1,0,0
APP009109,650,2,2,20,0,0,2,5,767300.0,98.7,0,0
APP009110,712,3,1,1,2,60,1,3,553300.0,53.0,0,0
APP009111,676,4,1,169,2,60,3,5,913300.0,1.7,0,0
APP009112,762,3,2,64,0,0,1,5,676100.0,0.1,0,0
APP009113,630,2,1,74,1,120,2,5,211300.0,53.9,3,0
APP009114,711,2,2,84,0,0,1,3,9200.0,94.0,0,0
APP009115,601,2,2,12,1,90,3,6,404500.0,29.3,0,1
APP009116,608,1,0,98,0,0,3,5,42100.0,92.1,1,0
APP009117,711,0,0,115,3,60,3,4,484100.0,41.0,0,0
APP009118,564,2,2,33,0,0,1,3,1207200.0,92.0,0,0
APP009119,569,4,3,27,0,0,6,7,59900.0,77.4,0,0
APP009120,641,3,3,360,0,0,1,3,516200.0,62.7,0,0
APP009121,821,0,0,12,0,0,2,6,596100.0,85.1,0,0
APP009122,723,3,1,15,3,120,3,6,243300.0,88.5,0,0
APP009123,691,4,3,100,0,0,2,5,492700.0,41.5,0,0
APP009124,785,1,1,13,1,30,1,4,467900.0,20.3,0,0
APP009125,546,5,3,27,0,0,0,0,128200.0,85.9,0,0
APP009126,799,3,2,32,3,30,3,5,106000.0,29.7,0,0
APP009127,812,4,2,41,0,0,1,4,244200.0,54.0,0,0
APP009128,466,2,1,12,1,30,1,1,1023300.0,26.8,0,1
APP009129,552,3,2,39,0,0,1,3,322900.0,67.7,0,0
APP009130,858,0,0,58,4,60,2,5,755600.0,64.5,0,1
APP009131,675,3,1,69,0,0,4,4,265100.0,88.4,0,0
APP009132,711,1,1,36,0,0,2,5,1067500.0,99.7,0,0
APP009133,583,3,2,47,0,0,3,4,92000.0,40.4,0,0
APP009134,783,5,3,12,0,0,3,6,379300.0,73.9,2,0
APP009135,771,4,2,287,3,120,2,3,223700.0,32.3,0,0
APP009136,586,1,0,21,1,30,5,6,1049800.0,46.4,0,0
APP009137,698,2,2,2,3,60,2,3,1807000.0,61.3,0,0
APP009138,756,1,1,1,0,0,3,5,1375900.0,43.3,0,0
APP009139,543,2,2,32,0,0,1,1,936000.0,5.8,1,0
APP009140,644,4,2,70,0,0,4,5,259700.0,50.6,0,0
APP009141,790,2,2,0,1,60,1,3,144600.0,71.9,0,0
APP009142,650,5,2,189,1,30,3,6,32500.0,29.4,0,0
APP009143,676,4,0,0,0,0,2,6,1589300.0,6.3,0,0
APP009144,809,4,1,55,0,0,2,2,561900.0,84.8,2,0
APP009145,684,0,0,24,0,0,3,4,465700.0,34.1,0,0
APP009146,731,3,2,44,0,0,2,4,1058100.0,47.2,0,0
APP009147,640,4,3,18,1,90,3,4,212700.0,16.8,0,0
APP009148,628,2,2,13,1,30,3,3,45900.0,84.7,0,0
APP009149,796,4,1,39,4,90,1,2,630700.0,62.6,1,0
APP009150,589,4,2,4,0,0,3,7,382100.0,41.3,0,0
APP009151,721,3,1,84,2,120,3,5,77300.0,53.7,0,1
APP009152,466,3,3,39,1,30,2,3,113300.0,3.1,0,0
APP009153,804,1,1,64,1,30,1,4,523100.0,67.6,0,0
APP009154,720,4,3,226,0,0,3,6,398100.0,53.8,0,1
APP009155,703,1,1,9,0,0,2,3,17300.0,82.0,0,0
APP009156,676,6,2,32,1,90,2,5,77200.0,96.2,0,0
APP009157,833,3,1,97,3,120,2,4,364800.0,26.1,0,0
APP009158,682,3,1,10,2,30,1,1,721700.0,54.1,0,0
APP009159,730,4,2,185,3,30,4,7,551100.0,22.4,0,0
APP009160,736,2,1,32,1,30,3,4,343200.0,1.8,0,0
APP009161,706,4,4,62,0,0,2,6,228600.0,8.1,0,0
APP009162,624,0,0,138,0,0,2,3,323200.0,85.3,0,0
APP009163,679,4,2,146,1,30,2,4,288400.0,50.2,1,0
APP009164,634,2,2,16,1,90,2,6,128900.0,99.2,0,0
APP009165,546,2,2,2,0,0,1,4,648900.0,55.0,0,0
APP009166,610,1,1,53,0,0,4,4,1065500.0,86.7,0,0
APP009167,563,0,0,36,0,0,3,6,409800.0,32.3,0,0
APP009168,796,4,4,28,0,0,2,5,131900.0,72.6,0,0
APP009169,627,2,1,27,0,0,1,4,732700.0,12.2,0,0
APP009170,786,1,0,10,0,0,1,2,1106600.0,85.9,0,0
APP009171,686,5,1,3,0,0,2,3,225300.0,7.7,0,0
APP009172,824,6,0,36,2,60,6,8,30000.0,85.1,0,0
APP009173,573,3,3,31,0,0,3,4,354600.0,94.5,0,0
APP009174,823,4,2,4,0,0,4,6,168500.0,77.6,0,0
APP009175,649,0,0,16,1,90,0,1,163700.0,14.1,0,0
APP009176,590,3,1,156,0,0,1,2,621500.0,7.6,0,0
APP009177,671,6,0,110,1,180,1,3,625400.0,48.0,0,0
APP009178,696,3,3,29,1,60,3,5,391900.0,91.8,1,0
APP009179,677,0,0,2,1,30,2,4,589700.0,69.1,0,0
APP009180,659,2,0,140,1,60,1,7,293900.0,15.4,0,0
APP009181,653,2,1,15,2,30,2,3,159900.0,44.9,0,0
APP009182,682,5,1,4,0,0,1,3,529000.0,33.4,0,0
APP009183,637,1,0,34,1,90,2,4,142200.0,63.1,0,0
APP009184,714,2,0,8,2,30,3,6,51100.0,70.5,0,0
APP009185,665,3,2,75,0,0,0,2,72400.0,26.8,1,0
APP009186,580,4,2,247,0,0,3,6,712300.0,16.2,0,1
APP009187,666,3,1,33,1,120,2,5,304500.0,72.4,0,0
APP009188,658,0,0,23,0,0,2,5,1028100.0,89.5,0,0
APP009189,691,1,1,164,1,90,0,1,598800.0,89.6,0,0
APP009190,598,6,2,28,0,0,2,3,64900.0,46.3,0,0
APP009191,713,2,2,111,4,90,0,2,335600.0,75.0,0,0
APP009192,634,0,0,50,0,0,0,3,80700.0,12.3,0,0
APP009193,730,5,2,9,2,30,4,4,218800.0,11.8,0,0
APP009194,721,1,1,24,0,0,1,3,1098500.0,21.5,0,0
APP009195,710,6,1,56,3,60,2,4,974400.0,88.6,0,0
APP009196,707,1,1,103,0,0,3,5,312400.0,77.3,0,0
APP009197,774,1,1,97,2,90,2,4,468900.0,86.9,0,0
APP009198,571,2,0,203,0,0,4,5,419500.0,11.4,0,0
APP009199,723,1,1,11,0,0,4,10,152300.0,31.7,0,1
APP009200,856,1,1,42,3,60,2,3,62400.0,77.2,1,0
APP009201,475,2,2,70,0,0,4,6,436400.0,5.8,1,0
APP009202,697,3,0,27,3,60,1,3,279100.0,36.0,2,0
APP009203,604,5,3,96,1,120,5,9,179000.0,13.9,2,0
APP009204,725,3,3,65,0,0,0,0,352500.0,49.7,0,0
APP009205,647,2,2,23,0,0,0,3,360800.0,2.0,2,0
APP009206,796,2,0,235,0,0,2,4,108700.0,36.8,0,0
APP009207,746,5,2,196,1,90,1,1,1253200.0,75.8,0,0
APP009208,779,6,3,40,0,0,4,5,806100.0,31.2,1,0
APP009209,746,3,2,109,0,0,1,6,801900.0,5.1,0,0
APP009210,569,5,1,42,0,0,1,4,491200.0,80.8,0,0
APP009211,652,1,1,41,1,60,2,3,70500.0,87.0,0,1
APP009212,847,2,0,110,0,0,6,8,629100.0,81.6,0,0
APP009213,648,3,2,158,0,0,0,0,113400.0,55.5,0,0
APP009214,606,5,1,96,0,0,2,2,216200.0,17.6,0,0
APP009215,587,0,0,70,0,0,2,5,143700.0,72.0,0,0
APP009216,629,4,3,69,5,90,0,2,182000.0,93.0,1,0
APP009217,764,8,1,109,0,0,5,5,91000.0,43.7,0,0
APP009218,747,1,1,81,1,30,2,4,549800.0,11.2,0,0
APP009219,662,3,2,18,0,0,1,4,75400.0,86.2,0,0
APP009220,618,1,1,77,0,0,1,4,886800.0,35.6,0,1
APP009221,665,3,1,8,0,0,4,4,729400.0,33.1,0,0
APP009222,773,2,2,11,1,30,3,5,25700.0,89.1,0,0
APP009223,761,4,1,72,0,0,2,6,1240400.0,45.4,0,1
APP009224,585,5,2,5,0,0,3,7,679600.0,33.9,1,0
APP009225,638,1,1,123,0,0,3,5,749300.0,27.6,0,0
APP009226,731,3,2,38,1,60,2,3,823800.0,20.9,1,0
APP009227,690,6,3,324,1,120,2,4,810100.0,72.2,0,0
APP009228,617,3,3,60,1,60,2,4,97600.0,99.7,1,0
APP009229,894,3,3,26,0,0,2,3,912700.0,34.8,0,0
APP009230,733,4,1,6,1,120,1,2,82400.0,93.2,0,0
APP009231,680,4,0,74,0,0,2,2,1378700.0,11.2,0,0
APP009232,747,4,2,25,0,0,0,1,71000.0,16.4,0,0
APP009233,661,1,1,8,0,0,4,7,395700.0,92.5,2,0
APP009234,686,3,3,25,0,0,2,4,406200.0,6.6,0,0
APP009235,562,5,1,2,1,60,2,3,542800.0,19.2,0,0
APP009236,634,1,1,181,0,0,2,3,19000.0,63.0,0,0
APP009237,631,2,2,50,1,60,5,9,1518300.0,1.1,0,0
APP009238,778,6,3,254,0,0,2,3,471600.0,45.4,0,0
APP009239,716,5,1,18,0,0,3,6,373500.0,4.4,0,0
APP009240,619,2,0,32,0,0,0,1,757000.0,84.9,0,0
APP009241,725,2,2,19,0,0,2,2,475900.0,16.2,0,0
APP009242,761,1,1,57,2,30,1,2,252700.0,86.9,0,0
APP009243,734,4,4,142,0,0,6,7,440200.0,64.0,1,2
APP009244,689,2,2,122,2,180,5,7,98600.0,57.1,0,0
APP009245,687,4,4,60,0,0,1,3,1040900.0,10.0,0,0
APP009246,683,4,1,17,1,60,1,2,801800.0,76.0,0,0
APP009247,843,1,1,109,2,90,5,6,26800.0,82.0,0,0
APP009248,703,3,3,16,2,90,2,2,443600.0,49.0,0,1
APP009249,633,4,1,39,1,180,3,5,883500.0,45.3,0,0
APP009250,760,2,2,58,1,30,2,2,335300.0,3.7,0,0
APP009251,830,2,2,0,1,30,3,4,628300.0,48.5,0,0
APP009252,769,1,0,128,1,30,3,3,17700.0,87.9,0,0
APP009253,713,3,3,66,0,0,0,2,496000.0,2.5,0,0
APP009254,587,1,1,94,0,0,2,4,69100.0,62.9,0,2
APP009255,756,9,3,186,0,0,5,8,432400.0,97.0,1,0
APP009256,588,5,2,43,0,0,2,4,88100.0,86.3,0,0
APP009257,777,4,2,48,2,30,4,5,307700.0,97.9,1,0
APP009258,606,1,1,59,1,90,1,2,508500.0,59.0,0,0
APP009259,708,5,0,262,0,0,0,3,1430200.0,26.8,0,0
APP009260,771,0,0,7,0,0,1,6,224000.0,24.1,0,0
APP009261,678,4,4,116,1,90,1,4,271200.0,37.8,0,0
APP009262,558,4,2,66,1,30,1,2,289300.0,90.3,0,0
APP009263,587,4,4,103,0,0,2,4,679100.0,39.2,0,0
APP009264,814,1,1,19,1,90,1,3,327400.0,6.8,0,1
APP009265,790,5,2,79,3,120,4,8,117500.0,86.5,0,0
APP009266,672,1,0,81,2,120,0,3,105700.0,3.8,1,0
APP009267,732,5,0,5,2,30,0,0,444000.0,85.2,0,0
APP009268,718,6,2,6,0,0,2,5,186600.0,11.5,0,0
APP009269,696,0,0,1,0,0,0,1,364800.0,56.8,0,0
APP009270,664,2,1,12,1,60,2,5,459300.0,32.3,0,1
APP009271,642,2,2,36,0,0,0,2,48000.0,82.8,0,0
APP009272,744,0,0,44,4,30,2,3,84300.0,68.4,0,0
APP009273,741,1,1,44,0,0,3,5,861800.0,44.6,0,0
APP009274,635,3,2,49,4,30,0,1,74000.0,36.1,0,0
APP009275,776,6,5,54,0,0,1,4,1726700.0,83.5,0,0
APP009276,848,3,3,2,1,120,2,3,204300.0,15.2,0,0
APP009277,699,2,1,33,0,0,0,1,337800.0,13.6,0,0
APP009278,734,1,1,82,2,30,0,1,128900.0,72.6,0,0
APP009279,496,4,4,11,1,60,1,4,429700.0,22.7,0,0
APP009280,769,3,1,5,0,0,3,3,94100.0,14.2,0,0
APP009281,759,0,0,81,3,180,1,2,513300.0,89.9,0,0
APP009282,749,7,4,129,4,90,1,6,1004400.0,90.1,0,0
APP009283,797,0,0,57,0,0,2,6,122700.0,22.8,0,0
APP009284,698,0,0,5,0,0,2,2,43400.0,13.8,0,0
APP009285,705,1,1,61,0,0,3,4,543400.0,68.6,1,1
APP009286,729,3,0,0,0,0,1,4,1343100.0,11.5,0,0
APP009287,729,6,0,138,1,90,4,4,1198600.0,36.1,1,0
APP009288,612,4,1,65,0,0,3,5,351500.0,92.3,0,1
APP009289,694,1,1,122,0,0,0,3,146800.0,27.3,0,0
APP009290,677,2,2,81,1,30,1,1,189800.0,39.2,0,0
APP009291,723,2,2,87,0,0,0,1,327500.0,9.5,0,0
APP009292,614,1,1,1,1,30,2,6,125500.0,74.8,2,0
APP009293,545,1,1,36,1,60,2,7,241900.0,67.3,0,0
APP009294,756,1,0,123,2,30,0,1,292400.0,47.1,0,0
APP009295,702,3,1,28,0,0,1,6,389500.0,28.5,0,0
APP009296,692,6,1,11,1,30,1,2,1556600.0,55.6,0,0
APP009297,671,0,0,6,0,0,2,3,632100.0,73.1,0,0
APP009298,746,3,1,186,0,0,4,5,119600.0,74.4,0,0
APP009299,676,3,0,10,4,90,1,2,450000.0,28.4,0,0
APP009300,633,4,2,15,2,30,0,2,7600.0,3.7,0,0
APP009301,727,3,1,42,0,0,1,2,144100.0,34.1,0,0
APP009302,739,4,1,154,2,60,1,6,176800.0,60.4,0,0
APP009303,600,3,1,84,0,0,2,2,663000.0,75.8,0,1
APP009304,780,1,1,117,0,0,1,4,1424900.0,96.8,0,0
APP009305,778,4,4,144,1,60,4,4,128600.0,81.9,2,0
APP009306,640,3,3,86,0,0,5,7,12400.0,29.8,0,0
APP009307,661,4,3,20,0,0,3,5,459900.0,51.3,0,0
APP009308,687,0,0,13,1,30,1,3,159600.0,74.0,0,0
APP009309,679,4,0,94,0,0,2,5,52300.0,5.5,0,0
APP009310,695,3,0,28,2,90,2,6,117300.0,71.1,0,0
APP009311,749,1,1,111,1,60,5,7,393200.0,1.9,2,0
APP009312,669,0,0,49,2,120,1,3,1454600.0,58.2,0,0
APP009313,725,2,2,134,1,60,1,6,103100.0,81.0,0,0
APP009314,728,2,2,23,0,0,1,4,430400.0,98.0,0,0
APP009315,713,5,5,42,2,30,0,2,927700.0,33.4,0,0
APP009316,504,3,3,22,4,120,2,3,241100.0,16.2,0,0
APP009317,740,2,2,90,1,60,1,3,71500.0,23.2,1,2
APP009318,671,0,0,102,0,0,2,3,383500.0,4.1,0,0
APP009319,596,3,2,27,0,0,0,3,436400.0,78.9,0,0
APP009320,549,2,2,32,1,60,1,3,709900.0,88.7,0,0
APP009321,697,3,3,12,4,30,3,4,47100.0,38.6,0,0
APP009322,748,1,1,86,2,90,2,4,147200.0,96.1,0,0
APP009323,722,2,2,45,2,120,2,2,191700.0,69.1,0,0
APP009324,684,3,2,9,3,30,2,4,518900.0,24.9,0,1
APP009325,719,1,0,56,0,0,2,4,214100.0,49.8,0,0
APP009326,796,3,1,147,0,0,2,5,2025900.0,7.5,0,0
APP009327,827,5,2,78,1,120,1,1,208800.0,14.5,0,1
APP009328,760,1,1,69,0,0,2,3,1177600.0,25.5,0,0
APP009329,682,1,1,64,1,90,1,2,704500.0,90.0,0,2
APP009330,795,3,2,0,1,30,2,5,87400.0,28.2,0,0
APP009331,611,2,2,67,1,60,1,2,112200.0,21.7,0,0
APP009332,580,4,3,6,0,0,1,5,2111400.0,40.2,1,0
APP009333,639,1,1,20,3,90,2,4,310200.0,94.6,1,0
APP009334,706,1,1,0,1,60,2,4,526600.0,7.7,0,0
APP009335,712,3,1,103,0,0,1,3,451600.0,83.5,0,1
APP009336,811,3,2,57,0,0,0,1,1121700.0,86.9,0,0
APP009337,761,3,2,31,2,30,0,3,554200.0,65.8,1,0
APP009338,660,3,3,87,2,60,3,8,79300.0,6.6,0,1
APP009339,581,2,0,36,1,30,4,8,62200.0,91.2,0,0
APP009340,887,8,1,66,0,0,2,6,314400.0,47.7,0,0
APP009341,576,5,1,119,1,30,1,4,231200.0,93.6,2,1
APP009342,753,2,1,42,0,0,3,4,743300.0,87.4,0,0
APP009343,570,3,0,47,0,0,1,3,269400.0,36.0,0,0
APP009344,631,0,0,175,1,30,2,2,258300.0,90.4,0,0
APP009345,732,2,2,18,0,0,3,9,754600.0,19.7,0,0
APP009346,793,2,1,139,0,0,3,6,333800.0,59.0,0,0
APP009347,698,2,0,35,0,0,4,8,196900.0,60.7,0,0
APP009348,810,2,0,20,2,30,1,4,790200.0,40.6,0,0
APP009349,763,2,2,37,1,60,1,3,391800.0,69.6,0,0
APP009350,651,0,0,64,2,30,1,3,133400.0,71.0,0,0
APP009351,674,6,1,54,0,0,1,2,87800.0,1.1,0,0
APP009352,540,5,5,59,0,0,4,5,347900.0,4.6,0,1
APP009353,611,3,3,37,0,0,3,6,79000.0,33.1,1,0
APP009354,686,2,2,4,1,30,0,2,627100.0,30.0,0,0
APP009355,633,5,1,229,0,0,1,4,126600.0,88.8,0,0
APP009356,788,3,0,31,0,0,3,6,355300.0,78.3,0,0
APP009357,635,2,2,13,0,0,0,2,41000.0,61.0,2,0
APP009358,713,4,1,147,3,30,1,4,203000.0,29.9,0,0
APP009359,751,3,2,201,0,0,0,3,46300.0,92.3,0,0
APP009360,754,2,2,37,2,30,3,6,427000.0,39.5,0,0
APP009361,814,0,0,4,2,30,0,0,154500.0,6.9,0,0
APP009362,551,1,0,94,0,0,1,5,1149100.0,96.1,0,2
APP009363,665,4,1,37,1,30,0,1,1129100.0,74.6,0,0
APP009364,617,2,2,34,4,90,2,5,98100.0,67.9,0,2
APP009365,576,2,2,10,4,30,3,5,420100.0,45.7,0,0
APP009366,655,1,1,20,0,0,6,9,460600.0,79.8,2,0
APP009367,664,2,2,56,1,120,1,3,99600.0,31.9,0,0
APP009368,595,2,2,44,1,60,3,4,18700.0,65.5,0,0
APP009369,626,1,1,26,0,0,1,1,172500.0,34.9,0,0
APP009370,664,3,3,2,0,0,3,5,660900.0,77.6,0,1
APP009371,690,2,1,9,0,0,2,3,443600.0,90.3,0,0
APP009372,650,1,1,20,0,0,3,4,1095800.0,51.1,0,0
APP009373,528,4,2,12,1,30,0,1,110100.0,58.1,2,1
APP009374,649,3,2,24,2,30,2,3,256800.0,68.8,0,1
APP009375,769,3,2,26,1,90,0,5,660900.0,49.1,0,0
APP009376,764,6,1,170,3,30,1,1,286900.0,71.9,0,0
APP009377,655,2,2,14,0,0,0,2,310300.0,43.5,2,0
APP009378,662,6,1,45,1,30,2,5,475100.0,62.0,0,1
APP009379,717,4,4,28,0,0,1,3,445600.0,47.8,1,0
APP009380,670,7,2,3,0,0,2,2,444300.0,76.3,0,0
APP009381,836,0,0,2,5,30,2,6,66800.0,94.8,0,0
APP009382,678,4,1,10,0,0,6,8,727500.0,74.9,0,0
APP009383,694,3,3,2,0,0,0,4,497700.0,2.8,0,0
APP009384,688,3,2,62,0,0,1,3,26500.0,41.8,0,1
APP009385,707,3,3,51,0,0,3,6,336300.0,91.4,1,0
APP009386,666,1,1,156,0,0,1,3,2368500.0,86.8,0,1
APP009387,720,2,2,87,1,30,2,4,406000.0,23.6,0,0
APP009388,695,2,1,65,0,0,4,6,856500.0,54.8,0,0
APP009389,649,2,2,28,0,0,0,0,741300.0,54.0,0,0
APP009390,608,4,3,57,0,0,1,4,1190800.0,80.9,0,0
APP009391,703,2,1,11,0,0,0,2,196600.0,41.4,0,0
APP009392,708,4,2,61,1,60,0,2,249300.0,11.6,0,0
APP009393,713,2,1,12,2,90,1,4,1315800.0,62.4,0,1
APP009394,683,6,2,38,0,0,0,2,363300.0,74.1,0,0
APP009395,631,1,1,15,1,180,2,6,290900.0,15.5,0,0
APP009396,692,1,1,14,1,60,0,1,50300.0,9.7,0,0
APP009397,707,0,0,40,3,120,0,3,99600.0,57.2,0,0
APP009398,648,2,0,108,0,0,2,4,190000.0,64.9,0,0
APP009399,813,6,1,55,4,30,2,3,73300.0,84.3,0,0
APP009400,661,3,0,9,0,0,1,2,335300.0,71.4,0,0
APP009401,701,3,2,154,1,30,2,4,54700.0,38.1,0,0
APP009402,763,3,3,19,0,0,1,2,52800.0,50.6,0,0
APP009403,577,3,2,81,0,0,0,5,13500.0,58.6,0,0
APP009404,827,1,1,34,0,0,1,4,155000.0,98.3,0,0
APP009405,725,4,1,135,0,0,2,5,600.0,81.1,0,0
APP009406,683,2,2,123,1,90,4,4,865300.0,20.7,0,0
APP009407,763,6,2,42,0,0,2,3,302600.0,83.6,0,0
APP009408,746,2,2,10,0,0,3,3,588800.0,16.1,0,0
APP009409,717,4,4,5,0,0,1,3,75900.0,57.3,0,0
APP009410,751,1,1,1,0,0,1,2,501800.0,42.2,0,0
APP009411,560,4,3,227,0,0,2,3,264900.0,55.0,0,0
APP009412,747,3,1,29,1,60,6,7,70300.0,54.1,0,0
APP009413,561,1,1,95,1,30,4,8,702300.0,10.3,0,0
APP009414,821,4,4,42,1,30,2,3,291000.0,77.5,0,0
APP009415,731,1,1,61,0,0,5,6,314200.0,94.3,0,0
APP009416,592,3,3,0,0,0,0,4,203900.0,96.5,0,0
APP009417,575,2,2,148,2,60,0,2,1533000.0,12.1,0,0
APP009418,739,5,2,84,0,0,4,6,858700.0,35.1,0,0
APP009419,654,1,1,162,2,60,0,0,221100.0,55.3,0,0
APP009420,756,6,1,4,0,0,5,9,939800.0,75.8,1,1
APP009421,804,3,0,10,0,0,4,4,181800.0,41.4,1,0
APP009422,634,1,1,57,3,180,2,4,209800.0,63.4,0,0
APP009423,652,2,2,115,0,0,4,5,184500.0,64.5,0,2
APP009424,603,6,2,51,2,90,3,5,945000.0,98.1,0,0
APP009425,623,3,1,51,0,0,1,4,534900.0,78.7,0,0
APP009426,708,2,1,69,1,90,2,2,60400.0,94.5,1,0
APP009427,681,1,1,194,0,0,1,3,761900.0,86.8,0,0
APP009428,648,6,1,86,1,90,0,1,223000.0,3.7,2,0
APP009429,668,3,2,42,0,0,4,4,94200.0,13.2,0,0
APP009430,689,4,3,50,0,0,3,8,261900.0,14.7,0,0
APP009431,566,5,1,64,0,0,3,7,186000.0,61.3,0,0
APP009432,652,3,3,3,5,120,1,3,103700.0,79.8,0,0
APP009433,702,5,2,79,0,0,1,2,1216200.0,22.3,0,0
APP009434,712,3,3,56,0,0,2,2,239600.0,74.6,0,1
APP009435,859,5,2,4,1,90,2,4,1221200.0,3.5,0,0
APP009436,725,2,2,103,0,0,1,1,107700.0,15.0,0,0
APP009437,832,3,3,11,0,0,3,3,592200.0,43.5,2,1
APP009438,664,1,1,4,1,30,1,5,544700.0,2.0,0,0
APP009439,782,2,2,62,2,30,2,4,239000.0,99.4,0,0
APP009440,748,2,0,45,0,0,5,8,309800.0,84.7,0,0
APP009441,779,3,2,148,4,30,1,3,342200.0,92.8,0,0
APP009442,751,2,0,37,3,60,4,8,273400.0,11.0,0,1
APP009443,744,6,1,32,0,0,0,2,1220600.0,31.4,0,0
APP009444,692,4,0,1,0,0,6,8,627700.0,28.5,0,0
APP009445,571,7,1,66,0,0,2,2,563600.0,75.7,0,0
APP009446,752,5,4,103,0,0,0,5,726400.0,29.1,0,0
APP009447,705,4,3,166,0,0,2,6,334700.0,89.4,0,0
APP009448,650,2,2,243,4,60,1,2,1225400.0,25.7,0,0
APP009449,676,4,3,29,0,0,2,5,1100300.0,61.7,0,0
APP009450,900,4,2,16,4,30,0,3,1193200.0,64.0,0,0
APP009451,737,3,1,44,0,0,1,1,1568300.0,71.8,0,1
APP009452,482,3,2,72,0,0,2,2,226000.0,53.3,0,1
APP009453,767,1,1,80,1,30,4,5,737300.0,44.2,0,1
APP009454,698,4,3,35,0,0,0,2,145100.0,22.9,2,0
APP009455,706,1,1,38,4,90,0,1,854100.0,51.1,0,0
APP009456,644,3,2,23,4,90,4,5,636300.0,50.1,0,0
APP009457,713,2,2,258,0,0,2,3,1380000.0,1.4,0,0
APP009458,757,6,2,138,5,90,2,6,836500.0,56.0,0,0
APP009459,737,5,4,268,0,0,2,2,116900.0,60.5,0,0
APP009460,769,5,1,255,0,0,2,5,181900.0,69.2,0,0
APP009461,612,5,2,52,0,0,2,4,178800.0,0.6,1,0
APP009462,732,4,2,53,0,0,3,3,386700.0,84.9,0,0
APP009463,543,2,0,39,0,0,3,4,439400.0,92.4,0,0
APP009464,767,2,2,58,0,0,4,6,12500.0,94.3,0,0
APP009465,735,3,3,6,0,0,1,2,69900.0,81.4,0,0
APP009466,639,4,2,38,0,0,0,0,1364100.0,26.2,0,0
APP009467,750,3,2,71,0,0,0,1,81300.0,47.2,0,0
APP009468,665,2,0,19,1,30,2,2,579700.0,9.9,0,1
APP009469,759,3,0,49,0,0,3,5,300400.0,88.5,0,0
APP009470,635,0,0,147,1,30,5,8,486900.0,93.0,0,0
APP009471,679,4,3,54,2,60,4,5,497900.0,67.1,1,0
APP009472,733,3,3,38,0,0,1,2,400200.0,24.3,0,1
APP009473,720,4,2,5,1,60,4,7,581800.0,1.8,0,0
APP009474,728,4,1,25,0,0,3,6,786300.0,78.5,0,0
APP009475,712,2,2,147,0,0,3,5,90300.0,2.6,0,0
APP009476,765,2,2,34,2,60,2,7,994300.0,24.1,0,0
APP009477,746,3,2,16,1,90,2,4,838900.0,72.3,0,0
APP009478,772,5,2,79,0,0,0,4,456800.0,47.4,0,0
APP009479,592,3,2,47,0,0,1,2,419000.0,21.4,0,0
APP009480,705,5,3,1,1,120,3,6,3055400.0,53.5,0,0
APP009481,661,4,4,34,1,30,4,8,752000.0,19.6,0,0
APP009482,520,3,1,47,1,60,5,6,108600.0,82.0,1,0
APP009483,646,1,1,127,0,0,1,3,419900.0,1.5,3,0
APP009484,812,2,2,10,0,0,3,4,412200.0,9.8,1,0
APP009485,717,0,0,62,0,0,0,3,15500.0,99.0,2,0
APP009486,842,1,1,55,0,0,1,1,50000.0,31.6,1,0
APP009487,600,6,0,306,0,0,3,5,29000.0,31.1,0,0
APP009488,598,1,1,309,0,0,3,7,304000.0,44.9,0,1
APP009489,655,3,1,69,0,0,1,4,2816600.0,51.8,0,0
APP009490,657,6,1,22,1,90,2,5,414800.0,39.8,0,0
APP009491,761,2,1,98,1,30,0,1,381900.0,55.5,0,0
APP009492,535,0,0,90,0,0,2,6,596300.0,16.1,0,0
APP009493,732,3,3,51,0,0,4,6,373300.0,17.5,0,0
APP009494,649,3,1,7,1,60,0,0,494700.0,53.0,0,0
APP009495,709,3,0,78,1,120,0,7,249700.0,96.9,0,1
APP009496,651,5,1,2,1,90,4,4,1161100.0,84.5,0,0
APP009497,751,3,0,33,0,0,0,3,218300.0,29.3,1,0
APP009498,654,1,1,130,1,90,3,3,79500.0,62.1,1,1
APP009499,654,2,2,19,1,30,5,7,132300.0,75.3,3,0
APP009500,688,2,1,207,1,30,3,5,230000.0,94.4,1,0
APP009501,747,4,1,129,0,0,2,3,973500.0,24.3,0,0
APP009502,610,1,1,112,1,30,2,2,12900.0,52.0,0,0
APP009503,721,3,3,211,0,0,3,4,129500.0,78.4,0,0
APP009504,576,2,2,130,0,0,0,0,194600.0,19.4,0,0
APP009505,734,6,1,231,0,0,2,3,158600.0,68.2,1,0
APP009506,662,5,5,255,0,0,0,1,62400.0,63.8,0,2
APP009507,668,2,1,21,1,120,2,5,683200.0,48.7,0,0
APP009508,764,4,0,48,3,60,2,4,22900.0,56.1,0,0
APP009509,700,1,0,69,0,0,0,2,151500.0,30.4,0,1
APP009510,760,2,2,21,0,0,2,4,294300.0,80.0,2,0
APP009511,600,3,2,7,3,120,0,2,88800.0,50.0,0,0
APP009512,660,4,4,109,0,0,1,2,895200.0,92.3,0,0
APP009513,677,3,2,61,0,0,3,7,593200.0,5.9,1,1
APP009514,615,5,5,279,1,30,3,5,283800.0,95.9,0,0
APP009515,689,6,1,192,0,0,5,8,411400.0,89.4,0,0
APP009516,751,4,1,10,1,60,1,6,192000.0,87.8,0,0
APP009517,783,4,2,21,2,60,4,6,383000.0,10.3,0,2
APP009518,766,4,3,48,0,0,1,2,521100.0,89.4,0,0
APP009519,815,2,2,63,2,30,4,6,370100.0,99.9,0,0
APP009520,714,2,0,124,0,0,1,3,1446000.0,5.9,0,0
APP009521,645,4,2,111,3,180,1,1,286100.0,57.2,0,0
APP009522,706,3,2,29,1,30,1,2,245100.0,66.1,0,0
APP009523,789,2,1,46,1,30,2,4,154300.0,61.9,0,0
APP009524,740,3,3,71,1,90,4,6,1866000.0,47.6,0,0
APP009525,829,3,2,25,3,30,2,7,178800.0,93.3,1,0
APP009526,758,4,2,35,5,30,0,1,591200.0,59.3,0,0
APP009527,685,3,1,40,1,60,1,1,184700.0,2.2,0,0
APP009528,700,4,2,79,2,30,3,7,612200.0,68.2,0,0
APP009529,717,2,2,218,1,60,0,1,316000.0,45.7,0,0
APP009530,669,6,1,33,0,0,4,4,2229300.0,95.0,2,1
APP009531,715,3,1,0,1,90,1,4,319500.0,2.6,0,0
APP009532,661,3,1,35,1,30,0,3,1786600.0,40.6,2,0
APP009533,854,4,1,32,0,0,7,7,332100.0,49.6,0,0
APP009534,759,6,0,120,3,30,1,2,1829800.0,81.0,0,0
APP009535,734,3,3,42,5,60,4,7,202000.0,82.7,0,0
APP009536,692,1,1,54,0,0,1,2,263200.0,51.1,0,0
APP009537,710,0,0,172,1,60,0,0,476700.0,94.6,1,0
APP009538,668,4,0,132,0,0,2,3,458000.0,76.6,0,0
APP009539,618,4,1,4,1,30,2,5,1442500.0,71.3,0,0
APP009540,734,2,2,61,1,30,1,4,291700.0,37.8,1,0
APP009541,782,5,1,2,1,90,3,5,530300.0,87.1,0,1
APP009542,570,3,2,69,0,0,3,6,830700.0,61.0,0,0
APP009543,693,5,1,89,0,0,1,3,103500.0,67.2,0,0
APP009544,592,4,2,14,0,0,3,6,1054800.0,65.1,0,0
APP009545,779,3,1,243,0,0,1,2,376100.0,64.9,0,0
APP009546,749,1,1,53,3,60,4,6,508300.0,4.8,0,0
APP009547,692,3,3,60,0,0,2,5,104100.0,35.1,1,0
APP009548,717,4,3,29,4,30,2,3,25400.0,48.8,0,0
APP009549,771,6,4,8,1,30,2,3,110900.0,38.3,0,0
APP009550,640,2,1,6,0,0,3,4,371800.0,65.9,0,0
APP009551,762,4,1,64,5,90,2,6,587900.0,33.7,0,0
APP009552,696,1,1,16,0,0,1,2,162900.0,71.5,0,0
APP009553,741,3,0,19,0,0,2,5,1489100.0,92.4,0,0
APP009554,719,2,1,9,1,120,0,0,1325400.0,97.8,0,0
APP009555,600,6,3,2,0,0,4,5,65100.0,88.3,0,1
APP009556,638,2,2,12,0,0,3,5,430800.0,3.7,0,0
APP009557,667,4,2,58,2,60,1,2,198800.0,21.9,0,0
APP009558,783,0,0,5,2,90,3,5,534600.0,93.9,0,1
APP009559,638,2,2,1,2,30,2,6,73800.0,6.2,0,0
APP009560,737,3,3,5,0,0,2,5,121400.0,24.1,0,0
APP009561,747,0,0,10,1,30,1,4,591200.0,51.6,2,0
APP009562,687,3,2,88,0,0,0,0,308900.0,96.9,0,0
APP009563,698,1,1,288,1,30,3,7,419300.0,16.6,0,0
APP009564,641,4,1,94,0,0,1,1,85900.0,71.2,1,0
APP009565,698,4,4,16,0,0,0,2,41800.0,26.6,0,0
APP009566,625,1,1,22,0,0,2,3,142900.0,43.4,0,0
APP009567,616,2,2,26,3,30,2,4,302800.0,57.9,1,0
APP009568,780,3,1,60,0,0,2,4,115800.0,12.6,0,1
APP009569,813,4,1,32,0,0,6,7,143200.0,33.4,0,0
APP009570,786,3,3,41,3,180,1,1,288500.0,67.0,0,1
APP009571,664,3,1,88,2,30,3,4,84600.0,96.6,0,0
APP009572,746,6,4,152,1,60,2,4,67800.0,31.2,0,1
APP009573,737,3,1,145,3,120,2,4,775900.0,67.4,2,0
APP009574,764,3,2,4,0,0,3,6,22100.0,95.6,0,0
APP009575,613,6,1,36,3,30,4,4,1010400.0,60.9,0,0
APP009576,723,0,0,45,0,0,1,1,295400.0,75.5,0,0
APP009577,846,0,0,179,0,0,3,7,1739000.0,26.1,0,0
APP009578,651,2,2,53,0,0,3,4,690300.0,71.6,0,0
APP009579,738,1,1,95,2,30,1,3,2302100.0,66.9,0,0
APP009580,659,5,3,12,0,0,2,5,194900.0,76.0,1,0
APP009581,701,4,1,47,0,0,2,4,517200.0,4.4,0,0
APP009582,637,7,2,118,0,0,1,4,119700.0,26.4,0,0
APP009583,800,5,4,111,1,180,1,1,604300.0,2.4,0,2
APP009584,666,3,2,1,2,30,2,4,24000.0,67.5,0,0
APP009585,604,2,1,139,0,0,3,7,166700.0,74.2,0,0
APP009586,569,1,1,21,0,0,2,3,578000.0,27.2,0,0
APP009587,672,3,3,69,1,30,2,2,1122900.0,96.9,0,0
APP009588,610,7,3,50,0,0,3,4,69800.0,54.9,1,0
APP009589,701,5,1,89,0,0,1,1,273100.0,15.4,0,1
APP009590,716,1,1,23,0,0,2,4,52600.0,44.2,0,0
APP009591,814,3,2,30,0,0,0,1,613600.0,26.8,0,0
APP009592,673,0,0,32,1,30,1,2,244900.0,85.1,0,0
APP009593,757,1,0,113,1,90,2,4,546200.0,56.6,0,0
APP009594,822,2,2,3,0,0,1,2,802000.0,39.2,0,1
APP009595,807,2,2,1,0,0,1,3,257800.0,82.1,0,0
APP009596,823,4,2,27,0,0,2,5,120500.0,45.3,1,0
APP009597,665,2,1,55,0,0,5,7,178100.0,98.4,0,0
APP009598,698,5,2,69,2,30,5,8,397900.0,34.0,0,0
APP009599,481,1,1,70,0,0,4,5,275500.0,52.5,0,0
APP009600,621,2,2,25,2,60,1,4,421000.0,8.7,0,0
APP009601,625,2,2,13,0,0,3,3,297400.0,21.6,1,0
APP009602,728,2,2,8,0,0,0,2,50500.0,72.0,0,0
APP009603,745,3,1,1,0,0,3,5,791500.0,48.1,0,0
APP009604,766,7,4,19,4,90,2,4,163700.0,22.1,0,0
APP009605,679,5,4,198,2,60,1,5,504600.0,86.4,0,0
APP009606,682,4,3,16,2,30,1,1,29700.0,2.2,0,0
APP009607,765,3,1,8,0,0,1,5,41100.0,94.5,0,0
APP009608,803,5,4,48,0,0,0,3,328000.0,14.4,0,0
APP009609,719,2,2,101,0,0,4,4,203000.0,71.6,1,0
APP009610,694,5,0,50,3,30,1,5,4700.0,93.7,0,1
APP009611,789,1,0,5,0,0,3,4,913300.0,63.3,1,0
APP009612,595,2,1,4,4,60,0,3,263900.0,18.7,0,1
APP009613,608,2,2,52,1,60,3,4,568900.0,34.6,0,0
APP009614,717,2,1,44,0,0,4,6,708400.0,2.9,0,1
APP009615,756,2,0,223,1,60,2,6,533000.0,31.6,0,0
APP009616,662,3,1,38,0,0,1,5,339600.0,97.3,0,0
APP009617,787,3,2,107,1,60,0,2,265300.0,2.7,1,0
APP009618,817,3,2,3,0,0,5,9,532200.0,52.8,0,0
APP009619,702,4,1,15,0,0,2,4,1496300.0,16.3,0,1
APP009620,716,2,2,129,0,0,1,1,1199500.0,37.7,0,0
APP009621,627,0,0,108,0,0,1,3,105400.0,77.2,0,0
APP009622,625,5,2,51,0,0,1,2,216700.0,2.8,0,0
APP009623,778,1,1,8,1,30,3,6,192600.0,55.7,0,0
APP009624,715,1,1,196,0,0,5,6,666700.0,17.4,0,0
APP009625,544,2,1,12,0,0,2,5,156300.0,36.9,0,0
APP009626,579,2,2,85,0,0,1,3,424300.0,24.1,0,0
APP009627,702,3,0,3,1,90,1,2,859000.0,95.3,3,1
APP009628,737,2,1,132,0,0,3,7,218900.0,54.5,0,0
APP009629,798,0,0,27,0,0,2,4,257900.0,12.1,0,0
APP009630,669,5,1,21,4,30,2,5,48900.0,31.4,1,0
APP009631,713,6,4,127,1,30,6,9,100000.0,4.9,0,0
APP009632,639,6,3,102,0,0,3,4,344000.0,75.8,0,0
APP009633,749,3,0,89,0,0,3,5,146300.0,84.2,0,0
APP009634,779,3,2,16,0,0,2,4,408700.0,30.7,0,0
APP009635,653,2,2,42,0,0,4,4,1310000.0,23.8,0,1
APP009636,725,5,3,51,0,0,3,6,57700.0,36.0,0,0
APP009637,795,4,3,48,0,0,1,4,310600.0,49.0,0,0
APP009638,766,4,0,41,0,0,1,3,865200.0,16.7,0,0
APP009639,730,2,2,91,0,0,4,5,96500.0,7.3,0,1
APP009640,652,3,1,42,2,60,2,3,35700.0,68.0,1,2
APP009641,679,5,4,26,3,120,5,6,882100.0,73.5,2,0
APP009642,796,2,2,68,0,0,4,6,711300.0,38.9,0,0
APP009643,659,3,2,225,0,0,2,7,452000.0,85.8,1,0
APP009644,774,3,0,197,1,60,3,7,2226900.0,65.2,0,0
APP009645,701,1,1,20,0,0,2,2,145000.0,81.8,0,0
APP009646,648,6,2,57,0,0,0,1,88900.0,50.1,0,0
APP009647,693,3,2,16,0,0,1,3,745700.0,51.0,0,0
APP009648,653,2,2,16,1,60,2,6,133300.0,21.1,0,0
APP009649,790,3,3,16,1,90,2,3,204900.0,85.8,0,0
APP009650,757,0,0,61,2,90,0,2,283000.0,19.5,0,0
APP009651,655,2,0,109,0,0,2,2,378300.0,56.5,0,0
APP009652,630,5,0,25,0,0,2,4,70700.0,28.5,0,0
APP009653,660,3,0,25,0,0,3,6,435900.0,43.0,0,0
APP009654,593,4,0,73,3,120,3,6,502600.0,93.5,0,0
APP009655,750,3,2,148,1,30,5,9,325500.0,75.5,0,1
APP009656,756,4,1,34,0,0,3,4,105000.0,37.8,0,0
APP009657,798,1,1,278,0,0,5,7,138000.0,78.1,0,0
APP009658,860,5,2,1,0,0,5,7,178600.0,63.9,0,0
APP009659,725,4,3,167,3,60,4,4,2012600.0,14.3,0,0
APP009660,878,3,1,33,0,0,4,4,48400.0,34.4,0,0
APP009661,648,1,1,63,0,0,4,6,479900.0,33.2,0,0
APP009662,786,1,1,2,0,0,0,1,279900.0,55.3,0,0
APP009663,817,2,2,25,0,0,2,5,107900.0,80.4,0,0
APP009664,685,2,2,68,2,180,1,3,714600.0,71.6,0,0
APP009665,661,2,1,33,3,90,0,2,160400.0,23.9,0,0
APP009666,731,2,1,0,0,0,4,4,931300.0,18.0,1,0
APP009667,680,1,0,57,1,90,2,6,290100.0,46.6,1,0
APP009668,667,3,0,75,0,0,3,5,166500.0,24.8,0,0
APP009669,781,1,1,190,1,30,3,3,207500.0,61.1,0,0
APP009670,567,7,5,191,0,0,2,3,96800.0,45.7,0,0
APP009671,766,2,2,140,0,0,2,6,116700.0,18.7,1,0
APP009672,853,4,3,72,0,0,7,10,141700.0,38.1,0,0
APP009673,689,1,1,87,0,0,2,3,3244200.0,21.0,0,0
APP009674,777,4,1,74,0,0,2,3,92900.0,12.6,1,0
APP009675,686,1,1,14,0,0,3,5,357200.0,18.5,0,0
APP009676,671,1,1,2,0,0,1,2,437700.0,3.7,0,0
APP009677,688,2,2,54,3,30,0,2,948400.0,86.5,0,0
APP009678,689,2,2,2,1,30,0,3,239000.0,82.1,0,0
APP009679,738,1,1,24,1,30,1,4,5500.0,42.1,0,0
APP009680,756,1,1,127,5,30,1,2,35900.0,46.1,0,0
APP009681,654,4,1,53,1,90,2,4,50100.0,79.5,2,0
APP009682,665,7,6,35,0,0,3,7,721800.0,20.6,1,0
APP009683,612,5,3,307,0,0,2,4,404500.0,60.1,0,0
APP009684,664,3,3,5,0,0,2,3,271900.0,31.8,0,0
APP009685,632,4,4,41,5,60,1,4,1036100.0,95.8,0,0
APP009686,592,4,1,36,0,0,1,2,18000.0,68.2,0,0
APP009687,696,3,3,176,1,90,2,7,253500.0,98.2,0,0
APP009688,613,3,2,39,0,0,2,6,587700.0,91.9,0,0
APP009689,605,6,3,3,0,0,1,2,887200.0,5.6,2,1
APP009690,642,5,2,29,0,0,2,3,2217700.0,30.3,0,0
APP009691,666,3,1,1,3,60,2,3,298600.0,26.4,0,0
APP009692,613,2,2,9,0,0,2,4,1054300.0,27.4,0,0
APP009693,777,1,1,73,0,0,2,3,53300.0,69.3,0,0
APP009694,554,2,2,15,3,120,2,4,285500.0,11.9,0,1
APP009695,688,3,3,50,0,0,2,6,116600.0,3.4,0,0
APP009696,780,2,0,23,2,60,4,8,7100.0,12.8,0,0
APP009697,763,5,0,40,1,30,2,5,712800.0,19.2,0,1
APP009698,767,1,1,21,1,30,1,6,26300.0,73.5,0,0
APP009699,701,3,1,36,0,0,2,6,22100.0,91.4,2,0
APP009700,726,4,2,1,1,30,3,4,437800.0,99.6,0,1
APP009701,697,3,3,3,0,0,2,3,58700.0,66.3,0,0
APP009702,722,4,3,30,0,0,5,9,142000.0,62.9,1,0
APP009703,655,5,0,103,0,0,4,6,1886000.0,13.1,0,0
APP009704,633,8,3,37,0,0,3,5,653900.0,91.5,0,0
APP009705,762,2,1,29,0,0,2,4,587500.0,68.4,0,0
APP009706,546,1,1,6,0,0,0,0,32200.0,64.2,0,2
APP009707,729,6,1,43,0,0,0,3,1883700.0,56.8,0,0
APP009708,633,5,4,6,4,30,3,7,63800.0,37.2,0,0
APP009709,699,5,0,121,2,30,2,5,71100.0,55.8,0,2
APP009710,664,7,1,24,0,0,1,2,478200.0,76.9,2,0
APP009711,651,4,0,6,0,0,1,3,712800.0,48.6,0,0
APP009712,721,6,3,52,0,0,0,3,839700.0,69.8,0,0
APP009713,747,3,1,101,1,30,3,5,88800.0,85.2,0,0
APP009714,789,6,4,2,0,0,5,6,972000.0,98.1,0,2
APP009715,774,4,1,23,0,0,0,2,112800.0,29.0,0,1
APP009716,693,4,0,11,0,0,2,4,569200.0,41.9,0,0
APP009717,670,6,3,56,1,60,0,2,579800.0,48.4,0,1
APP009718,689,3,2,31,0,0,6,11,876100.0,84.6,0,2
APP009719,660,3,3,60,0,0,5,6,248700.0,15.4,0,0
APP009720,740,4,3,62,0,0,3,5,1895300.0,61.7,1,0
APP009721,691,3,1,73,1,60,1,2,152000.0,59.0,1,1
APP009722,684,4,0,5,0,0,3,5,283200.0,10.0,0,2
APP009723,587,3,0,74,0,0,2,4,91100.0,83.8,0,0
APP009724,866,3,2,107,1,30,1,3,345500.0,87.2,0,0
APP009725,654,5,5,1,0,0,2,5,372300.0,11.3,0,0
APP009726,825,1,1,20,3,60,3,4,260200.0,86.0,0,0
APP009727,733,1,1,38,1,60,1,4,596100.0,30.3,0,0
APP009728,735,1,1,18,0,0,1,2,574500.0,99.9,3,0
APP009729,594,7,1,140,0,0,4,4,468000.0,44.5,0,0
APP009730,754,3,1,22,3,60,1,3,700.0,40.7,1,0
APP009731,713,1,1,7,1,30,1,2,380800.0,76.0,0,0
APP009732,735,1,1,6,1,30,1,4,708700.0,80.2,0,0
APP009733,739,0,0,130,1,120,1,3,889500.0,45.6,0,0
APP009734,783,2,2,81,5,60,3,5,256300.0,89.9,0,0
APP009735,756,2,2,1,2,60,2,2,136400.0,44.5,0,0
APP009736,897,2,0,37,0,0,3,6,244100.0,47.7,0,0
APP009737,791,1,1,10,2,30,3,5,954800.0,88.4,0,0
APP009738,734,1,1,29,0,0,3,8,14300.0,43.9,1,0
APP009739,746,2,2,5,0,0,4,5,530600.0,50.1,0,2
APP009740,690,4,1,17,2,30,0,1,173400.0,38.5,1,0
APP009741,727,1,1,37,2,60,2,4,352900.0,91.9,0,0
APP009742,638,4,0,1,0,0,2,5,271700.0,68.3,1,0
APP009743,683,5,1,57,0,0,0,2,441000.0,76.0,0,2
APP009744,626,2,2,33,2,60,4,7,204400.0,16.9,0,0
APP009745,709,5,2,58,0,0,3,4,366000.0,6.6,0,0
APP009746,641,4,2,38,0,0,2,5,670100.0,71.2,0,0
APP009747,634,1,1,128,1,180,6,8,291300.0,85.4,0,0
APP009748,759,2,2,15,1,60,1,3,470500.0,57.9,0,0
APP009749,801,3,3,47,2,60,1,3,423700.0,23.4,0,0
APP009750,572,4,0,50,1,60,3,4,670000.0,66.1,0,0
APP009751,612,6,1,25,0,0,0,0,860100.0,1.1,2,0
APP009752,825,2,1,234,1,30,2,3,361800.0,83.5,1,1
APP009753,599,4,1,10,0,0,2,2,89800.0,20.8,0,0
APP009754,569,1,1,102,0,0,1,4,1919000.0,14.3,0,1
APP009755,593,2,2,0,4,30,5,5,1257100.0,23.4,0,0
APP009756,711,1,1,15,0,0,2,4,6800.0,3.0,0,0
APP009757,794,0,0,120,0,0,3,6,395300.0,11.0,0,0
APP009758,664,2,2,81,2,60,4,5,230100.0,1.8,0,0
APP009759,614,5,5,27,2,90,2,3,145300.0,43.4,0,0
APP009760,744,5,3,35,0,0,4,6,95000.0,97.7,0,0
APP009761,728,2,2,47,3,30,0,1,606400.0,91.1,3,0
APP009762,664,5,3,14,0,0,1,4,221500.0,56.2,0,0
APP009763,689,4,2,1,5,30,1,4,1243800.0,40.7,0,0
APP009764,649,4,0,105,0,0,1,2,598500.0,51.6,1,0
APP009765,702,4,2,80,0,0,1,3,471700.0,93.6,0,0
APP009766,708,3,2,41,0,0,3,6,516600.0,5.0,0,0
APP009767,635,2,2,202,3,30,1,2,794900.0,32.8,0,0
APP009768,645,1,0,30,0,0,0,3,1075300.0,85.9,0,1
APP009769,818,3,3,9,1,90,2,5,411100.0,72.4,1,0
APP009770,690,2,2,56,0,0,8,10,66200.0,18.4,0,0
APP009771,672,1,1,72,0,0,0,0,452500.0,92.8,0,0
APP009772,626,1,1,26,0,0,0,3,43100.0,2.3,0,0
APP009773,699,4,1,26,0,0,0,5,59100.0,42.3,1,0
APP009774,761,1,1,16,1,30,3,5,1173400.0,36.8,1,0
APP009775,595,1,1,30,0,0,0,0,73500.0,46.1,0,0
APP009776,607,1,0,36,0,0,2,7,256000.0,98.5,2,0
APP009777,643,2,2,181,0,0,3,5,439200.0,88.0,2,0
APP009778,900,2,2,194,0,0,3,4,25300.0,50.4,0,0
APP009779,773,1,1,131,0,0,1,2,620400.0,69.2,0,0
APP009780,654,2,2,8,0,0,2,5,1022700.0,97.2,0,0
APP009781,698,1,1,78,1,30,2,4,346200.0,56.6,1,1
APP009782,620,1,0,3,1,30,2,2,799700.0,36.0,2,0
APP009783,692,2,2,97,0,0,2,5,21900.0,27.3,0,0
APP009784,806,2,1,60,0,0,1,4,184900.0,53.6,0,0
APP009785,626,4,3,241,0,0,1,1,474100.0,63.9,0,0
APP009786,694,3,2,62,1,120,2,3,109100.0,23.2,0,0
APP009787,666,3,0,126,4,30,1,4,786800.0,70.1,0,1
APP009788,675,0,0,37,2,60,3,3,986400.0,95.1,0,0
APP009789,785,3,0,108,1,90,1,1,222100.0,61.0,0,0
APP009790,635,2,1,31,4,30,2,4,307400.0,84.5,0,0
APP009791,809,3,3,51,0,0,1,3,554600.0,39.9,2,0
APP009792,640,2,0,62,1,30,2,4,50600.0,87.0,0,0
APP009793,728,1,1,13,0,0,0,1,372300.0,34.6,0,0
APP009794,599,0,0,34,0,0,2,2,55700.0,90.4,0,1
APP009795,669,6,1,180,0,0,3,4,529700.0,48.7,1,0
APP009796,621,3,3,51,1,60,2,2,1041500.0,97.3,0,0
APP009797,632,2,2,36,5,90,1,4,952400.0,15.3,0,0
APP009798,750,5,2,6,0,0,2,6,863400.0,3.8,0,0
APP009799,548,3,2,3,0,0,4,5,394200.0,21.0,0,0
APP009800,663,3,3,6,0,0,4,5,385900.0,8.9,1,0
APP009801,664,5,2,57,0,0,1,3,16200.0,96.1,0,0
APP009802,757,6,1,216,2,60,1,5,465700.0,72.9,0,0
APP009803,630,2,2,35,1,60,0,3,160100.0,53.6,0,0
APP009804,516,3,1,96,1,60,3,3,720300.0,77.9,0,0
APP009805,766,2,2,73,1,30,1,4,42900.0,72.2,1,0
APP009806,755,5,0,23,3,120,0,1,195700.0,17.3,0,0
APP009807,717,2,2,20,0,0,0,0,1080900.0,61.5,2,0
APP009808,765,3,3,86,0,0,2,2,724300.0,16.4,0,0
APP009809,754,3,3,10,0,0,3,4,58300.0,43.3,0,0
APP009810,791,8,0,38,2,120,2,4,617800.0,68.5,0,0
APP009811,772,2,2,32,0,0,2,4,372500.0,69.0,0,0
APP009812,675,4,2,74,0,0,2,2,156200.0,96.1,0,0
APP009813,658,0,0,68,0,0,4,4,460400.0,90.2,0,0
APP009814,656,10,3,0,0,0,0,3,76000.0,77.5,0,0
APP009815,706,4,4,125,0,0,4,8,1299700.0,31.4,0,0
APP009816,696,2,2,77,1,30,3,4,760300.0,74.7,0,0
APP009817,728,3,0,17,0,0,2,3,3338300.0,56.9,0,0
APP009818,628,4,1,1,0,0,2,5,830800.0,27.1,0,0
APP009819,738,3,3,33,0,0,2,7,829600.0,54.3,0,0
APP009820,723,5,1,18,0,0,1,5,558800.0,4.9,0,0
APP009821,787,6,4,37,0,0,4,7,505600.0,36.0,1,0
APP009822,697,2,1,36,0,0,2,5,1804700.0,0.6,0,0
APP009823,682,7,1,35,0,0,3,3,443400.0,64.1,0,0
APP009824,722,5,4,23,5,90,3,5,356000.0,13.4,0,0
APP009825,785,3,1,5,0,0,1,3,379400.0,19.8,0,1
APP009826,715,1,1,14,0,0,2,5,454600.0,77.7,0,0
APP009827,648,4,2,0,0,0,1,2,361800.0,32.8,0,0
APP009828,729,2,0,51,0,0,3,5,714200.0,62.3,0,0
APP009829,636,3,3,4,0,0,4,8,28500.0,55.6,0,0
APP009830,679,7,3,103,0,0,3,7,1136600.0,34.9,0,0
APP009831,720,5,0,47,0,0,3,3,20400.0,37.7,1,0
APP009832,797,3,2,13,0,0,2,4,545100.0,49.1,0,0
APP009833,580,6,1,144,1,30,2,3,892000.0,13.9,0,0
APP009834,775,6,3,50,2,120,2,6,337300.0,37.3,0,0
APP009835,632,3,1,28,3,30,2,3,225700.0,71.7,0,0
APP009836,861,0,0,13,2,30,0,0,681600.0,31.6,0,0
APP009837,720,3,1,11,2,60,4,5,62700.0,77.2,0,0
APP009838,644,3,3,108,0,0,3,6,47800.0,47.4,0,0
APP009839,712,2,2,81,4,120,0,1,30400.0,52.5,1,1
APP009840,650,2,0,14,0,0,0,1,356300.0,67.7,0,0
APP009841,592,2,1,71,0,0,0,3,611900.0,59.8,1,0
APP009842,599,3,1,34,1,30,1,4,869500.0,69.6,0,0
APP009843,640,1,1,145,0,0,5,6,255800.0,40.4,1,0
APP009844,665,0,0,299,1,180,1,2,279600.0,96.3,0,0
APP009845,897,2,2,15,0,0,2,3,257700.0,84.4,0,0
APP009846,522,0,0,57,1,30,3,7,295500.0,12.4,0,0
APP009847,625,1,1,89,0,0,3,4,44700.0,47.1,0,1
APP009848,707,5,0,111,1,30,0,3,236600.0,30.7,0,2
APP009849,678,3,3,31,2,60,1,1,542100.0,54.5,0,0
APP009850,840,1,1,71,0,0,3,4,172000.0,47.5,1,0
APP009851,679,6,1,81,1,180,2,5,3300.0,7.5,0,0
APP009852,602,3,3,39,3,180,2,4,408000.0,10.5,0,0
APP009853,818,6,5,57,1,30,1,3,371600.0,7.0,0,1
APP009854,852,6,4,84,0,0,1,2,100800.0,30.9,0,0
APP009855,837,1,0,81,1,60,1,2,95400.0,16.4,0,0
APP009856,789,1,0,4,2,90,0,2,67200.0,17.9,0,0
APP009857,601,0,0,58,0,0,2,4,732500.0,89.2,0,0
APP009858,746,4,2,17,2,60,1,4,546100.0,12.7,0,0
APP009859,616,1,1,36,2,120,2,5,1029600.0,31.8,0,0
APP009860,714,5,2,25,0,0,4,6,257500.0,88.8,0,0
APP009861,744,4,1,7,2,30,1,2,1800.0,30.5,0,0
APP009862,639,1,1,9,4,90,1,2,28500.0,72.4,2,0
APP009863,723,3,1,164,1,90,0,4,111700.0,58.1,0,0
APP009864,737,2,2,2,0,0,0,0,602800.0,32.7,0,0
APP009865,692,4,4,26,0,0,1,6,252300.0,88.7,0,1
APP009866,586,3,1,94,0,0,2,6,1700.0,69.3,0,0
APP009867,767,1,1,10,2,30,2,2,715900.0,99.7,0,0
APP009868,685,2,2,33,1,30,3,5,190100.0,36.2,0,0
APP009869,645,2,0,55,0,0,1,1,341200.0,29.1,0,0
APP009870,657,1,1,3,0,0,2,4,344100.0,96.5,0,0
APP009871,610,2,2,123,0,0,4,5,1485300.0,87.3,0,1
APP009872,767,3,0,21,0,0,2,3,295400.0,49.1,0,0
APP009873,658,3,2,45,0,0,1,1,2081400.0,62.7,0,0
APP009874,747,3,3,81,2,120,3,5,60500.0,53.7,0,0
APP009875,790,3,0,110,4,60,7,9,1034600.0,5.6,0,0
APP009876,785,3,1,2,1,60,4,5,80400.0,35.1,0,0
APP009877,625,4,1,41,0,0,2,3,381300.0,72.7,0,0
APP009878,742,9,1,61,1,180,1,4,139800.0,69.6,0,0
APP009879,665,2,1,9,1,60,5,7,16900.0,29.6,0,0
APP009880,751,3,3,28,1,90,0,0,241900.0,47.1,0,0
APP009881,770,0,0,21,4,30,2,5,590500.0,51.5,0,0
APP009882,656,4,1,27,4,120,1,2,1748300.0,28.2,0,0
APP009883,740,4,1,106,0,0,0,1,198400.0,64.1,0,0
APP009884,634,3,0,57,1,30,1,2,455900.0,7.4,0,0
APP009885,760,1,1,29,0,0,1,3,641800.0,61.4,0,0
APP009886,667,1,1,22,0,0,4,6,419700.0,78.0,1,0
APP009887,719,4,0,22,0,0,2,5,57900.0,80.4,1,1
APP009888,578,1,0,87,0,0,3,4,602100.0,26.4,0,0
APP009889,656,1,1,58,2,90,3,5,406100.0,10.3,0,0
APP009890,869,4,1,111,0,0,3,6,670900.0,95.4,0,0
APP009891,698,5,2,24,0,0,1,4,204900.0,75.2,0,0
APP009892,720,1,1,24,1,90,2,5,847900.0,2.8,0,0
APP009893,679,3,2,57,2,60,0,1,1433200.0,88.3,1,0
APP009894,785,5,2,228,1,90,1,4,282200.0,60.6,0,0
APP009895,634,2,2,24,0,0,6,9,325800.0,91.7,0,0
APP009896,676,5,5,47,1,90,2,5,1084000.0,84.1,0,0
APP009897,743,3,3,82,0,0,2,4,692600.0,68.2,0,0
APP009898,651,5,2,50,0,0,1,2,765900.0,14.4,0,0
APP009899,654,4,2,37,1,60,3,4,192000.0,95.1,0,0
APP009900,608,6,2,17,0,0,1,3,362900.0,21.7,0,1
APP009901,665,1,1,18,0,0,2,2,70700.0,89.5,0,0
APP009902,715,1,1,159,0,0,2,4,722500.0,90.8,1,0
APP009903,853,2,2,32,1,90,0,2,1385400.0,39.6,0,0
APP009904,628,2,2,43,0,0,1,2,430800.0,35.5,0,0
APP009905,807,2,2,86,0,0,3,5,320300.0,94.3,0,0
APP009906,702,4,1,63,1,120,4,6,298500.0,16.4,0,0
APP009907,792,2,2,43,1,60,0,3,401400.0,57.3,0,0
APP009908,714,2,1,38,1,120,3,4,919300.0,73.6,0,0
APP009909,741,1,1,26,0,0,1,3,476800.0,76.8,0,0
APP009910,674,5,2,9,0,0,4,7,736000.0,57.6,0,0
APP009911,732,1,0,79,0,0,1,4,391000.0,46.4,0,1
APP009912,606,3,1,37,0,0,3,4,762600.0,42.0,0,0
APP009913,627,1,0,36,1,120,1,3,146800.0,78.6,0,0
APP009914,680,2,2,1,0,0,6,11,148000.0,39.5,0,0
APP009915,656,4,2,48,2,60,0,3,102900.0,67.8,1,0
APP009916,761,4,2,117,0,0,0,3,211700.0,77.2,0,0
APP009917,696,3,1,123,0,0,0,1,163900.0,58.3,1,2
APP009918,769,5,1,3,0,0,1,4,15800.0,34.8,0,0
APP009919,809,1,0,76,0,0,5,6,201000.0,5.0,0,0
APP009920,583,2,1,4,2,180,2,3,509700.0,41.9,0,1
APP009921,828,1,1,4,0,0,4,4,342400.0,79.2,0,0
APP009922,723,3,2,77,1,120,2,3,76300.0,33.8,0,0
APP009923,694,2,2,11,1,30,3,8,7500.0,74.5,0,0
APP009924,698,3,2,360,0,0,1,4,622700.0,94.2,0,1
APP009925,838,3,3,69,0,0,0,0,218900.0,74.4,0,0
APP009926,743,2,2,84,1,30,4,7,179400.0,94.2,0,0
APP009927,598,4,4,86,0,0,0,1,149400.0,99.5,0,0
APP009928,671,7,3,7,1,30,2,4,528800.0,73.5,0,0
APP009929,740,1,1,32,0,0,4,4,297700.0,63.5,0,0
APP009930,754,3,2,48,0,0,2,6,159900.0,95.3,0,0
APP009931,649,4,2,9,1,30,0,3,996800.0,47.4,0,0
APP009932,661,6,2,72,0,0,1,2,79700.0,53.8,0,0
APP009933,728,6,2,108,0,0,1,1,565600.0,28.5,0,0
APP009934,823,6,1,62,0,0,2,4,421800.0,55.7,3,0
APP009935,689,1,1,72,0,0,1,4,86300.0,79.3,0,0
APP009936,584,7,2,135,1,30,1,2,131200.0,69.6,0,0
APP009937,739,3,1,61,1,90,7,8,1898100.0,69.9,0,0
APP009938,633,2,1,26,0,0,0,2,447200.0,82.1,0,0
APP009939,747,4,4,96,1,90,3,6,1328700.0,69.5,0,0
APP009940,585,5,2,145,0,0,1,3,41500.0,74.1,0,0
APP009941,587,3,3,27,1,90,1,4,489700.0,16.9,0,0
APP009942,656,3,3,23,0,0,3,6,642000.0,81.3,0,0
APP009943,588,4,1,58,0,0,1,3,426000.0,57.4,0,0
APP009944,708,1,1,9,5,90,0,2,769900.0,61.2,0,0
APP009945,759,3,2,12,0,0,4,6,8800.0,95.7,0,0
APP009946,728,4,2,50,0,0,3,3,19500.0,54.7,0,0
APP009947,764,3,1,56,0,0,1,2,768300.0,48.5,0,0
APP009948,726,2,1,35,0,0,4,7,10600.0,85.1,0,0
APP009949,789,2,0,7,3,30,3,6,439500.0,17.6,0,0
APP009950,812,1,1,132,0,0,4,6,993700.0,14.3,1,0
APP009951,603,2,2,75,1,30,2,5,489800.0,15.0,0,0
APP009952,685,4,1,77,0,0,0,2,163900.0,77.6,0,0
APP009953,623,7,5,16,1,60,4,8,501800.0,56.3,0,0
APP009954,649,2,2,34,0,0,1,3,459100.0,12.3,1,0
APP009955,739,2,2,163,0,0,2,2,984300.0,56.5,0,0
APP009956,711,1,1,75,0,0,3,5,1194100.0,58.3,0,0
APP009957,653,3,1,8,0,0,1,3,1089000.0,43.7,0,0
APP009958,738,6,3,54,0,0,2,4,782700.0,64.6,0,0
APP009959,795,4,4,65,0,0,5,6,1942800.0,94.1,0,0
APP009960,630,2,1,75,0,0,2,5,757400.0,59.4,0,0
APP009961,809,2,1,67,0,0,1,2,126700.0,40.8,3,0
APP009962,672,4,1,38,0,0,5,6,400900.0,6.6,0,0
APP009963,656,3,2,39,0,0,2,4,96500.0,47.9,0,0
APP009964,640,1,1,79,0,0,3,4,324900.0,66.3,0,1
APP009965,581,5,1,113,0,0,0,0,264100.0,60.2,0,0
APP009966,642,4,2,6,0,0,1,4,127900.0,75.8,0,0
APP009967,494,2,0,97,0,0,1,6,513800.0,14.3,0,0
APP009968,778,3,3,64,0,0,2,7,85600.0,1.6,0,0
APP009969,731,1,1,4,0,0,2,3,261400.0,98.8,0,0
APP009970,668,2,2,141,0,0,2,4,745700.0,41.5,0,0
APP009971,839,5,1,7,0,0,2,4,814000.0,42.1,1,0
APP009972,718,5,3,7,0,0,2,3,1087700.0,48.6,0,0
APP009973,641,4,2,87,0,0,0,2,1065500.0,41.3,0,0
APP009974,735,3,1,59,2,30,0,1,501500.0,59.2,0,0
APP009975,642,2,1,23,1,30,2,2,1703500.0,19.8,0,0
APP009976,691,4,4,53,1,120,2,4,15600.0,43.0,0,1
APP009977,778,4,4,37,2,180,3,5,46200.0,46.3,0,1
APP009978,612,2,2,40,0,0,3,6,329900.0,19.9,0,0
APP009979,750,1,1,10,0,0,0,1,659400.0,72.3,0,1
APP009980,759,1,1,57,0,0,2,3,337400.0,78.4,0,0
APP009981,717,3,3,10,1,180,2,3,303700.0,75.8,0,0
APP009982,716,2,1,157,0,0,2,7,277100.0,81.6,0,0
APP009983,657,5,2,105,1,30,1,3,241700.0,11.7,0,0
APP009984,681,5,2,3,0,0,2,6,2013400.0,87.8,0,0
APP009985,623,5,1,26,0,0,1,3,764000.0,34.5,0,0
APP009986,789,5,5,60,1,60,4,4,230600.0,53.3,0,0
APP009987,633,3,2,51,3,90,3,3,223500.0,19.0,0,0
APP009988,700,6,1,86,3,90,2,3,427600.0,41.8,0,0
APP009989,757,1,1,34,0,0,0,4,1090500.0,74.4,0,0
APP009990,658,3,1,68,1,30,2,4,470100.0,50.3,0,0
APP009991,500,2,1,8,1,60,3,3,221100.0,10.7,0,1
APP009992,602,2,0,12,2,90,3,5,96300.0,85.9,0,0
APP009993,598,5,3,106,0,0,1,3,722100.0,90.5,0,0
APP009994,707,3,1,40,0,0,3,4,189300.0,6.2,2,0
APP009995,616,1,1,17,1,30,3,3,146500.0,54.6,0,0
APP009996,603,4,2,4,0,0,2,5,481500.0,69.8,0,0
APP009997,745,1,1,38,0,0,0,3,1765900.0,74.8,1,0
APP009998,710,2,2,14,5,30,1,4,103700.0,46.2,2,0
APP009999,681,3,2,0,0,0,4,5,9600.0,50.2,0,0
APP010000,793,4,1,115,0,0,3,4,17100.0,27.7,0,0
