applicant_id,avg_monthly_balance,balance_volatility,avg_monthly_spending,essential_spending_pct,discretionary_spending_pct,num_bounced_checks_12m,salary_credit_regularity,num_digital_txns_monthly,cash_withdrawal_pct,min_balance_breaches_12m,emi_bounce_count_12m
APP000001,58000.0,0.131,38100.0,39.2,60.8,0,71.9,31,26.9,4,0
APP000002,98700.0,0.091,41300.0,33.1,66.9,4,88.7,29,26.3,0,1
APP000003,115500.0,0.05,39300.0,30.4,69.6,0,92.9,25,12.7,1,0
APP000004,13500.0,0.061,8200.0,53.6,46.4,0,78.0,46,15.7,3,0
APP000005,39600.0,0.127,14200.0,64.7,35.3,0,78.2,23,23.7,3,0
APP000006,48000.0,0.152,11000.0,44.2,55.8,0,76.7,26,6.4,0,0
APP000007,72200.0,0.05,25700.0,65.6,34.4,0,84.2,29,13.0,1,0
APP000008,126700.0,0.171,21300.0,69.6,30.4,0,96.7,37,26.7,0,0
APP000009,93700.0,0.113,36000.0,60.0,40.0,1,78.0,30,19.6,2,1
APP000010,34700.0,0.25,25800.0,47.9,52.1,0,80.3,30,14.1,0,0
APP000011,121200.0,0.338,29600.0,39.5,60.5,1,80.0,38,35.8,2,0
APP000012,135700.0,0.63,36000.0,69.3,30.7,1,99.4,27,29.8,2,2
APP000013,54300.0,0.405,36900.0,45.7,54.3,0,80.6,26,28.9,3,0
APP000014,129200.0,0.05,73000.0,50.8,49.2,0,86.9,21,21.7,1,2
APP000015,108400.0,0.423,15500.0,34.7,65.3,0,82.1,35,25.5,0,0
APP000016,24600.0,0.243,30200.0,46.0,54.0,1,92.8,30,8.2,1,0
APP000017,61200.0,0.302,22400.0,37.5,62.5,0,81.1,26,35.3,1,0
APP000018,71700.0,0.586,21000.0,57.0,43.0,0,86.5,33,35.8,0,0
APP000019,61200.0,0.05,54200.0,66.0,34.0,0,92.3,29,15.8,0,0
APP000020,64800.0,0.157,16700.0,67.4,32.6,0,82.2,35,19.7,0,0
APP000021,45800.0,0.226,12000.0,34.9,65.1,1,78.7,30,15.4,0,2
APP000022,60600.0,0.164,17400.0,66.8,33.2,3,73.4,19,12.3,2,1
APP000023,6000.0,0.203,6500.0,34.4,65.6,0,78.1,26,28.5,0,1
APP000024,14900.0,0.275,12400.0,51.4,48.6,0,99.5,34,27.9,3,0
APP000025,38900.0,0.138,35900.0,51.5,48.5,0,71.6,26,35.9,1,0
APP000026,28500.0,0.841,9200.0,49.8,50.2,0,76.6,26,11.3,0,0
APP000027,80400.0,0.178,22800.0,35.4,64.6,3,91.4,28,18.6,1,1
APP000028,187400.0,0.225,26800.0,69.2,30.8,0,99.3,24,30.4,2,0
APP000029,113300.0,0.083,21800.0,60.3,39.7,0,83.4,30,9.6,0,0
APP000030,55500.0,0.272,24700.0,34.3,65.7,1,94.9,37,37.5,2,0
APP000031,138300.0,0.29,21300.0,60.0,40.0,0,81.8,30,19.4,1,1
APP000032,81700.0,0.113,12700.0,51.8,48.2,0,77.1,25,27.6,1,0
APP000033,87600.0,0.188,31200.0,62.4,37.6,0,72.9,22,14.8,1,0
APP000034,51500.0,0.067,16200.0,65.2,34.8,0,95.6,31,27.5,1,0
APP000035,17800.0,0.05,7400.0,46.2,53.8,0,84.0,40,13.6,0,0
APP000036,50800.0,0.109,28900.0,66.7,33.3,2,73.2,25,30.8,0,0
APP000037,49200.0,0.468,9400.0,55.3,44.7,0,92.4,32,35.6,1,1
APP000038,64700.0,0.686,20800.0,30.5,69.5,0,88.1,31,10.2,0,0
APP000039,69300.0,0.577,14500.0,50.4,49.6,0,94.5,36,39.6,0,0
APP000040,50500.0,0.168,19000.0,41.3,58.7,0,84.6,26,16.4,0,0
APP000041,47400.0,0.627,12300.0,63.1,36.9,1,77.5,29,5.9,2,0
APP000042,25200.0,0.05,17600.0,37.4,62.6,2,80.5,23,30.0,1,0
APP000043,199400.0,0.09,50400.0,48.8,51.2,1,83.9,39,27.5,1,0
APP000044,5200.0,0.353,7100.0,40.1,59.9,4,78.9,31,18.2,0,0
APP000045,45800.0,0.058,21300.0,31.4,68.6,3,89.9,30,9.6,1,3
APP000046,116500.0,0.679,22800.0,36.6,63.4,0,80.9,24,22.1,0,1
APP000047,22200.0,0.161,13500.0,61.4,38.6,0,89.8,31,13.2,0,0
APP000048,27400.0,0.217,8300.0,56.8,43.2,0,82.5,39,37.6,1,0
APP000049,52500.0,0.249,15200.0,68.4,31.6,0,77.8,31,35.9,2,0
APP000050,25500.0,0.747,5500.0,54.4,45.6,0,95.9,28,28.7,1,0
APP000051,185000.0,0.314,35400.0,68.6,31.4,0,82.5,22,13.8,1,1
APP000052,72300.0,0.317,25900.0,53.1,46.9,0,91.5,33,24.9,3,1
APP000053,32700.0,0.983,23400.0,61.3,38.7,0,80.4,31,26.7,1,0
APP000054,39700.0,0.831,28400.0,60.5,39.5,0,72.4,30,6.6,0,0
APP000055,30600.0,0.18,14600.0,60.6,39.4,1,90.4,25,27.6,4,0
APP000056,100600.0,0.052,22000.0,58.2,41.8,0,94.8,32,8.2,0,3
APP000057,98300.0,0.056,17300.0,54.5,45.5,0,89.6,29,8.4,1,0
APP000058,72000.0,0.52,20900.0,33.8,66.2,1,78.3,27,15.6,1,1
APP000059,72400.0,1.271,24700.0,63.2,36.8,1,77.4,29,12.1,1,0
APP000060,125400.0,0.05,29000.0,55.4,44.6,0,74.2,29,36.3,1,0
APP000061,50300.0,0.059,6500.0,67.0,33.0,0,95.5,31,38.6,2,0
APP000062,138600.0,0.246,28600.0,34.2,65.8,0,96.8,23,9.7,2,1
APP000063,135100.0,0.182,125300.0,38.8,61.2,3,97.2,36,14.9,1,0
APP000064,52600.0,0.05,50100.0,60.2,39.8,0,76.3,30,16.5,1,0
APP000065,49900.0,0.389,20900.0,52.7,47.3,0,74.0,37,14.4,3,0
APP000066,17600.0,0.49,15400.0,41.3,58.7,0,88.2,29,30.4,1,0
APP000067,32600.0,0.172,44100.0,50.5,49.5,0,86.5,39,14.2,1,0
APP000068,120900.0,0.348,31300.0,42.2,57.8,0,73.4,29,15.7,0,0
APP000069,35900.0,0.282,33800.0,51.6,48.4,0,97.4,29,24.4,0,0
APP000070,41700.0,0.64,10300.0,47.5,52.5,2,96.8,33,22.3,0,0
APP000071,85000.0,0.21,14300.0,57.5,42.5,0,88.0,22,37.8,2,0
APP000072,53100.0,0.524,16500.0,44.0,56.0,0,82.6,35,20.5,1,1
APP000073,55400.0,0.418,26000.0,69.0,31.0,0,73.4,41,28.9,1,0
APP000074,233900.0,0.05,47800.0,63.6,36.4,2,73.5,37,22.1,0,0
APP000075,96000.0,0.05,34300.0,44.3,55.7,1,75.2,30,16.1,5,0
APP000076,402300.0,0.135,121000.0,39.6,60.4,0,93.4,23,29.3,0,1
APP000077,14100.0,0.13,16600.0,30.7,69.3,0,70.9,33,39.6,1,0
APP000078,28600.0,0.114,9900.0,42.7,57.3,0,89.5,34,38.9,2,1
APP000079,55900.0,0.08,37900.0,51.9,48.1,0,95.4,36,24.4,0,0
APP000080,15500.0,0.05,9700.0,52.1,47.9,0,94.4,32,21.9,0,0
APP000081,57200.0,0.05,63600.0,41.4,58.6,0,81.0,26,23.9,1,0
APP000082,92100.0,0.418,25400.0,44.5,55.5,1,76.5,25,16.0,1,0
APP000083,62300.0,0.061,21200.0,50.0,50.0,0,91.3,34,5.9,1,0
APP000084,104200.0,0.05,85500.0,54.9,45.1,0,74.4,24,13.2,1,0
APP000085,140600.0,0.593,26300.0,56.3,43.7,0,89.6,33,32.2,1,0
APP000086,86200.0,0.05,28900.0,54.7,45.3,0,78.9,30,14.9,0,0
APP000087,39600.0,0.052,20000.0,58.9,41.1,3,78.6,24,24.6,3,0
APP000088,255600.0,0.992,41400.0,49.4,50.6,0,76.7,19,27.5,1,0
APP000089,24900.0,0.447,24300.0,49.4,50.6,0,95.4,18,26.5,1,0
APP000090,41000.0,0.308,7500.0,62.7,37.3,0,88.8,38,21.5,0,0
APP000091,85300.0,1.047,16800.0,53.0,47.0,0,86.1,27,8.4,2,0
APP000092,45700.0,0.05,38600.0,38.9,61.1,0,73.4,27,23.5,3,1
APP000093,44400.0,0.05,30000.0,58.5,41.5,2,76.7,30,24.1,2,0
APP000094,69600.0,0.05,13100.0,33.4,66.6,0,71.8,20,32.5,0,2
APP000095,54400.0,0.437,8700.0,68.6,31.4,0,80.2,27,26.5,0,0
APP000096,48500.0,0.516,15900.0,41.2,58.8,0,70.2,36,30.0,0,0
APP000097,9700.0,0.583,11500.0,69.7,30.3,2,93.2,25,32.8,1,0
APP000098,22200.0,0.313,18100.0,37.8,62.2,0,82.4,23,16.6,3,0
APP000099,58900.0,0.05,27100.0,42.7,57.3,0,83.4,23,16.6,0,1
APP000100,40400.0,0.108,19400.0,36.0,64.0,0,99.6,30,8.1,0,0
APP000101,74800.0,0.355,22800.0,44.7,55.3,0,78.9,24,23.8,0,0
APP000102,130700.0,0.485,89300.0,68.7,31.3,2,95.2,30,33.3,4,0
APP000103,80500.0,0.357,25300.0,65.8,34.2,0,75.5,46,28.7,0,0
APP000104,27400.0,0.066,15000.0,68.8,31.2,0,87.9,43,27.3,1,0
APP000105,260400.0,0.335,55900.0,66.0,34.0,2,71.6,26,18.0,0,0
APP000106,37800.0,0.248,29900.0,34.9,65.1,0,72.1,30,12.8,2,0
APP000107,115000.0,0.187,39500.0,45.4,54.6,0,76.4,32,7.3,0,0
APP000108,64400.0,0.197,27400.0,36.3,63.7,1,76.8,27,20.0,1,0
APP000109,85800.0,0.467,22400.0,59.2,40.8,0,87.7,43,16.0,1,0
APP000110,44600.0,0.304,30600.0,49.4,50.6,0,83.0,17,21.7,2,0
APP000111,40100.0,0.283,17800.0,34.5,65.5,1,80.6,27,16.9,0,1
APP000112,60200.0,0.05,68000.0,46.9,53.1,0,95.2,28,32.4,0,3
APP000113,26400.0,0.05,21800.0,48.3,51.7,0,83.3,37,11.6,1,1
APP000114,10700.0,1.079,6800.0,67.0,33.0,4,93.0,31,26.4,2,0
APP000115,52800.0,0.25,22400.0,58.5,41.5,2,92.9,28,13.7,0,0
APP000116,206500.0,0.298,76400.0,65.6,34.4,0,72.3,35,28.4,0,0
APP000117,33500.0,0.38,8000.0,42.7,57.3,0,73.3,30,20.1,0,2
APP000118,107300.0,0.071,28500.0,39.9,60.1,0,76.7,32,39.3,1,0
APP000119,7300.0,0.235,7200.0,63.2,36.8,0,74.4,34,16.1,3,1
APP000120,41900.0,0.161,13100.0,55.2,44.8,0,90.1,31,30.1,0,1
APP000121,56700.0,0.444,20800.0,68.1,31.9,0,98.3,26,26.9,2,4
APP000122,6700.0,0.086,8000.0,54.4,45.6,0,74.4,26,24.2,0,1
APP000123,101000.0,0.227,29500.0,31.7,68.3,2,76.7,23,5.6,1,0
APP000124,134900.0,0.147,33900.0,44.6,55.4,0,83.1,31,5.3,2,0
APP000125,22200.0,0.635,9400.0,49.2,50.8,2,96.2,34,31.1,1,0
APP000126,293800.0,0.336,53500.0,34.2,65.8,0,92.5,35,37.4,1,1
APP000127,122700.0,0.394,29200.0,63.6,36.4,0,79.9,34,10.2,2,2
APP000128,70000.0,0.06,26800.0,49.5,50.5,0,92.1,24,7.5,1,1
APP000129,15500.0,0.449,4100.0,40.5,59.5,0,87.3,20,7.0,1,0
APP000130,66400.0,0.669,18100.0,66.9,33.1,0,73.5,29,18.3,1,0
APP000131,98100.0,0.38,20000.0,51.1,48.9,1,93.3,23,29.9,0,1
APP000132,17600.0,0.19,7900.0,45.2,54.8,0,98.0,27,25.9,0,1
APP000133,69200.0,0.1,21700.0,33.3,66.7,0,89.6,32,29.5,1,0
APP000134,68600.0,0.054,13400.0,64.8,35.2,0,73.3,30,26.5,1,0
APP000135,103900.0,0.05,12800.0,51.4,48.6,0,72.5,28,27.0,1,1
APP000136,87400.0,0.528,20000.0,35.6,64.4,0,93.9,38,13.4,0,0
APP000137,90600.0,0.091,20200.0,41.5,58.5,0,95.5,27,19.5,0,0
APP000138,44600.0,0.213,34800.0,53.0,47.0,0,79.5,29,14.5,0,1
APP000139,43800.0,0.109,13600.0,38.5,61.5,0,88.9,29,11.8,1,0
APP000140,51300.0,0.309,24800.0,31.9,68.1,2,97.2,33,31.0,0,0
APP000141,287000.0,0.05,100600.0,59.3,40.7,0,98.5,24,17.1,1,1
APP000142,140300.0,0.218,56300.0,41.6,58.4,0,84.0,29,18.1,0,0
APP000143,42600.0,0.054,16300.0,69.4,30.6,0,73.5,38,11.3,0,0
APP000144,50200.0,0.68,10600.0,30.9,69.1,0,82.5,27,22.5,1,0
APP000145,91000.0,0.746,15800.0,48.7,51.3,1,80.2,21,17.7,0,0
APP000146,63900.0,0.068,20100.0,52.4,47.6,2,70.3,28,10.2,1,0
APP000147,106600.0,0.085,35800.0,34.6,65.4,0,87.4,27,35.7,1,0
APP000148,352000.0,0.545,92500.0,63.0,37.0,0,76.9,35,5.4,1,2
APP000149,68400.0,0.05,29900.0,66.9,33.1,0,75.9,27,7.4,1,0
APP000150,99000.0,0.189,31800.0,52.8,47.2,0,79.7,30,29.6,2,1
APP000151,420100.0,0.05,79900.0,51.6,48.4,0,97.1,42,38.3,1,0
APP000152,131200.0,0.278,46600.0,45.3,54.7,1,81.5,25,13.6,0,0
APP000153,62600.0,0.309,27500.0,56.6,43.4,0,79.7,24,12.8,1,1
APP000154,241500.0,0.471,77500.0,65.3,34.7,0,87.1,28,19.1,1,0
APP000155,132400.0,0.107,30000.0,31.4,68.6,0,80.9,21,38.7,0,3
APP000156,83500.0,0.519,20300.0,41.0,59.0,0,82.4,33,8.4,1,1
APP000157,37800.0,0.44,38800.0,68.5,31.5,0,84.4,22,37.2,2,0
APP000158,168300.0,0.267,48400.0,44.5,55.5,0,73.7,39,14.6,1,4
APP000159,136400.0,0.05,52000.0,44.3,55.7,0,76.9,25,35.6,1,0
APP000160,20000.0,0.122,6800.0,33.2,66.8,0,72.4,35,32.1,0,2
APP000161,19400.0,0.124,5000.0,46.4,53.6,1,70.3,28,29.8,3,1
APP000162,11500.0,0.507,6700.0,35.3,64.7,3,79.2,40,26.9,0,2
APP000163,37900.0,1.455,7700.0,55.2,44.8,3,80.5,32,26.9,0,0
APP000164,12400.0,0.119,12500.0,52.6,47.4,0,75.6,38,36.0,0,0
APP000165,95800.0,0.254,11700.0,62.8,37.2,0,79.6,30,33.2,1,0
APP000166,74200.0,0.325,17100.0,46.9,53.1,4,89.5,22,32.1,2,0
APP000167,222200.0,0.05,29700.0,43.8,56.2,1,76.4,36,38.4,2,0
APP000168,46000.0,0.446,20600.0,43.3,56.7,0,78.8,40,35.8,0,0
APP000169,60200.0,0.308,59800.0,67.3,32.7,0,91.6,34,5.3,2,0
APP000170,25500.0,0.248,23600.0,39.9,60.1,1,96.1,37,15.9,0,0
APP000171,83100.0,0.505,15300.0,60.6,39.4,0,96.5,18,17.5,1,0
APP000172,66200.0,0.483,27700.0,42.7,57.3,1,77.1,23,29.2,0,0
APP000173,43600.0,0.087,8900.0,47.9,52.1,0,93.8,33,34.4,0,0
APP000174,177700.0,0.105,53000.0,64.2,35.8,0,81.7,28,21.1,2,1
APP000175,56000.0,0.05,15100.0,45.9,54.1,0,73.9,27,18.7,1,0
APP000176,40400.0,0.096,36000.0,35.8,64.2,0,88.3,18,27.1,3,1
APP000177,69400.0,0.076,36200.0,63.2,36.8,2,75.1,22,11.6,1,0
APP000178,127500.0,0.559,23100.0,36.7,63.3,0,89.0,31,30.8,1,0
APP000179,56800.0,0.478,32900.0,45.5,54.5,2,73.0,33,39.2,1,0
APP000180,181500.0,0.304,34300.0,34.8,65.2,0,92.9,29,25.1,0,0
APP000181,36600.0,1.837,13500.0,33.6,66.4,1,90.0,27,32.2,3,1
APP000182,91300.0,0.05,39500.0,69.4,30.6,0,73.4,22,14.4,2,0
APP000183,191100.0,0.403,51500.0,52.0,48.0,0,96.4,33,25.7,1,0
APP000184,47300.0,0.659,12300.0,51.5,48.5,0,84.8,20,12.5,0,0
APP000185,88000.0,0.05,26600.0,64.1,35.9,1,70.7,25,22.5,2,0
APP000186,70900.0,0.226,23000.0,49.7,50.3,1,81.5,26,16.7,0,0
APP000187,122900.0,0.469,17100.0,41.2,58.8,0,71.3,39,24.3,0,0
APP000188,102300.0,0.707,25000.0,52.3,47.7,4,83.4,30,20.0,1,3
APP000189,64400.0,0.054,38000.0,30.1,69.9,0,95.0,23,23.7,0,0
APP000190,32800.0,0.119,9100.0,30.1,69.9,1,97.8,26,21.0,1,1
APP000191,171200.0,0.23,53400.0,48.4,51.6,0,99.6,23,15.1,2,0
APP000192,134200.0,0.444,60600.0,31.6,68.4,0,98.8,24,26.2,1,0
APP000193,194000.0,0.248,32900.0,53.2,46.8,1,77.9,25,27.8,1,0
APP000194,27300.0,0.061,26200.0,67.5,32.5,2,83.9,32,33.5,1,1
APP000195,193500.0,0.098,66300.0,49.6,50.4,0,93.4,38,23.0,0,1
APP000196,39600.0,0.054,27400.0,56.8,43.2,0,74.3,33,23.0,0,0
APP000197,57800.0,0.447,24000.0,60.0,40.0,1,89.7,34,39.3,1,0
APP000198,14200.0,0.261,14000.0,52.3,47.7,0,96.2,28,35.0,1,1
APP000199,115800.0,0.402,19600.0,58.0,42.0,0,78.6,38,26.2,1,3
APP000200,29100.0,0.261,21400.0,69.2,30.8,0,98.6,36,9.5,0,0
APP000201,173100.0,0.475,38600.0,67.3,32.7,0,80.9,33,10.9,1,0
APP000202,34200.0,0.126,18900.0,40.2,59.8,0,97.4,40,36.9,0,0
APP000203,62000.0,0.242,20800.0,59.0,41.0,0,84.9,31,23.8,0,0
APP000204,42100.0,0.064,37300.0,34.7,65.3,0,79.7,20,14.0,0,0
APP000205,240100.0,0.479,39600.0,43.5,56.5,0,81.8,25,19.6,2,1
APP000206,164100.0,1.01,26500.0,38.6,61.4,0,94.8,24,7.1,1,0
APP000207,40100.0,0.05,16500.0,51.1,48.9,0,80.2,28,27.9,0,0
APP000208,166000.0,0.36,51100.0,55.4,44.6,2,70.6,26,27.6,1,0
APP000209,137400.0,0.157,34300.0,52.7,47.3,0,87.2,39,12.5,1,0
APP000210,37600.0,0.553,21400.0,43.9,56.1,0,75.5,31,9.4,1,0
APP000211,99200.0,0.05,31000.0,48.3,51.7,0,94.7,23,6.6,1,0
APP000212,128400.0,0.185,30700.0,63.0,37.0,0,87.5,29,6.6,0,0
APP000213,146600.0,0.276,33700.0,50.8,49.2,0,98.4,23,34.2,1,0
APP000214,62000.0,0.05,18300.0,31.4,68.6,1,96.8,29,19.4,0,0
APP000215,76100.0,0.36,34200.0,39.9,60.1,0,73.7,20,20.5,1,1
APP000216,65100.0,0.69,20000.0,60.6,39.4,1,85.2,34,16.6,2,0
APP000217,52700.0,0.333,21200.0,34.0,66.0,0,82.3,21,32.2,2,0
APP000218,81700.0,0.457,37700.0,42.9,57.1,0,82.0,32,22.9,1,0
APP000219,37200.0,0.17,23500.0,40.3,59.7,0,90.5,33,35.0,2,0
APP000220,89600.0,0.062,27200.0,49.8,50.2,0,88.2,29,19.2,0,0
APP000221,269500.0,0.299,39100.0,64.1,35.9,0,94.9,23,8.6,0,1
APP000222,28600.0,1.062,33700.0,46.1,53.9,1,85.1,39,13.9,0,0
APP000223,95400.0,0.345,33600.0,66.9,33.1,1,90.9,21,30.3,0,0
APP000224,47400.0,0.554,38900.0,59.6,40.4,0,99.5,30,27.9,3,1
APP000225,70900.0,0.227,24700.0,37.8,62.2,1,75.0,30,5.8,1,0
APP000226,108800.0,0.353,27900.0,38.0,62.0,0,81.8,29,27.9,2,0
APP000227,63500.0,0.5,29300.0,44.5,55.5,0,73.2,24,5.6,1,3
APP000228,125300.0,0.183,24600.0,30.2,69.8,0,70.5,29,14.3,2,0
APP000229,81000.0,0.276,27100.0,56.1,43.9,0,93.2,38,10.6,1,0
APP000230,186700.0,0.422,39700.0,59.9,40.1,0,72.0,32,8.8,0,0
APP000231,55400.0,0.05,8300.0,37.2,62.8,1,95.7,30,26.8,0,0
APP000232,61700.0,0.415,25100.0,63.5,36.5,0,76.0,41,9.7,3,0
APP000233,64400.0,1.232,20100.0,66.0,34.0,2,76.9,41,25.1,1,0
APP000234,244900.0,0.469,37200.0,38.3,61.7,1,91.5,31,22.7,2,0
APP000235,33900.0,0.05,21900.0,68.6,31.4,0,80.0,26,8.3,1,1
APP000236,112600.0,0.134,38300.0,54.0,46.0,0,95.8,34,27.8,0,0
APP000237,152400.0,0.48,29500.0,37.7,62.3,0,83.7,19,33.0,0,0
APP000238,72400.0,0.322,23400.0,39.5,60.5,0,82.5,30,8.2,3,1
APP000239,60600.0,0.05,11700.0,30.5,69.5,0,89.6,25,10.5,1,0
APP000240,66000.0,0.371,19400.0,44.3,55.7,0,86.1,28,13.1,1,0
APP000241,30000.0,0.063,4900.0,41.2,58.8,0,94.9,17,6.2,1,0
APP000242,184700.0,0.088,40000.0,48.5,51.5,0,78.4,33,5.5,2,2
APP000243,198500.0,0.056,54200.0,64.9,35.1,0,70.5,28,25.0,1,0
APP000244,48800.0,0.203,13200.0,67.0,33.0,0,94.8,30,15.2,1,0
APP000245,31200.0,0.201,22100.0,63.5,36.5,0,95.0,36,33.2,4,0
APP000246,21100.0,0.216,16200.0,69.9,30.1,2,72.0,30,12.3,0,0
APP000247,46800.0,0.259,11300.0,40.7,59.3,0,98.2,35,11.8,2,0
APP000248,18700.0,0.141,7800.0,38.4,61.6,1,73.4,42,23.5,1,0
APP000249,50800.0,0.073,21600.0,42.4,57.6,0,87.2,26,38.1,0,0
APP000250,28800.0,0.222,14900.0,31.9,68.1,1,89.2,30,38.4,1,0
APP000251,117300.0,0.175,34100.0,35.7,64.3,0,81.7,36,34.8,1,3
APP000252,74200.0,0.201,10200.0,46.9,53.1,0,93.7,29,15.2,2,0
APP000253,17700.0,0.375,6900.0,48.2,51.8,1,81.2,22,30.6,1,1
APP000254,32700.0,0.544,16200.0,42.6,57.4,2,72.8,33,19.2,1,0
APP000255,8600.0,1.008,4100.0,54.0,46.0,0,92.2,21,28.5,1,0
APP000256,66700.0,0.05,38300.0,38.4,61.6,0,93.9,23,33.3,1,1
APP000257,321700.0,0.05,59100.0,30.7,69.3,0,80.5,28,33.7,1,2
APP000258,72700.0,0.056,29000.0,42.4,57.6,0,85.4,33,17.6,1,0
APP000259,156400.0,0.71,64900.0,33.1,66.9,0,87.9,39,12.0,0,3
APP000260,97800.0,0.05,37900.0,35.3,64.7,0,79.5,42,9.9,0,1
APP000261,36900.0,0.45,21300.0,36.5,63.5,0,95.5,31,29.3,0,0
APP000262,53200.0,0.052,22400.0,32.0,68.0,0,86.6,30,24.9,0,2
APP000263,38100.0,0.347,22400.0,33.1,66.9,0,88.3,38,15.6,2,1
APP000264,50800.0,0.05,12300.0,65.1,34.9,2,88.0,28,39.2,0,1
APP000265,85600.0,0.05,25200.0,61.0,39.0,1,93.4,32,9.6,2,0
APP000266,38400.0,0.109,11200.0,31.4,68.6,1,83.9,28,39.9,2,0
APP000267,155100.0,0.222,41500.0,55.4,44.6,4,88.4,33,28.6,0,0
APP000268,85600.0,0.63,15600.0,68.3,31.7,2,86.9,30,16.3,0,0
APP000269,90700.0,1.324,14800.0,38.5,61.5,0,76.5,18,39.2,1,0
APP000270,73400.0,0.117,14000.0,56.9,43.1,4,95.1,33,26.0,1,0
APP000271,42500.0,0.142,22100.0,48.3,51.7,0,75.9,39,27.5,0,0
APP000272,60400.0,0.058,24500.0,34.9,65.1,0,79.4,31,15.7,1,1
APP000273,59000.0,0.05,21500.0,69.3,30.7,2,73.3,33,25.9,0,0
APP000274,187400.0,0.428,30800.0,62.6,37.4,1,93.6,33,7.6,4,0
APP000275,160200.0,0.156,22600.0,52.5,47.5,0,83.9,25,30.5,2,0
APP000276,158200.0,0.227,30600.0,60.9,39.1,0,82.1,31,26.7,1,1
APP000277,84000.0,0.05,23000.0,40.9,59.1,1,76.6,33,23.5,1,0
APP000278,23800.0,0.277,11600.0,48.4,51.6,3,80.2,27,7.5,0,0
APP000279,70500.0,0.055,11000.0,60.2,39.8,0,99.1,25,13.3,1,0
APP000280,61000.0,0.347,18500.0,32.7,67.3,0,93.2,24,39.3,0,2
APP000281,85700.0,0.537,36400.0,49.8,50.2,0,83.1,34,38.4,0,1
APP000282,5600.0,0.087,7100.0,45.3,54.7,0,78.4,30,31.8,4,0
APP000283,31600.0,0.19,40000.0,64.5,35.5,0,71.5,38,5.9,0,1
APP000284,64900.0,0.274,36200.0,64.9,35.1,1,77.3,31,26.4,0,0
APP000285,67000.0,0.448,12100.0,42.6,57.4,2,86.0,39,33.3,1,1
APP000286,160400.0,0.656,51700.0,39.2,60.8,1,86.8,31,7.5,6,1
APP000287,84800.0,0.878,33200.0,33.7,66.3,2,92.3,32,13.9,3,1
APP000288,124900.0,0.133,33600.0,41.3,58.7,0,70.5,23,28.0,0,0
APP000289,149100.0,1.036,40800.0,51.8,48.2,0,71.9,25,37.7,1,0
APP000290,132400.0,0.053,24600.0,60.2,39.8,0,72.2,25,11.2,1,0
APP000291,14900.0,0.271,10100.0,30.5,69.5,0,95.8,24,14.9,0,0
APP000292,67800.0,0.262,32700.0,59.3,40.7,0,86.5,33,23.3,1,0
APP000293,37600.0,0.459,23500.0,36.9,63.1,1,92.5,25,36.7,1,0
APP000294,34200.0,0.372,16300.0,30.9,69.1,0,88.2,25,31.4,3,0
APP000295,126300.0,0.101,19500.0,51.4,48.6,0,72.9,26,11.5,3,0
APP000296,90100.0,0.298,15500.0,31.4,68.6,0,86.8,31,21.7,0,0
APP000297,292300.0,0.467,63000.0,37.7,62.3,0,89.3,25,28.5,0,1
APP000298,139400.0,0.602,40400.0,51.6,48.4,0,84.3,31,19.5,1,3
APP000299,63500.0,0.05,26700.0,35.6,64.4,0,80.2,22,6.9,0,0
APP000300,98500.0,0.511,29300.0,40.9,59.1,5,86.8,23,29.0,1,0
APP000301,88300.0,0.056,19900.0,41.8,58.2,0,72.5,29,14.5,0,0
APP000302,71900.0,0.172,13700.0,39.4,60.6,1,94.1,34,19.3,1,0
APP000303,11000.0,1.097,12000.0,33.9,66.1,0,81.1,28,37.3,1,0
APP000304,87800.0,0.05,28700.0,59.1,40.9,0,75.5,31,7.6,1,0
APP000305,40800.0,0.293,5800.0,34.0,66.0,1,96.9,25,37.4,2,1
APP000306,386100.0,0.381,62900.0,31.1,68.9,0,87.9,25,18.8,2,0
APP000307,36800.0,0.376,21900.0,49.6,50.4,0,70.2,28,12.4,1,0
APP000308,47700.0,0.572,16800.0,47.2,52.8,0,82.1,26,31.0,0,0
APP000309,63700.0,0.433,14300.0,32.5,67.5,0,72.3,24,14.4,1,0
APP000310,293700.0,0.072,88900.0,57.8,42.2,1,87.9,32,9.7,2,0
APP000311,145100.0,0.05,30900.0,50.4,49.6,0,87.0,25,14.4,1,0
APP000312,112500.0,0.089,22400.0,40.5,59.5,0,90.2,35,30.3,3,0
APP000313,32700.0,0.502,35800.0,39.4,60.6,1,97.9,36,22.8,0,0
APP000314,94400.0,0.624,24100.0,35.3,64.7,3,79.0,27,14.4,1,0
APP000315,90900.0,0.05,23400.0,44.9,55.1,0,90.8,29,19.5,0,1
APP000316,69300.0,0.29,11600.0,39.7,60.3,0,92.0,30,39.8,0,0
APP000317,83100.0,1.624,19200.0,51.6,48.4,0,91.2,31,36.5,0,2
APP000318,79100.0,0.072,32900.0,68.4,31.6,0,91.1,33,38.1,0,1
APP000319,29300.0,0.298,7300.0,43.6,56.4,0,97.9,24,12.0,0,0
APP000320,15900.0,0.169,9800.0,40.0,60.0,1,98.8,31,14.3,0,0
APP000321,500600.0,0.161,107400.0,41.2,58.8,1,90.8,29,34.3,0,0
APP000322,52000.0,0.16,11000.0,62.4,37.6,0,76.4,38,23.0,1,0
APP000323,109400.0,0.117,25600.0,61.9,38.1,0,82.6,26,6.5,0,0
APP000324,143200.0,0.28,20100.0,58.4,41.6,0,79.2,33,24.5,5,0
APP000325,63700.0,0.19,9200.0,41.6,58.4,0,89.3,33,9.4,2,0
APP000326,57700.0,1.881,41100.0,60.8,39.2,0,93.1,40,11.2,0,0
APP000327,77000.0,0.05,19400.0,47.6,52.4,0,83.8,31,9.8,1,0
APP000328,65700.0,0.05,38600.0,55.8,44.2,0,79.2,36,31.8,1,0
APP000329,47400.0,0.158,12200.0,50.9,49.1,0,84.8,24,33.6,1,1
APP000330,48800.0,0.05,37600.0,63.2,36.8,0,86.6,27,37.1,2,0
APP000331,26900.0,0.247,5000.0,64.7,35.3,0,90.1,28,16.9,2,1
APP000332,26700.0,0.466,22700.0,32.3,67.7,0,83.7,23,12.5,2,0
APP000333,31100.0,0.474,18200.0,57.5,42.5,0,71.8,32,14.4,1,1
APP000334,372100.0,0.05,64600.0,59.7,40.3,0,81.1,31,15.2,0,1
APP000335,56900.0,0.05,31200.0,59.3,40.7,1,74.4,35,18.9,0,0
APP000336,119000.0,0.05,22100.0,59.3,40.7,0,76.6,22,6.8,1,0
APP000337,346300.0,0.448,58700.0,67.5,32.5,0,72.1,21,6.1,2,0
APP000338,74200.0,0.247,46400.0,41.4,58.6,0,96.9,35,33.4,2,0
APP000339,23100.0,0.512,20700.0,45.4,54.6,0,94.2,44,18.2,0,0
APP000340,132700.0,0.121,32600.0,51.5,48.5,0,96.7,33,26.9,0,0
APP000341,56500.0,1.316,16900.0,38.2,61.8,0,98.3,27,33.9,0,0
APP000342,42300.0,0.448,17400.0,49.1,50.9,0,86.5,31,32.7,0,3
APP000343,43100.0,0.05,7300.0,35.8,64.2,0,72.4,34,23.2,0,0
APP000344,102200.0,0.817,28400.0,61.4,38.6,5,71.3,30,38.9,1,0
APP000345,60400.0,0.327,33500.0,49.6,50.4,0,73.5,29,14.0,3,3
APP000346,69700.0,0.05,12400.0,68.9,31.1,0,91.8,23,12.9,1,0
APP000347,90500.0,0.084,26000.0,62.6,37.4,3,70.4,30,8.2,1,0
APP000348,213500.0,0.117,64900.0,38.4,61.6,0,87.8,32,27.2,0,0
APP000349,39200.0,1.425,27700.0,31.4,68.6,0,97.0,14,7.8,0,1
APP000350,68800.0,0.441,33900.0,42.5,57.5,0,75.7,23,15.6,1,1
APP000351,21200.0,0.294,4500.0,53.8,46.2,1,73.8,28,31.4,2,0
APP000352,19800.0,0.277,5300.0,62.1,37.9,3,89.6,39,32.2,1,0
APP000353,42100.0,0.305,44200.0,39.9,60.1,0,80.7,41,7.4,1,1
APP000354,99000.0,0.576,18500.0,54.2,45.8,2,99.7,34,9.8,1,1
APP000355,104500.0,0.05,59100.0,39.6,60.4,0,98.0,31,7.1,0,0
APP000356,121200.0,0.079,29400.0,66.7,33.3,1,73.0,24,29.5,0,1
APP000357,25200.0,0.23,14600.0,31.4,68.6,2,96.4,31,7.4,1,0
APP000358,9400.0,0.05,4400.0,32.1,67.9,0,85.8,28,23.7,1,0
APP000359,50900.0,0.117,24800.0,33.7,66.3,0,79.8,30,11.1,2,2
APP000360,78300.0,0.351,32800.0,30.9,69.1,0,93.4,27,22.1,0,0
APP000361,47300.0,0.432,11500.0,31.8,68.2,0,91.9,37,15.7,1,0
APP000362,15000.0,0.5,6900.0,46.0,54.0,0,77.4,24,15.9,1,2
APP000363,100500.0,0.05,24400.0,43.1,56.9,0,79.1,18,19.0,1,0
APP000364,133600.0,0.622,22700.0,66.0,34.0,0,87.9,32,38.4,0,3
APP000365,177700.0,0.12,54400.0,61.6,38.4,2,87.0,27,11.1,0,0
APP000366,32500.0,0.534,15500.0,69.0,31.0,0,71.2,29,34.1,2,0
APP000367,152000.0,0.05,46200.0,35.0,65.0,0,88.4,32,19.3,2,0
APP000368,185500.0,0.106,24000.0,33.4,66.6,0,86.4,31,32.1,1,0
APP000369,107600.0,0.127,24700.0,55.4,44.6,0,93.0,32,6.9,0,0
APP000370,170400.0,0.193,37700.0,54.8,45.2,0,79.1,25,36.4,1,1
APP000371,68600.0,0.564,18400.0,41.4,58.6,1,93.0,32,26.3,0,0
APP000372,85400.0,0.11,36500.0,43.7,56.3,0,94.2,40,31.9,0,0
APP000373,175600.0,0.475,57900.0,45.0,55.0,0,80.0,24,23.5,1,3
APP000374,22100.0,0.113,4900.0,50.0,50.0,0,91.2,29,35.2,1,1
APP000375,64400.0,0.314,24500.0,57.0,43.0,1,86.2,27,39.3,0,0
APP000376,75800.0,0.095,17000.0,42.0,58.0,0,92.2,40,16.0,3,2
APP000377,19100.0,0.348,5400.0,37.6,62.4,2,82.3,34,29.6,0,0
APP000378,11400.0,1.384,9700.0,55.0,45.0,0,81.3,22,16.3,1,0
APP000379,43700.0,0.421,22600.0,41.9,58.1,1,89.8,35,29.7,0,1
APP000380,149800.0,0.348,18200.0,30.0,70.0,0,78.6,29,30.9,0,0
APP000381,71400.0,0.487,16200.0,54.1,45.9,0,83.6,30,28.6,2,0
APP000382,88300.0,0.969,73800.0,57.6,42.4,0,72.3,27,13.8,1,0
APP000383,141700.0,0.104,47100.0,62.4,37.6,0,93.8,38,28.1,4,2
APP000384,44500.0,0.335,20000.0,36.6,63.4,0,99.5,34,30.3,2,0
APP000385,119500.0,0.05,35900.0,38.1,61.9,1,79.6,32,19.3,3,0
APP000386,85700.0,0.344,14600.0,56.1,43.9,3,82.0,27,21.3,1,0
APP000387,44900.0,0.13,14200.0,68.5,31.5,2,78.9,26,24.4,0,0
APP000388,43000.0,0.167,25900.0,55.9,44.1,2,84.2,28,21.8,0,0
APP000389,55000.0,0.229,13400.0,50.6,49.4,0,99.5,30,33.5,1,0
APP000390,92300.0,0.05,26200.0,58.3,41.7,0,77.2,29,22.8,1,1
APP000391,137600.0,0.391,32100.0,39.5,60.5,0,74.9,24,25.7,0,0
APP000392,108900.0,0.587,37300.0,54.9,45.1,4,81.9,31,32.2,2,0
APP000393,20300.0,0.802,21000.0,58.7,41.3,0,84.7,26,35.6,0,0
APP000394,31700.0,0.149,31000.0,44.2,55.8,0,93.8,31,30.1,1,0
APP000395,32900.0,0.113,27800.0,40.5,59.5,2,79.0,39,36.5,1,0
APP000396,152100.0,0.108,55100.0,32.7,67.3,0,75.3,30,26.3,2,0
APP000397,136800.0,0.186,28000.0,46.7,53.3,2,71.2,28,38.6,2,0
APP000398,22000.0,0.216,20800.0,44.9,55.1,0,94.3,36,15.8,0,0
APP000399,62700.0,0.082,26300.0,58.5,41.5,0,92.3,30,29.1,1,0
APP000400,120800.0,0.231,24700.0,65.1,34.9,1,73.7,28,32.5,0,0
APP000401,159700.0,0.219,59400.0,68.1,31.9,0,88.1,24,27.2,0,0
APP000402,16600.0,0.281,5600.0,58.4,41.6,1,90.9,29,28.0,0,0
APP000403,138700.0,0.548,25300.0,63.6,36.4,0,99.2,38,33.4,1,0
APP000404,164600.0,0.306,78000.0,43.0,57.0,0,72.4,27,39.9,2,0
APP000405,23600.0,0.275,11800.0,50.2,49.8,1,91.0,34,26.7,1,2
APP000406,186800.0,0.161,38600.0,36.1,63.9,0,77.8,40,26.2,0,0
APP000407,99800.0,0.127,32600.0,66.3,33.7,2,91.4,20,36.0,0,0
APP000408,44900.0,0.366,14300.0,46.9,53.1,0,73.3,36,9.9,0,0
APP000409,93800.0,0.661,13600.0,63.4,36.6,0,81.0,29,7.4,8,0
APP000410,75400.0,0.323,15000.0,51.9,48.1,4,96.4,22,28.8,0,0
APP000411,38300.0,0.082,42900.0,34.9,65.1,0,86.8,27,29.6,2,0
APP000412,26600.0,0.477,8000.0,48.2,51.8,1,77.2,27,18.2,3,0
APP000413,52000.0,0.097,32900.0,56.2,43.8,0,93.9,44,30.9,1,0
APP000414,18900.0,0.408,4000.0,34.7,65.3,0,78.6,27,37.0,0,0
APP000415,43900.0,0.154,20900.0,67.8,32.2,0,99.5,23,20.2,1,0
APP000416,60500.0,0.234,45100.0,37.4,62.6,0,89.6,37,38.1,0,0
APP000417,107100.0,0.103,19200.0,67.9,32.1,1,84.5,29,33.3,0,0
APP000418,57300.0,0.235,24300.0,45.3,54.7,0,91.0,35,30.8,2,0
APP000419,117700.0,0.149,20300.0,61.7,38.3,1,88.9,36,32.2,0,1
APP000420,53300.0,0.246,11900.0,30.4,69.6,0,99.0,27,38.5,0,2
APP000421,93800.0,0.422,26600.0,36.3,63.7,0,84.8,31,20.2,1,0
APP000422,36600.0,0.106,9900.0,53.8,46.2,0,76.9,27,34.4,1,0
APP000423,38200.0,0.446,33200.0,62.0,38.0,1,81.4,18,6.7,1,4
APP000424,102700.0,0.226,66700.0,62.7,37.3,0,80.0,42,38.3,1,0
APP000425,21700.0,0.446,23900.0,61.8,38.2,3,96.6,38,31.0,2,0
APP000426,118300.0,0.513,38100.0,69.7,30.3,0,92.2,32,31.8,1,0
APP000427,66200.0,0.344,24900.0,61.3,38.7,0,91.1,34,20.1,1,0
APP000428,32700.0,0.571,18700.0,42.1,57.9,0,70.2,32,9.9,1,0
APP000429,65700.0,0.504,30000.0,65.9,34.1,0,94.1,28,15.6,2,0
APP000430,28400.0,0.178,7300.0,63.3,36.7,0,95.8,23,13.7,0,0
APP000431,53200.0,0.44,29600.0,43.3,56.7,0,90.4,30,32.8,0,0
APP000432,142600.0,0.23,42800.0,45.6,54.4,0,78.8,26,32.4,0,0
APP000433,64600.0,0.236,13700.0,68.0,32.0,1,99.8,30,32.6,0,1
APP000434,151200.0,0.271,21800.0,52.4,47.6,0,91.8,31,13.0,0,0
APP000435,13700.0,0.388,18400.0,57.7,42.3,1,71.1,33,23.2,3,0
APP000436,41900.0,0.107,25000.0,35.8,64.2,0,79.7,31,34.5,0,2
APP000437,19800.0,0.261,11200.0,59.3,40.7,1,74.7,31,21.0,2,0
APP000438,79500.0,0.594,20100.0,50.9,49.1,0,78.5,34,15.1,0,3
APP000439,161700.0,0.644,32100.0,68.6,31.4,1,84.2,32,6.3,1,1
APP000440,50700.0,0.071,28600.0,33.4,66.6,4,73.4,36,31.1,1,0
APP000441,97800.0,0.05,16400.0,57.2,42.8,0,71.9,30,19.2,0,0
APP000442,51000.0,0.134,14000.0,62.0,38.0,3,80.8,24,37.1,1,0
APP000443,48300.0,0.26,21900.0,68.5,31.5,5,94.6,29,9.0,0,0
APP000444,56100.0,0.382,37300.0,41.7,58.3,0,72.9,27,20.7,0,0
APP000445,113700.0,1.096,36200.0,42.2,57.8,0,71.0,28,32.4,1,0
APP000446,78300.0,0.643,23900.0,34.3,65.7,0,98.6,26,31.2,0,1
APP000447,32800.0,0.379,15500.0,69.7,30.3,0,75.0,32,5.0,0,0
APP000448,149300.0,0.211,45100.0,58.6,41.4,1,97.2,36,8.3,0,0
APP000449,64000.0,0.187,25400.0,53.5,46.5,1,83.4,34,34.8,1,0
APP000450,117100.0,0.05,42600.0,33.7,66.3,1,83.4,32,35.0,2,1
APP000451,85700.0,0.302,58400.0,57.0,43.0,0,70.7,36,37.7,0,0
APP000452,304200.0,0.109,36200.0,55.3,44.7,0,74.6,33,33.9,1,0
APP000453,60400.0,0.17,28900.0,45.9,54.1,2,95.0,32,13.5,0,0
APP000454,156000.0,0.419,48800.0,46.4,53.6,2,78.8,33,30.7,1,1
APP000455,49000.0,0.253,36500.0,34.1,65.9,0,72.9,30,37.6,1,1
APP000456,75600.0,0.618,24200.0,49.8,50.2,0,78.9,29,39.9,2,0
APP000457,61400.0,0.142,89400.0,33.2,66.8,0,82.7,28,33.4,0,0
APP000458,79900.0,0.215,28100.0,63.4,36.6,2,89.1,34,14.1,2,0
APP000459,145700.0,0.414,25200.0,67.6,32.4,1,83.4,33,31.8,0,0
APP000460,149600.0,0.065,21400.0,49.3,50.7,0,72.5,38,5.3,0,0
APP000461,28500.0,0.111,7600.0,36.1,63.9,0,86.9,22,21.5,0,2
APP000462,96100.0,0.505,28000.0,50.2,49.8,0,71.4,28,29.1,2,0
APP000463,24300.0,0.24,22500.0,55.5,44.5,1,74.0,42,11.2,0,1
APP000464,19000.0,0.449,17300.0,57.4,42.6,1,78.8,42,22.0,1,2
APP000465,21800.0,0.056,28100.0,49.7,50.3,2,88.3,39,9.3,2,0
APP000466,87300.0,0.05,29700.0,64.6,35.4,0,92.2,34,39.8,3,0
APP000467,148400.0,0.311,40700.0,52.7,47.3,1,77.7,27,6.1,0,0
APP000468,71100.0,0.255,15700.0,62.7,37.3,0,73.7,30,14.6,0,0
APP000469,47000.0,0.652,8800.0,54.7,45.3,1,74.8,32,33.0,2,0
APP000470,53200.0,0.175,19600.0,44.3,55.7,0,86.6,25,12.2,1,0
APP000471,169500.0,0.207,50500.0,40.0,60.0,0,75.9,37,33.1,2,0
APP000472,128000.0,0.283,19100.0,39.4,60.6,0,76.7,33,22.1,1,0
APP000473,11600.0,0.05,6000.0,64.8,35.2,0,76.1,27,11.7,1,0
APP000474,23500.0,0.989,29100.0,56.2,43.8,1,92.4,27,28.6,0,0
APP000475,50200.0,0.706,17700.0,50.1,49.9,5,74.8,27,32.8,1,0
APP000476,98500.0,0.216,29400.0,40.8,59.2,0,96.2,35,26.6,1,0
APP000477,150500.0,0.194,26900.0,64.4,35.6,0,79.1,27,37.2,0,0
APP000478,169700.0,0.076,21400.0,31.0,69.0,0,87.6,28,26.9,1,0
APP000479,73900.0,0.05,14200.0,30.7,69.3,0,96.2,30,22.3,0,0
APP000480,40400.0,0.232,20500.0,47.7,52.3,0,79.2,28,12.5,0,0
APP000481,294400.0,0.05,80200.0,46.3,53.7,0,75.0,29,35.6,1,1
APP000482,79500.0,1.228,19400.0,59.6,40.4,0,100.0,28,11.6,2,0
APP000483,56900.0,0.057,14000.0,69.2,30.8,0,90.4,29,9.5,0,3
APP000484,82200.0,0.33,22300.0,64.9,35.1,3,94.0,29,17.1,3,0
APP000485,47000.0,0.355,8800.0,36.1,63.9,0,80.8,30,25.3,0,0
APP000486,58400.0,0.355,14000.0,47.7,52.3,0,81.4,24,35.4,0,0
APP000487,91500.0,0.05,14300.0,67.4,32.6,0,97.2,36,12.7,0,0
APP000488,141300.0,0.31,42600.0,52.6,47.4,0,97.2,28,10.7,1,0
APP000489,73600.0,0.214,24900.0,63.8,36.2,0,83.8,27,21.8,1,0
APP000490,178400.0,0.236,62300.0,38.6,61.4,0,95.8,37,38.9,0,1
APP000491,69800.0,0.265,24800.0,50.5,49.5,1,73.4,29,16.8,0,0
APP000492,17200.0,0.576,6200.0,43.1,56.9,0,79.7,27,23.1,0,0
APP000493,54100.0,0.064,21000.0,47.1,52.9,2,73.9,41,7.5,2,0
APP000494,43400.0,0.064,25000.0,63.0,37.0,0,74.6,34,36.8,1,0
APP000495,94200.0,0.135,31900.0,45.6,54.4,0,93.0,23,21.8,1,0
APP000496,133300.0,0.331,27000.0,54.0,46.0,2,88.1,27,15.3,2,0
APP000497,34600.0,0.396,17800.0,32.3,67.7,0,86.9,14,7.2,1,0
APP000498,59700.0,0.165,14000.0,48.9,51.1,0,74.4,30,7.7,0,0
APP000499,142100.0,0.092,29500.0,68.3,31.7,0,87.0,26,10.2,0,0
APP000500,61100.0,0.05,12300.0,33.4,66.6,0,71.9,26,32.8,2,0
APP000501,138400.0,0.405,26300.0,43.8,56.2,1,91.1,37,38.0,1,1
APP000502,82200.0,0.35,32800.0,54.6,45.4,1,94.4,37,8.8,3,1
APP000503,70700.0,0.76,10300.0,41.8,58.2,3,82.7,33,8.3,0,0
APP000504,19200.0,0.377,6600.0,48.3,51.7,0,83.8,25,16.1,0,0
APP000505,129600.0,0.113,40600.0,65.2,34.8,0,96.7,19,24.3,2,2
APP000506,146800.0,0.062,49300.0,56.5,43.5,2,97.5,32,34.8,1,0
APP000507,19600.0,0.412,11300.0,60.0,40.0,0,81.5,41,27.8,1,0
APP000508,6000.0,0.21,7500.0,36.3,63.7,1,82.8,25,33.5,1,0
APP000509,31500.0,0.631,20100.0,31.4,68.6,3,79.1,33,32.6,0,0
APP000510,121100.0,0.198,64600.0,46.2,53.8,0,74.7,37,12.4,0,0
APP000511,27300.0,0.534,20400.0,63.7,36.3,1,88.2,28,26.7,0,1
APP000512,336100.0,0.088,81800.0,36.3,63.7,0,80.4,33,34.5,1,3
APP000513,49800.0,0.55,16100.0,51.3,48.7,0,99.7,26,9.3,2,0
APP000514,9300.0,0.557,4200.0,45.3,54.7,1,95.9,34,31.9,1,0
APP000515,96700.0,0.05,39600.0,31.7,68.3,0,85.4,36,7.5,2,0
APP000516,88800.0,0.05,19400.0,60.3,39.7,0,86.3,32,33.4,2,1
APP000517,60800.0,0.715,26100.0,50.6,49.4,0,96.7,28,11.2,1,1
APP000518,146700.0,0.736,23100.0,33.8,66.2,0,76.5,36,21.7,0,0
APP000519,96500.0,0.067,25100.0,63.4,36.6,0,96.2,33,24.1,0,0
APP000520,64100.0,0.212,16000.0,41.7,58.3,2,74.2,38,30.4,0,2
APP000521,22900.0,0.162,10900.0,61.6,38.4,0,75.2,29,34.0,2,0
APP000522,89000.0,0.05,42400.0,45.2,54.8,2,90.2,34,21.3,0,1
APP000523,34000.0,0.311,7600.0,63.1,36.9,1,86.3,23,14.2,1,0
APP000524,44900.0,0.107,9700.0,60.5,39.5,0,90.6,25,23.1,0,2
APP000525,18900.0,0.363,7600.0,69.4,30.6,3,85.0,33,30.0,1,0
APP000526,154300.0,0.301,28100.0,32.1,67.9,0,82.6,42,24.1,1,0
APP000527,142600.0,0.595,129100.0,51.3,48.7,0,77.4,26,26.1,1,3
APP000528,53300.0,0.178,10200.0,46.7,53.3,0,86.8,40,8.5,3,0
APP000529,127100.0,0.357,26900.0,68.8,31.2,0,98.7,30,30.7,0,0
APP000530,93100.0,0.234,23600.0,47.9,52.1,0,80.6,35,18.4,1,0
APP000531,77000.0,0.05,43300.0,48.7,51.3,0,85.7,22,18.8,0,2
APP000532,35800.0,0.135,24700.0,55.3,44.7,2,92.9,20,18.2,0,0
APP000533,163800.0,0.212,21600.0,59.1,40.9,0,86.4,28,11.9,1,2
APP000534,29700.0,0.05,18500.0,38.4,61.6,1,96.5,28,31.4,1,1
APP000535,62100.0,0.054,25000.0,51.9,48.1,1,80.3,36,38.4,2,0
APP000536,110500.0,0.658,22600.0,38.7,61.3,0,83.6,31,16.6,0,1
APP000537,18600.0,0.05,7300.0,37.4,62.6,0,94.8,24,34.2,1,0
APP000538,75100.0,0.05,21100.0,31.2,68.8,0,94.0,34,39.6,3,0
APP000539,63600.0,0.387,23400.0,45.7,54.3,0,92.4,38,39.5,0,1
APP000540,42000.0,0.05,10100.0,30.7,69.3,1,72.8,30,38.9,2,0
APP000541,41400.0,0.05,10400.0,32.7,67.3,1,87.4,35,13.7,2,0
APP000542,194900.0,0.181,37300.0,45.9,54.1,1,81.1,31,6.0,0,0
APP000543,75500.0,0.518,18300.0,41.0,59.0,0,73.1,28,18.2,1,0
APP000544,46100.0,0.158,27700.0,38.0,62.0,0,95.0,32,8.6,0,0
APP000545,66500.0,0.05,13900.0,36.2,63.8,0,98.0,31,8.8,2,0
APP000546,24400.0,0.05,14600.0,63.4,36.6,0,95.0,29,16.5,1,0
APP000547,26000.0,0.141,17300.0,38.4,61.6,0,97.2,28,39.7,0,0
APP000548,76000.0,0.05,31800.0,68.7,31.3,0,71.8,24,30.6,2,1
APP000549,19900.0,0.592,10600.0,54.0,46.0,0,85.4,26,31.0,0,2
APP000550,84100.0,0.807,29300.0,33.6,66.4,0,88.9,30,17.5,1,0
APP000551,172300.0,0.324,26900.0,31.6,68.4,0,99.5,30,37.9,0,0
APP000552,87000.0,0.441,24900.0,59.5,40.5,1,87.7,32,13.9,0,1
APP000553,162100.0,0.175,38400.0,41.6,58.4,0,97.0,17,5.3,2,1
APP000554,50700.0,0.2,30000.0,67.3,32.7,2,80.6,31,31.9,1,2
APP000555,39700.0,0.798,19700.0,39.0,61.0,0,88.0,37,14.3,1,0
APP000556,92200.0,0.474,17400.0,50.7,49.3,0,82.7,42,9.3,1,0
APP000557,38500.0,0.054,11700.0,33.3,66.7,0,76.0,22,18.2,0,0
APP000558,69100.0,0.216,66800.0,67.4,32.6,0,97.2,23,37.1,1,1
APP000559,28400.0,0.137,18000.0,30.5,69.5,4,77.0,27,29.7,2,0
APP000560,232800.0,0.168,52500.0,48.5,51.5,0,86.1,36,39.7,0,0
APP000561,20400.0,0.389,14700.0,46.4,53.6,0,77.3,24,22.3,0,1
APP000562,74800.0,0.291,26900.0,37.3,62.7,0,94.3,32,7.6,1,0
APP000563,36800.0,1.256,7200.0,44.2,55.8,0,84.2,32,32.4,0,0
APP000564,92300.0,0.093,32300.0,53.9,46.1,1,93.2,36,25.2,0,0
APP000565,55000.0,0.829,15700.0,32.8,67.2,0,85.8,30,7.1,1,4
APP000566,152200.0,0.299,44900.0,63.6,36.4,3,96.6,41,13.9,0,0
APP000567,172600.0,0.153,44800.0,46.7,53.3,0,92.2,36,33.8,0,3
APP000568,149800.0,0.05,22800.0,43.1,56.9,0,77.1,29,8.5,2,1
APP000569,100400.0,0.05,21700.0,41.4,58.6,0,98.8,36,32.1,0,0
APP000570,25200.0,0.082,11000.0,69.5,30.5,0,86.1,32,11.0,0,0
APP000571,267600.0,0.219,49000.0,61.2,38.8,0,85.3,23,5.7,1,3
APP000572,98400.0,0.05,18100.0,38.2,61.8,0,70.3,28,23.5,2,0
APP000573,44900.0,0.079,32400.0,69.2,30.8,4,90.5,22,9.5,2,0
APP000574,101200.0,0.05,25400.0,61.8,38.2,0,84.0,31,34.6,2,0
APP000575,32900.0,0.901,17400.0,59.4,40.6,0,83.4,32,14.6,0,2
APP000576,100800.0,0.121,25700.0,54.7,45.3,0,75.8,32,10.2,2,0
APP000577,120500.0,0.05,32300.0,35.9,64.1,2,98.9,34,10.1,0,0
APP000578,32500.0,0.145,7500.0,42.2,57.8,2,81.4,26,30.8,1,0
APP000579,119500.0,0.166,33500.0,47.2,52.8,1,98.8,29,37.9,1,0
APP000580,135800.0,0.05,61200.0,43.3,56.7,2,86.4,28,37.6,1,0
APP000581,26900.0,0.514,13300.0,55.3,44.7,0,70.1,29,14.5,2,1
APP000582,105100.0,0.108,34900.0,63.1,36.9,0,87.2,30,12.7,0,1
APP000583,190300.0,0.151,34000.0,52.9,47.1,0,78.1,25,21.2,1,0
APP000584,5500.0,0.068,5200.0,34.9,65.1,0,73.8,38,10.8,0,2
APP000585,78800.0,0.053,22400.0,64.5,35.5,0,96.4,31,7.9,3,1
APP000586,107300.0,0.154,41800.0,48.5,51.5,1,96.1,27,20.8,1,0
APP000587,57200.0,0.839,20900.0,58.4,41.6,0,98.7,26,39.0,0,0
APP000588,48100.0,0.12,13800.0,61.8,38.2,0,76.2,41,26.7,0,1
APP000589,19300.0,0.18,8500.0,44.7,55.3,0,90.2,24,32.4,0,0
APP000590,81100.0,0.337,18600.0,47.4,52.6,0,97.6,22,20.6,0,2
APP000591,79500.0,0.68,18100.0,56.3,43.7,0,93.1,43,35.2,1,0
APP000592,49500.0,0.567,23000.0,47.4,52.6,0,97.1,31,31.6,2,0
APP000593,35000.0,0.215,5300.0,56.2,43.8,0,94.6,37,21.2,1,1
APP000594,30700.0,0.981,24200.0,65.9,34.1,0,81.0,32,26.1,1,0
APP000595,190500.0,0.11,58000.0,56.3,43.7,1,80.2,39,13.0,0,0
APP000596,48700.0,0.05,11900.0,52.4,47.6,1,83.6,42,26.0,0,0
APP000597,71800.0,0.05,18800.0,62.2,37.8,0,84.7,27,6.9,1,0
APP000598,93900.0,0.37,29400.0,52.9,47.1,0,98.0,22,38.4,2,0
APP000599,103400.0,0.05,28600.0,43.4,56.6,0,99.6,32,26.2,1,0
APP000600,113800.0,0.624,24800.0,57.1,42.9,0,71.1,33,8.8,0,0
APP000601,48000.0,0.204,11900.0,68.8,31.2,0,75.9,27,30.6,1,0
APP000602,80000.0,0.05,16700.0,32.0,68.0,0,85.8,37,21.1,3,0
APP000603,148300.0,0.983,62900.0,33.9,66.1,4,76.4,29,15.9,2,2
APP000604,64500.0,0.427,37700.0,58.9,41.1,0,82.5,23,12.8,1,0
APP000605,36700.0,0.189,16000.0,42.7,57.3,0,75.3,28,37.2,0,0
APP000606,161800.0,0.05,37600.0,59.1,40.9,1,81.3,41,18.0,1,0
APP000607,80800.0,0.053,28000.0,41.3,58.7,0,74.9,25,17.1,2,1
APP000608,164100.0,0.05,31900.0,51.9,48.1,2,98.5,26,21.2,0,1
APP000609,30100.0,0.05,11300.0,69.4,30.6,0,90.0,32,32.4,0,1
APP000610,93100.0,0.093,15300.0,42.6,57.4,2,72.6,40,14.7,0,0
APP000611,62100.0,0.212,35400.0,48.9,51.1,0,71.9,36,13.0,2,0
APP000612,208600.0,0.05,107200.0,67.9,32.1,0,98.0,29,16.6,1,1
APP000613,42800.0,0.467,40400.0,47.0,53.0,0,90.5,36,7.4,2,0
APP000614,12900.0,0.578,4400.0,44.7,55.3,1,92.9,37,33.5,0,3
APP000615,65100.0,0.05,15800.0,37.0,63.0,3,71.4,24,19.4,2,1
APP000616,181900.0,0.05,46400.0,69.6,30.4,0,98.8,26,28.5,1,0
APP000617,44600.0,0.052,29400.0,52.1,47.9,1,76.7,33,16.8,1,0
APP000618,51200.0,0.778,22000.0,56.5,43.5,0,89.4,33,25.3,3,0
APP000619,70000.0,0.445,30000.0,34.6,65.4,0,82.5,23,8.8,0,0
APP000620,94100.0,0.452,29500.0,33.2,66.8,2,95.6,27,9.1,2,0
APP000621,45900.0,0.06,11600.0,51.7,48.3,0,81.8,32,30.3,1,2
APP000622,96000.0,0.123,23900.0,33.3,66.7,0,95.6,24,30.7,0,0
APP000623,134500.0,0.38,55200.0,53.9,46.1,0,78.8,30,19.5,1,0
APP000624,92100.0,0.05,17300.0,32.9,67.1,1,96.5,27,25.1,2,0
APP000625,17900.0,1.564,9600.0,34.9,65.1,1,94.4,30,30.3,1,0
APP000626,108100.0,0.25,14300.0,60.9,39.1,1,88.6,24,9.7,1,0
APP000627,203200.0,0.06,38000.0,66.6,33.4,0,72.6,31,10.0,3,0
APP000628,131600.0,0.263,68900.0,41.2,58.8,0,90.4,28,26.0,2,0
APP000629,90200.0,0.05,16400.0,44.3,55.7,0,80.0,32,30.0,2,0
APP000630,97300.0,0.632,60900.0,57.8,42.2,0,89.7,26,39.1,0,0
APP000631,11200.0,0.188,3500.0,44.3,55.7,1,75.3,23,16.0,3,0
APP000632,123600.0,0.144,41500.0,51.0,49.0,2,91.5,24,22.5,1,0
APP000633,23700.0,0.05,25600.0,46.5,53.5,0,75.9,26,17.2,3,0
APP000634,95300.0,0.117,10900.0,63.6,36.4,0,83.5,23,9.1,2,0
APP000635,126900.0,0.338,27000.0,38.6,61.4,0,72.7,26,22.6,0,1
APP000636,31200.0,0.174,8800.0,49.2,50.8,0,86.8,24,31.6,0,0
APP000637,18400.0,0.666,4500.0,38.8,61.2,2,82.3,29,15.1,0,0
APP000638,144300.0,0.301,36600.0,54.4,45.6,0,97.5,35,38.8,1,1
APP000639,38400.0,0.185,38000.0,49.9,50.1,1,79.1,32,26.6,0,0
APP000640,112600.0,0.131,25300.0,34.1,65.9,0,91.8,28,39.9,0,0
APP000641,79800.0,0.371,67500.0,57.9,42.1,1,76.5,24,24.8,1,3
APP000642,127200.0,0.487,18800.0,66.7,33.3,0,99.7,32,39.2,1,0
APP000643,41400.0,0.084,30200.0,55.5,44.5,0,82.2,20,24.8,1,0
APP000644,11200.0,0.05,4400.0,55.2,44.8,1,85.1,32,10.2,0,1
APP000645,75000.0,0.05,90000.0,52.6,47.4,0,96.0,29,27.1,1,0
APP000646,6700.0,0.324,7000.0,67.7,32.3,0,89.8,22,5.6,2,1
APP000647,58300.0,0.162,11100.0,33.9,66.1,3,85.3,33,9.0,1,0
APP000648,145500.0,0.176,56000.0,36.7,63.3,0,87.9,23,35.0,1,0
APP000649,28600.0,0.349,4400.0,41.2,58.8,1,77.3,30,18.9,0,0
APP000650,71000.0,0.458,43400.0,42.3,57.7,0,86.4,34,5.7,1,2
APP000651,163500.0,0.484,47000.0,61.7,38.3,0,97.3,27,34.5,2,0
APP000652,191200.0,0.431,40200.0,54.3,45.7,0,87.3,33,26.2,2,0
APP000653,25300.0,0.7,9800.0,56.1,43.9,0,71.2,31,33.3,1,0
APP000654,32100.0,0.193,5700.0,40.8,59.2,0,84.9,27,9.7,1,0
APP000655,21600.0,0.312,5800.0,33.4,66.6,0,88.6,20,31.0,1,2
APP000656,85800.0,0.413,22900.0,53.9,46.1,2,86.8,26,39.6,0,1
APP000657,97500.0,0.056,28100.0,30.5,69.5,2,77.2,26,34.0,3,0
APP000658,33800.0,0.05,14600.0,52.5,47.5,0,78.8,26,36.7,2,1
APP000659,74000.0,0.175,22300.0,45.7,54.3,0,90.6,32,33.8,1,0
APP000660,135300.0,0.05,21800.0,37.5,62.5,0,77.9,28,19.4,1,1
APP000661,60500.0,0.05,31700.0,68.3,31.7,1,75.4,32,14.0,1,0
APP000662,213000.0,0.177,33100.0,43.4,56.6,1,85.8,39,15.8,0,1
APP000663,18500.0,0.863,10600.0,53.3,46.7,0,78.3,36,28.0,0,0
APP000664,45700.0,0.075,26900.0,36.0,64.0,0,88.0,27,39.3,1,0
APP000665,81000.0,0.056,25400.0,40.3,59.7,0,77.5,37,23.3,1,0
APP000666,108500.0,0.115,30000.0,64.4,35.6,0,91.7,24,15.5,1,0
APP000667,90600.0,1.642,27400.0,61.2,38.8,1,79.2,29,31.8,0,2
APP000668,179900.0,0.611,71000.0,49.8,50.2,0,81.6,28,32.4,1,0
APP000669,150400.0,0.111,24700.0,45.3,54.7,0,98.2,19,32.6,1,2
APP000670,11100.0,0.123,8000.0,50.3,49.7,0,83.6,37,24.1,1,0
APP000671,180100.0,0.431,39500.0,48.5,51.5,0,76.5,39,22.7,0,0
APP000672,92700.0,0.46,31900.0,54.5,45.5,0,99.4,25,32.4,1,0
APP000673,61600.0,1.266,18700.0,50.8,49.2,0,95.7,34,33.7,0,0
APP000674,41600.0,0.094,13700.0,57.1,42.9,0,93.7,24,11.8,1,0
APP000675,144900.0,0.199,43200.0,32.2,67.8,0,95.7,30,7.4,1,1
APP000676,29600.0,0.11,9700.0,54.9,45.1,0,93.5,32,35.6,0,0
APP000677,46900.0,0.181,28800.0,68.1,31.9,0,92.5,22,37.3,2,0
APP000678,53900.0,0.054,20300.0,64.8,35.2,5,88.0,35,23.1,0,0
APP000679,51600.0,0.169,33600.0,37.6,62.4,0,79.2,43,8.1,2,0
APP000680,88400.0,0.05,19800.0,55.4,44.6,0,91.9,35,31.2,0,0
APP000681,59500.0,1.428,10700.0,43.6,56.4,0,82.6,32,23.4,3,0
APP000682,236100.0,0.05,39400.0,51.6,48.4,1,84.9,22,16.8,3,0
APP000683,299400.0,0.05,81500.0,43.8,56.2,1,72.7,31,26.2,0,0
APP000684,79300.0,0.393,20600.0,53.4,46.6,1,72.1,35,11.1,2,1
APP000685,85300.0,0.052,34600.0,60.1,39.9,0,74.3,35,10.7,1,0
APP000686,64400.0,0.241,37300.0,38.5,61.5,0,83.0,47,35.6,2,0
APP000687,65600.0,0.14,16900.0,36.1,63.9,0,100.0,29,18.7,0,0
APP000688,29200.0,0.05,31400.0,46.2,53.8,0,70.4,29,24.3,1,0
APP000689,253400.0,0.05,70400.0,32.3,67.7,2,74.3,27,36.6,4,0
APP000690,45000.0,0.246,14200.0,55.0,45.0,0,93.2,33,32.8,2,0
APP000691,237800.0,0.085,38800.0,48.4,51.6,0,98.9,24,20.0,0,2
APP000692,97800.0,0.103,41100.0,51.0,49.0,0,72.3,19,10.4,1,2
APP000693,169600.0,0.424,74900.0,67.0,33.0,4,91.9,35,22.6,0,0
APP000694,37500.0,0.478,13700.0,67.8,32.2,0,89.3,28,33.5,0,2
APP000695,130100.0,0.724,44100.0,54.0,46.0,0,90.9,34,10.2,3,0
APP000696,135800.0,0.338,40500.0,47.4,52.6,0,83.1,36,23.5,2,0
APP000697,71100.0,0.065,41700.0,55.4,44.6,0,92.8,28,25.5,0,0
APP000698,67700.0,0.296,38700.0,33.7,66.3,3,83.8,31,32.5,3,0
APP000699,201600.0,0.159,56700.0,36.4,63.6,0,78.2,36,9.5,2,0
APP000700,32300.0,0.235,9900.0,30.2,69.8,1,95.4,33,8.9,1,0
APP000701,109800.0,0.05,35400.0,31.7,68.3,0,75.5,25,30.1,3,0
APP000702,51500.0,0.05,23200.0,68.5,31.5,0,91.9,34,23.4,2,0
APP000703,48900.0,0.313,14000.0,50.3,49.7,0,91.8,25,5.7,2,0
APP000704,118900.0,0.141,20800.0,57.7,42.3,0,95.9,37,38.2,0,1
APP000705,75400.0,0.055,48500.0,31.9,68.1,1,97.2,32,17.6,0,0
APP000706,148200.0,0.212,25000.0,40.9,59.1,0,75.2,30,25.2,1,0
APP000707,68500.0,0.184,23500.0,57.1,42.9,0,89.7,23,32.7,1,0
APP000708,235300.0,0.215,52100.0,30.3,69.7,1,93.4,36,18.0,1,0
APP000709,108700.0,0.073,27000.0,41.4,58.6,2,97.7,35,23.8,3,1
APP000710,80800.0,0.05,18100.0,51.5,48.5,0,80.9,27,37.2,1,0
APP000711,73700.0,1.015,28100.0,61.9,38.1,0,97.9,28,39.4,2,0
APP000712,25900.0,0.095,12000.0,59.4,40.6,0,93.1,25,28.4,0,2
APP000713,14300.0,0.366,4000.0,51.8,48.2,0,99.7,27,5.1,0,0
APP000714,38800.0,0.05,19700.0,64.6,35.4,0,81.1,20,20.2,2,0
APP000715,73900.0,0.165,14600.0,64.2,35.8,0,88.1,29,12.4,1,0
APP000716,32700.0,0.148,21700.0,41.2,58.8,0,76.6,24,24.2,1,3
APP000717,31900.0,0.165,14000.0,45.4,54.6,0,79.2,30,30.7,0,0
APP000718,128100.0,0.829,24000.0,67.0,33.0,0,87.9,35,30.1,2,0
APP000719,385100.0,0.959,66200.0,37.8,62.2,0,91.3,27,6.6,1,0
APP000720,26700.0,0.056,5800.0,64.3,35.7,2,84.7,27,12.8,0,0
APP000721,119500.0,0.05,31200.0,64.9,35.1,0,99.9,24,21.2,1,0
APP000722,30700.0,0.1,11800.0,68.3,31.7,0,86.5,24,28.7,0,1
APP000723,151000.0,0.159,29900.0,56.7,43.3,0,90.1,39,17.3,1,1
APP000724,59500.0,0.308,13400.0,53.0,47.0,0,74.3,41,5.4,3,0
APP000725,153800.0,0.188,32900.0,69.5,30.5,1,73.3,24,9.0,0,0
APP000726,27400.0,0.61,27100.0,58.5,41.5,1,75.4,32,23.6,1,0
APP000727,52200.0,0.131,16500.0,65.5,34.5,1,71.1,34,7.6,0,0
APP000728,51500.0,0.05,21500.0,32.5,67.5,0,98.2,36,36.5,2,0
APP000729,141400.0,0.41,22600.0,65.2,34.8,0,94.2,28,32.0,0,0
APP000730,69100.0,0.22,25900.0,50.0,50.0,0,80.2,38,18.4,1,0
APP000731,23800.0,0.758,6200.0,69.1,30.9,0,93.5,30,15.2,2,0
APP000732,43800.0,0.05,17200.0,54.6,45.4,0,99.6,23,28.7,0,1
APP000733,37800.0,0.159,13000.0,36.0,64.0,0,76.8,25,10.7,0,0
APP000734,217700.0,0.176,49800.0,55.0,45.0,0,84.7,28,16.0,2,0
APP000735,61700.0,0.142,39000.0,46.4,53.6,0,78.7,36,32.5,1,0
APP000736,276600.0,0.058,42400.0,31.2,68.8,0,90.0,38,12.6,1,2
APP000737,10600.0,0.177,13200.0,50.0,50.0,0,93.1,24,30.0,1,1
APP000738,75400.0,1.935,28300.0,47.4,52.6,0,78.9,41,10.7,1,0
APP000739,16400.0,0.12,4200.0,43.0,57.0,0,84.0,28,9.6,1,0
APP000740,69300.0,0.739,40200.0,38.0,62.0,0,83.9,32,24.9,1,1
APP000741,385500.0,0.05,76800.0,42.8,57.2,0,88.2,31,37.9,1,0
APP000742,175400.0,2.0,77300.0,43.5,56.5,2,71.0,31,28.5,0,0
APP000743,241300.0,0.142,46800.0,58.9,41.1,0,73.4,36,11.8,1,0
APP000744,133500.0,0.113,20600.0,45.6,54.4,2,95.7,41,30.2,2,0
APP000745,39000.0,0.426,24800.0,31.9,68.1,0,89.3,42,21.9,2,0
APP000746,102500.0,0.258,27400.0,36.2,63.8,0,83.8,33,18.5,1,0
APP000747,21500.0,0.102,10300.0,42.9,57.1,0,81.2,31,10.5,1,2
APP000748,114300.0,0.052,30300.0,48.1,51.9,0,93.6,30,17.6,0,0
APP000749,63800.0,0.05,19800.0,39.1,60.9,0,94.4,29,10.6,2,0
APP000750,198700.0,0.518,54400.0,57.1,42.9,0,95.5,25,14.2,2,0
APP000751,109600.0,0.863,31600.0,43.7,56.3,3,92.6,33,31.2,1,0
APP000752,57700.0,0.245,22600.0,65.7,34.3,0,74.5,37,25.5,0,0
APP000753,27800.0,0.373,17600.0,63.7,36.3,0,98.6,30,20.9,3,0
APP000754,61800.0,0.106,15400.0,64.4,35.6,1,90.8,35,10.0,2,1
APP000755,183700.0,0.075,31900.0,40.6,59.4,1,79.7,30,18.1,0,1
APP000756,78700.0,0.082,23700.0,46.3,53.7,0,99.8,32,19.0,0,0
APP000757,54400.0,0.429,20100.0,50.5,49.5,0,91.7,30,5.6,2,0
APP000758,83200.0,0.556,21900.0,62.6,37.4,0,93.1,30,21.4,2,2
APP000759,92100.0,0.71,38200.0,52.6,47.4,0,75.9,25,20.1,0,0
APP000760,89000.0,0.219,35400.0,63.8,36.2,0,84.6,31,21.6,2,0
APP000761,76300.0,0.05,29700.0,49.4,50.6,0,74.5,26,20.1,0,1
APP000762,138300.0,0.475,36500.0,37.2,62.8,0,93.0,27,26.4,2,2
APP000763,119800.0,0.276,18100.0,35.5,64.5,0,92.6,34,7.4,1,1
APP000764,52800.0,0.07,15200.0,67.9,32.1,2,79.8,30,19.8,1,0
APP000765,109500.0,0.265,25000.0,63.8,36.2,1,70.0,45,33.2,1,0
APP000766,30600.0,0.05,15800.0,30.1,69.9,0,94.3,30,8.6,1,0
APP000767,116200.0,0.253,29500.0,57.6,42.4,0,89.2,24,31.1,1,0
APP000768,110000.0,0.203,19300.0,58.0,42.0,0,90.0,28,10.3,1,0
APP000769,30100.0,0.05,11900.0,42.2,57.8,2,99.7,32,38.2,1,0
APP000770,38900.0,0.307,9800.0,64.0,36.0,1,91.6,35,8.2,1,0
APP000771,36900.0,0.05,36600.0,56.3,43.7,0,93.9,27,22.5,0,0
APP000772,140800.0,0.05,32500.0,57.2,42.8,0,89.9,26,29.0,1,3
APP000773,53900.0,0.414,24000.0,43.8,56.2,0,76.1,28,33.1,2,1
APP000774,128600.0,0.631,30500.0,52.0,48.0,0,76.6,30,28.1,0,0
APP000775,115800.0,0.506,30200.0,33.3,66.7,1,94.1,27,38.6,3,1
APP000776,157100.0,0.102,31700.0,41.9,58.1,0,79.1,25,35.3,1,1
APP000777,23600.0,0.135,21400.0,42.0,58.0,0,97.8,23,11.5,5,0
APP000778,56400.0,0.05,26800.0,34.2,65.8,1,84.4,25,7.2,3,0
APP000779,110700.0,0.05,33100.0,44.7,55.3,2,96.8,25,12.2,3,0
APP000780,36900.0,0.05,7100.0,54.7,45.3,0,84.8,30,20.5,0,1
APP000781,111700.0,0.28,46400.0,39.9,60.1,1,84.2,28,19.8,2,2
APP000782,65900.0,0.05,16300.0,40.3,59.7,1,82.8,32,6.0,0,0
APP000783,25700.0,0.226,32000.0,57.0,43.0,2,99.3,31,38.6,1,0
APP000784,72400.0,0.824,20100.0,64.0,36.0,0,92.4,24,10.4,2,0
APP000785,82700.0,0.409,36200.0,55.0,45.0,0,88.9,38,28.3,0,0
APP000786,65400.0,0.402,10100.0,47.9,52.1,0,97.5,30,34.3,1,1
APP000787,149600.0,0.216,29700.0,56.7,43.3,2,82.5,36,21.7,0,0
APP000788,169900.0,0.797,24500.0,34.5,65.5,0,87.8,26,17.1,1,0
APP000789,129900.0,0.519,73000.0,32.8,67.2,2,86.3,35,34.0,0,0
APP000790,66100.0,0.295,36100.0,43.3,56.7,0,75.4,34,5.4,2,0
APP000791,55500.0,0.307,14000.0,68.3,31.7,1,99.5,24,25.0,1,0
APP000792,32100.0,0.05,5600.0,51.9,48.1,2,95.5,31,12.3,1,0
APP000793,51000.0,0.303,41400.0,38.8,61.2,0,78.8,23,8.8,0,0
APP000794,69200.0,0.05,15200.0,69.9,30.1,3,80.2,31,40.0,0,1
APP000795,88700.0,0.201,22800.0,41.2,58.8,0,94.7,42,26.0,1,0
APP000796,39900.0,1.049,23000.0,47.8,52.2,1,90.7,25,25.3,0,0
APP000797,23800.0,0.327,33000.0,55.9,44.1,0,75.0,24,17.2,1,0
APP000798,45600.0,0.057,32500.0,41.6,58.4,0,94.2,26,10.6,1,0
APP000799,77900.0,0.131,24800.0,33.6,66.4,1,80.0,39,5.5,0,3
APP000800,19000.0,0.05,7900.0,60.5,39.5,0,79.7,31,34.8,1,1
APP000801,108100.0,0.659,24700.0,33.7,66.3,2,78.0,23,19.3,2,0
APP000802,44300.0,0.279,17800.0,47.0,53.0,0,87.0,34,35.4,3,0
APP000803,50800.0,0.229,12600.0,56.6,43.4,0,80.3,20,32.8,2,0
APP000804,24500.0,0.462,5300.0,51.6,48.4,0,79.1,25,26.3,0,0
APP000805,19500.0,0.104,16800.0,63.2,36.8,0,89.9,25,17.4,1,0
APP000806,59100.0,0.05,7700.0,46.8,53.2,0,97.0,29,16.1,0,0
APP000807,83700.0,0.061,15400.0,51.3,48.7,0,78.0,31,11.6,3,0
APP000808,97400.0,0.057,31100.0,34.8,65.2,3,96.2,31,8.8,2,0
APP000809,89600.0,0.05,32400.0,43.0,57.0,0,79.8,34,26.5,0,1
APP000810,20200.0,0.067,8100.0,51.9,48.1,0,76.6,33,14.3,0,0
APP000811,16700.0,0.411,3600.0,62.9,37.1,3,83.6,35,12.5,0,1
APP000812,92600.0,0.165,32800.0,47.9,52.1,0,83.8,25,39.0,2,1
APP000813,130700.0,0.463,39900.0,65.6,34.4,0,86.3,28,19.8,1,0
APP000814,27000.0,0.313,19600.0,61.0,39.0,0,84.6,36,37.1,2,1
APP000815,43800.0,0.913,13600.0,44.5,55.5,0,82.3,21,14.3,3,0
APP000816,206000.0,0.456,28200.0,57.7,42.3,0,91.3,27,10.9,2,0
APP000817,255900.0,0.053,98700.0,31.6,68.4,4,97.9,28,27.2,1,0
APP000818,23700.0,0.264,7200.0,69.2,30.8,0,96.4,24,38.2,1,0
APP000819,57000.0,0.166,28300.0,47.5,52.5,0,93.5,33,30.4,0,1
APP000820,77800.0,0.05,10000.0,34.4,65.6,3,84.7,35,19.5,0,0
APP000821,15100.0,0.295,7000.0,48.8,51.2,0,75.3,24,37.2,2,0
APP000822,93800.0,0.294,30700.0,58.4,41.6,0,82.0,31,24.7,1,1
APP000823,72400.0,0.239,16200.0,33.6,66.4,1,79.9,24,23.1,1,0
APP000824,84300.0,0.442,28600.0,69.9,30.1,0,98.2,37,22.2,0,0
APP000825,128500.0,1.132,23400.0,46.8,53.2,3,79.6,25,34.9,0,0
APP000826,101500.0,0.246,43400.0,60.1,39.9,0,82.8,27,10.7,2,0
APP000827,71900.0,0.244,13400.0,36.7,63.3,0,75.3,30,20.7,2,1
APP000828,37800.0,0.175,22700.0,60.5,39.5,0,74.2,23,35.6,3,0
APP000829,71500.0,0.447,24800.0,66.6,33.4,0,86.6,29,24.1,3,0
APP000830,68800.0,0.369,13300.0,41.2,58.8,2,77.4,26,23.3,1,0
APP000831,9200.0,0.147,9300.0,57.0,43.0,0,81.9,28,19.9,0,0
APP000832,87500.0,0.219,26800.0,47.1,52.9,0,80.3,33,21.3,0,2
APP000833,86500.0,0.523,21100.0,59.1,40.9,0,98.3,34,16.2,1,2
APP000834,54000.0,0.177,13300.0,62.1,37.9,1,78.7,33,17.4,2,0
APP000835,93700.0,0.05,17600.0,35.6,64.4,0,78.8,31,5.8,0,0
APP000836,67800.0,0.146,18400.0,37.2,62.8,2,91.0,40,22.8,2,0
APP000837,73600.0,0.05,16600.0,48.2,51.8,0,90.8,26,19.4,1,0
APP000838,317500.0,0.05,87900.0,55.5,44.5,2,73.4,32,29.6,0,1
APP000839,81900.0,0.615,11900.0,69.7,30.3,1,80.1,32,26.4,2,0
APP000840,51000.0,0.19,38800.0,66.0,34.0,0,76.3,30,33.1,1,0
APP000841,31700.0,0.229,15100.0,31.5,68.5,0,95.5,30,24.6,2,1
APP000842,53400.0,0.884,10400.0,66.1,33.9,0,82.9,26,29.7,0,1
APP000843,68400.0,0.153,20900.0,58.2,41.8,0,82.0,31,11.3,0,0
APP000844,152900.0,0.333,27400.0,50.8,49.2,0,91.5,23,33.7,2,0
APP000845,54500.0,0.205,21500.0,33.9,66.1,2,91.8,28,35.5,0,0
APP000846,135000.0,0.05,21400.0,45.7,54.3,1,95.4,36,36.4,0,0
APP000847,84300.0,0.05,11100.0,66.4,33.6,0,73.5,32,24.3,1,0
APP000848,140400.0,0.05,46100.0,33.7,66.3,0,91.8,35,11.8,1,0
APP000849,31300.0,0.293,17900.0,50.2,49.8,0,81.9,27,38.5,4,0
APP000850,315200.0,0.206,63400.0,56.5,43.5,0,79.8,31,15.0,1,1
APP000851,201900.0,0.067,43700.0,69.2,30.8,2,82.9,34,18.7,0,2
APP000852,91400.0,0.651,13100.0,43.2,56.8,0,96.8,35,21.3,3,0
APP000853,57400.0,0.05,15300.0,46.3,53.7,0,96.5,32,8.0,0,0
APP000854,223100.0,0.339,53200.0,47.0,53.0,0,87.7,30,34.6,1,0
APP000855,118400.0,0.061,27100.0,42.7,57.3,0,98.5,30,11.4,2,0
APP000856,145400.0,0.671,33400.0,52.7,47.3,0,70.4,27,13.5,3,0
APP000857,55100.0,0.067,8600.0,40.5,59.5,0,81.4,31,9.1,0,0
APP000858,77600.0,0.286,36700.0,45.8,54.2,0,73.4,22,26.4,1,0
APP000859,142100.0,0.264,69200.0,62.7,37.3,2,70.4,34,19.5,0,0
APP000860,58800.0,0.05,14100.0,41.9,58.1,0,72.2,30,27.3,1,0
APP000861,364700.0,0.491,85700.0,54.8,45.2,1,81.9,25,8.9,0,2
APP000862,143500.0,0.554,50800.0,56.0,44.0,0,72.2,29,19.5,2,0
APP000863,53100.0,0.888,12300.0,66.9,33.1,0,88.0,28,27.1,1,0
APP000864,85300.0,0.229,22600.0,40.4,59.6,0,75.9,26,24.3,0,0
APP000865,64800.0,0.502,25800.0,67.7,32.3,0,92.0,32,36.8,3,0
APP000866,95200.0,0.237,31400.0,50.1,49.9,1,96.7,25,11.0,1,0
APP000867,18200.0,0.175,11800.0,30.4,69.6,1,93.9,24,30.7,0,0
APP000868,48600.0,0.304,28200.0,68.1,31.9,2,78.1,28,20.9,0,0
APP000869,110400.0,0.422,28600.0,56.6,43.4,3,80.0,30,19.1,0,0
APP000870,137800.0,0.05,56000.0,62.4,37.6,0,73.7,24,29.3,1,2
APP000871,88100.0,0.929,14200.0,41.5,58.5,0,88.9,24,13.5,1,0
APP000872,48200.0,0.325,25200.0,33.6,66.4,0,72.3,31,28.3,1,0
APP000873,17000.0,0.555,17100.0,43.8,56.2,0,88.9,31,23.6,2,0
APP000874,47400.0,0.391,55200.0,39.9,60.1,5,77.4,25,13.5,1,0
APP000875,67600.0,0.05,34800.0,64.3,35.7,0,99.9,26,21.4,0,0
APP000876,37400.0,0.345,18100.0,67.1,32.9,0,87.1,36,21.6,3,2
APP000877,29500.0,0.057,23000.0,46.2,53.8,0,96.0,32,30.4,0,0
APP000878,47100.0,0.099,66300.0,55.2,44.8,0,70.5,26,23.8,0,0
APP000879,61300.0,0.849,11400.0,55.4,44.6,0,97.7,23,22.0,0,0
APP000880,18200.0,0.05,8700.0,34.6,65.4,0,99.3,24,33.9,1,2
APP000881,28600.0,1.244,15100.0,38.4,61.6,0,81.9,27,29.1,0,1
APP000882,68900.0,0.154,14600.0,39.7,60.3,1,95.4,20,10.3,2,2
APP000883,206900.0,0.114,33700.0,59.1,40.9,0,80.4,29,11.0,0,1
APP000884,44000.0,0.797,30200.0,62.4,37.6,0,78.6,33,30.8,1,1
APP000885,148200.0,0.054,21200.0,42.3,57.7,2,79.2,33,16.7,2,0
APP000886,16700.0,0.147,18900.0,39.0,61.0,0,99.0,37,12.0,0,1
APP000887,130200.0,0.702,39500.0,39.2,60.8,0,95.5,31,17.4,1,0
APP000888,153100.0,0.193,41400.0,42.6,57.4,3,83.8,30,39.2,0,0
APP000889,109900.0,0.151,32900.0,67.5,32.5,0,78.6,35,31.9,2,0
APP000890,43100.0,0.284,12000.0,68.8,31.2,0,74.0,30,32.4,0,0
APP000891,110100.0,0.081,31700.0,67.6,32.4,0,71.2,34,9.1,3,0
APP000892,31800.0,0.273,13100.0,32.8,67.2,0,95.6,38,7.8,1,0
APP000893,193100.0,0.156,37800.0,59.9,40.1,1,79.9,38,15.1,1,3
APP000894,34900.0,0.508,9500.0,50.3,49.7,0,87.4,36,21.5,3,0
APP000895,90400.0,0.177,30000.0,53.3,46.7,0,94.5,35,20.9,1,0
APP000896,147400.0,0.419,22900.0,58.0,42.0,0,71.0,35,7.8,3,0
APP000897,80200.0,0.142,19400.0,62.1,37.9,0,93.0,26,34.2,0,0
APP000898,29800.0,0.307,10700.0,44.9,55.1,0,96.4,34,21.8,0,0
APP000899,6700.0,1.177,8000.0,31.9,68.1,1,75.5,30,23.9,3,0
APP000900,19800.0,0.642,9500.0,48.8,51.2,0,79.1,25,31.7,1,0
APP000901,184800.0,0.23,32800.0,58.7,41.3,2,91.4,32,35.5,1,0
APP000902,64300.0,0.217,28500.0,34.0,66.0,1,76.4,34,17.4,2,0
APP000903,68100.0,1.03,14400.0,37.2,62.8,2,73.9,31,17.0,1,1
APP000904,30700.0,0.096,18700.0,54.5,45.5,0,84.2,24,27.3,1,0
APP000905,81300.0,0.735,18300.0,69.9,30.1,0,97.1,34,22.3,1,1
APP000906,13700.0,0.208,14000.0,61.0,39.0,1,84.1,31,39.1,0,0
APP000907,28800.0,0.081,23900.0,47.5,52.5,0,99.5,28,14.8,1,1
APP000908,202200.0,0.107,54500.0,65.9,34.1,0,94.5,30,25.1,3,0
APP000909,173300.0,0.255,28800.0,41.1,58.9,0,90.2,32,20.9,1,0
APP000910,45200.0,0.145,21400.0,32.0,68.0,1,83.6,43,6.1,0,0
APP000911,65500.0,0.769,22200.0,32.4,67.6,1,70.4,20,9.9,0,0
APP000912,57000.0,0.05,42800.0,39.3,60.7,1,85.8,27,31.3,2,0
APP000913,82900.0,0.191,22300.0,56.8,43.2,0,90.8,37,36.0,0,0
APP000914,144100.0,0.229,29400.0,68.4,31.6,0,73.3,29,12.6,0,0
APP000915,235500.0,0.466,40400.0,59.4,40.6,0,78.9,24,5.4,2,1
APP000916,48100.0,0.103,12500.0,67.1,32.9,2,74.1,29,21.7,0,0
APP000917,174900.0,0.05,36400.0,48.3,51.7,0,98.9,29,19.8,2,0
APP000918,18000.0,0.334,19700.0,69.4,30.6,0,79.9,33,11.2,3,0
APP000919,46500.0,0.288,21600.0,68.3,31.7,1,72.1,22,12.5,0,0
APP000920,91900.0,0.376,23100.0,35.4,64.6,0,93.4,39,37.4,1,1
APP000921,44900.0,1.684,29900.0,41.1,58.9,1,74.9,22,14.5,2,1
APP000922,104000.0,0.094,28300.0,70.0,30.0,0,89.2,29,25.6,2,3
APP000923,25800.0,0.219,29600.0,34.7,65.3,0,70.1,31,35.4,2,0
APP000924,41900.0,0.671,24500.0,45.9,54.1,0,72.5,26,22.7,1,1
APP000925,69200.0,0.096,9300.0,69.9,30.1,1,89.8,29,10.0,0,0
APP000926,55100.0,0.105,12300.0,43.4,56.6,1,71.4,22,9.4,2,1
APP000927,61500.0,0.224,22200.0,37.4,62.6,0,94.8,27,20.8,1,0
APP000928,187700.0,0.148,36500.0,58.3,41.7,1,78.6,24,17.0,1,0
APP000929,48600.0,0.259,9500.0,62.7,37.3,0,98.3,37,15.7,0,0
APP000930,18800.0,1.203,5200.0,64.7,35.3,0,85.7,32,33.8,0,0
APP000931,37700.0,0.2,9700.0,32.6,67.4,0,88.1,36,5.8,0,0
APP000932,91700.0,0.571,25600.0,35.5,64.5,0,73.9,41,22.2,2,0
APP000933,124700.0,0.05,37800.0,44.4,55.6,0,99.1,24,20.4,0,1
APP000934,259400.0,1.093,54400.0,41.6,58.4,0,86.2,39,9.0,0,0
APP000935,59200.0,0.126,15900.0,47.5,52.5,1,99.3,24,24.1,0,0
APP000936,45600.0,0.519,15900.0,42.3,57.7,1,90.7,28,35.7,1,0
APP000937,52900.0,0.36,22700.0,55.4,44.6,0,91.3,29,11.8,1,1
APP000938,19800.0,0.094,4500.0,51.3,48.7,0,90.2,31,33.0,1,0
APP000939,23900.0,0.506,25900.0,33.5,66.5,0,76.4,37,35.3,0,0
APP000940,29500.0,0.229,14600.0,52.4,47.6,0,82.7,28,27.9,2,0
APP000941,55600.0,0.268,15300.0,61.4,38.6,0,95.0,28,25.6,1,0
APP000942,18300.0,0.321,8700.0,52.7,47.3,0,79.4,24,10.4,1,1
APP000943,63200.0,0.05,17900.0,47.3,52.7,1,77.0,31,11.8,1,0
APP000944,94000.0,0.454,14000.0,61.5,38.5,3,92.9,34,26.5,0,0
APP000945,16700.0,0.323,16500.0,33.9,66.1,0,96.2,31,30.3,2,0
APP000946,23700.0,0.247,6400.0,52.6,47.4,1,73.3,26,27.7,0,0
APP000947,144000.0,0.298,36800.0,63.1,36.9,0,87.5,25,16.6,0,0
APP000948,172100.0,0.05,29500.0,62.4,37.6,0,94.4,28,23.9,0,0
APP000949,80700.0,0.378,23500.0,50.2,49.8,0,92.5,29,37.3,2,0
APP000950,52600.0,0.225,30700.0,36.8,63.2,0,96.6,35,31.8,0,0
APP000951,63000.0,0.207,34600.0,47.3,52.7,0,94.5,27,31.5,1,2
APP000952,326200.0,0.518,43300.0,35.2,64.8,0,77.4,31,12.4,0,3
APP000953,41400.0,0.276,27000.0,62.9,37.1,3,90.3,32,38.0,1,0
APP000954,40100.0,1.087,17000.0,55.9,44.1,1,95.7,20,21.5,0,0
APP000955,56500.0,0.269,15300.0,37.9,62.1,1,80.5,36,32.5,1,1
APP000956,20100.0,0.07,17200.0,58.0,42.0,1,71.4,18,22.5,2,0
APP000957,60500.0,0.05,44200.0,55.0,45.0,1,73.2,29,37.4,0,0
APP000958,23200.0,0.05,9900.0,54.0,46.0,0,96.3,20,20.5,1,1
APP000959,205900.0,1.385,65400.0,67.3,32.7,0,95.5,27,24.8,1,0
APP000960,338700.0,0.243,80400.0,45.8,54.2,0,85.2,28,23.0,2,0
APP000961,16400.0,0.893,17400.0,69.5,30.5,0,87.1,29,17.7,0,0
APP000962,79400.0,0.785,13200.0,40.8,59.2,0,81.5,22,9.1,0,3
APP000963,70100.0,0.414,19500.0,41.1,58.9,0,80.4,40,32.9,0,1
APP000964,126000.0,0.552,25400.0,49.7,50.3,0,86.4,26,16.0,1,0
APP000965,97900.0,0.05,24200.0,42.7,57.3,3,92.8,35,34.7,1,0
APP000966,31900.0,0.05,21000.0,48.5,51.5,3,94.7,33,37.5,0,0
APP000967,34200.0,0.356,40300.0,31.4,68.6,0,75.6,32,26.3,1,0
APP000968,39000.0,0.381,16400.0,38.1,61.9,0,95.9,26,16.6,1,0
APP000969,19300.0,0.296,5600.0,62.8,37.2,3,89.7,28,18.5,2,0
APP000970,78100.0,0.327,19500.0,32.6,67.4,0,82.4,31,9.2,0,0
APP000971,71100.0,0.167,36400.0,33.9,66.1,0,96.1,26,6.4,1,0
APP000972,118500.0,0.17,25400.0,44.5,55.5,2,79.2,31,24.5,0,0
APP000973,16500.0,0.115,8600.0,54.5,45.5,1,80.9,24,35.1,2,4
APP000974,217000.0,0.669,40300.0,39.8,60.2,0,71.9,45,30.8,3,0
APP000975,103900.0,0.283,34100.0,39.5,60.5,1,85.7,28,27.2,1,2
APP000976,87300.0,0.136,14100.0,49.9,50.1,1,91.5,37,9.5,1,0
APP000977,61000.0,0.606,18100.0,47.9,52.1,1,70.5,30,14.6,0,0
APP000978,242700.0,0.324,65400.0,30.7,69.3,1,73.2,28,29.0,0,0
APP000979,167300.0,0.153,40100.0,55.9,44.1,0,81.1,31,38.7,0,0
APP000980,36100.0,0.053,37400.0,54.1,45.9,0,81.1,18,35.5,0,2
APP000981,107100.0,0.134,13300.0,46.3,53.7,0,78.0,23,14.0,2,0
APP000982,179900.0,0.25,34800.0,49.2,50.8,0,85.7,24,38.2,2,0
APP000983,26100.0,0.225,14700.0,42.6,57.4,0,78.5,25,19.5,1,0
APP000984,134300.0,0.099,24600.0,65.9,34.1,0,90.6,28,27.7,1,0
APP000985,524700.0,0.216,107000.0,30.6,69.4,0,90.5,26,25.7,0,0
APP000986,95100.0,0.219,12300.0,45.5,54.5,0,70.2,25,36.3,1,0
APP000987,90800.0,0.087,75500.0,44.2,55.8,1,70.2,36,31.8,1,0
APP000988,63800.0,0.392,14600.0,42.3,57.7,2,80.9,21,33.3,0,0
APP000989,45900.0,0.055,11400.0,55.6,44.4,0,97.4,25,23.0,0,1
APP000990,116700.0,0.134,20000.0,56.7,43.3,1,93.7,34,33.1,0,0
APP000991,83800.0,0.05,16200.0,68.0,32.0,0,72.2,29,37.7,3,2
APP000992,78900.0,0.944,46100.0,36.9,63.1,0,76.1,25,6.0,1,1
APP000993,69700.0,0.05,26200.0,63.1,36.9,0,76.8,30,17.4,2,2
APP000994,89800.0,0.22,16100.0,38.3,61.7,0,80.6,32,18.6,1,0
APP000995,42800.0,0.145,21200.0,31.9,68.1,0,97.9,35,14.9,0,0
APP000996,29700.0,0.217,12700.0,54.4,45.6,0,96.4,32,14.8,1,0
APP000997,78700.0,0.325,12200.0,65.5,34.5,1,82.3,30,22.4,2,0
APP000998,27600.0,0.05,6300.0,50.9,49.1,0,81.6,32,9.8,3,0
APP000999,69300.0,0.254,30200.0,64.9,35.1,1,80.0,35,39.5,1,0
APP001000,56700.0,0.05,13800.0,61.9,38.1,2,87.2,24,37.4,2,0
APP001001,14700.0,0.244,4900.0,51.7,48.3,1,74.2,31,6.1,1,1
APP001002,160200.0,0.05,43700.0,58.7,41.3,0,83.2,38,35.9,1,0
APP001003,31700.0,0.555,22900.0,42.1,57.9,2,74.8,34,9.9,0,0
APP001004,110500.0,0.578,23000.0,41.1,58.9,1,85.7,33,33.5,0,0
APP001005,58600.0,0.227,19600.0,42.4,57.6,0,70.5,43,13.0,4,0
APP001006,67500.0,0.052,17800.0,59.2,40.8,4,99.2,25,25.1,0,2
APP001007,78000.0,0.136,30500.0,65.5,34.5,0,96.6,32,13.9,1,2
APP001008,12600.0,0.05,7500.0,56.5,43.5,0,93.4,29,33.2,2,0
APP001009,27200.0,0.233,22700.0,59.8,40.2,0,89.8,30,10.4,1,0
APP001010,38200.0,0.201,20400.0,52.1,47.9,1,96.0,26,19.3,0,1
APP001011,18900.0,0.05,5300.0,57.0,43.0,0,97.1,23,20.1,0,3
APP001012,75600.0,0.157,9500.0,31.2,68.8,0,93.5,31,30.1,1,0
APP001013,95100.0,0.071,26300.0,48.2,51.8,0,85.0,36,36.7,2,0
APP001014,49000.0,0.215,11000.0,37.2,62.8,0,76.5,28,38.8,0,1
APP001015,33000.0,0.821,31600.0,59.6,40.4,0,96.8,29,18.7,0,0
APP001016,48800.0,0.053,17600.0,30.3,69.7,0,83.3,28,12.4,0,1
APP001017,23900.0,0.05,35300.0,62.0,38.0,0,77.0,28,17.5,2,3
APP001018,61400.0,0.32,13000.0,49.9,50.1,0,75.7,30,11.7,0,0
APP001019,122200.0,0.289,17600.0,39.7,60.3,1,96.1,35,20.6,2,4
APP001020,44200.0,0.05,14300.0,40.3,59.7,0,91.5,37,35.7,1,0
APP001021,62500.0,0.184,13800.0,47.7,52.3,2,89.3,28,20.0,2,0
APP001022,144500.0,0.09,34600.0,47.4,52.6,2,70.8,36,24.7,1,0
APP001023,24600.0,0.181,10200.0,52.8,47.2,0,78.3,21,13.6,4,0
APP001024,131300.0,0.076,31200.0,66.6,33.4,0,77.7,25,17.9,0,1
APP001025,19500.0,0.855,13800.0,64.6,35.4,0,72.5,23,20.3,0,0
APP001026,244900.0,0.199,46100.0,69.6,30.4,0,87.6,40,35.5,0,0
APP001027,18500.0,0.151,4700.0,56.2,43.8,0,80.4,25,31.6,1,2
APP001028,36400.0,0.05,35400.0,32.9,67.1,2,75.9,28,20.8,0,0
APP001029,9800.0,0.119,6700.0,36.4,63.6,4,88.3,22,16.9,0,0
APP001030,30000.0,0.105,12800.0,60.3,39.7,0,74.6,33,20.9,0,0
APP001031,94500.0,0.207,57600.0,39.2,60.8,0,84.0,35,15.7,2,0
APP001032,128900.0,0.623,38500.0,36.2,63.8,0,83.2,35,7.8,0,0
APP001033,34600.0,0.463,16300.0,42.1,57.9,2,84.2,27,15.6,1,0
APP001034,137500.0,0.164,19900.0,60.4,39.6,0,76.8,23,30.9,2,0
APP001035,39900.0,0.665,47600.0,45.8,54.2,0,80.6,30,6.7,1,0
APP001036,16700.0,1.057,8900.0,54.7,45.3,2,89.9,29,15.8,2,0
APP001037,67300.0,0.05,40700.0,42.9,57.1,0,80.2,28,24.0,1,0
APP001038,65200.0,0.05,26200.0,67.3,32.7,4,88.7,38,17.0,0,0
APP001039,14100.0,0.879,12400.0,68.7,31.3,0,96.1,33,19.3,1,0
APP001040,70600.0,0.206,26800.0,61.8,38.2,0,72.5,32,8.8,2,0
APP001041,45900.0,0.297,9900.0,33.9,66.1,2,86.7,25,37.3,0,1
APP001042,17900.0,0.279,8600.0,41.5,58.5,1,95.2,32,23.5,2,3
APP001043,90900.0,0.294,14100.0,44.7,55.3,0,71.2,21,8.0,3,1
APP001044,109000.0,0.058,18200.0,42.1,57.9,0,75.5,30,21.2,1,0
APP001045,89200.0,0.109,20200.0,50.6,49.4,3,99.2,23,33.0,0,0
APP001046,92600.0,0.301,41700.0,60.3,39.7,0,96.2,25,27.8,0,0
APP001047,111500.0,0.471,36600.0,53.9,46.1,0,73.0,33,11.7,0,0
APP001048,107100.0,0.117,20800.0,52.9,47.1,0,77.2,37,17.7,3,0
APP001049,89400.0,0.193,18400.0,33.6,66.4,0,75.6,39,38.8,1,0
APP001050,59800.0,0.521,29800.0,37.5,62.5,3,70.4,26,23.3,1,1
APP001051,121600.0,0.253,21500.0,50.7,49.3,0,71.3,41,10.3,1,1
APP001052,118900.0,0.087,27900.0,66.3,33.7,0,72.7,36,37.2,1,0
APP001053,65100.0,0.318,18000.0,39.1,60.9,0,99.5,28,11.5,0,0
APP001054,29400.0,0.616,6600.0,35.8,64.2,0,78.0,29,7.1,1,3
APP001055,12400.0,0.418,5300.0,46.9,53.1,0,70.5,32,31.0,1,1
APP001056,26100.0,0.109,22000.0,65.6,34.4,0,71.2,27,18.3,0,0
APP001057,158700.0,0.228,36000.0,30.6,69.4,0,88.2,28,34.1,0,1
APP001058,126700.0,0.211,24900.0,66.1,33.9,0,74.1,31,11.9,0,0
APP001059,96900.0,0.17,26100.0,63.7,36.3,0,77.2,22,17.3,1,1
APP001060,39500.0,0.217,12400.0,47.8,52.2,0,98.5,34,24.2,4,0
APP001061,20100.0,0.299,3700.0,46.7,53.3,0,89.7,22,10.4,0,0
APP001062,64100.0,0.063,15700.0,56.4,43.6,0,75.8,32,16.1,0,2
APP001063,76200.0,0.057,36900.0,31.0,69.0,0,82.3,27,32.4,2,1
APP001064,39200.0,0.318,20700.0,57.6,42.4,0,78.8,31,31.5,3,1
APP001065,27600.0,0.05,22500.0,54.2,45.8,0,98.5,33,20.1,1,0
APP001066,84200.0,0.05,23100.0,41.2,58.8,0,71.6,19,38.0,3,0
APP001067,71500.0,0.243,22700.0,49.4,50.6,0,99.8,38,16.7,0,0
APP001068,127200.0,0.563,33100.0,55.0,45.0,0,88.2,11,19.3,0,4
APP001069,301500.0,0.059,86300.0,57.9,42.1,0,75.2,32,10.3,2,3
APP001070,63800.0,0.648,28800.0,58.8,41.2,0,75.0,34,30.2,2,0
APP001071,42900.0,0.05,14500.0,50.7,49.3,0,80.1,29,10.4,0,0
APP001072,169500.0,0.156,48300.0,62.8,37.2,0,94.6,28,5.8,1,0
APP001073,97900.0,0.155,20500.0,34.6,65.4,3,89.7,27,16.1,1,0
APP001074,43700.0,0.079,22800.0,47.0,53.0,0,72.9,22,30.1,1,0
APP001075,29200.0,0.255,24500.0,40.8,59.2,0,76.9,21,38.7,0,2
APP001076,14400.0,0.646,3400.0,40.0,60.0,1,89.8,28,17.8,1,0
APP001077,83900.0,0.185,35100.0,46.1,53.9,0,86.7,32,33.4,0,0
APP001078,146100.0,0.05,28900.0,51.2,48.8,1,95.7,17,34.8,0,0
APP001079,39600.0,0.054,18600.0,41.3,58.7,0,95.9,26,39.6,0,1
APP001080,12300.0,0.272,4400.0,35.5,64.5,0,71.5,27,37.4,2,0
APP001081,41200.0,0.176,42500.0,57.0,43.0,0,75.4,19,30.6,2,1
APP001082,84900.0,0.129,38900.0,50.0,50.0,0,95.2,29,16.7,1,3
APP001083,84500.0,0.259,22300.0,39.8,60.2,0,98.4,22,21.9,3,0
APP001084,65000.0,0.209,18400.0,64.8,35.2,1,75.0,37,11.5,0,0
APP001085,77800.0,0.229,19800.0,39.1,60.9,0,74.5,29,29.9,2,0
APP001086,16800.0,0.285,7400.0,51.5,48.5,0,73.1,38,19.7,1,1
APP001087,46300.0,0.052,26500.0,66.8,33.2,1,72.8,20,35.8,1,1
APP001088,30300.0,0.053,5300.0,64.2,35.8,0,88.5,27,9.5,0,0
APP001089,32600.0,0.05,4800.0,33.8,66.2,0,80.6,30,9.9,1,0
APP001090,162200.0,0.05,37400.0,47.9,52.1,4,76.0,43,7.3,1,1
APP001091,76300.0,0.342,22000.0,45.6,54.4,0,90.6,40,26.7,0,1
APP001092,67000.0,0.173,12400.0,58.9,41.1,0,78.0,30,22.4,0,1
APP001093,65400.0,0.133,23000.0,60.5,39.5,0,94.1,23,24.8,1,0
APP001094,186800.0,0.451,41000.0,61.3,38.7,0,92.8,32,18.6,1,0
APP001095,10300.0,0.118,5700.0,40.0,60.0,0,99.0,26,18.5,2,0
APP001096,69200.0,0.368,14400.0,56.8,43.2,0,95.5,24,39.8,1,4
APP001097,130600.0,0.625,49000.0,59.6,40.4,0,95.5,30,11.1,0,0
APP001098,235200.0,0.372,54000.0,45.9,54.1,0,75.1,25,6.8,1,0
APP001099,101300.0,0.098,22200.0,48.5,51.5,0,85.4,39,36.0,1,0
APP001100,118500.0,0.05,23100.0,32.4,67.6,0,90.9,27,20.8,3,0
APP001101,115100.0,0.087,29200.0,63.5,36.5,2,77.8,30,26.3,0,0
APP001102,56000.0,0.259,7200.0,43.4,56.6,0,77.2,30,33.0,0,0
APP001103,69000.0,0.109,12300.0,63.2,36.8,0,83.7,27,13.3,1,0
APP001104,89500.0,0.136,21200.0,56.7,43.3,0,94.4,40,34.9,0,0
APP001105,54300.0,1.244,22000.0,65.0,35.0,0,98.9,37,14.1,3,2
APP001106,98600.0,0.504,49600.0,48.5,51.5,0,98.1,32,6.9,3,1
APP001107,96200.0,0.085,21000.0,32.4,67.6,1,91.8,33,5.4,3,0
APP001108,20200.0,0.717,11500.0,41.0,59.0,0,95.4,34,23.9,2,0
APP001109,51000.0,0.218,21400.0,58.0,42.0,0,82.6,16,8.1,0,0
APP001110,25700.0,0.778,7500.0,37.3,62.7,0,80.4,33,13.0,4,1
APP001111,164100.0,0.808,31400.0,67.5,32.5,2,90.3,39,31.0,2,0
APP001112,32300.0,0.218,13000.0,57.0,43.0,1,90.5,35,30.9,1,2
APP001113,39900.0,0.831,38600.0,63.1,36.9,0,88.6,32,5.7,2,0
APP001114,110000.0,0.284,39900.0,42.7,57.3,0,94.1,29,37.9,0,0
APP001115,122100.0,0.05,23300.0,59.3,40.7,0,92.6,26,13.5,0,0
APP001116,22700.0,0.789,30800.0,48.4,51.6,1,99.4,34,6.1,1,1
APP001117,100400.0,1.69,35100.0,51.0,49.0,1,85.0,24,38.7,1,0
APP001118,166600.0,0.137,54700.0,66.1,33.9,0,86.1,31,32.9,3,0
APP001119,101700.0,0.05,26900.0,62.4,37.6,0,94.2,31,11.2,1,2
APP001120,25600.0,0.398,4500.0,44.2,55.8,0,91.9,31,18.3,1,0
APP001121,68800.0,1.167,18500.0,44.1,55.9,0,86.7,35,16.9,0,0
APP001122,80400.0,0.183,15900.0,56.6,43.4,0,82.8,28,6.6,1,0
APP001123,115800.0,0.331,14400.0,68.2,31.8,0,76.6,34,30.9,1,2
APP001124,8100.0,0.05,10800.0,61.7,38.3,0,74.8,33,20.8,0,0
APP001125,50600.0,0.273,29900.0,49.5,50.5,0,73.5,32,38.8,0,0
APP001126,129000.0,0.264,25800.0,66.6,33.4,0,77.7,28,15.3,0,1
APP001127,71100.0,0.353,11800.0,40.7,59.3,0,89.7,29,16.8,4,2
APP001128,80000.0,0.083,26200.0,40.1,59.9,0,73.0,30,13.7,1,0
APP001129,34300.0,0.659,20500.0,62.8,37.2,0,76.0,31,18.3,0,0
APP001130,43700.0,0.114,31400.0,34.0,66.0,1,81.5,26,20.5,3,2
APP001131,173100.0,0.41,25800.0,56.1,43.9,0,83.2,29,5.5,1,0
APP001132,69500.0,0.715,31700.0,49.6,50.4,2,91.8,36,26.6,2,0
APP001133,59500.0,0.553,16500.0,37.6,62.4,2,98.2,27,37.7,0,1
APP001134,121600.0,0.183,19400.0,40.2,59.8,0,80.3,26,12.8,0,0
APP001135,47200.0,0.306,23400.0,69.7,30.3,3,85.2,42,11.1,0,0
APP001136,53100.0,0.05,7600.0,42.3,57.7,1,99.6,30,38.9,0,0
APP001137,22800.0,0.231,23700.0,66.0,34.0,0,73.0,36,16.4,1,0
APP001138,263400.0,0.07,41800.0,44.9,55.1,0,75.9,23,35.7,1,0
APP001139,54600.0,0.701,20200.0,39.4,60.6,0,86.1,32,14.5,1,1
APP001140,152800.0,0.067,42200.0,64.1,35.9,0,72.0,25,34.7,0,0
APP001141,49000.0,0.602,50100.0,39.6,60.4,0,70.6,37,32.0,1,0
APP001142,107100.0,0.116,32200.0,58.3,41.7,0,77.2,31,17.9,1,1
APP001143,66800.0,0.05,24400.0,50.7,49.3,0,97.3,41,16.0,3,0
APP001144,47700.0,0.695,20100.0,67.6,32.4,0,80.1,29,14.3,0,0
APP001145,34300.0,0.05,19700.0,69.7,30.3,0,73.5,23,32.5,1,0
APP001146,105000.0,0.372,21900.0,63.3,36.7,0,98.5,25,28.3,0,0
APP001147,114500.0,0.917,21700.0,55.1,44.9,1,96.0,30,19.6,0,0
APP001148,52100.0,0.207,8800.0,56.9,43.1,0,94.8,40,26.4,2,4
APP001149,41900.0,0.113,14300.0,62.3,37.7,0,85.5,28,36.9,0,0
APP001150,89000.0,0.05,34500.0,43.3,56.7,0,77.3,18,11.4,1,1
APP001151,22500.0,0.288,21400.0,46.5,53.5,0,82.9,31,26.5,1,0
APP001152,51200.0,0.05,37100.0,43.8,56.2,0,81.1,31,9.8,0,0
APP001153,45000.0,0.652,27900.0,67.3,32.7,0,74.4,29,37.2,1,0
APP001154,114100.0,0.798,31700.0,35.3,64.7,0,99.2,25,14.6,3,0
APP001155,199700.0,0.17,48500.0,31.1,68.9,0,90.4,27,30.4,0,0
APP001156,10800.0,0.124,10100.0,59.0,41.0,0,76.3,31,25.2,2,0
APP001157,55900.0,0.188,20500.0,40.4,59.6,1,74.0,28,13.6,4,0
APP001158,344100.0,0.192,63000.0,62.7,37.3,0,81.6,25,37.8,5,0
APP001159,160700.0,0.05,43300.0,33.4,66.6,0,82.5,41,29.8,0,0
APP001160,298100.0,0.05,65600.0,39.6,60.4,0,80.2,30,39.9,3,0
APP001161,88100.0,1.046,22900.0,66.9,33.1,0,84.5,29,34.3,2,0
APP001162,37700.0,0.05,6900.0,60.9,39.1,0,83.0,29,7.5,1,2
APP001163,34800.0,0.282,27600.0,32.6,67.4,0,92.6,34,23.1,2,2
APP001164,181000.0,0.063,47500.0,63.6,36.4,0,71.4,30,31.2,0,0
APP001165,27000.0,0.283,10500.0,45.4,54.6,0,71.3,29,16.9,0,0
APP001166,96200.0,0.415,21500.0,48.2,51.8,2,88.4,28,20.8,0,0
APP001167,90000.0,0.05,30100.0,62.4,37.6,0,89.8,20,39.3,0,2
APP001168,107600.0,0.383,28200.0,41.7,58.3,1,97.3,27,37.7,1,2
APP001169,71900.0,0.294,25100.0,56.2,43.8,0,75.0,38,30.4,0,0
APP001170,51800.0,0.354,12300.0,36.9,63.1,0,86.6,43,36.8,0,0
APP001171,228500.0,0.378,50000.0,64.1,35.9,0,73.5,30,22.9,4,0
APP001172,79100.0,0.316,25200.0,42.9,57.1,1,95.7,29,38.4,0,0
APP001173,64900.0,0.332,29900.0,58.3,41.7,0,72.5,31,39.7,1,1
APP001174,43300.0,0.218,17200.0,34.7,65.3,0,94.4,22,34.2,0,0
APP001175,123800.0,0.37,29000.0,53.2,46.8,1,77.4,33,29.8,5,1
APP001176,110000.0,0.367,20500.0,39.9,60.1,0,90.2,40,33.4,1,0
APP001177,164800.0,0.188,20600.0,56.9,43.1,2,73.8,26,34.0,1,0
APP001178,238600.0,0.05,61200.0,39.6,60.4,1,93.0,35,38.2,0,0
APP001179,39600.0,0.143,24200.0,52.5,47.5,0,89.1,40,20.3,1,0
APP001180,101600.0,0.222,27700.0,61.6,38.4,0,90.0,32,32.9,2,3
APP001181,126400.0,0.1,50700.0,55.2,44.8,0,96.6,23,19.5,2,0
APP001182,304900.0,0.05,54700.0,52.8,47.2,0,77.9,24,19.2,2,0
APP001183,74000.0,0.629,14500.0,40.8,59.2,1,95.6,33,6.2,1,0
APP001184,78000.0,0.127,55000.0,36.1,63.9,0,85.3,34,24.8,2,0
APP001185,23500.0,0.056,12300.0,46.0,54.0,0,76.4,27,10.2,2,0
APP001186,92600.0,0.05,22300.0,67.1,32.9,0,90.0,32,25.1,0,0
APP001187,27200.0,0.085,13600.0,57.5,42.5,1,74.3,33,27.6,1,0
APP001188,42600.0,0.347,22600.0,43.6,56.4,0,78.8,32,31.9,1,0
APP001189,74800.0,0.535,24200.0,55.2,44.8,0,94.4,26,30.2,1,0
APP001190,76400.0,0.208,16400.0,42.0,58.0,0,74.3,34,13.0,2,0
APP001191,149300.0,0.255,49300.0,69.3,30.7,2,75.4,28,12.1,2,0
APP001192,91400.0,0.81,51600.0,60.7,39.3,1,84.0,30,16.8,1,0
APP001193,97400.0,0.596,28100.0,33.1,66.9,0,77.5,33,26.3,0,0
APP001194,273700.0,0.05,45600.0,34.7,65.3,0,74.7,39,27.4,0,0
APP001195,122400.0,0.074,23900.0,61.0,39.0,2,92.5,30,23.2,1,0
APP001196,111900.0,0.715,22500.0,37.5,62.5,1,94.1,32,8.4,1,2
APP001197,32800.0,0.172,11800.0,35.6,64.4,0,99.2,29,17.1,0,1
APP001198,101100.0,0.387,16600.0,66.3,33.7,0,86.5,30,22.8,1,0
APP001199,86500.0,0.069,15700.0,34.0,66.0,0,83.1,37,10.0,2,1
APP001200,55900.0,0.05,27400.0,68.7,31.3,0,81.9,24,30.7,0,0
APP001201,64100.0,0.551,23500.0,54.2,45.8,4,79.4,23,15.5,1,0
APP001202,73800.0,0.125,53400.0,51.1,48.9,2,71.1,35,34.2,0,0
APP001203,22300.0,0.488,17800.0,56.7,43.3,1,81.5,38,30.5,1,1
APP001204,13100.0,0.05,11200.0,45.7,54.3,0,74.4,23,6.7,0,0
APP001205,59600.0,0.522,31000.0,44.7,55.3,0,75.1,24,36.3,1,0
APP001206,16400.0,0.11,4100.0,68.6,31.4,0,94.0,24,39.4,3,0
APP001207,26200.0,0.165,5900.0,41.6,58.4,2,75.9,28,5.8,1,0
APP001208,36400.0,0.928,8400.0,56.0,44.0,0,75.9,25,35.5,1,1
APP001209,167200.0,0.056,33800.0,66.6,33.4,0,90.1,34,33.0,1,3
APP001210,16200.0,0.273,14600.0,59.6,40.4,0,99.5,26,37.8,1,0
APP001211,42200.0,0.237,8100.0,66.3,33.7,0,82.0,32,11.7,1,0
APP001212,20400.0,0.214,6700.0,46.3,53.7,0,87.6,35,25.6,0,0
APP001213,97600.0,0.459,19600.0,34.2,65.8,0,77.5,21,21.0,0,0
APP001214,45100.0,0.127,13500.0,52.8,47.2,0,89.2,34,35.6,0,1
APP001215,28900.0,0.594,12400.0,33.5,66.5,1,73.9,22,36.6,1,0
APP001216,72200.0,0.26,18200.0,60.4,39.6,0,79.4,28,20.5,0,0
APP001217,35200.0,0.531,11200.0,52.9,47.1,2,93.2,31,11.7,2,0
APP001218,84100.0,0.479,23500.0,45.7,54.3,0,91.2,28,38.2,3,0
APP001219,52500.0,0.573,23000.0,31.3,68.7,0,96.7,38,33.5,1,0
APP001220,191100.0,0.195,33600.0,53.0,47.0,0,81.3,20,30.4,1,0
APP001221,21800.0,0.289,18200.0,66.4,33.6,0,91.2,28,17.5,1,0
APP001222,222700.0,0.05,64300.0,67.8,32.2,0,77.8,30,33.2,2,1
APP001223,142400.0,0.111,19100.0,59.6,40.4,0,76.0,37,6.8,0,0
APP001224,28400.0,0.093,12300.0,61.3,38.7,1,74.4,38,6.9,1,0
APP001225,95900.0,0.407,54000.0,53.2,46.8,0,78.1,31,32.9,2,2
APP001226,201500.0,0.656,33100.0,60.5,39.5,4,97.6,33,38.2,2,2
APP001227,43800.0,0.06,31800.0,42.6,57.4,0,71.6,26,35.3,2,0
APP001228,73700.0,1.092,9300.0,40.7,59.3,0,79.9,26,28.6,1,3
APP001229,177000.0,0.234,41600.0,62.5,37.5,1,82.2,39,12.9,1,0
APP001230,40100.0,0.296,19100.0,31.1,68.9,3,98.3,26,27.7,0,0
APP001231,33600.0,0.276,5400.0,32.3,67.7,0,80.8,28,12.1,2,0
APP001232,59000.0,0.182,36600.0,51.9,48.1,1,70.8,36,26.7,2,0
APP001233,44800.0,0.23,10100.0,31.6,68.4,0,99.5,28,8.2,2,0
APP001234,24100.0,0.501,23000.0,42.9,57.1,0,77.4,20,8.4,2,2
APP001235,69600.0,1.122,24800.0,43.1,56.9,0,92.1,27,32.6,0,0
APP001236,61200.0,0.435,21800.0,69.6,30.4,2,81.6,37,25.5,1,0
APP001237,70100.0,0.489,24700.0,42.8,57.2,0,85.0,41,29.6,1,1
APP001238,84000.0,0.411,22100.0,48.5,51.5,3,95.8,35,11.0,2,0
APP001239,57200.0,0.054,33800.0,46.4,53.6,0,84.2,30,30.3,1,0
APP001240,66700.0,0.232,35400.0,55.4,44.6,0,97.5,27,5.5,0,0
APP001241,48800.0,0.05,15400.0,49.1,50.9,0,73.0,29,26.2,1,0
APP001242,34700.0,0.19,16000.0,66.9,33.1,2,84.5,37,6.5,1,3
APP001243,24900.0,0.626,29900.0,50.0,50.0,0,84.6,24,23.2,2,1
APP001244,114200.0,0.152,25400.0,68.8,31.2,0,97.4,29,38.8,2,3
APP001245,77600.0,0.637,25300.0,35.6,64.4,0,70.8,32,38.5,1,0
APP001246,149700.0,0.176,25500.0,51.1,48.9,1,79.7,30,15.9,3,1
APP001247,14200.0,0.129,10400.0,49.3,50.7,0,95.8,34,14.6,0,0
APP001248,36500.0,0.379,17100.0,64.6,35.4,1,91.6,30,13.5,2,0
APP001249,98400.0,0.507,19500.0,45.6,54.4,0,87.7,19,38.5,1,0
APP001250,83900.0,0.19,33100.0,55.8,44.2,0,92.5,22,29.7,3,0
APP001251,16000.0,0.186,13800.0,69.4,30.6,1,74.8,25,35.5,1,0
APP001252,47800.0,0.533,13100.0,54.7,45.3,0,99.5,27,35.1,4,0
APP001253,176900.0,0.504,56600.0,56.4,43.6,2,79.9,20,37.5,1,0
APP001254,94100.0,0.735,28900.0,52.8,47.2,0,77.5,20,13.6,3,0
APP001255,142700.0,0.148,44800.0,36.7,63.3,0,78.3,35,10.4,0,3
APP001256,32000.0,0.063,22700.0,66.1,33.9,0,92.1,29,37.8,0,3
APP001257,31000.0,0.926,10000.0,63.8,36.2,0,91.1,33,13.0,4,1
APP001258,111500.0,0.243,40200.0,50.8,49.2,0,76.8,29,34.4,0,0
APP001259,49400.0,0.373,25400.0,41.1,58.9,1,74.8,24,6.0,2,1
APP001260,245200.0,0.583,41800.0,63.3,36.7,0,90.4,34,17.5,1,0
APP001261,93800.0,0.05,48400.0,43.9,56.1,0,78.5,34,23.9,0,0
APP001262,63300.0,0.249,27600.0,49.6,50.4,1,90.0,39,27.3,1,0
APP001263,90200.0,0.287,51800.0,56.4,43.6,0,90.0,32,21.0,1,0
APP001264,161700.0,0.619,47800.0,56.2,43.8,5,89.3,41,30.8,4,0
APP001265,35000.0,0.272,12900.0,45.1,54.9,0,80.7,25,15.2,2,0
APP001266,29300.0,0.062,19100.0,62.6,37.4,0,80.0,26,7.8,0,4
APP001267,29200.0,0.392,5000.0,63.9,36.1,1,95.2,26,33.6,3,0
APP001268,448500.0,1.466,111000.0,61.1,38.9,0,94.3,29,26.1,2,0
APP001269,28600.0,0.35,10200.0,41.5,58.5,0,74.6,25,29.0,0,0
APP001270,87400.0,0.331,54000.0,42.1,57.9,0,86.5,26,26.9,0,0
APP001271,83500.0,0.05,11200.0,35.5,64.5,4,99.2,33,26.4,1,0
APP001272,98400.0,0.921,22400.0,57.6,42.4,2,97.3,37,12.2,0,0
APP001273,311000.0,0.126,87600.0,58.6,41.4,0,82.7,41,6.7,1,2
APP001274,13300.0,0.894,4400.0,30.3,69.7,1,94.1,26,39.5,1,0
APP001275,110900.0,0.362,27500.0,55.6,44.4,0,88.8,27,27.9,0,0
APP001276,117300.0,0.153,47200.0,31.7,68.3,4,86.1,33,8.7,1,0
APP001277,40900.0,0.054,14900.0,65.8,34.2,0,91.1,36,33.0,2,0
APP001278,30700.0,0.202,8400.0,67.3,32.7,0,84.5,35,13.7,2,0
APP001279,73400.0,0.669,36000.0,63.4,36.6,0,96.3,38,30.2,0,1
APP001280,284200.0,0.516,70100.0,64.0,36.0,0,80.9,37,27.9,0,0
APP001281,67100.0,0.064,35300.0,52.9,47.1,0,98.9,28,26.7,0,3
APP001282,85600.0,0.707,29700.0,54.8,45.2,0,74.3,31,30.2,3,1
APP001283,128800.0,0.747,23300.0,46.9,53.1,0,92.7,39,8.3,0,0
APP001284,37700.0,0.05,13500.0,65.3,34.7,0,88.7,29,29.8,0,0
APP001285,92800.0,0.188,40800.0,32.9,67.1,0,87.1,21,25.2,0,0
APP001286,52000.0,0.156,26000.0,59.0,41.0,0,96.6,34,20.8,2,0
APP001287,16600.0,0.353,12800.0,34.9,65.1,0,85.7,33,8.8,0,0
APP001288,47800.0,0.144,34900.0,37.1,62.9,0,75.0,21,14.4,1,0
APP001289,135700.0,0.052,36400.0,36.0,64.0,1,86.6,29,12.5,0,0
APP001290,139600.0,0.367,21800.0,39.4,60.6,0,75.3,26,13.6,2,0
APP001291,87800.0,0.05,31300.0,62.5,37.5,3,82.3,30,38.2,0,0
APP001292,49500.0,0.05,26900.0,39.1,60.9,3,98.7,32,22.4,2,0
APP001293,120700.0,0.257,47500.0,54.6,45.4,0,78.7,28,14.9,0,0
APP001294,62800.0,0.05,16700.0,40.5,59.5,1,79.7,31,26.1,0,3
APP001295,124700.0,0.186,50900.0,48.5,51.5,0,70.1,38,21.5,1,1
APP001296,19800.0,1.067,4000.0,64.6,35.4,0,85.2,30,6.7,3,0
APP001297,145800.0,0.426,122600.0,30.4,69.6,1,90.5,22,6.0,1,0
APP001298,50000.0,0.448,24900.0,33.7,66.3,1,72.8,27,34.1,3,0
APP001299,145600.0,0.188,33700.0,40.3,59.7,1,90.4,38,15.1,0,2
APP001300,100000.0,0.077,30300.0,33.7,66.3,2,98.1,27,26.9,0,0
APP001301,133300.0,0.668,38800.0,62.0,38.0,1,78.4,36,15.7,0,0
APP001302,15100.0,0.05,6000.0,49.3,50.7,0,94.6,21,9.4,1,0
APP001303,29300.0,0.137,4300.0,48.0,52.0,0,77.4,43,37.6,2,3
APP001304,484200.0,0.09,120300.0,69.3,30.7,4,95.0,29,14.1,0,0
APP001305,103500.0,0.056,24600.0,60.7,39.3,1,72.4,33,39.7,0,0
APP001306,75800.0,0.113,36200.0,43.1,56.9,0,71.4,31,32.1,3,0
APP001307,88700.0,1.507,20400.0,46.0,54.0,0,77.7,34,10.4,1,1
APP001308,73200.0,0.305,11000.0,43.4,56.6,0,83.3,26,18.2,1,0
APP001309,151400.0,0.719,23300.0,42.1,57.9,1,80.7,25,37.8,0,0
APP001310,35100.0,0.908,20600.0,68.3,31.7,0,77.7,29,12.9,2,0
APP001311,105400.0,0.05,27500.0,56.0,44.0,0,75.5,26,6.7,2,0
APP001312,39100.0,0.203,24900.0,58.8,41.2,0,93.8,33,10.8,2,0
APP001313,54300.0,0.126,13600.0,45.6,54.4,2,84.2,35,20.5,1,0
APP001314,57700.0,0.05,32900.0,64.9,35.1,0,83.7,43,24.1,0,0
APP001315,67500.0,0.17,16400.0,65.9,34.1,2,71.2,41,15.1,3,0
APP001316,63400.0,0.495,14000.0,37.4,62.6,0,85.0,25,35.1,1,0
APP001317,19000.0,0.077,12400.0,61.6,38.4,0,82.0,35,15.6,2,0
APP001318,152300.0,0.059,43100.0,54.2,45.8,0,71.9,25,35.3,4,0
APP001319,128700.0,0.332,49700.0,37.2,62.8,1,97.6,27,25.0,0,1
APP001320,320600.0,0.15,53900.0,55.5,44.5,1,98.1,31,24.7,0,0
APP001321,145900.0,0.538,33000.0,49.4,50.6,0,83.6,36,22.9,2,4
APP001322,21800.0,0.095,11200.0,55.2,44.8,0,75.0,33,31.2,0,2
APP001323,30800.0,0.167,17100.0,42.7,57.3,0,98.5,19,28.6,0,0
APP001324,20300.0,0.507,17500.0,33.9,66.1,2,82.4,29,23.4,2,2
APP001325,32600.0,0.091,22500.0,40.0,60.0,1,88.8,35,25.6,2,0
APP001326,247700.0,0.05,81500.0,65.9,34.1,0,73.6,32,31.4,3,0
APP001327,78300.0,0.122,13500.0,42.2,57.8,0,95.5,32,37.2,0,0
APP001328,61900.0,0.269,43300.0,68.9,31.1,3,90.0,29,29.6,3,1
APP001329,65900.0,0.258,18200.0,48.6,51.4,0,86.9,24,31.4,0,0
APP001330,60500.0,0.05,37500.0,30.2,69.8,0,91.3,18,27.2,2,1
APP001331,43300.0,0.204,18200.0,63.7,36.3,3,86.8,27,22.9,2,0
APP001332,171300.0,0.216,24200.0,49.5,50.5,0,82.2,28,21.9,0,0
APP001333,68300.0,0.218,24300.0,49.1,50.9,3,70.0,31,30.8,1,0
APP001334,118000.0,0.125,28800.0,54.0,46.0,1,95.3,34,34.3,0,0
APP001335,26300.0,0.118,24700.0,62.6,37.4,0,78.7,31,24.1,2,0
APP001336,75400.0,0.05,28000.0,53.8,46.2,0,70.9,29,35.2,3,0
APP001337,13100.0,0.087,10700.0,33.9,66.1,1,70.6,25,9.9,2,0
APP001338,43000.0,0.185,27500.0,60.5,39.5,0,86.4,32,39.4,2,0
APP001339,67200.0,0.296,8700.0,50.4,49.6,0,72.0,33,23.1,2,0
APP001340,44900.0,0.05,17600.0,51.9,48.1,1,84.8,29,35.1,2,1
APP001341,45800.0,0.097,22000.0,33.5,66.5,0,94.8,30,15.6,0,0
APP001342,161000.0,0.194,30500.0,64.0,36.0,3,95.0,31,26.0,3,0
APP001343,19700.0,0.767,27000.0,32.5,67.5,0,86.0,32,29.4,0,0
APP001344,5600.0,0.711,5900.0,42.3,57.7,5,91.8,23,29.2,1,0
APP001345,60300.0,0.29,16700.0,56.9,43.1,0,86.2,37,24.9,1,0
APP001346,222000.0,0.078,36000.0,34.7,65.3,0,81.2,33,16.1,0,1
APP001347,42600.0,0.134,7200.0,60.9,39.1,0,90.5,25,31.4,1,2
APP001348,135300.0,0.153,27900.0,49.1,50.9,1,84.5,27,26.7,1,2
APP001349,86800.0,0.175,38800.0,40.3,59.7,1,96.0,32,36.2,3,0
APP001350,68100.0,1.268,21600.0,43.8,56.2,2,98.3,37,35.0,1,0
APP001351,66000.0,0.426,20500.0,49.4,50.6,2,87.5,28,15.9,0,1
APP001352,93000.0,0.05,30600.0,41.3,58.7,0,98.8,26,8.6,1,0
APP001353,30900.0,0.089,21200.0,43.9,56.1,0,86.2,28,27.0,1,0
APP001354,78600.0,0.236,17100.0,32.4,67.6,1,97.7,39,6.4,2,1
APP001355,25500.0,0.486,15400.0,41.8,58.2,0,99.8,33,14.1,1,0
APP001356,9700.0,0.272,6300.0,48.3,51.7,0,92.5,28,8.6,1,0
APP001357,140700.0,0.373,34400.0,38.3,61.7,0,90.6,30,34.7,1,0
APP001358,219700.0,0.102,51100.0,65.8,34.2,2,76.6,30,12.2,6,0
APP001359,136800.0,0.14,26700.0,39.4,60.6,0,98.7,19,30.0,1,1
APP001360,69200.0,0.05,33900.0,43.1,56.9,0,82.9,27,18.5,2,0
APP001361,105100.0,0.321,29300.0,65.0,35.0,0,86.6,19,15.3,1,3
APP001362,29600.0,0.05,23900.0,58.4,41.6,0,87.0,36,30.0,1,0
APP001363,45700.0,0.7,22900.0,63.1,36.9,0,96.9,20,27.3,1,1
APP001364,58900.0,0.54,11600.0,59.5,40.5,0,86.6,26,18.5,0,1
APP001365,83600.0,0.05,21100.0,49.5,50.5,0,88.8,33,38.7,1,0
APP001366,105900.0,0.261,23300.0,31.1,68.9,1,99.9,21,18.7,1,0
APP001367,98700.0,0.05,42400.0,64.1,35.9,2,76.9,33,26.8,3,2
APP001368,64700.0,0.747,41300.0,66.4,33.6,0,72.0,34,27.9,0,0
APP001369,153100.0,0.142,35600.0,34.6,65.4,0,84.9,34,34.0,1,0
APP001370,28500.0,0.317,13100.0,51.2,48.8,1,98.8,33,29.0,1,0
APP001371,149200.0,0.05,47400.0,34.4,65.6,0,70.9,30,28.7,0,0
APP001372,39300.0,0.584,16400.0,30.2,69.8,0,91.6,26,21.3,1,0
APP001373,9500.0,0.701,7200.0,49.4,50.6,0,89.0,29,5.8,0,0
APP001374,127900.0,0.619,41000.0,54.0,46.0,1,86.7,36,8.1,1,0
APP001375,49700.0,0.808,18400.0,57.6,42.4,3,95.2,28,33.7,1,0
APP001376,113200.0,0.222,43100.0,46.5,53.5,0,98.4,27,19.5,2,1
APP001377,106800.0,0.268,20300.0,46.6,53.4,1,70.8,40,12.8,1,0
APP001378,132900.0,0.05,22200.0,36.8,63.2,0,76.3,36,26.6,1,2
APP001379,65200.0,0.083,23200.0,32.4,67.6,0,91.8,31,18.9,0,0
APP001380,40900.0,0.11,55200.0,65.3,34.7,1,89.3,20,26.9,1,0
APP001381,20300.0,0.241,26200.0,54.8,45.2,2,87.2,26,19.3,1,3
APP001382,330500.0,0.05,67300.0,37.8,62.2,2,95.5,29,18.9,0,0
APP001383,82500.0,0.067,18000.0,62.4,37.6,1,79.0,30,19.7,0,0
APP001384,55900.0,0.21,14600.0,33.3,66.7,0,90.6,27,31.5,2,1
APP001385,137400.0,0.18,41400.0,30.9,69.1,2,99.1,27,8.3,1,1
APP001386,44500.0,0.279,39100.0,51.4,48.6,3,73.8,34,14.6,1,0
APP001387,100700.0,0.166,33200.0,45.8,54.2,1,99.2,32,7.3,2,0
APP001388,91200.0,0.05,25800.0,55.9,44.1,0,98.7,28,27.3,0,4
APP001389,117800.0,0.156,30100.0,44.6,55.4,0,92.2,29,5.5,0,1
APP001390,40300.0,0.312,26400.0,50.7,49.3,0,82.1,35,29.0,1,0
APP001391,223000.0,0.103,36000.0,40.3,59.7,3,78.7,25,16.9,1,0
APP001392,66900.0,0.117,25400.0,34.1,65.9,0,88.1,29,26.9,2,0
APP001393,11100.0,0.328,5300.0,68.2,31.8,0,76.3,33,6.6,1,0
APP001394,12900.0,0.215,6200.0,65.4,34.6,0,74.3,22,13.4,1,0
APP001395,235300.0,0.05,70200.0,44.3,55.7,3,88.9,28,36.3,1,0
APP001396,41400.0,0.236,11600.0,47.7,52.3,5,83.1,30,19.6,0,0
APP001397,51800.0,0.242,10300.0,39.1,60.9,0,85.8,32,19.7,1,0
APP001398,178000.0,0.28,37200.0,43.7,56.3,0,93.0,33,23.8,0,0
APP001399,18900.0,0.114,10300.0,56.9,43.1,0,83.8,28,18.9,0,0
APP001400,32200.0,0.515,17600.0,68.1,31.9,0,71.5,31,15.1,3,0
APP001401,99100.0,0.669,33200.0,39.8,60.2,0,70.2,36,21.5,1,0
APP001402,96100.0,0.098,32700.0,30.8,69.2,2,76.2,31,9.5,0,0
APP001403,201500.0,0.691,57500.0,66.4,33.6,3,94.9,22,13.5,0,0
APP001404,222700.0,0.436,41000.0,37.0,63.0,1,86.5,28,36.9,0,0
APP001405,52600.0,0.565,21100.0,43.4,56.6,0,99.9,24,38.8,2,4
APP001406,136100.0,0.208,23600.0,69.2,30.8,1,83.5,34,23.4,1,0
APP001407,32200.0,0.319,12200.0,66.9,33.1,0,76.5,37,5.2,1,0
APP001408,15400.0,0.333,7700.0,46.0,54.0,4,98.9,28,25.1,0,1
APP001409,266100.0,0.155,64100.0,47.4,52.6,0,85.0,28,14.8,0,2
APP001410,26400.0,0.05,24400.0,39.8,60.2,0,88.4,30,12.1,0,0
APP001411,104700.0,0.684,79100.0,65.6,34.4,1,80.2,32,21.2,1,1
APP001412,87400.0,0.05,22900.0,45.0,55.0,1,81.4,28,27.4,2,1
APP001413,74200.0,1.656,19500.0,33.5,66.5,0,91.2,31,36.2,1,0
APP001414,64300.0,0.549,13900.0,47.6,52.4,0,90.3,31,29.2,0,0
APP001415,56200.0,0.171,16900.0,57.7,42.3,0,92.1,29,10.1,2,0
APP001416,55800.0,0.064,8500.0,51.6,48.4,0,84.7,33,27.5,1,0
APP001417,25700.0,0.05,25800.0,67.2,32.8,1,77.4,36,27.0,1,0
APP001418,198000.0,0.055,68200.0,51.6,48.4,0,91.0,20,30.1,0,0
APP001419,37900.0,0.05,15700.0,66.0,34.0,0,82.9,34,17.7,0,0
APP001420,345700.0,0.075,77700.0,66.4,33.6,0,91.0,31,35.0,2,0
APP001421,187100.0,0.344,43200.0,69.8,30.2,0,74.1,30,18.9,1,3
APP001422,86200.0,0.289,40900.0,56.3,43.7,4,75.6,28,15.3,1,0
APP001423,34100.0,0.05,23500.0,43.9,56.1,1,74.7,34,29.3,3,0
APP001424,151800.0,0.322,33800.0,34.2,65.8,0,73.4,23,38.2,1,0
APP001425,23400.0,0.05,10200.0,47.1,52.9,2,94.8,30,11.7,1,0
APP001426,153100.0,0.442,24000.0,64.0,36.0,0,80.6,25,7.0,0,0
APP001427,135200.0,1.081,27400.0,36.8,63.2,0,90.8,24,28.6,1,0
APP001428,84700.0,0.507,32700.0,55.5,44.5,0,93.6,27,31.5,0,0
APP001429,68600.0,0.05,24100.0,37.7,62.3,0,75.2,32,17.6,0,1
APP001430,75200.0,0.882,33600.0,42.9,57.1,3,79.5,39,31.9,0,0
APP001431,217000.0,0.222,45600.0,43.7,56.3,1,88.6,30,28.8,1,0
APP001432,128800.0,0.139,30600.0,36.4,63.6,4,83.5,37,20.2,0,0
APP001433,109200.0,0.129,68900.0,34.7,65.3,0,89.6,29,38.4,0,2
APP001434,118800.0,0.107,21800.0,56.5,43.5,1,99.0,26,39.2,1,3
APP001435,69100.0,0.08,30200.0,62.1,37.9,0,75.8,27,20.7,2,0
APP001436,31600.0,0.595,11300.0,32.6,67.4,4,91.6,35,21.9,1,0
APP001437,62400.0,0.273,21900.0,61.1,38.9,0,95.0,26,24.1,1,0
APP001438,37000.0,0.05,15400.0,38.6,61.4,0,81.7,31,30.2,1,0
APP001439,124400.0,0.711,31300.0,69.2,30.8,0,97.8,25,12.8,2,1
APP001440,41000.0,0.175,38500.0,43.0,57.0,0,97.7,26,25.1,2,0
APP001441,117100.0,1.015,31400.0,37.8,62.2,0,98.5,32,6.9,0,0
APP001442,27900.0,0.217,18700.0,34.8,65.2,0,92.2,33,29.2,2,0
APP001443,6200.0,0.05,4500.0,31.9,68.1,0,73.5,36,25.4,0,1
APP001444,99800.0,0.325,27700.0,39.9,60.1,0,96.4,34,26.8,1,1
APP001445,106900.0,0.05,39700.0,68.9,31.1,1,80.0,33,12.8,1,0
APP001446,65500.0,0.083,26500.0,67.6,32.4,0,76.8,21,23.7,0,1
APP001447,79000.0,0.054,27500.0,39.7,60.3,0,89.7,30,38.6,0,0
APP001448,45500.0,0.947,32800.0,61.9,38.1,0,76.7,25,20.9,0,1
APP001449,130100.0,0.058,20000.0,47.9,52.1,0,76.9,38,19.7,1,0
APP001450,107700.0,0.05,25100.0,41.6,58.4,1,80.9,27,32.6,0,0
APP001451,120400.0,0.179,45700.0,43.1,56.9,0,75.8,29,5.1,4,0
APP001452,50100.0,0.145,11300.0,61.0,39.0,0,77.6,24,37.0,0,0
APP001453,64700.0,0.198,39600.0,54.3,45.7,0,82.1,29,19.5,1,0
APP001454,53000.0,0.345,21700.0,66.8,33.2,0,96.4,28,10.2,0,1
APP001455,59400.0,0.456,20800.0,65.5,34.5,0,91.0,34,14.6,0,1
APP001456,41900.0,0.152,22900.0,54.4,45.6,0,89.0,26,23.6,1,3
APP001457,188300.0,0.238,55200.0,61.5,38.5,0,74.2,36,38.9,0,0
APP001458,38700.0,0.222,10800.0,37.6,62.4,0,92.8,31,37.8,0,1
APP001459,348600.0,0.101,93200.0,44.8,55.2,1,71.4,29,30.7,2,0
APP001460,101500.0,0.095,36500.0,36.7,63.3,0,90.3,30,19.1,2,0
APP001461,203600.0,0.05,30900.0,66.4,33.6,0,82.5,16,15.8,1,0
APP001462,45400.0,0.05,22000.0,57.9,42.1,0,75.3,27,8.9,0,0
APP001463,49800.0,0.468,28000.0,55.7,44.3,0,73.4,35,30.0,3,0
APP001464,84000.0,1.138,75500.0,55.0,45.0,0,85.5,38,36.8,1,0
APP001465,128000.0,0.153,47600.0,43.9,56.1,0,70.7,28,9.6,0,0
APP001466,124900.0,1.131,19000.0,50.5,49.5,0,84.3,21,31.3,2,1
APP001467,31500.0,0.178,28300.0,64.0,36.0,0,99.8,31,5.9,0,0
APP001468,54000.0,0.185,33300.0,36.6,63.4,0,82.2,27,36.5,4,1
APP001469,106400.0,0.108,13400.0,36.8,63.2,0,74.6,27,16.4,0,0
APP001470,110500.0,0.054,36100.0,65.9,34.1,0,86.3,24,27.8,0,0
APP001471,41500.0,0.397,11500.0,36.6,63.4,1,92.3,27,16.2,2,0
APP001472,124200.0,0.094,14600.0,44.6,55.4,0,82.6,24,27.3,0,0
APP001473,15300.0,0.05,13300.0,65.5,34.5,0,94.4,22,39.6,1,0
APP001474,172400.0,0.409,63100.0,58.2,41.8,0,99.5,28,27.4,2,0
APP001475,51600.0,0.173,21100.0,51.1,48.9,0,80.7,31,24.3,0,0
APP001476,21800.0,0.059,5800.0,52.0,48.0,2,87.8,23,7.8,1,0
APP001477,42700.0,0.174,6500.0,57.9,42.1,0,74.1,26,7.1,0,2
APP001478,34500.0,0.05,16800.0,53.9,46.1,3,95.0,32,13.6,0,2
APP001479,286500.0,0.86,57900.0,49.9,50.1,1,83.5,27,20.8,2,1
APP001480,157000.0,0.131,41200.0,53.5,46.5,0,90.1,28,25.6,0,0
APP001481,98900.0,0.32,23100.0,51.4,48.6,0,93.3,35,30.6,1,0
APP001482,10500.0,0.081,3500.0,32.4,67.6,1,93.4,24,31.5,3,0
APP001483,8400.0,0.255,4400.0,67.8,32.2,0,76.7,31,32.5,0,0
APP001484,378300.0,0.092,49400.0,46.5,53.5,0,70.3,32,38.3,1,0
APP001485,174600.0,0.172,63900.0,51.4,48.6,0,78.9,39,24.1,1,0
APP001486,387600.0,0.289,97700.0,56.7,43.3,1,77.2,30,32.6,1,1
APP001487,87000.0,0.421,19700.0,43.7,56.3,5,91.6,39,10.5,0,0
APP001488,10000.0,0.055,5400.0,32.5,67.5,2,82.4,36,14.2,2,0
APP001489,135000.0,0.083,24100.0,60.0,40.0,0,81.7,30,10.2,1,1
APP001490,31700.0,0.159,17100.0,48.9,51.1,3,99.1,39,36.4,0,0
APP001491,141000.0,0.071,39400.0,40.8,59.2,0,70.3,43,22.7,1,0
APP001492,45500.0,0.496,25100.0,51.9,48.1,2,90.1,24,7.7,2,0
APP001493,165400.0,0.051,38500.0,57.5,42.5,0,93.0,33,8.7,0,0
APP001494,69900.0,1.052,21500.0,52.7,47.3,0,78.1,29,9.5,0,1
APP001495,168800.0,0.226,40700.0,65.4,34.6,0,74.2,29,37.1,1,0
APP001496,24200.0,0.959,15500.0,58.5,41.5,0,82.0,20,13.1,3,3
APP001497,32700.0,0.102,8200.0,64.8,35.2,1,88.1,21,39.4,1,0
APP001498,99500.0,0.243,44300.0,67.7,32.3,0,87.2,22,29.2,0,0
APP001499,320400.0,0.777,72500.0,39.2,60.8,0,70.2,23,12.3,1,0
APP001500,175600.0,0.828,43200.0,50.2,49.8,0,75.1,42,38.9,4,0
APP001501,27300.0,0.067,5700.0,52.8,47.2,0,75.6,30,21.1,1,0
APP001502,175000.0,0.173,104000.0,33.2,66.8,1,76.1,26,22.1,0,0
APP001503,91000.0,0.11,56000.0,47.4,52.6,0,97.9,35,24.0,1,0
APP001504,61500.0,0.306,36700.0,63.8,36.2,0,97.1,24,17.1,2,1
APP001505,8900.0,0.17,6100.0,42.3,57.7,0,89.9,36,30.9,2,0
APP001506,78900.0,0.18,14300.0,36.9,63.1,0,96.5,28,6.1,0,0
APP001507,277400.0,0.05,38700.0,48.0,52.0,1,86.6,34,20.1,0,0
APP001508,118300.0,0.431,54500.0,51.9,48.1,0,72.7,28,14.0,1,0
APP001509,94700.0,0.305,27700.0,57.7,42.3,0,73.7,33,33.5,0,0
APP001510,96800.0,0.164,34300.0,69.1,30.9,1,92.8,26,39.6,0,0
APP001511,63000.0,1.079,15600.0,40.9,59.1,5,72.7,23,35.1,2,0
APP001512,119800.0,0.073,28600.0,53.0,47.0,0,77.4,26,9.3,1,0
APP001513,52300.0,0.05,14900.0,47.2,52.8,1,94.7,29,23.8,0,0
APP001514,18500.0,0.633,14400.0,66.4,33.6,0,88.9,35,32.3,1,2
APP001515,142800.0,0.093,31700.0,56.5,43.5,0,98.3,31,26.2,1,0
APP001516,70300.0,0.141,28200.0,53.1,46.9,0,72.5,29,9.4,1,1
APP001517,40400.0,0.182,29500.0,67.7,32.3,0,88.6,39,15.0,1,0
APP001518,41100.0,0.67,11900.0,31.8,68.2,0,77.1,25,25.6,0,0
APP001519,103700.0,0.492,29100.0,49.5,50.5,2,73.4,24,33.4,2,0
APP001520,83100.0,0.33,47600.0,59.3,40.7,1,81.0,32,36.4,1,0
APP001521,91100.0,0.982,17300.0,38.4,61.6,0,82.7,25,6.5,0,0
APP001522,50900.0,0.949,50300.0,45.6,54.4,0,94.6,32,19.5,2,0
APP001523,139900.0,0.139,26900.0,66.1,33.9,0,85.2,37,11.0,4,2
APP001524,82800.0,0.35,21700.0,50.6,49.4,0,99.8,33,27.5,1,0
APP001525,88300.0,0.132,23300.0,66.7,33.3,0,76.3,36,24.7,1,1
APP001526,41900.0,0.756,22200.0,58.3,41.7,0,76.5,22,29.6,1,0
APP001527,76900.0,0.077,25300.0,54.9,45.1,0,70.2,18,31.8,1,0
APP001528,69200.0,0.178,29400.0,57.9,42.1,2,76.7,31,28.1,1,0
APP001529,204200.0,0.05,81200.0,44.6,55.4,0,78.0,39,6.6,1,0
APP001530,130000.0,0.364,35700.0,40.3,59.7,0,89.3,36,38.3,1,0
APP001531,276300.0,0.4,75900.0,64.5,35.5,0,87.5,30,38.3,2,0
APP001532,17000.0,0.05,15100.0,45.9,54.1,0,70.6,31,30.8,0,0
APP001533,58500.0,0.898,57900.0,68.2,31.8,0,74.7,23,30.7,0,0
APP001534,36700.0,0.186,9200.0,35.7,64.3,0,93.2,26,12.0,1,0
APP001535,61900.0,0.291,14900.0,35.7,64.3,0,96.3,45,7.2,1,0
APP001536,60400.0,0.477,8300.0,47.5,52.5,0,80.2,22,7.6,1,2
APP001537,137300.0,0.374,32100.0,38.0,62.0,2,83.3,34,29.7,0,0
APP001538,39500.0,0.186,7100.0,33.7,66.3,0,80.5,30,33.0,1,0
APP001539,46400.0,1.151,6600.0,58.2,41.8,0,91.7,34,13.5,3,1
APP001540,135800.0,0.05,35500.0,49.8,50.2,1,79.9,25,14.9,2,0
APP001541,87000.0,1.087,14600.0,47.0,53.0,0,93.2,33,34.0,3,0
APP001542,27900.0,0.22,7200.0,46.5,53.5,1,74.3,32,10.2,1,1
APP001543,92500.0,0.303,17300.0,64.7,35.3,0,79.9,35,26.3,0,1
APP001544,135500.0,0.05,69900.0,57.6,42.4,0,87.9,31,7.8,0,0
APP001545,26200.0,0.128,8500.0,50.1,49.9,1,72.7,28,18.3,1,0
APP001546,33200.0,0.414,25400.0,35.6,64.4,4,83.1,26,36.5,0,0
APP001547,116600.0,0.379,25400.0,57.5,42.5,0,85.6,28,37.3,1,0
APP001548,40200.0,0.52,22000.0,52.7,47.3,2,96.3,26,15.2,0,0
APP001549,204500.0,0.32,25800.0,65.6,34.4,0,76.9,22,38.3,1,0
APP001550,128200.0,0.422,37500.0,69.8,30.2,2,78.4,17,8.5,1,0
APP001551,144400.0,0.47,26000.0,51.1,48.9,0,82.1,40,37.5,0,0
APP001552,75800.0,0.056,24700.0,59.2,40.8,3,80.8,37,9.7,1,2
APP001553,53900.0,0.073,11100.0,60.7,39.3,0,76.8,35,9.3,0,0
APP001554,181000.0,0.052,62800.0,56.3,43.7,2,84.5,28,11.5,1,0
APP001555,57100.0,0.316,23400.0,68.6,31.4,0,71.9,31,24.0,0,0
APP001556,49600.0,0.563,19900.0,60.2,39.8,3,95.0,31,22.2,1,3
APP001557,104200.0,0.176,38500.0,38.8,61.2,1,94.7,27,25.6,1,0
APP001558,94500.0,0.05,16600.0,38.1,61.9,0,79.3,17,26.1,1,0
APP001559,14700.0,0.084,6700.0,45.6,54.4,2,75.2,39,33.8,1,0
APP001560,34600.0,0.394,31600.0,47.7,52.3,3,93.3,20,31.8,0,0
APP001561,29200.0,0.101,21800.0,50.9,49.1,1,75.1,32,22.5,0,0
APP001562,264500.0,1.642,57400.0,30.2,69.8,0,86.0,31,25.6,1,0
APP001563,30000.0,1.086,6800.0,31.2,68.8,0,79.3,29,24.8,0,2
APP001564,130200.0,0.147,34400.0,44.5,55.5,0,84.2,29,8.1,1,1
APP001565,13000.0,0.09,7600.0,67.1,32.9,2,97.2,28,29.4,1,0
APP001566,103800.0,0.178,34500.0,68.9,31.1,0,97.5,24,33.6,0,0
APP001567,164000.0,0.196,76000.0,69.1,30.9,1,84.4,29,5.5,1,4
APP001568,50900.0,0.282,22400.0,68.9,31.1,0,71.6,32,7.0,0,0
APP001569,109100.0,0.286,31000.0,37.5,62.5,1,83.6,25,31.7,1,0
APP001570,94800.0,0.05,19200.0,33.6,66.4,0,88.0,36,5.4,1,0
APP001571,28400.0,0.397,6600.0,68.8,31.2,0,78.9,21,13.0,0,0
APP001572,76000.0,0.14,15200.0,67.3,32.7,0,80.4,30,26.9,0,1
APP001573,102300.0,0.487,20700.0,30.6,69.4,0,71.2,42,18.3,1,1
APP001574,161300.0,0.065,18100.0,32.8,67.2,0,77.7,48,36.3,1,0
APP001575,116700.0,0.39,83300.0,67.2,32.8,0,89.3,30,33.2,1,0
APP001576,127700.0,0.05,20000.0,42.6,57.4,0,90.1,25,15.0,0,0
APP001577,30800.0,0.415,11200.0,69.1,30.9,0,76.9,30,13.9,1,0
APP001578,70300.0,0.452,29800.0,56.2,43.8,1,96.1,28,37.5,2,0
APP001579,82200.0,0.329,20500.0,50.4,49.6,1,70.9,37,29.7,0,0
APP001580,80000.0,0.533,11500.0,32.0,68.0,0,84.9,18,32.8,0,0
APP001581,45600.0,0.52,38700.0,52.4,47.6,3,80.7,28,22.0,0,0
APP001582,72300.0,0.05,17700.0,32.6,67.4,0,99.2,33,26.5,3,1
APP001583,175000.0,0.175,76500.0,30.5,69.5,0,77.6,35,9.3,0,0
APP001584,30100.0,0.05,17700.0,58.0,42.0,1,80.2,29,39.1,1,0
APP001585,18600.0,0.173,6500.0,49.3,50.7,0,97.2,36,36.1,1,0
APP001586,51200.0,0.141,26300.0,31.3,68.7,2,76.7,21,11.0,0,0
APP001587,73600.0,0.252,17200.0,50.0,50.0,0,96.1,22,23.1,1,3
APP001588,87500.0,0.145,15600.0,68.1,31.9,2,99.4,32,19.6,2,0
APP001589,6000.0,0.637,5500.0,68.3,31.7,0,93.1,30,26.7,1,0
APP001590,38800.0,0.628,26100.0,61.1,38.9,1,80.8,31,29.9,1,0
APP001591,118600.0,0.05,33200.0,48.6,51.4,1,71.5,32,31.3,0,0
APP001592,30100.0,0.385,27000.0,35.0,65.0,1,84.0,39,38.8,0,1
APP001593,144000.0,0.077,35300.0,46.4,53.6,5,85.9,27,35.8,1,1
APP001594,227800.0,0.502,44600.0,51.4,48.6,1,79.8,26,19.4,1,0
APP001595,58600.0,0.068,14400.0,32.7,67.3,0,82.9,29,8.7,1,2
APP001596,28500.0,0.443,11000.0,58.9,41.1,1,74.8,24,22.1,3,0
APP001597,36600.0,0.495,15100.0,63.9,36.1,2,70.8,35,32.6,3,0
APP001598,33100.0,0.182,21900.0,48.6,51.4,0,79.6,23,22.2,1,0
APP001599,57900.0,0.321,21900.0,51.8,48.2,0,74.3,34,25.7,1,0
APP001600,53000.0,0.236,9600.0,59.7,40.3,1,91.3,36,37.2,1,0
APP001601,32200.0,0.554,16300.0,43.3,56.7,0,89.9,34,22.3,1,0
APP001602,112200.0,0.173,34300.0,37.4,62.6,3,70.1,38,39.3,1,0
APP001603,130200.0,1.04,33300.0,46.1,53.9,0,98.1,28,18.1,1,1
APP001604,83200.0,0.252,16100.0,54.7,45.3,0,91.4,19,21.3,1,0
APP001605,18100.0,0.05,20200.0,36.9,63.1,2,89.2,40,39.8,1,0
APP001606,34800.0,0.989,19800.0,56.4,43.6,0,84.6,22,28.4,1,0
APP001607,94300.0,0.132,34400.0,40.1,59.9,0,84.8,37,35.8,1,0
APP001608,44300.0,0.267,19800.0,66.2,33.8,0,95.4,33,29.4,2,0
APP001609,284600.0,0.227,59300.0,31.3,68.7,0,77.4,23,17.5,0,0
APP001610,106900.0,0.35,20500.0,31.7,68.3,5,75.3,24,39.9,1,0
APP001611,48500.0,0.23,16300.0,55.9,44.1,0,87.3,41,7.6,1,0
APP001612,230200.0,0.23,62800.0,34.7,65.3,0,72.1,46,23.1,1,0
APP001613,79200.0,0.077,22000.0,33.7,66.3,3,93.4,24,12.8,0,0
APP001614,46900.0,0.05,13400.0,46.3,53.7,0,78.1,31,8.3,0,0
APP001615,85900.0,0.462,44600.0,42.5,57.5,1,88.2,34,11.6,0,1
APP001616,53900.0,0.086,29400.0,69.8,30.2,1,99.0,32,9.6,1,0
APP001617,286300.0,0.058,55600.0,37.1,62.9,1,88.6,27,6.7,0,0
APP001618,66400.0,0.05,26500.0,37.3,62.7,0,78.2,38,37.4,0,0
APP001619,108400.0,0.05,27200.0,67.7,32.3,4,80.7,31,27.6,0,0
APP001620,108200.0,0.18,41400.0,37.8,62.2,0,73.8,30,18.7,3,1
APP001621,107500.0,0.776,25200.0,59.7,40.3,0,71.9,30,21.8,0,0
APP001622,65100.0,0.252,33000.0,43.8,56.2,0,72.2,32,7.7,1,1
APP001623,36700.0,0.277,24300.0,65.5,34.5,0,93.0,25,8.0,1,1
APP001624,40900.0,0.392,21800.0,54.2,45.8,0,96.0,34,15.7,1,0
APP001625,25400.0,0.318,25400.0,41.1,58.9,2,86.2,27,34.5,2,0
APP001626,52200.0,0.072,19700.0,49.9,50.1,0,76.1,26,22.4,1,0
APP001627,76700.0,0.059,42000.0,40.7,59.3,0,88.2,33,38.7,2,3
APP001628,124500.0,0.281,64900.0,69.6,30.4,0,73.6,23,24.5,1,3
APP001629,159100.0,0.234,77200.0,37.4,62.6,0,76.3,30,31.3,2,0
APP001630,46900.0,1.586,24600.0,66.2,33.8,0,92.0,37,34.3,1,1
APP001631,101600.0,0.544,18600.0,54.3,45.7,0,74.5,31,23.5,0,0
APP001632,84200.0,0.263,19700.0,46.1,53.9,0,76.6,28,21.0,1,0
APP001633,195600.0,0.486,42000.0,67.6,32.4,0,95.7,29,29.7,1,1
APP001634,307100.0,0.166,42300.0,30.4,69.6,0,73.1,27,21.1,0,0
APP001635,56200.0,0.226,14200.0,44.9,55.1,0,76.1,30,5.4,0,0
APP001636,59700.0,0.296,10400.0,47.4,52.6,2,94.7,33,26.1,2,0
APP001637,70900.0,0.607,23500.0,56.3,43.7,0,99.8,25,19.2,1,0
APP001638,31300.0,0.558,6300.0,44.7,55.3,0,73.5,28,7.3,0,0
APP001639,18400.0,0.373,7200.0,37.6,62.4,0,79.6,23,23.9,1,0
APP001640,61800.0,0.299,15800.0,32.5,67.5,0,78.6,30,15.0,0,2
APP001641,44000.0,0.204,19200.0,58.4,41.6,2,85.5,30,11.3,1,1
APP001642,157000.0,0.48,27400.0,47.9,52.1,2,91.8,36,35.5,0,0
APP001643,114200.0,0.599,18000.0,44.3,55.7,0,74.3,27,27.9,2,3
APP001644,346900.0,0.34,76400.0,57.0,43.0,0,90.6,30,39.0,1,2
APP001645,38300.0,0.05,8800.0,36.2,63.8,0,83.5,35,13.3,0,2
APP001646,32600.0,0.065,8300.0,35.0,65.0,0,74.1,25,35.2,2,0
APP001647,21400.0,0.05,6500.0,59.0,41.0,0,77.0,28,19.9,0,0
APP001648,319200.0,0.078,49400.0,41.4,58.6,0,79.7,31,7.9,1,0
APP001649,33400.0,0.295,15800.0,65.4,34.6,1,97.7,29,22.1,1,0
APP001650,169600.0,0.804,28300.0,55.2,44.8,1,81.9,33,14.5,0,0
APP001651,142700.0,0.05,40100.0,66.6,33.4,1,95.0,31,31.5,1,0
APP001652,15300.0,0.05,3900.0,69.9,30.1,1,89.3,31,25.4,0,0
APP001653,56700.0,0.174,47100.0,48.5,51.5,0,98.7,37,19.8,0,0
APP001654,102700.0,0.05,73600.0,47.3,52.7,0,73.7,31,13.6,0,1
APP001655,28600.0,0.08,17700.0,68.9,31.1,1,91.9,31,22.9,1,0
APP001656,28700.0,0.06,8300.0,32.3,67.7,0,77.8,27,16.0,1,0
APP001657,94100.0,0.287,34100.0,44.7,55.3,0,80.7,36,15.2,0,0
APP001658,28300.0,0.117,8900.0,53.2,46.8,0,85.9,22,38.4,2,0
APP001659,154500.0,0.441,62100.0,53.4,46.6,0,97.9,17,17.3,1,0
APP001660,113700.0,0.05,67900.0,49.6,50.4,0,70.2,30,37.0,0,2
APP001661,124800.0,0.215,21300.0,64.3,35.7,0,71.0,32,32.8,0,0
APP001662,46200.0,0.05,28900.0,46.6,53.4,0,93.5,25,36.5,1,0
APP001663,265300.0,0.312,51300.0,41.1,58.9,0,78.1,30,7.6,1,0
APP001664,25300.0,0.215,8800.0,66.8,33.2,0,73.1,32,24.1,0,0
APP001665,185800.0,0.05,108200.0,61.7,38.3,0,91.7,30,37.0,1,0
APP001666,70400.0,0.403,26100.0,67.0,33.0,0,70.4,33,22.8,5,1
APP001667,48100.0,1.474,13800.0,47.8,52.2,0,73.9,25,34.9,0,0
APP001668,240000.0,0.12,62200.0,65.1,34.9,0,71.2,28,37.1,1,0
APP001669,304900.0,0.515,60900.0,59.8,40.2,3,71.6,19,21.7,2,0
APP001670,18600.0,0.053,6300.0,68.8,31.2,0,87.2,35,7.6,3,0
APP001671,136800.0,0.624,25800.0,34.6,65.4,2,72.0,28,13.7,1,0
APP001672,103100.0,0.269,29100.0,57.8,42.2,0,78.5,28,36.4,2,0
APP001673,50900.0,0.086,24900.0,53.8,46.2,0,72.7,33,21.2,0,0
APP001674,97000.0,0.525,24600.0,34.0,66.0,0,99.8,23,31.7,1,0
APP001675,240300.0,0.485,70100.0,69.6,30.4,0,81.3,27,8.8,1,1
APP001676,103400.0,0.362,23700.0,30.9,69.1,1,88.7,30,7.4,1,3
APP001677,69300.0,0.247,23800.0,59.3,40.7,0,87.7,35,28.3,0,0
APP001678,42500.0,0.153,14500.0,33.1,66.9,0,92.5,23,18.2,1,0
APP001679,58900.0,0.294,13400.0,65.6,34.4,0,86.7,26,10.1,0,1
APP001680,23100.0,0.202,11100.0,38.5,61.5,1,77.7,27,33.2,1,0
APP001681,94300.0,0.137,16100.0,34.9,65.1,0,89.2,21,10.9,1,0
APP001682,68700.0,0.05,20400.0,67.9,32.1,3,73.6,21,38.9,1,1
APP001683,81600.0,0.413,14500.0,46.6,53.4,0,71.0,31,5.5,2,0
APP001684,76700.0,0.392,28900.0,30.6,69.4,0,83.3,32,31.3,1,0
APP001685,144200.0,0.139,26200.0,37.1,62.9,0,94.0,28,31.1,1,0
APP001686,8100.0,0.493,8600.0,60.2,39.8,0,75.6,25,20.5,1,0
APP001687,26900.0,0.644,26100.0,63.7,36.3,0,93.9,33,38.7,2,0
APP001688,59700.0,0.05,27700.0,43.4,56.6,0,86.3,30,21.1,3,1
APP001689,232400.0,0.257,51400.0,55.8,44.2,0,81.6,41,17.4,2,0
APP001690,124000.0,0.212,39100.0,66.2,33.8,0,76.1,28,33.2,1,0
APP001691,77500.0,0.05,22900.0,55.4,44.6,1,92.7,24,16.3,2,1
APP001692,42500.0,0.236,29500.0,68.5,31.5,0,71.7,30,21.9,2,1
APP001693,28000.0,0.061,13200.0,52.5,47.5,0,98.8,28,18.4,0,2
APP001694,105300.0,0.431,15500.0,30.6,69.4,3,88.3,19,24.2,0,0
APP001695,21900.0,0.13,25300.0,54.7,45.3,1,95.5,39,24.8,3,0
APP001696,104800.0,0.117,31600.0,63.9,36.1,1,93.3,37,34.2,0,0
APP001697,35100.0,0.3,4800.0,60.2,39.8,0,94.5,35,10.7,2,0
APP001698,75500.0,0.79,26400.0,31.1,68.9,0,80.0,31,11.8,1,1
APP001699,72800.0,0.05,38600.0,45.6,54.4,0,95.5,33,26.8,0,2
APP001700,50800.0,0.244,61300.0,37.8,62.2,0,97.7,28,31.6,1,2
APP001701,66300.0,0.328,24100.0,45.5,54.5,1,86.6,38,33.5,1,0
APP001702,143500.0,0.05,51500.0,53.5,46.5,0,77.0,27,28.9,2,0
APP001703,22700.0,0.177,11000.0,43.3,56.7,0,73.0,27,9.7,2,0
APP001704,84300.0,0.994,11900.0,68.1,31.9,0,78.4,39,17.8,0,0
APP001705,62000.0,0.187,12900.0,68.8,31.2,1,73.1,32,10.5,1,0
APP001706,159700.0,0.061,31700.0,62.7,37.3,0,98.5,28,20.2,0,0
APP001707,96000.0,0.21,25300.0,62.3,37.7,3,74.9,36,18.5,1,0
APP001708,147600.0,0.139,49700.0,41.4,58.6,0,90.3,34,19.9,0,0
APP001709,277300.0,0.674,75200.0,35.8,64.2,0,95.4,39,39.4,1,0
APP001710,46400.0,0.682,10300.0,34.5,65.5,0,88.4,20,31.2,2,2
APP001711,59300.0,0.05,17800.0,58.2,41.8,0,89.3,25,27.5,1,0
APP001712,122100.0,0.621,33400.0,52.6,47.4,0,96.8,36,6.7,2,0
APP001713,50000.0,0.476,14000.0,54.8,45.2,0,73.3,27,27.9,1,0
APP001714,48900.0,1.052,28000.0,37.1,62.9,5,92.4,41,27.8,0,0
APP001715,63100.0,0.615,40500.0,69.4,30.6,0,87.2,32,30.0,1,0
APP001716,24500.0,0.081,14400.0,31.8,68.2,2,73.8,40,18.4,2,0
APP001717,130400.0,0.131,32200.0,45.6,54.4,0,70.6,33,35.4,1,0
APP001718,210700.0,0.05,84400.0,39.0,61.0,0,87.5,34,14.1,0,0
APP001719,96500.0,0.663,30700.0,54.8,45.2,0,95.9,29,34.5,2,0
APP001720,163200.0,0.33,43500.0,60.2,39.8,0,70.9,33,7.1,1,0
APP001721,77700.0,0.232,20800.0,32.3,67.7,0,98.2,37,37.6,1,0
APP001722,104500.0,0.225,16700.0,50.6,49.4,0,94.3,23,17.7,1,0
APP001723,68800.0,0.575,15400.0,54.5,45.5,0,95.8,34,14.4,1,2
APP001724,125400.0,1.602,16300.0,46.0,54.0,0,94.8,29,6.7,2,0
APP001725,30200.0,0.104,15700.0,37.8,62.2,0,91.0,29,9.5,2,0
APP001726,40100.0,0.05,15800.0,35.6,64.4,0,76.2,31,17.6,0,0
APP001727,70600.0,0.35,16000.0,44.4,55.6,0,91.6,33,32.7,0,0
APP001728,62600.0,0.05,23400.0,35.4,64.6,0,98.5,27,24.8,1,0
APP001729,20100.0,1.375,5600.0,49.7,50.3,0,99.7,28,36.1,1,2
APP001730,143300.0,0.05,49000.0,61.8,38.2,0,78.8,33,20.1,1,0
APP001731,48000.0,0.233,11800.0,33.3,66.7,1,91.8,30,19.1,1,0
APP001732,26000.0,0.785,14600.0,67.3,32.7,2,72.5,34,37.0,2,0
APP001733,67000.0,0.076,9600.0,40.6,59.4,0,81.5,28,20.7,1,0
APP001734,113100.0,0.463,42300.0,58.2,41.8,0,92.2,36,20.9,1,2
APP001735,88400.0,0.277,20600.0,61.8,38.2,0,71.7,31,27.7,3,0
APP001736,43900.0,0.216,6300.0,49.9,50.1,1,92.2,24,21.8,1,0
APP001737,42800.0,0.368,17400.0,38.5,61.5,0,88.9,29,9.2,0,0
APP001738,50600.0,0.409,11400.0,40.3,59.7,3,76.0,26,31.1,0,0
APP001739,260300.0,0.05,45600.0,69.4,30.6,0,76.1,26,14.3,0,1
APP001740,70300.0,0.33,32200.0,59.1,40.9,2,99.3,39,38.4,1,0
APP001741,148500.0,0.435,42400.0,61.0,39.0,0,73.2,27,33.6,4,0
APP001742,158100.0,0.05,36800.0,54.9,45.1,0,74.0,25,20.4,1,0
APP001743,41800.0,0.078,16000.0,48.9,51.1,2,90.6,36,24.2,1,1
APP001744,15300.0,0.226,7600.0,57.1,42.9,0,87.4,21,11.1,0,0
APP001745,179400.0,0.123,39600.0,58.9,41.1,2,97.7,38,15.1,2,0
APP001746,274400.0,0.923,59000.0,48.6,51.4,0,72.0,26,8.6,2,0
APP001747,84400.0,0.742,27400.0,30.9,69.1,2,97.8,29,24.5,0,0
APP001748,78500.0,0.05,23500.0,45.9,54.1,0,92.0,26,31.5,2,0
APP001749,96500.0,0.5,39300.0,66.0,34.0,0,93.2,36,31.0,0,1
APP001750,166800.0,0.066,39500.0,36.1,63.9,0,92.3,26,6.3,0,0
APP001751,38500.0,0.139,10900.0,47.5,52.5,0,82.7,22,37.0,2,2
APP001752,101900.0,1.007,36300.0,62.8,37.2,3,92.6,37,23.4,0,0
APP001753,52300.0,0.18,49400.0,44.0,56.0,1,71.7,32,30.2,2,0
APP001754,46800.0,0.449,7800.0,44.7,55.3,0,90.0,30,14.9,0,2
APP001755,62000.0,0.395,25700.0,51.8,48.2,0,72.4,28,22.9,0,0
APP001756,27700.0,0.304,14600.0,43.4,56.6,0,95.1,26,20.2,0,0
APP001757,27400.0,0.43,22500.0,32.5,67.5,0,92.1,31,13.8,0,2
APP001758,112100.0,0.492,21500.0,36.8,63.2,0,70.4,31,6.2,1,1
APP001759,94600.0,0.05,19100.0,31.9,68.1,1,70.1,34,23.8,1,0
APP001760,12600.0,0.96,5400.0,45.1,54.9,1,77.9,29,11.5,1,0
APP001761,145100.0,0.05,47300.0,67.3,32.7,0,96.5,34,36.0,1,1
APP001762,65700.0,0.064,37000.0,46.3,53.7,0,78.6,22,7.3,0,0
APP001763,155400.0,0.05,56000.0,50.4,49.6,2,93.7,36,38.6,1,3
APP001764,32600.0,0.05,17800.0,65.6,34.4,0,91.0,35,22.1,0,1
APP001765,133700.0,0.05,45300.0,56.5,43.5,0,95.4,34,31.9,0,0
APP001766,207200.0,0.163,92200.0,44.2,55.8,0,78.8,35,17.9,1,0
APP001767,59700.0,0.05,8900.0,68.8,31.2,2,75.6,31,15.5,0,0
APP001768,56200.0,0.375,14000.0,69.4,30.6,2,87.2,10,17.7,2,1
APP001769,191300.0,0.426,24800.0,54.4,45.6,0,85.0,28,31.1,3,1
APP001770,125500.0,0.318,42000.0,64.6,35.4,1,98.4,22,25.6,1,0
APP001771,59400.0,0.116,13600.0,61.0,39.0,0,71.0,31,34.4,4,0
APP001772,25700.0,0.176,15200.0,52.5,47.5,0,83.2,29,12.0,2,1
APP001773,37600.0,0.05,12500.0,59.4,40.6,1,71.6,32,13.6,3,0
APP001774,40000.0,0.198,24900.0,30.0,70.0,1,87.6,31,27.7,2,3
APP001775,89700.0,0.728,42000.0,41.1,58.9,0,90.7,24,32.4,0,2
APP001776,20100.0,0.186,11100.0,52.2,47.8,0,74.5,27,13.0,1,1
APP001777,45600.0,1.139,28300.0,32.2,67.8,0,90.2,28,17.8,2,0
APP001778,73100.0,1.026,12000.0,53.4,46.6,0,91.9,25,6.0,0,2
APP001779,24600.0,0.778,12300.0,43.9,56.1,0,80.9,21,18.6,2,0
APP001780,70700.0,0.876,27000.0,56.1,43.9,0,80.9,29,6.2,2,0
APP001781,255500.0,0.162,46300.0,40.1,59.9,0,81.2,22,9.5,0,2
APP001782,36800.0,0.206,8900.0,49.2,50.8,0,93.3,27,8.5,3,0
APP001783,29300.0,0.858,19300.0,35.4,64.6,1,89.4,29,34.1,2,1
APP001784,136400.0,0.483,30300.0,69.3,30.7,0,95.3,31,26.0,1,0
APP001785,67400.0,0.287,29000.0,41.0,59.0,0,80.6,31,23.7,0,2
APP001786,68600.0,0.354,9900.0,69.9,30.1,0,75.4,32,19.3,3,0
APP001787,132800.0,0.148,28100.0,55.3,44.7,2,99.0,37,33.2,0,0
APP001788,10700.0,0.398,9000.0,53.4,46.6,0,80.0,19,19.8,0,1
APP001789,111000.0,0.614,32800.0,34.0,66.0,0,98.1,34,16.0,0,0
APP001790,129100.0,0.05,25100.0,56.0,44.0,0,90.3,21,21.3,0,0
APP001791,136000.0,0.26,31700.0,56.9,43.1,0,84.9,29,35.5,0,0
APP001792,75100.0,0.12,25300.0,53.5,46.5,4,77.8,26,22.4,0,2
APP001793,54500.0,0.258,14100.0,38.0,62.0,2,84.2,28,8.2,0,0
APP001794,144200.0,0.141,22200.0,37.7,62.3,0,76.2,24,19.6,1,1
APP001795,60400.0,0.22,30200.0,65.2,34.8,4,71.7,22,22.3,1,0
APP001796,65300.0,0.05,18500.0,46.7,53.3,1,88.2,43,33.3,3,0
APP001797,34200.0,0.567,8700.0,32.7,67.3,0,76.5,37,9.0,1,2
APP001798,101000.0,0.077,26300.0,50.9,49.1,0,87.7,32,8.2,0,1
APP001799,92300.0,0.097,23700.0,52.3,47.7,0,71.2,31,34.2,0,0
APP001800,155000.0,0.081,41100.0,57.3,42.7,0,94.0,25,12.9,2,0
APP001801,65100.0,0.439,31100.0,39.6,60.4,1,90.2,24,37.8,1,0
APP001802,86100.0,0.192,15400.0,43.0,57.0,2,99.4,32,8.6,1,0
APP001803,125200.0,0.484,25700.0,40.3,59.7,2,98.3,36,20.6,1,1
APP001804,5200.0,0.479,5200.0,41.1,58.9,0,77.7,43,16.7,1,0
APP001805,29800.0,0.364,7500.0,67.8,32.2,0,81.7,32,30.6,0,0
APP001806,30900.0,0.138,31200.0,60.2,39.8,0,83.9,25,40.0,1,2
APP001807,54600.0,0.183,19800.0,56.3,43.7,0,95.3,23,34.3,0,1
APP001808,61800.0,0.566,19400.0,48.2,51.8,0,71.3,34,29.8,2,3
APP001809,28100.0,0.176,9700.0,62.0,38.0,0,99.0,34,7.0,0,0
APP001810,232300.0,0.155,65200.0,59.3,40.7,0,79.3,29,13.6,0,0
APP001811,102500.0,0.065,20000.0,42.9,57.1,0,99.2,30,35.0,3,0
APP001812,72600.0,0.796,31200.0,42.6,57.4,3,90.1,42,5.9,0,0
APP001813,92400.0,0.05,22700.0,56.2,43.8,2,91.3,22,29.1,1,0
APP001814,76300.0,0.357,14400.0,30.0,70.0,0,82.3,35,33.1,0,0
APP001815,82800.0,0.106,32300.0,32.4,67.6,0,91.6,36,19.5,0,0
APP001816,150300.0,0.311,25700.0,39.9,60.1,0,86.1,38,37.2,0,0
APP001817,146600.0,0.31,33300.0,36.4,63.6,2,76.4,33,23.8,1,0
APP001818,81500.0,0.228,14400.0,33.4,66.6,0,92.6,35,39.6,0,0
APP001819,155300.0,0.425,24200.0,64.7,35.3,4,80.2,18,19.3,1,0
APP001820,335500.0,0.153,109000.0,36.8,63.2,0,74.5,24,19.5,2,0
APP001821,49600.0,0.075,18100.0,60.8,39.2,0,73.3,35,27.6,1,0
APP001822,49300.0,0.399,11000.0,51.5,48.5,1,91.1,29,30.5,2,0
APP001823,56700.0,0.283,14400.0,63.9,36.1,0,82.5,34,25.6,1,0
APP001824,58500.0,0.242,13700.0,33.7,66.3,0,93.6,33,30.9,0,0
APP001825,100400.0,0.307,13100.0,35.9,64.1,0,83.4,27,12.8,0,1
APP001826,71300.0,0.07,26500.0,38.7,61.3,0,93.0,29,33.7,1,2
APP001827,32200.0,0.05,8700.0,56.6,43.4,1,70.9,27,14.7,0,0
APP001828,81100.0,0.165,28900.0,55.5,44.5,0,74.4,29,18.0,0,0
APP001829,246000.0,0.05,61400.0,37.8,62.2,0,84.0,32,5.9,0,0
APP001830,115800.0,0.05,40900.0,54.1,45.9,1,85.2,35,11.4,2,0
APP001831,20100.0,1.089,14000.0,38.1,61.9,0,93.8,28,12.5,2,1
APP001832,46400.0,0.263,26900.0,36.7,63.3,0,96.4,30,20.0,4,0
APP001833,111300.0,0.414,15100.0,40.2,59.8,1,99.1,20,11.5,1,0
APP001834,20800.0,0.299,18700.0,37.6,62.4,0,82.7,35,24.3,0,0
APP001835,51300.0,0.271,12500.0,40.7,59.3,0,94.6,34,33.4,1,0
APP001836,97400.0,0.107,16200.0,31.3,68.7,0,80.2,26,15.4,1,1
APP001837,111500.0,0.063,35300.0,43.0,57.0,2,80.7,22,39.3,0,0
APP001838,83300.0,0.708,14500.0,69.4,30.6,0,89.4,28,39.0,2,0
APP001839,21100.0,0.05,6900.0,59.1,40.9,0,98.1,27,12.4,2,0
APP001840,279300.0,0.082,139100.0,40.8,59.2,0,71.1,28,8.7,0,0
APP001841,156100.0,0.316,24200.0,42.6,57.4,1,87.5,21,31.7,1,0
APP001842,27400.0,0.096,25000.0,64.6,35.4,0,71.6,25,33.8,0,0
APP001843,88600.0,0.209,28800.0,40.7,59.3,0,89.7,29,32.9,3,0
APP001844,57600.0,0.064,22300.0,58.5,41.5,5,83.5,25,10.1,0,1
APP001845,31400.0,0.762,25000.0,45.1,54.9,0,99.9,27,18.3,1,0
APP001846,147100.0,0.05,46200.0,56.0,44.0,2,75.6,23,36.6,2,0
APP001847,58900.0,0.348,15100.0,57.4,42.6,1,85.9,25,18.4,1,1
APP001848,40200.0,0.237,25600.0,40.2,59.8,0,97.4,31,18.8,1,0
APP001849,116400.0,0.051,23100.0,57.0,43.0,0,85.1,28,18.2,0,0
APP001850,205200.0,0.217,26000.0,64.0,36.0,0,98.5,25,19.5,3,1
APP001851,42800.0,0.064,25800.0,67.0,33.0,2,98.3,23,24.7,0,0
APP001852,107800.0,0.962,42000.0,62.7,37.3,3,73.2,28,37.5,2,0
APP001853,25700.0,0.127,16900.0,60.3,39.7,0,99.5,30,21.0,2,3
APP001854,13000.0,0.087,4700.0,33.2,66.8,0,87.0,26,33.6,1,1
APP001855,24700.0,0.089,13300.0,45.7,54.3,1,82.1,26,28.4,1,0
APP001856,250600.0,0.194,104300.0,50.7,49.3,0,100.0,32,27.1,0,0
APP001857,101700.0,0.05,18700.0,55.3,44.7,1,77.3,22,39.7,2,0
APP001858,310900.0,0.3,96300.0,40.6,59.4,0,88.0,25,14.6,2,0
APP001859,68000.0,0.191,23500.0,68.7,31.3,0,81.3,27,39.7,0,1
APP001860,63000.0,1.098,15700.0,36.5,63.5,0,81.8,29,9.3,0,0
APP001861,101000.0,0.21,43300.0,49.3,50.7,1,74.2,32,28.7,0,1
APP001862,94400.0,0.227,19300.0,43.0,57.0,1,82.0,24,30.1,1,0
APP001863,20100.0,0.112,6000.0,50.2,49.8,0,74.1,29,14.7,2,0
APP001864,57600.0,0.556,15500.0,46.5,53.5,4,91.4,22,23.5,3,0
APP001865,220700.0,0.323,59300.0,46.4,53.6,0,78.0,22,34.6,1,0
APP001866,26100.0,1.033,12200.0,64.2,35.8,0,84.2,25,30.7,2,1
APP001867,75000.0,0.151,21300.0,68.1,31.9,0,72.5,25,20.5,1,0
APP001868,237500.0,0.337,56300.0,52.9,47.1,0,83.8,31,19.1,0,1
APP001869,352000.0,0.05,70600.0,42.8,57.2,0,82.4,30,29.0,1,0
APP001870,101800.0,0.228,31700.0,58.9,41.1,1,81.3,28,37.6,2,0
APP001871,51500.0,0.05,14900.0,51.4,48.6,0,71.3,42,18.0,2,2
APP001872,38700.0,0.055,12200.0,62.1,37.9,0,72.2,29,28.6,0,0
APP001873,87700.0,0.183,11700.0,50.5,49.5,0,82.1,38,19.1,0,0
APP001874,189500.0,0.05,25100.0,55.6,44.4,1,95.5,28,39.5,3,0
APP001875,45300.0,0.38,15700.0,46.5,53.5,3,96.1,36,12.0,1,0
APP001876,73000.0,0.05,13900.0,45.8,54.2,0,72.7,23,28.2,1,0
APP001877,102400.0,0.05,14300.0,58.5,41.5,0,98.9,24,27.3,0,0
APP001878,52400.0,0.425,15100.0,62.3,37.7,2,93.9,30,32.5,0,0
APP001879,28900.0,0.473,4100.0,62.8,37.2,0,98.9,23,11.0,0,0
APP001880,61100.0,0.171,33700.0,50.6,49.4,0,99.6,31,25.8,0,3
APP001881,23200.0,0.716,12300.0,45.9,54.1,1,80.2,29,27.7,1,0
APP001882,18400.0,0.366,19200.0,64.3,35.7,0,72.8,38,14.7,1,0
APP001883,127900.0,0.177,36100.0,46.6,53.4,0,88.3,31,19.7,0,0
APP001884,67900.0,0.065,30200.0,48.6,51.4,0,88.3,29,7.6,0,1
APP001885,102300.0,0.118,15300.0,64.8,35.2,0,94.8,28,17.8,0,0
APP001886,59400.0,0.055,30300.0,69.3,30.7,0,73.7,37,38.4,1,2
APP001887,169800.0,0.106,49800.0,46.1,53.9,0,87.2,34,36.9,1,1
APP001888,92400.0,0.081,17200.0,48.0,52.0,0,76.7,27,29.3,1,0
APP001889,70700.0,0.05,9100.0,49.8,50.2,0,77.7,44,36.7,1,1
APP001890,61500.0,0.214,33800.0,41.5,58.5,0,83.6,33,14.6,0,1
APP001891,58400.0,0.05,27800.0,68.9,31.1,0,74.4,27,32.6,1,0
APP001892,37900.0,0.399,5600.0,63.7,36.3,0,75.4,22,17.3,1,0
APP001893,115900.0,0.05,32400.0,38.7,61.3,0,81.6,34,29.0,2,0
APP001894,69000.0,0.143,28100.0,31.3,68.7,0,95.9,28,21.7,0,2
APP001895,100100.0,0.282,23400.0,68.7,31.3,3,83.5,22,18.7,2,0
APP001896,19700.0,0.05,9800.0,56.7,43.3,0,89.5,28,32.1,2,1
APP001897,42800.0,0.122,25100.0,67.9,32.1,1,85.8,29,25.5,2,1
APP001898,14400.0,0.288,7100.0,32.3,67.7,0,73.5,33,36.4,0,0
APP001899,11700.0,0.05,9800.0,32.1,67.9,2,86.9,38,32.2,0,0
APP001900,59000.0,0.535,41300.0,64.6,35.4,0,85.8,36,10.1,2,0
APP001901,9200.0,0.05,7100.0,37.4,62.6,1,70.6,31,10.5,1,0
APP001902,15300.0,0.108,3900.0,45.3,54.7,1,79.1,22,38.9,2,3
APP001903,85600.0,0.299,17700.0,62.0,38.0,1,92.6,28,39.8,0,0
APP001904,124200.0,0.585,19200.0,67.5,32.5,0,87.2,25,31.9,0,0
APP001905,65400.0,0.207,25400.0,46.1,53.9,1,97.2,32,38.7,1,2
APP001906,268100.0,0.693,58900.0,47.8,52.2,0,85.9,28,29.3,1,0
APP001907,222500.0,0.615,64000.0,64.0,36.0,0,91.2,27,18.2,1,0
APP001908,32200.0,0.589,26500.0,67.1,32.9,0,82.1,29,25.9,0,0
APP001909,99600.0,0.05,17500.0,52.6,47.4,0,96.5,25,28.8,0,0
APP001910,141400.0,0.151,44900.0,35.8,64.2,2,73.1,24,22.9,1,0
APP001911,47000.0,0.344,30700.0,53.3,46.7,0,95.4,33,24.7,0,2
APP001912,60400.0,0.423,11800.0,56.2,43.8,0,71.7,21,23.4,1,0
APP001913,55300.0,0.23,28700.0,31.2,68.8,0,95.5,28,6.7,2,0
APP001914,156900.0,0.382,36600.0,50.2,49.8,0,87.5,35,13.5,0,0
APP001915,61700.0,0.067,35200.0,49.3,50.7,0,91.4,23,20.5,2,0
APP001916,82400.0,0.05,39400.0,44.3,55.7,0,78.9,26,30.7,3,0
APP001917,148400.0,0.125,16800.0,67.2,32.8,0,88.0,26,32.2,0,0
APP001918,42000.0,0.31,22300.0,60.2,39.8,0,96.2,37,16.2,1,0
APP001919,135100.0,0.05,40700.0,43.3,56.7,1,85.3,33,38.8,0,2
APP001920,104400.0,0.158,16600.0,47.8,52.2,0,70.3,29,10.8,1,0
APP001921,28600.0,0.05,22900.0,60.2,39.8,0,81.6,34,32.7,0,1
APP001922,47100.0,0.197,13400.0,34.8,65.2,0,92.0,33,33.8,2,1
APP001923,50300.0,0.136,17000.0,66.7,33.3,1,85.1,29,23.6,1,2
APP001924,78500.0,1.065,28400.0,58.5,41.5,2,88.2,33,15.9,1,1
APP001925,59400.0,0.058,20900.0,67.2,32.8,0,84.4,29,24.4,0,0
APP001926,49700.0,0.127,37500.0,46.1,53.9,0,70.2,27,14.7,0,0
APP001927,206600.0,0.154,35800.0,41.9,58.1,0,79.1,29,21.7,1,0
APP001928,39400.0,0.338,15000.0,41.7,58.3,1,87.7,26,26.6,1,0
APP001929,44100.0,0.817,35900.0,45.1,54.9,0,85.1,33,26.8,2,0
APP001930,109600.0,0.608,23700.0,35.7,64.3,0,73.5,37,35.7,3,0
APP001931,144900.0,0.265,49600.0,52.8,47.2,2,79.8,26,25.8,0,0
APP001932,51300.0,0.053,44100.0,69.7,30.3,1,97.1,27,29.9,1,0
APP001933,56500.0,0.44,20200.0,59.4,40.6,1,86.5,28,37.5,0,1
APP001934,30500.0,0.05,36000.0,39.3,60.7,0,78.4,26,39.4,0,1
APP001935,68300.0,0.282,12900.0,60.0,40.0,1,81.8,22,25.3,1,1
APP001936,24900.0,0.06,11300.0,33.0,67.0,0,90.6,25,16.3,1,0
APP001937,170200.0,0.421,52100.0,34.4,65.6,0,89.4,28,17.7,2,1
APP001938,96800.0,0.071,14900.0,39.7,60.3,2,99.6,35,28.4,0,1
APP001939,51800.0,0.094,35100.0,54.8,45.2,0,78.9,30,16.2,2,0
APP001940,40300.0,0.414,17800.0,36.8,63.2,0,77.2,24,10.1,1,1
APP001941,15300.0,0.14,10200.0,31.5,68.5,0,72.9,37,35.3,0,0
APP001942,91500.0,0.147,29400.0,62.6,37.4,0,71.9,19,23.0,1,0
APP001943,20700.0,0.689,6500.0,58.9,41.1,0,77.5,23,6.0,1,0
APP001944,9000.0,0.196,9000.0,52.2,47.8,0,88.7,28,25.1,0,0
APP001945,24900.0,0.365,19500.0,38.2,61.8,0,83.1,30,37.4,3,0
APP001946,61300.0,0.123,28400.0,30.7,69.3,1,77.1,32,31.5,1,0
APP001947,73500.0,0.114,29800.0,49.3,50.7,0,93.9,34,17.0,0,0
APP001948,30500.0,0.553,13200.0,59.3,40.7,0,86.1,30,10.3,2,0
APP001949,25800.0,0.05,18000.0,32.7,67.3,0,81.9,29,17.1,0,0
APP001950,206500.0,0.193,66600.0,47.3,52.7,2,70.4,26,12.3,0,0
APP001951,61000.0,0.05,16700.0,47.1,52.9,0,87.1,31,17.3,0,0
APP001952,69500.0,0.346,14400.0,56.1,43.9,0,81.3,28,26.6,1,1
APP001953,43000.0,0.37,39800.0,47.7,52.3,0,73.7,30,12.4,2,1
APP001954,74800.0,0.664,20500.0,68.0,32.0,1,96.9,28,13.4,1,0
APP001955,16700.0,0.203,13200.0,49.6,50.4,1,83.8,29,36.5,0,1
APP001956,36100.0,0.282,17200.0,54.0,46.0,0,90.3,31,12.9,3,0
APP001957,61300.0,0.571,16400.0,67.2,32.8,1,99.1,28,19.8,2,0
APP001958,112000.0,0.194,41800.0,36.2,63.8,1,93.4,33,19.4,0,0
APP001959,53100.0,0.05,22200.0,37.8,62.2,2,97.3,23,12.2,3,0
APP001960,122200.0,0.409,19200.0,60.0,40.0,1,90.8,14,27.3,0,0
APP001961,400600.0,0.128,89100.0,57.6,42.4,0,92.8,29,13.2,0,0
APP001962,169800.0,0.1,30000.0,58.2,41.8,0,71.6,27,35.1,2,0
APP001963,32400.0,0.05,24500.0,58.3,41.7,0,85.4,33,24.2,0,0
APP001964,25100.0,0.468,34800.0,65.1,34.9,0,90.9,28,14.4,3,0
APP001965,18200.0,0.423,8400.0,64.8,35.2,0,89.8,31,21.2,0,0
APP001966,57400.0,0.072,24400.0,67.5,32.5,0,73.5,35,26.1,2,2
APP001967,65100.0,0.05,37300.0,34.9,65.1,0,96.2,36,19.5,2,0
APP001968,43000.0,0.162,6400.0,32.2,67.8,3,85.6,24,33.5,0,0
APP001969,44700.0,0.205,8300.0,42.0,58.0,0,80.0,31,30.7,2,0
APP001970,36800.0,0.103,17400.0,50.3,49.7,0,76.9,32,26.5,1,1
APP001971,36300.0,0.795,21600.0,42.3,57.7,1,81.3,25,13.1,2,0
APP001972,12000.0,0.713,5600.0,55.5,44.5,1,97.8,29,13.7,1,0
APP001973,50600.0,0.05,19400.0,47.3,52.7,2,74.4,28,31.3,1,0
APP001974,124600.0,0.171,28200.0,54.3,45.7,0,78.4,23,20.5,0,1
APP001975,83900.0,1.106,22900.0,30.9,69.1,2,93.1,27,27.4,2,0
APP001976,75700.0,0.118,21400.0,30.4,69.6,0,98.5,28,20.7,1,4
APP001977,87100.0,0.051,24400.0,52.2,47.8,0,98.9,22,26.7,1,2
APP001978,151800.0,0.137,39700.0,38.7,61.3,0,75.9,29,30.8,3,0
APP001979,83500.0,0.153,11100.0,57.3,42.7,0,80.9,26,37.0,3,0
APP001980,11900.0,0.05,12400.0,64.1,35.9,0,94.8,33,11.3,0,0
APP001981,92300.0,0.103,21800.0,40.2,59.8,1,97.3,34,17.9,0,0
APP001982,115400.0,0.05,15800.0,49.0,51.0,2,84.6,39,37.3,1,0
APP001983,53400.0,0.546,11300.0,42.2,57.8,0,81.8,29,30.1,0,0
APP001984,102800.0,0.079,22000.0,56.9,43.1,1,93.5,31,16.8,2,0
APP001985,34900.0,0.08,28300.0,65.5,34.5,0,71.3,39,14.9,2,0
APP001986,25300.0,1.032,34000.0,66.4,33.6,0,79.2,22,30.0,1,3
APP001987,117500.0,0.47,37800.0,57.5,42.5,1,86.6,40,31.7,3,0
APP001988,10900.0,0.05,6100.0,65.9,34.1,1,76.1,22,26.5,1,0
APP001989,174800.0,0.218,24400.0,51.6,48.4,0,76.2,41,39.8,1,0
APP001990,28700.0,0.123,16400.0,43.5,56.5,0,92.3,26,38.5,4,1
APP001991,93100.0,0.053,24500.0,33.7,66.3,0,87.2,32,25.3,0,0
APP001992,22900.0,0.05,16900.0,34.5,65.5,0,96.7,25,20.3,0,1
APP001993,97400.0,0.334,25600.0,42.2,57.8,0,70.6,28,13.9,0,0
APP001994,18200.0,1.206,7200.0,34.8,65.2,0,85.6,27,19.1,2,0
APP001995,31600.0,0.252,11300.0,34.7,65.3,0,86.7,24,8.2,0,2
APP001996,106700.0,0.484,37800.0,61.2,38.8,0,94.7,23,36.1,1,2
APP001997,16800.0,0.28,8700.0,46.3,53.7,0,99.8,26,11.8,1,1
APP001998,140500.0,1.11,24800.0,34.4,65.6,1,91.0,33,28.9,1,1
APP001999,12900.0,0.05,7200.0,52.8,47.2,1,77.2,21,8.9,0,1
APP002000,14500.0,1.488,5900.0,62.6,37.4,1,99.4,32,29.7,0,1
APP002001,83700.0,0.371,35600.0,60.9,39.1,0,85.7,33,24.7,1,0
APP002002,146900.0,0.246,25200.0,65.2,34.8,0,73.4,38,32.7,2,0
APP002003,74900.0,0.311,38900.0,30.9,69.1,0,70.7,30,38.2,0,3
APP002004,105500.0,0.05,22400.0,36.6,63.4,0,76.9,34,27.7,0,0
APP002005,81300.0,0.235,9900.0,36.0,64.0,0,99.0,32,7.5,0,0
APP002006,136900.0,0.689,26400.0,60.4,39.6,0,80.6,36,14.4,0,0
APP002007,27400.0,0.05,7100.0,67.5,32.5,1,100.0,37,13.0,1,0
APP002008,139700.0,0.068,35500.0,47.9,52.1,0,92.3,33,20.1,1,0
APP002009,32700.0,0.05,14300.0,63.8,36.2,0,85.0,27,24.4,2,0
APP002010,122900.0,0.05,44300.0,36.2,63.8,0,90.9,33,37.5,1,0
APP002011,76900.0,0.192,47900.0,64.6,35.4,0,76.7,29,26.8,1,0
APP002012,38600.0,0.325,19700.0,50.0,50.0,0,74.6,27,28.8,2,0
APP002013,70000.0,0.223,14800.0,35.5,64.5,0,99.9,23,18.0,1,0
APP002014,93100.0,0.2,31800.0,63.9,36.1,1,91.7,43,26.7,1,0
APP002015,56100.0,0.163,26000.0,53.9,46.1,0,99.3,27,23.4,3,2
APP002016,40800.0,0.075,12200.0,48.2,51.8,0,80.9,19,34.7,1,0
APP002017,55500.0,0.313,38300.0,49.2,50.8,0,96.0,21,36.4,2,0
APP002018,87900.0,0.08,23700.0,45.5,54.5,0,76.0,26,6.2,1,1
APP002019,41100.0,0.371,31600.0,47.8,52.2,1,97.8,46,9.8,1,0
APP002020,60000.0,0.644,62000.0,31.9,68.1,0,75.4,30,12.0,2,0
APP002021,21500.0,0.091,19700.0,64.4,35.6,2,85.2,38,5.3,0,0
APP002022,95800.0,0.118,18800.0,30.6,69.4,0,76.1,27,8.1,0,1
APP002023,19900.0,0.76,13800.0,44.7,55.3,2,74.9,24,22.2,1,1
APP002024,113800.0,0.051,34700.0,67.8,32.2,0,95.2,45,22.7,0,0
APP002025,29700.0,0.785,8200.0,64.9,35.1,0,76.1,31,23.1,1,0
APP002026,21100.0,0.06,16200.0,45.4,54.6,0,89.7,29,25.4,0,0
APP002027,45900.0,0.184,31700.0,38.8,61.2,4,83.1,28,16.6,1,0
APP002028,8000.0,0.05,5800.0,34.3,65.7,0,71.8,34,16.3,0,0
APP002029,58900.0,0.166,44100.0,33.6,66.4,3,74.2,31,14.7,0,0
APP002030,236100.0,0.217,69900.0,68.2,31.8,0,89.8,32,26.0,0,1
APP002031,51300.0,0.54,11700.0,35.6,64.4,0,86.3,27,10.9,0,0
APP002032,79000.0,0.454,38000.0,68.7,31.3,0,76.5,40,34.4,1,0
APP002033,41100.0,0.477,6300.0,35.2,64.8,0,89.8,26,21.2,3,0
APP002034,77100.0,0.344,30200.0,64.6,35.4,2,83.2,28,24.4,1,0
APP002035,47000.0,0.086,14100.0,43.7,56.3,0,79.5,20,6.9,0,1
APP002036,76200.0,0.349,13800.0,63.5,36.5,0,70.7,27,22.3,0,0
APP002037,110200.0,0.189,15800.0,59.2,40.8,0,70.4,26,25.8,0,0
APP002038,31400.0,0.348,14300.0,59.3,40.7,0,85.8,30,39.4,1,0
APP002039,18000.0,0.266,15700.0,43.3,56.7,0,88.3,34,31.1,3,0
APP002040,253300.0,0.089,45200.0,61.8,38.2,1,84.6,19,5.5,2,0
APP002041,68000.0,0.05,31000.0,68.5,31.5,1,98.6,22,13.4,1,0
APP002042,35700.0,0.336,9700.0,60.6,39.4,0,96.1,32,9.5,1,0
APP002043,25200.0,0.136,5100.0,69.0,31.0,0,95.7,23,32.8,2,0
APP002044,90900.0,0.362,15700.0,60.7,39.3,0,73.6,34,27.8,1,0
APP002045,81700.0,0.626,23000.0,41.0,59.0,0,83.0,40,5.6,1,2
APP002046,12100.0,0.063,12200.0,44.8,55.2,1,85.3,30,10.6,2,0
APP002047,59500.0,0.194,35300.0,39.5,60.5,0,85.7,30,8.9,2,0
APP002048,39200.0,0.253,16400.0,51.4,48.6,0,86.5,24,30.2,1,0
APP002049,109600.0,0.269,23900.0,37.2,62.8,0,71.3,30,15.5,3,0
APP002050,47100.0,0.184,12400.0,61.8,38.2,2,78.1,29,7.8,2,0
APP002051,78900.0,0.193,21500.0,35.7,64.3,4,96.1,30,10.1,3,1
APP002052,59200.0,0.051,22700.0,60.9,39.1,0,99.0,21,16.6,1,1
APP002053,115600.0,0.817,22100.0,57.2,42.8,2,92.9,34,24.5,2,0
APP002054,80500.0,0.184,45200.0,68.9,31.1,0,76.0,31,19.0,2,0
APP002055,159000.0,0.604,26100.0,66.4,33.6,0,70.2,38,31.7,3,0
APP002056,74900.0,0.216,46200.0,31.1,68.9,5,78.7,39,26.9,2,0
APP002057,47700.0,0.415,12400.0,34.0,66.0,0,79.0,23,20.8,2,3
APP002058,31700.0,0.066,21500.0,54.2,45.8,2,89.6,38,34.8,0,1
APP002059,118700.0,0.242,24900.0,47.9,52.1,1,70.2,27,38.0,0,0
APP002060,59500.0,1.587,29600.0,38.0,62.0,1,79.8,26,7.4,0,0
APP002061,81900.0,0.103,30300.0,64.2,35.8,2,70.7,40,6.0,2,2
APP002062,161100.0,0.096,37200.0,60.1,39.9,0,94.4,33,9.0,1,0
APP002063,79500.0,0.201,14200.0,58.0,42.0,0,87.0,24,18.4,1,1
APP002064,39100.0,0.05,24500.0,61.4,38.6,0,99.8,23,21.8,1,0
APP002065,48300.0,0.169,33400.0,47.9,52.1,0,86.4,35,33.6,0,0
APP002066,17700.0,0.337,22400.0,37.7,62.3,0,91.7,40,19.7,1,0
APP002067,58700.0,0.233,30700.0,58.6,41.4,0,93.2,29,26.1,1,1
APP002068,93800.0,0.125,20000.0,39.0,61.0,2,92.3,27,36.7,1,0
APP002069,42700.0,0.051,7200.0,31.1,68.9,0,82.5,34,21.0,0,0
APP002070,60800.0,0.05,13200.0,52.4,47.6,0,70.7,24,11.4,1,0
APP002071,95100.0,0.126,28900.0,57.5,42.5,2,91.7,35,8.5,2,1
APP002072,101500.0,0.05,45500.0,53.8,46.2,3,96.6,27,33.3,0,0
APP002073,126500.0,0.681,33600.0,49.5,50.5,0,89.2,24,23.4,0,0
APP002074,97700.0,0.739,25300.0,46.0,54.0,0,80.4,26,10.5,0,0
APP002075,60100.0,0.094,19600.0,49.5,50.5,0,82.8,34,9.9,1,0
APP002076,109200.0,0.145,28700.0,59.7,40.3,0,77.9,23,28.8,2,0
APP002077,63900.0,0.322,19000.0,44.0,56.0,0,88.0,26,11.7,0,0
APP002078,94000.0,0.401,28900.0,62.3,37.7,0,94.9,25,30.6,1,0
APP002079,101500.0,0.434,24800.0,68.0,32.0,0,76.3,29,29.8,1,0
APP002080,14400.0,0.213,4300.0,34.8,65.2,0,85.1,31,23.0,1,0
APP002081,75900.0,0.082,19800.0,55.8,44.2,1,77.7,30,38.3,0,1
APP002082,57700.0,0.077,25700.0,42.3,57.7,0,76.5,32,32.3,0,0
APP002083,6600.0,0.163,3800.0,38.7,61.3,1,97.1,33,13.8,2,0
APP002084,92600.0,0.488,17400.0,33.7,66.3,3,96.9,36,9.3,1,0
APP002085,109700.0,0.617,27000.0,38.6,61.4,0,79.6,30,25.9,0,0
APP002086,34900.0,0.05,14700.0,37.7,62.3,0,95.6,31,14.8,1,0
APP002087,240100.0,0.618,92400.0,51.7,48.3,5,72.8,24,32.0,1,2
APP002088,74600.0,0.203,10600.0,34.7,65.3,0,79.7,23,20.2,1,0
APP002089,28200.0,0.095,28800.0,51.5,48.5,0,87.5,34,15.5,1,2
APP002090,44200.0,0.092,21200.0,59.7,40.3,0,81.1,33,6.6,1,0
APP002091,22600.0,0.13,26100.0,37.9,62.1,0,86.6,24,36.0,1,0
APP002092,58200.0,0.05,34000.0,44.8,55.2,0,99.9,29,29.7,0,0
APP002093,109500.0,0.12,29500.0,38.4,61.6,1,75.4,38,29.4,1,0
APP002094,29000.0,0.091,20000.0,50.4,49.6,0,84.3,24,15.7,1,0
APP002095,70700.0,0.133,47700.0,44.4,55.6,0,95.3,24,23.5,1,0
APP002096,22000.0,0.387,8000.0,40.8,59.2,2,86.6,33,19.7,1,0
APP002097,347900.0,0.439,73600.0,65.9,34.1,0,79.0,37,30.2,0,0
APP002098,49100.0,0.338,12700.0,42.3,57.7,1,73.1,34,30.0,2,0
APP002099,123400.0,0.05,34600.0,66.2,33.8,0,85.6,40,7.6,1,0
APP002100,87200.0,0.584,16900.0,69.1,30.9,0,70.1,27,18.8,2,0
APP002101,194000.0,0.379,43800.0,64.5,35.5,0,85.4,20,16.5,2,1
APP002102,16500.0,0.268,4800.0,68.9,31.1,0,85.2,20,10.4,1,0
APP002103,79400.0,0.355,18800.0,64.6,35.4,0,82.6,34,39.7,2,0
APP002104,64400.0,0.498,28900.0,61.4,38.6,0,87.9,33,34.4,0,1
APP002105,35700.0,0.306,14200.0,50.8,49.2,1,99.3,27,15.9,1,0
APP002106,118000.0,0.386,23300.0,51.9,48.1,0,83.4,21,6.5,0,0
APP002107,189500.0,0.05,96500.0,56.5,43.5,0,81.7,24,30.1,0,0
APP002108,29200.0,0.065,17600.0,61.3,38.7,0,82.6,26,8.3,0,3
APP002109,220800.0,2.0,36600.0,33.0,67.0,0,82.3,30,20.9,2,0
APP002110,77100.0,0.058,22900.0,66.4,33.6,1,78.5,40,30.0,1,0
APP002111,66500.0,0.438,62800.0,48.2,51.8,0,74.2,31,39.9,1,1
APP002112,156500.0,0.05,50100.0,48.1,51.9,1,81.6,32,30.4,0,1
APP002113,69900.0,0.572,15300.0,33.0,67.0,0,99.2,36,39.2,1,0
APP002114,171200.0,0.05,47200.0,68.1,31.9,0,95.2,27,38.2,1,1
APP002115,72400.0,0.333,42100.0,30.8,69.2,1,96.5,36,6.0,1,0
APP002116,41000.0,0.425,11600.0,64.3,35.7,0,75.0,34,16.4,1,1
APP002117,232500.0,0.094,53500.0,62.9,37.1,0,74.4,25,25.6,0,0
APP002118,13100.0,0.062,14100.0,67.9,32.1,0,75.6,28,8.5,2,0
APP002119,95400.0,0.073,27700.0,47.6,52.4,0,75.8,27,13.9,1,0
APP002120,148100.0,0.05,32100.0,64.8,35.2,1,71.1,22,34.6,1,1
APP002121,97800.0,0.09,21800.0,49.4,50.6,0,84.8,43,37.3,1,0
APP002122,19600.0,0.128,22800.0,57.6,42.4,0,72.4,36,33.2,1,0
APP002123,73600.0,0.05,20300.0,61.2,38.8,0,85.2,22,23.7,2,0
APP002124,64800.0,0.228,19100.0,58.0,42.0,0,82.2,29,36.3,0,1
APP002125,16600.0,0.66,15600.0,41.9,58.1,0,75.1,31,16.6,0,0
APP002126,28900.0,0.426,18100.0,64.5,35.5,0,76.1,31,26.0,1,0
APP002127,89800.0,0.082,35000.0,67.3,32.7,1,78.2,22,8.8,0,0
APP002128,66600.0,0.271,13900.0,57.7,42.3,0,84.1,23,13.6,0,0
APP002129,28200.0,0.05,7300.0,30.7,69.3,1,73.9,29,26.5,0,2
APP002130,35900.0,0.155,25000.0,67.5,32.5,0,71.4,38,23.5,0,0
APP002131,42700.0,0.14,30100.0,39.0,61.0,0,95.0,32,9.7,1,0
APP002132,83000.0,0.113,19200.0,43.5,56.5,0,97.2,33,33.5,1,0
APP002133,26400.0,0.249,11500.0,59.9,40.1,0,93.3,30,24.3,0,0
APP002134,169900.0,0.08,37100.0,57.5,42.5,0,92.4,31,38.5,0,0
APP002135,32500.0,0.502,36300.0,55.4,44.6,0,81.4,23,39.5,2,0
APP002136,48100.0,0.237,32400.0,34.7,65.3,0,86.5,27,8.9,1,0
APP002137,74100.0,0.101,31600.0,57.0,43.0,0,94.6,29,13.6,1,0
APP002138,62200.0,0.075,13000.0,66.7,33.3,0,72.9,25,12.9,1,2
APP002139,36500.0,0.097,20800.0,35.9,64.1,2,92.2,34,21.6,0,1
APP002140,81400.0,0.426,28900.0,44.0,56.0,0,96.4,19,8.0,1,0
APP002141,123100.0,0.05,20900.0,31.1,68.9,0,95.2,32,29.8,2,0
APP002142,59700.0,0.128,28800.0,66.6,33.4,0,79.3,26,33.7,1,0
APP002143,40600.0,0.374,5900.0,62.7,37.3,0,85.6,24,11.5,3,0
APP002144,24200.0,0.157,3900.0,56.5,43.5,0,75.2,24,13.4,2,0
APP002145,88400.0,0.134,13800.0,68.8,31.2,1,99.5,30,32.4,1,0
APP002146,152100.0,0.682,28600.0,42.3,57.7,1,88.1,27,18.4,0,0
APP002147,96000.0,1.022,27100.0,49.7,50.3,0,83.4,38,15.6,2,0
APP002148,31900.0,0.05,17100.0,50.5,49.5,0,84.9,31,31.8,4,1
APP002149,38200.0,0.083,22300.0,42.7,57.3,0,83.7,32,9.8,1,0
APP002150,141100.0,0.245,57200.0,48.5,51.5,0,81.4,34,24.6,1,0
APP002151,67100.0,0.113,16200.0,49.1,50.9,0,73.3,28,17.1,0,0
APP002152,75000.0,0.378,34800.0,40.5,59.5,1,90.6,36,11.2,3,0
APP002153,144200.0,0.174,37300.0,32.7,67.3,0,71.2,31,24.6,6,1
APP002154,23800.0,0.281,16900.0,46.3,53.7,0,89.3,26,23.9,0,0
APP002155,36100.0,0.299,13800.0,68.9,31.1,0,88.3,29,34.6,0,0
APP002156,16400.0,0.399,13000.0,35.1,64.9,5,90.1,38,30.6,3,0
APP002157,192800.0,0.182,29800.0,69.6,30.4,1,70.6,38,15.0,0,0
APP002158,67400.0,0.076,14200.0,54.7,45.3,0,77.1,25,21.7,1,1
APP002159,36900.0,0.057,13200.0,43.6,56.4,2,85.1,29,26.4,2,0
APP002160,64000.0,0.077,19600.0,63.7,36.3,0,88.1,35,18.4,0,0
APP002161,11200.0,0.426,12500.0,51.9,48.1,0,94.5,32,25.0,0,0
APP002162,106200.0,0.325,21500.0,63.8,36.2,3,79.2,32,13.3,2,0
APP002163,103600.0,0.222,50100.0,50.6,49.4,0,88.0,28,23.9,1,0
APP002164,144000.0,0.38,62900.0,60.7,39.3,0,93.6,38,24.8,0,3
APP002165,51100.0,0.713,15700.0,51.7,48.3,0,73.2,36,10.3,0,0
APP002166,26900.0,0.089,19100.0,40.5,59.5,0,78.6,39,5.9,0,0
APP002167,44600.0,0.696,10800.0,63.8,36.2,0,73.6,28,26.5,0,0
APP002168,78000.0,0.05,16000.0,37.6,62.4,2,86.2,25,16.0,0,0
APP002169,232700.0,0.148,74300.0,49.2,50.8,0,85.0,32,27.7,2,0
APP002170,33700.0,1.656,26400.0,51.7,48.3,0,86.2,38,24.1,1,1
APP002171,85600.0,0.088,27400.0,56.6,43.4,0,97.6,21,29.7,1,0
APP002172,72500.0,0.05,18700.0,63.5,36.5,3,83.0,25,6.6,4,0
APP002173,25900.0,0.437,16400.0,56.2,43.8,0,70.3,26,20.1,2,0
APP002174,233300.0,0.05,50800.0,63.8,36.2,0,82.3,21,13.3,2,4
APP002175,70000.0,0.335,13300.0,39.9,60.1,2,98.4,38,38.1,0,0
APP002176,106000.0,0.249,18500.0,52.8,47.2,0,98.1,26,13.0,0,0
APP002177,170000.0,0.433,26300.0,70.0,30.0,4,93.5,23,17.9,2,0
APP002178,125300.0,0.209,29500.0,31.1,68.9,0,86.5,33,7.3,0,0
APP002179,38900.0,0.05,25700.0,41.6,58.4,0,74.1,25,25.5,0,1
APP002180,59900.0,0.184,10800.0,48.6,51.4,0,83.8,27,24.8,0,0
APP002181,36800.0,0.05,18800.0,43.3,56.7,0,97.9,34,9.5,0,0
APP002182,27800.0,0.05,15100.0,37.2,62.8,0,76.7,24,30.6,2,0
APP002183,102600.0,0.231,28600.0,39.2,60.8,0,88.8,39,30.9,1,0
APP002184,78500.0,0.078,93100.0,49.1,50.9,1,86.4,25,27.5,1,1
APP002185,269800.0,0.157,77300.0,36.5,63.5,0,80.1,31,28.9,2,0
APP002186,109100.0,0.05,26300.0,49.8,50.2,0,76.1,35,38.0,1,1
APP002187,24500.0,0.127,23700.0,69.3,30.7,1,74.6,30,25.1,0,0
APP002188,64200.0,0.696,26300.0,57.8,42.2,0,87.4,28,27.5,2,0
APP002189,80300.0,0.187,14400.0,60.2,39.8,1,86.9,40,15.2,1,1
APP002190,108100.0,0.142,23900.0,61.5,38.5,0,74.6,32,7.6,0,1
APP002191,38800.0,0.136,22300.0,57.6,42.4,0,76.8,28,25.3,1,2
APP002192,6000.0,0.556,5100.0,61.0,39.0,1,98.7,39,37.8,3,0
APP002193,54900.0,0.381,24000.0,65.0,35.0,0,99.9,36,23.6,0,0
APP002194,67500.0,0.449,21800.0,51.2,48.8,0,95.1,27,24.1,1,2
APP002195,59700.0,0.274,22000.0,48.8,51.2,1,88.3,32,35.3,2,0
APP002196,120500.0,0.51,45500.0,30.7,69.3,0,83.8,27,12.3,1,0
APP002197,52200.0,0.464,14100.0,34.6,65.4,1,85.4,28,11.1,0,0
APP002198,97800.0,0.321,11500.0,41.2,58.8,1,94.8,32,9.9,0,0
APP002199,82900.0,0.394,17400.0,69.0,31.0,0,78.0,24,16.5,1,0
APP002200,49000.0,0.165,10900.0,66.7,33.3,0,75.1,27,6.0,0,0
APP002201,26200.0,0.07,17400.0,31.2,68.8,1,84.2,43,12.0,0,0
APP002202,130200.0,0.05,18200.0,61.1,38.9,0,82.8,27,20.0,1,0
APP002203,65400.0,0.148,44800.0,66.2,33.8,0,85.2,21,9.3,0,0
APP002204,52800.0,1.733,21100.0,48.1,51.9,0,84.5,27,28.1,0,0
APP002205,182300.0,0.105,41100.0,34.1,65.9,0,85.0,37,14.7,0,0
APP002206,117300.0,0.097,26900.0,34.1,65.9,0,80.5,24,28.8,1,0
APP002207,214400.0,0.125,44300.0,34.0,66.0,0,83.5,30,22.3,1,0
APP002208,95100.0,0.407,17500.0,34.7,65.3,0,85.7,22,15.8,1,0
APP002209,181900.0,0.171,44300.0,67.7,32.3,0,93.4,36,25.6,0,0
APP002210,71200.0,0.19,31100.0,35.2,64.8,0,78.3,31,16.1,0,0
APP002211,98200.0,0.05,32000.0,32.2,67.8,0,76.6,19,11.9,1,0
APP002212,71300.0,0.54,50000.0,38.1,61.9,0,81.1,35,21.1,0,0
APP002213,36700.0,0.094,47800.0,64.0,36.0,0,97.8,27,17.3,1,0
APP002214,58800.0,0.05,33500.0,46.0,54.0,0,94.6,31,10.8,1,0
APP002215,27200.0,0.195,19800.0,45.8,54.2,0,82.6,34,8.4,0,0
APP002216,50900.0,1.236,8000.0,40.1,59.9,0,97.4,32,24.5,2,1
APP002217,244900.0,0.12,43700.0,37.9,62.1,0,98.2,35,21.9,1,2
APP002218,49700.0,0.05,20600.0,67.6,32.4,0,92.8,25,14.0,1,2
APP002219,89400.0,0.649,16700.0,47.0,53.0,0,77.9,31,18.4,0,0
APP002220,61700.0,0.284,19600.0,44.9,55.1,3,97.7,26,6.4,0,0
APP002221,260200.0,0.569,69800.0,31.9,68.1,0,81.2,31,28.2,0,0
APP002222,68800.0,0.05,27500.0,63.1,36.9,1,83.6,34,10.9,0,3
APP002223,28900.0,0.239,15000.0,47.5,52.5,1,82.5,39,38.3,0,2
APP002224,78600.0,0.173,15300.0,58.1,41.9,0,94.0,33,15.3,1,0
APP002225,165400.0,0.675,46000.0,37.9,62.1,0,95.9,30,38.9,1,0
APP002226,120000.0,1.235,18800.0,50.5,49.5,1,87.4,28,27.1,0,0
APP002227,274200.0,0.531,60200.0,32.1,67.9,0,94.5,28,24.9,2,0
APP002228,159500.0,0.456,53400.0,50.2,49.8,0,83.0,34,17.2,0,1
APP002229,54700.0,0.05,12600.0,67.4,32.6,0,82.3,28,37.5,1,0
APP002230,65000.0,0.125,19100.0,32.2,67.8,2,81.1,23,19.7,1,0
APP002231,154000.0,0.05,39800.0,55.9,44.1,3,97.3,27,6.6,2,0
APP002232,86600.0,0.725,36400.0,30.8,69.2,0,97.5,28,31.0,0,0
APP002233,124000.0,0.725,19400.0,68.9,31.1,5,94.4,38,35.6,0,0
APP002234,132300.0,0.327,19500.0,33.1,66.9,2,75.1,31,32.1,1,0
APP002235,69900.0,0.05,13800.0,61.1,38.9,1,93.8,33,20.7,0,0
APP002236,43100.0,1.317,37400.0,64.9,35.1,1,98.0,27,19.3,0,0
APP002237,468700.0,0.096,65400.0,38.3,61.7,0,96.5,39,37.0,1,0
APP002238,395900.0,0.05,102300.0,39.8,60.2,0,71.8,23,34.1,0,1
APP002239,87800.0,0.108,22300.0,41.5,58.5,0,70.7,34,5.9,0,1
APP002240,34400.0,0.2,23200.0,39.0,61.0,3,75.1,27,16.4,1,0
APP002241,87300.0,0.085,22500.0,49.5,50.5,0,86.6,28,19.9,1,2
APP002242,202700.0,0.321,35300.0,54.9,45.1,0,90.2,25,30.7,0,0
APP002243,66600.0,0.536,21800.0,53.6,46.4,1,96.1,32,5.9,2,0
APP002244,40600.0,0.058,9400.0,64.1,35.9,0,77.3,36,38.6,1,1
APP002245,70600.0,0.05,39900.0,51.9,48.1,1,75.6,42,33.3,2,1
APP002246,66200.0,0.05,21800.0,33.2,66.8,3,79.0,25,6.1,0,0
APP002247,49100.0,0.561,29900.0,62.2,37.8,0,74.3,32,27.3,0,0
APP002248,10300.0,0.574,7100.0,58.3,41.7,0,77.0,30,8.7,1,0
APP002249,57200.0,0.05,23200.0,51.2,48.8,0,70.8,28,19.4,0,0
APP002250,104600.0,0.32,16700.0,61.3,38.7,0,82.9,32,17.5,0,0
APP002251,54000.0,0.214,25900.0,51.3,48.7,0,97.0,34,33.5,1,0
APP002252,76800.0,0.101,12800.0,66.1,33.9,0,88.8,36,31.1,0,0
APP002253,254900.0,0.097,56700.0,49.5,50.5,0,83.6,32,6.5,1,0
APP002254,210600.0,0.461,33500.0,52.2,47.8,0,78.1,28,35.8,2,0
APP002255,17700.0,0.197,20100.0,33.1,66.9,0,75.3,31,9.7,1,2
APP002256,58900.0,0.141,16700.0,38.6,61.4,0,88.7,22,9.1,0,0
APP002257,51900.0,0.339,7000.0,44.6,55.4,0,95.6,26,22.1,1,0
APP002258,18900.0,0.05,5700.0,42.1,57.9,0,81.4,35,32.5,2,2
APP002259,22300.0,0.405,9200.0,44.6,55.4,0,77.0,31,22.8,2,0
APP002260,60900.0,0.05,18100.0,31.6,68.4,1,82.9,33,28.6,2,0
APP002261,153300.0,0.142,52900.0,51.4,48.6,2,86.9,34,23.0,1,0
APP002262,84700.0,0.091,11400.0,42.1,57.9,0,99.0,28,13.4,2,0
APP002263,58600.0,0.065,42100.0,65.4,34.6,0,87.5,24,14.5,2,1
APP002264,67700.0,0.133,34700.0,66.7,33.3,3,74.1,30,31.0,0,0
APP002265,48400.0,0.195,18600.0,52.8,47.2,0,78.4,39,15.7,1,1
APP002266,56800.0,0.258,12100.0,54.6,45.4,0,74.0,32,25.8,1,0
APP002267,53500.0,0.05,15000.0,54.0,46.0,0,82.3,33,10.4,0,0
APP002268,113700.0,0.155,40200.0,66.2,33.8,0,88.1,34,9.1,2,0
APP002269,24800.0,0.05,18100.0,53.9,46.1,0,88.4,41,24.0,0,0
APP002270,102100.0,0.27,28500.0,41.3,58.7,0,83.0,38,36.6,0,0
APP002271,60200.0,0.201,39200.0,66.2,33.8,0,92.9,25,35.1,1,0
APP002272,56800.0,0.32,18300.0,41.7,58.3,0,76.5,48,36.5,0,0
APP002273,50400.0,0.071,12500.0,32.5,67.5,2,79.2,40,22.7,0,0
APP002274,109500.0,0.063,51600.0,45.4,54.6,0,81.2,31,37.4,0,1
APP002275,99500.0,0.189,25900.0,50.5,49.5,0,87.8,27,29.4,2,1
APP002276,9300.0,0.112,6600.0,37.1,62.9,1,98.2,44,39.8,2,0
APP002277,122500.0,0.05,16400.0,47.9,52.1,0,81.0,24,19.0,1,0
APP002278,140200.0,0.883,36100.0,61.5,38.5,3,93.1,23,37.9,3,1
APP002279,105100.0,0.211,26200.0,31.2,68.8,0,76.8,25,34.6,3,1
APP002280,89700.0,0.236,26800.0,49.5,50.5,3,71.3,28,25.9,0,1
APP002281,70400.0,0.15,25500.0,42.9,57.1,0,80.1,30,9.7,1,2
APP002282,113400.0,0.083,38700.0,61.7,38.3,0,82.6,27,14.0,2,1
APP002283,22400.0,0.522,13900.0,59.2,40.8,0,99.2,33,33.8,1,1
APP002284,200400.0,0.174,53500.0,38.0,62.0,5,82.5,31,34.6,0,0
APP002285,23300.0,1.027,5500.0,65.4,34.6,0,76.0,32,30.3,2,1
APP002286,214500.0,0.261,51000.0,34.6,65.4,0,92.8,33,28.4,1,0
APP002287,54400.0,0.05,22000.0,44.6,55.4,0,80.9,37,36.4,0,0
APP002288,163300.0,0.312,49700.0,36.8,63.2,0,89.6,35,35.4,2,0
APP002289,113200.0,0.411,29900.0,53.2,46.8,5,82.4,33,16.8,0,1
APP002290,54900.0,0.557,16700.0,58.4,41.6,1,80.2,32,17.8,3,0
APP002291,22200.0,0.434,10100.0,60.2,39.8,0,90.8,31,15.5,0,0
APP002292,69400.0,0.09,12800.0,37.0,63.0,2,74.7,31,14.2,0,0
APP002293,121200.0,0.279,26900.0,56.1,43.9,0,87.0,31,8.0,0,1
APP002294,21800.0,0.05,12200.0,48.4,51.6,1,84.3,23,15.9,1,0
APP002295,125500.0,0.242,40700.0,60.4,39.6,0,98.4,34,36.0,0,0
APP002296,80800.0,0.358,19700.0,50.9,49.1,0,95.1,31,16.5,2,1
APP002297,7600.0,0.404,5400.0,32.7,67.3,0,76.7,26,23.7,0,0
APP002298,26800.0,0.162,13300.0,69.3,30.7,0,73.5,27,20.8,2,0
APP002299,39600.0,0.05,34400.0,56.8,43.2,0,90.3,40,27.4,0,1
APP002300,11600.0,0.614,6200.0,61.8,38.2,0,93.3,30,36.5,0,1
APP002301,33700.0,0.148,12300.0,69.8,30.2,1,96.6,21,7.0,0,0
APP002302,55300.0,0.4,24100.0,49.0,51.0,0,77.6,28,37.4,0,0
APP002303,133300.0,0.722,17600.0,42.9,57.1,0,95.0,25,35.8,0,1
APP002304,119300.0,0.588,42800.0,57.6,42.4,1,85.1,38,19.9,1,0
APP002305,67300.0,0.089,18100.0,43.2,56.8,4,76.0,24,11.2,1,0
APP002306,16800.0,0.435,7600.0,42.9,57.1,0,97.0,26,29.1,1,1
APP002307,92400.0,0.757,21600.0,46.7,53.3,0,95.2,26,17.4,3,1
APP002308,71600.0,0.059,30500.0,58.9,41.1,0,76.2,37,18.0,1,0
APP002309,16200.0,0.078,5100.0,58.0,42.0,1,82.4,32,26.6,1,0
APP002310,170400.0,0.05,24100.0,41.4,58.6,0,84.7,25,32.2,1,0
APP002311,72600.0,0.542,19600.0,43.2,56.8,0,82.8,32,34.6,1,2
APP002312,69600.0,0.05,18300.0,64.6,35.4,0,98.5,33,13.0,1,0
APP002313,114900.0,0.308,21600.0,47.9,52.1,0,89.7,28,24.3,0,0
APP002314,100000.0,0.072,23000.0,33.0,67.0,3,88.0,45,35.7,0,1
APP002315,36900.0,0.166,32300.0,51.0,49.0,0,84.5,34,34.1,0,0
APP002316,201300.0,0.533,29100.0,33.9,66.1,0,85.1,29,23.4,2,1
APP002317,138900.0,0.105,58800.0,62.7,37.3,1,74.7,29,18.7,2,0
APP002318,80200.0,0.309,45700.0,36.9,63.1,0,76.1,28,21.8,1,1
APP002319,112500.0,0.264,25800.0,44.4,55.6,0,87.6,32,14.1,3,0
APP002320,38000.0,0.05,17700.0,37.3,62.7,0,96.4,32,7.2,0,0
APP002321,112000.0,1.198,23000.0,30.4,69.6,0,86.3,27,18.8,0,0
APP002322,70600.0,0.05,10400.0,36.2,63.8,0,89.2,30,33.7,0,0
APP002323,105800.0,0.102,29800.0,52.6,47.4,0,96.5,31,17.2,1,0
APP002324,20800.0,0.05,13000.0,49.0,51.0,0,89.0,29,12.1,1,0
APP002325,111400.0,0.081,35200.0,51.2,48.8,2,82.9,33,10.9,2,0
APP002326,60200.0,0.577,37600.0,56.4,43.6,0,90.0,30,5.5,0,0
APP002327,34300.0,0.606,33500.0,44.3,55.7,0,71.2,32,36.4,1,1
APP002328,91100.0,0.05,22900.0,51.1,48.9,0,93.9,21,29.2,2,0
APP002329,41000.0,0.11,15200.0,40.8,59.2,0,71.7,30,22.0,0,0
APP002330,67100.0,0.132,13400.0,31.0,69.0,0,80.3,28,35.6,0,0
APP002331,38700.0,0.172,28100.0,60.6,39.4,1,88.8,15,9.2,1,0
APP002332,40900.0,0.239,23800.0,63.0,37.0,2,83.7,27,23.8,0,0
APP002333,130000.0,0.563,27600.0,37.5,62.5,2,99.2,31,28.1,1,0
APP002334,22300.0,0.271,13700.0,66.0,34.0,1,86.2,21,21.9,0,0
APP002335,196100.0,0.365,58500.0,52.8,47.2,0,92.6,21,24.6,1,2
APP002336,18600.0,0.167,3600.0,33.7,66.3,1,75.1,22,8.0,1,0
APP002337,39800.0,0.05,28300.0,30.2,69.8,0,82.4,29,20.5,3,0
APP002338,31500.0,0.063,18400.0,53.4,46.6,0,71.3,26,27.5,1,2
APP002339,96400.0,0.238,14900.0,60.2,39.8,1,85.1,32,39.6,1,0
APP002340,123600.0,0.295,40000.0,48.4,51.6,0,70.1,33,30.4,0,0
APP002341,69000.0,0.05,22700.0,59.6,40.4,1,70.1,32,35.0,0,0
APP002342,133000.0,0.05,43500.0,41.4,58.6,0,77.4,31,5.9,0,0
APP002343,74100.0,0.665,22100.0,31.5,68.5,0,78.4,24,5.0,1,0
APP002344,257800.0,0.377,79100.0,50.8,49.2,0,96.9,27,29.7,1,0
APP002345,9700.0,0.141,5700.0,35.5,64.5,0,95.5,29,31.2,5,1
APP002346,29300.0,0.153,20500.0,37.4,62.6,0,76.9,21,36.7,0,0
APP002347,97400.0,0.194,22400.0,50.8,49.2,1,96.1,36,17.3,2,0
APP002348,29200.0,0.207,4500.0,63.7,36.3,0,76.4,32,14.8,2,0
APP002349,73300.0,0.427,32000.0,32.4,67.6,0,71.3,33,9.4,0,3
APP002350,110800.0,0.18,36000.0,68.0,32.0,0,80.3,30,6.6,1,0
APP002351,118600.0,0.171,28200.0,55.0,45.0,0,84.7,30,30.4,1,0
APP002352,56800.0,0.218,71800.0,54.9,45.1,0,99.4,32,20.9,0,0
APP002353,40600.0,0.05,9000.0,61.2,38.8,0,98.4,37,32.5,1,1
APP002354,72600.0,0.569,20600.0,57.9,42.1,1,83.7,36,5.4,0,0
APP002355,88100.0,0.312,27400.0,34.2,65.8,1,75.2,35,25.6,0,0
APP002356,55400.0,0.109,26900.0,63.4,36.6,0,77.8,29,23.0,1,0
APP002357,30300.0,0.398,29200.0,49.1,50.9,3,79.5,34,6.3,4,0
APP002358,47300.0,0.531,17800.0,63.2,36.8,0,70.0,31,34.5,0,0
APP002359,120300.0,0.112,31600.0,51.0,49.0,0,73.6,29,37.6,1,0
APP002360,46700.0,0.065,18800.0,53.4,46.6,3,90.4,38,32.4,0,1
APP002361,90400.0,0.05,32700.0,40.5,59.5,0,91.5,40,32.8,1,0
APP002362,79200.0,0.378,20000.0,38.8,61.2,0,85.3,23,17.2,0,0
APP002363,38100.0,0.447,11700.0,48.6,51.4,1,73.1,39,8.2,1,0
APP002364,68700.0,0.283,31400.0,55.0,45.0,0,98.0,27,16.3,3,0
APP002365,230500.0,0.174,51900.0,30.0,70.0,2,80.4,35,26.2,0,1
APP002366,45600.0,0.05,27600.0,67.3,32.7,0,98.7,25,38.6,0,0
APP002367,98900.0,0.05,16000.0,65.6,34.4,0,92.9,34,16.1,0,0
APP002368,44400.0,0.064,17400.0,53.0,47.0,0,97.9,27,29.5,0,0
APP002369,24700.0,0.05,4400.0,38.3,61.7,0,75.3,31,13.9,2,0
APP002370,189900.0,0.118,47400.0,54.4,45.6,3,96.4,36,23.5,2,1
APP002371,111300.0,0.061,18600.0,68.6,31.4,1,84.2,25,10.5,0,0
APP002372,71700.0,1.117,27200.0,32.2,67.8,0,87.5,29,12.6,3,2
APP002373,62100.0,0.806,35100.0,40.6,59.4,3,93.0,31,29.8,0,0
APP002374,60300.0,0.117,32500.0,31.6,68.4,0,97.4,34,34.5,0,2
APP002375,38000.0,0.303,13900.0,42.1,57.9,1,74.2,30,6.8,0,0
APP002376,143600.0,0.659,33500.0,47.6,52.4,1,74.4,30,18.1,0,0
APP002377,137100.0,0.341,26000.0,47.0,53.0,0,73.0,35,31.0,2,0
APP002378,120100.0,0.091,25900.0,49.0,51.0,0,79.4,24,19.0,1,1
APP002379,37000.0,0.125,13600.0,31.7,68.3,0,74.4,30,9.6,0,1
APP002380,119700.0,0.099,32300.0,65.2,34.8,1,88.7,43,24.9,1,0
APP002381,99900.0,0.083,19900.0,51.2,48.8,0,83.2,40,19.2,0,1
APP002382,38000.0,0.073,10600.0,37.6,62.4,0,93.8,37,26.5,1,0
APP002383,20200.0,0.311,8500.0,44.6,55.4,0,82.2,29,7.3,0,1
APP002384,134400.0,0.05,26200.0,53.6,46.4,0,96.1,30,39.5,2,0
APP002385,120500.0,0.142,24100.0,42.3,57.7,0,95.1,30,7.6,2,0
APP002386,54900.0,0.05,30000.0,33.3,66.7,4,70.6,31,10.6,2,0
APP002387,273600.0,0.564,59900.0,63.4,36.6,0,70.5,37,21.8,1,1
APP002388,126000.0,0.137,52500.0,52.2,47.8,0,96.6,32,38.3,1,0
APP002389,158800.0,0.175,24800.0,50.3,49.7,0,70.3,28,35.1,0,0
APP002390,49300.0,0.232,38100.0,39.6,60.4,0,85.6,24,24.2,0,0
APP002391,138800.0,0.078,21500.0,56.0,44.0,0,74.7,27,33.7,0,0
APP002392,27900.0,0.05,8600.0,55.4,44.6,0,80.1,35,14.0,1,1
APP002393,85400.0,0.136,22000.0,48.0,52.0,0,79.3,31,14.5,1,0
APP002394,25400.0,0.05,21600.0,64.0,36.0,0,74.8,32,31.5,2,2
APP002395,38600.0,0.05,18800.0,44.9,55.1,1,96.2,26,22.5,1,0
APP002396,79700.0,0.42,24500.0,57.4,42.6,0,96.0,36,12.9,2,0
APP002397,82900.0,0.493,31100.0,59.6,40.4,3,99.5,20,26.0,2,1
APP002398,85300.0,0.05,28000.0,41.4,58.6,0,95.8,36,38.2,0,1
APP002399,61800.0,0.05,42700.0,42.7,57.3,0,96.2,35,37.6,1,0
APP002400,85100.0,0.185,57700.0,52.5,47.5,0,99.5,26,28.4,2,2
APP002401,42500.0,0.05,12400.0,32.8,67.2,2,91.7,35,38.7,1,0
APP002402,177300.0,0.406,33600.0,63.4,36.6,0,71.4,36,32.2,0,0
APP002403,111700.0,0.162,28600.0,49.3,50.7,0,99.5,32,22.3,1,1
APP002404,39200.0,0.196,44200.0,46.4,53.6,0,96.6,29,29.6,3,1
APP002405,40300.0,0.401,36100.0,64.4,35.6,3,92.6,39,36.8,1,0
APP002406,118900.0,1.237,32600.0,61.9,38.1,1,88.8,29,29.3,1,1
APP002407,39400.0,1.006,15500.0,62.6,37.4,0,84.1,34,24.3,2,0
APP002408,38900.0,0.34,19700.0,39.4,60.6,0,93.8,27,5.2,0,0
APP002409,37700.0,0.248,19200.0,54.6,45.4,0,93.9,26,34.8,1,0
APP002410,145300.0,1.071,44900.0,30.9,69.1,0,86.4,27,17.8,0,0
APP002411,51600.0,0.249,23200.0,47.5,52.5,0,75.1,24,27.3,2,0
APP002412,55900.0,0.392,27100.0,65.3,34.7,0,95.2,21,7.4,1,1
APP002413,8000.0,0.066,5300.0,32.2,67.8,2,81.3,30,21.4,1,1
APP002414,65900.0,0.07,15800.0,51.3,48.7,0,91.5,33,13.5,1,0
APP002415,34400.0,0.08,4700.0,50.6,49.4,0,87.8,36,16.3,0,1
APP002416,16000.0,0.113,5500.0,69.5,30.5,0,85.3,30,33.4,0,0
APP002417,7100.0,0.065,6500.0,56.8,43.2,0,75.5,42,19.4,1,0
APP002418,146600.0,0.131,20500.0,51.2,48.8,0,77.3,28,25.9,1,0
APP002419,142700.0,0.078,33700.0,64.9,35.1,0,75.6,33,12.9,0,0
APP002420,15900.0,0.299,4300.0,59.8,40.2,0,98.6,29,25.0,1,0
APP002421,52200.0,0.068,16000.0,41.2,58.8,0,79.4,29,28.1,0,0
APP002422,37500.0,0.198,31500.0,37.9,62.1,0,76.7,35,22.1,0,0
APP002423,134700.0,0.339,29500.0,69.0,31.0,5,85.3,26,37.6,3,1
APP002424,88400.0,0.05,17800.0,50.4,49.6,0,73.2,36,15.9,1,0
APP002425,88300.0,0.134,22200.0,43.5,56.5,0,70.4,25,26.5,1,0
APP002426,12300.0,0.242,7400.0,57.2,42.8,0,72.4,27,32.5,0,0
APP002427,88500.0,0.298,19600.0,32.4,67.6,2,73.7,28,29.6,0,0
APP002428,95300.0,0.87,37200.0,31.6,68.4,1,91.9,34,33.3,2,0
APP002429,181600.0,0.246,54300.0,52.0,48.0,0,87.9,33,6.8,1,0
APP002430,135700.0,0.151,50400.0,32.7,67.3,0,87.9,21,27.2,1,0
APP002431,30100.0,0.05,10900.0,41.9,58.1,0,92.4,34,18.5,3,0
APP002432,29900.0,0.151,30400.0,37.4,62.6,3,81.3,30,26.5,1,0
APP002433,79300.0,0.95,10700.0,37.6,62.4,0,79.4,32,26.3,0,0
APP002434,20600.0,0.449,14000.0,59.3,40.7,0,85.5,34,35.6,2,0
APP002435,30300.0,0.637,12800.0,61.1,38.9,0,76.1,33,38.9,1,0
APP002436,138900.0,0.111,43800.0,49.3,50.7,0,74.5,26,10.5,2,0
APP002437,120000.0,0.307,27500.0,44.4,55.6,0,89.8,37,15.8,0,0
APP002438,27400.0,0.05,12400.0,41.8,58.2,0,96.2,22,26.8,1,0
APP002439,76500.0,0.428,33000.0,51.5,48.5,0,83.5,23,27.0,1,0
APP002440,108700.0,1.187,19300.0,67.3,32.7,0,79.9,33,37.0,2,0
APP002441,68700.0,0.584,16400.0,48.2,51.8,2,94.9,38,20.2,0,1
APP002442,112200.0,0.669,16500.0,30.9,69.1,0,99.5,26,26.8,2,0
APP002443,28500.0,0.16,6300.0,49.6,50.4,0,98.6,29,5.9,1,1
APP002444,56300.0,1.116,11600.0,55.9,44.1,5,83.4,23,11.4,0,0
APP002445,126000.0,0.184,30000.0,59.7,40.3,0,96.3,28,29.3,2,0
APP002446,20900.0,0.05,5800.0,31.7,68.3,0,96.2,35,20.5,0,0
APP002447,10800.0,0.13,11800.0,61.0,39.0,0,98.1,34,14.4,1,0
APP002448,114300.0,0.051,42500.0,54.7,45.3,2,84.3,30,31.4,0,0
APP002449,123600.0,0.198,50700.0,66.0,34.0,1,78.5,28,9.8,3,1
APP002450,134800.0,0.246,27600.0,30.6,69.4,0,76.4,34,25.6,0,0
APP002451,331100.0,0.22,57100.0,50.7,49.3,1,77.0,26,29.9,0,0
APP002452,24300.0,0.598,6000.0,46.2,53.8,1,96.1,29,10.2,0,0
APP002453,76600.0,0.504,33800.0,58.6,41.4,1,79.4,36,10.0,0,0
APP002454,35800.0,0.05,38300.0,52.8,47.2,3,85.6,25,29.7,0,0
APP002455,24600.0,0.333,23500.0,40.7,59.3,0,80.6,33,9.1,1,0
APP002456,60100.0,0.306,14800.0,32.1,67.9,0,90.4,30,20.0,0,0
APP002457,104300.0,0.649,24200.0,64.7,35.3,0,70.1,27,22.9,2,1
APP002458,182300.0,0.186,45000.0,48.3,51.7,0,98.8,25,17.5,2,0
APP002459,95200.0,0.504,25600.0,44.2,55.8,0,71.2,33,28.4,4,0
APP002460,91900.0,0.128,55100.0,48.8,51.2,0,86.5,32,33.4,3,0
APP002461,10600.0,0.218,13000.0,66.6,33.4,4,99.3,37,11.8,4,1
APP002462,70000.0,0.092,16800.0,47.4,52.6,0,79.5,34,12.3,0,0
APP002463,27900.0,0.412,28900.0,64.0,36.0,2,79.2,27,23.0,2,0
APP002464,97200.0,0.234,14900.0,56.1,43.9,0,93.8,23,33.0,0,0
APP002465,110100.0,0.589,19900.0,63.2,36.8,0,98.6,22,33.6,2,1
APP002466,39200.0,0.281,9000.0,61.6,38.4,0,74.1,31,30.8,1,0
APP002467,63400.0,0.664,16900.0,45.2,54.8,0,86.3,32,34.7,2,1
APP002468,30900.0,0.313,14200.0,39.2,60.8,1,86.2,21,27.1,1,0
APP002469,131100.0,0.055,90500.0,33.4,66.6,0,96.6,29,35.2,1,3
APP002470,156900.0,0.251,31200.0,51.1,48.9,0,88.8,25,36.6,0,1
APP002471,15300.0,0.178,6000.0,57.4,42.6,0,82.3,40,25.7,2,0
APP002472,121900.0,0.245,32000.0,45.5,54.5,0,73.3,33,28.9,1,0
APP002473,90900.0,0.2,13000.0,48.7,51.3,0,71.6,26,12.0,1,0
APP002474,12800.0,0.502,8400.0,61.0,39.0,3,78.8,34,34.7,0,0
APP002475,60300.0,0.05,18400.0,43.4,56.6,0,70.7,30,33.9,0,1
APP002476,50800.0,0.835,14700.0,62.3,37.7,0,86.8,37,19.5,2,0
APP002477,21500.0,0.401,18800.0,53.9,46.1,0,75.1,33,31.9,0,1
APP002478,34500.0,0.192,11600.0,59.7,40.3,0,74.3,35,14.3,0,4
APP002479,37500.0,0.05,41000.0,34.9,65.1,0,90.6,25,15.6,0,0
APP002480,146200.0,0.951,23400.0,40.3,59.7,0,83.8,27,6.8,0,0
APP002481,114300.0,0.394,33300.0,51.8,48.2,0,84.7,39,12.6,1,0
APP002482,92300.0,0.072,33500.0,64.0,36.0,2,88.1,15,16.3,3,0
APP002483,98500.0,0.567,12200.0,37.8,62.2,1,81.1,29,24.8,1,2
APP002484,30800.0,0.05,32200.0,63.4,36.6,0,78.7,33,9.5,1,0
APP002485,25000.0,0.492,15500.0,39.3,60.7,0,75.8,23,22.5,0,0
APP002486,56200.0,0.494,14400.0,33.9,66.1,1,92.1,35,17.7,0,1
APP002487,58900.0,1.235,20100.0,38.9,61.1,0,77.5,33,22.2,2,0
APP002488,29800.0,0.093,19600.0,37.0,63.0,2,73.1,28,11.4,1,0
APP002489,274900.0,0.559,44300.0,32.6,67.4,0,81.5,36,11.0,1,0
APP002490,314000.0,0.082,97100.0,31.3,68.7,3,80.5,32,35.9,1,1
APP002491,54900.0,0.745,20300.0,66.6,33.4,0,86.3,24,14.1,0,1
APP002492,211300.0,0.356,58100.0,44.7,55.3,0,82.6,35,24.3,4,0
APP002493,23500.0,0.053,16900.0,33.4,66.6,0,74.0,27,38.4,1,0
APP002494,71600.0,0.36,32800.0,34.1,65.9,1,77.7,32,10.0,0,0
APP002495,43900.0,0.326,16800.0,37.7,62.3,0,83.7,34,29.5,3,0
APP002496,16700.0,1.894,18000.0,41.5,58.5,0,77.6,26,27.0,4,0
APP002497,82700.0,0.05,28400.0,66.3,33.7,0,94.9,31,33.1,1,0
APP002498,18700.0,1.469,4400.0,61.7,38.3,1,74.0,28,10.8,1,0
APP002499,146700.0,0.141,43900.0,42.9,57.1,0,93.4,38,36.7,1,0
APP002500,145200.0,0.47,41500.0,62.1,37.9,0,84.3,25,5.4,1,0
APP002501,61600.0,0.05,29800.0,44.3,55.7,0,94.7,41,36.7,3,0
APP002502,119200.0,0.05,22300.0,58.8,41.2,0,85.6,27,25.2,1,0
APP002503,19300.0,0.213,16600.0,32.6,67.4,0,82.5,40,12.7,1,0
APP002504,63500.0,0.345,12900.0,57.1,42.9,0,95.6,41,8.6,0,2
APP002505,114200.0,0.262,40200.0,45.8,54.2,1,76.9,25,22.9,2,0
APP002506,56800.0,0.569,16400.0,66.9,33.1,0,73.3,27,20.8,1,1
APP002507,172600.0,0.281,33500.0,30.5,69.5,0,88.0,29,5.9,0,0
APP002508,62400.0,0.422,24900.0,46.2,53.8,1,77.8,32,28.2,0,0
APP002509,146700.0,0.194,40000.0,37.5,62.5,0,79.8,35,36.8,3,0
APP002510,104500.0,0.814,16200.0,45.8,54.2,0,98.9,31,9.1,1,1
APP002511,80400.0,0.05,21000.0,33.2,66.8,0,97.3,32,30.7,1,0
APP002512,92200.0,0.131,47800.0,44.2,55.8,0,86.5,21,26.7,1,3
APP002513,87400.0,0.885,15600.0,54.9,45.1,0,81.8,36,18.9,2,2
APP002514,206400.0,0.363,58600.0,33.8,66.2,1,74.9,40,18.4,1,0
APP002515,16900.0,0.242,12600.0,40.6,59.4,0,79.1,37,26.7,0,0
APP002516,70500.0,0.17,15100.0,67.7,32.3,0,82.1,30,20.0,3,3
APP002517,88100.0,0.113,23700.0,38.1,61.9,0,75.9,39,19.1,0,0
APP002518,35500.0,0.156,20700.0,43.7,56.3,1,74.5,25,5.1,1,1
APP002519,77300.0,0.186,25500.0,33.9,66.1,0,85.4,33,37.0,1,0
APP002520,101000.0,0.511,26500.0,37.1,62.9,0,73.6,27,15.1,0,3
APP002521,58600.0,0.05,12000.0,45.5,54.5,1,85.3,34,26.5,2,0
APP002522,49500.0,0.111,14900.0,49.0,51.0,0,98.5,29,33.2,1,0
APP002523,116400.0,0.28,40400.0,62.7,37.3,1,70.6,27,6.7,1,0
APP002524,36300.0,0.237,8200.0,31.2,68.8,0,72.7,31,24.4,0,0
APP002525,97500.0,0.05,44600.0,61.0,39.0,1,93.0,29,8.0,0,0
APP002526,104700.0,0.16,32200.0,31.1,68.9,2,97.9,32,36.3,1,0
APP002527,295600.0,0.284,45500.0,48.8,51.2,0,88.4,27,7.3,1,0
APP002528,9800.0,0.347,7400.0,65.1,34.9,0,79.9,36,34.8,0,0
APP002529,31000.0,0.074,26800.0,56.2,43.8,0,75.4,25,31.7,1,1
APP002530,15000.0,0.603,9900.0,47.6,52.4,0,91.2,24,32.9,0,0
APP002531,111800.0,0.05,14800.0,58.5,41.5,2,79.2,25,22.9,0,1
APP002532,241000.0,0.149,38300.0,33.6,66.4,0,86.7,32,28.0,4,0
APP002533,36000.0,0.227,9800.0,33.2,66.8,0,87.9,31,13.0,1,0
APP002534,124300.0,0.118,32000.0,63.7,36.3,0,85.7,30,20.6,0,0
APP002535,44200.0,0.068,24500.0,51.2,48.8,0,83.0,23,29.6,1,0
APP002536,142500.0,1.105,67000.0,54.7,45.3,1,90.0,26,35.2,0,3
APP002537,11100.0,0.078,14100.0,68.4,31.6,0,83.0,38,10.5,1,1
APP002538,188100.0,0.631,40500.0,30.0,70.0,4,96.0,23,37.4,2,0
APP002539,125000.0,0.407,41200.0,67.5,32.5,0,71.4,22,30.5,1,0
APP002540,23600.0,0.061,11800.0,46.3,53.7,0,85.0,22,27.1,1,0
APP002541,71300.0,0.05,14300.0,64.0,36.0,1,81.7,31,11.7,1,0
APP002542,400700.0,0.551,98900.0,48.4,51.6,0,73.9,32,24.8,1,0
APP002543,44700.0,0.359,18700.0,53.6,46.4,0,70.9,25,7.3,1,2
APP002544,42800.0,0.05,19700.0,63.0,37.0,0,88.5,24,23.0,1,0
APP002545,69700.0,0.529,77300.0,62.4,37.6,0,77.9,46,27.0,1,0
APP002546,218100.0,0.696,54900.0,50.2,49.8,0,81.8,30,16.5,1,0
APP002547,23800.0,0.143,11600.0,42.6,57.4,0,86.0,30,27.6,1,1
APP002548,108200.0,0.467,30500.0,62.8,37.2,0,70.1,31,24.8,1,0
APP002549,91200.0,0.358,34900.0,63.3,36.7,1,86.7,22,15.4,0,0
APP002550,67700.0,0.389,20900.0,70.0,30.0,1,76.2,27,25.7,0,0
APP002551,250000.0,0.05,65200.0,65.7,34.3,0,96.6,35,29.8,2,0
APP002552,26400.0,0.115,14900.0,67.8,32.2,0,76.7,31,17.9,1,0
APP002553,142200.0,0.155,36900.0,40.1,59.9,0,81.7,32,19.3,0,2
APP002554,207100.0,0.128,60000.0,30.4,69.6,0,82.1,34,7.6,1,0
APP002555,124100.0,0.053,44300.0,65.8,34.2,0,97.5,33,32.6,1,1
APP002556,7500.0,0.346,6100.0,38.3,61.7,0,81.2,28,30.2,1,2
APP002557,22000.0,0.271,27900.0,68.5,31.5,0,89.6,40,37.0,2,0
APP002558,63500.0,0.077,19300.0,61.7,38.3,0,99.6,33,36.0,1,2
APP002559,10200.0,0.521,13100.0,44.4,55.6,2,89.6,25,16.0,2,0
APP002560,62300.0,0.05,16500.0,53.8,46.2,4,92.0,37,34.8,2,0
APP002561,20600.0,0.448,6700.0,66.4,33.6,1,99.3,26,20.1,1,0
APP002562,94900.0,0.86,33800.0,66.8,33.2,0,83.2,28,15.0,3,2
APP002563,42000.0,0.743,25400.0,63.7,36.3,0,78.0,32,11.9,0,0
APP002564,129300.0,0.05,33600.0,54.3,45.7,0,87.9,32,30.4,4,0
APP002565,79800.0,0.053,28900.0,55.6,44.4,0,89.0,34,17.2,0,1
APP002566,113900.0,0.07,36000.0,38.0,62.0,0,72.1,36,34.1,1,0
APP002567,46700.0,0.05,19000.0,69.4,30.6,4,98.8,30,29.1,0,0
APP002568,17200.0,0.05,14500.0,58.2,41.8,0,81.1,25,25.3,0,0
APP002569,28500.0,0.05,7400.0,69.6,30.4,2,84.0,26,27.5,2,3
APP002570,37400.0,0.32,12800.0,69.7,30.3,0,91.8,40,16.7,1,0
APP002571,22300.0,0.192,5900.0,51.1,48.9,0,91.5,35,32.2,2,1
APP002572,42900.0,0.432,19800.0,57.6,42.4,0,75.6,42,9.2,1,2
APP002573,119800.0,0.148,42500.0,35.8,64.2,0,83.6,28,31.7,1,1
APP002574,123900.0,0.762,27600.0,61.7,38.3,4,96.3,24,9.3,2,2
APP002575,135700.0,0.163,30300.0,55.8,44.2,0,93.4,25,32.0,3,0
APP002576,197200.0,0.079,80500.0,32.1,67.9,0,94.4,35,39.6,1,1
APP002577,54400.0,0.05,16400.0,56.6,43.4,2,87.8,23,39.1,0,0
APP002578,113500.0,0.134,32800.0,41.2,58.8,0,83.4,24,11.5,0,0
APP002579,131900.0,0.061,34300.0,66.8,33.2,0,80.3,26,11.2,1,0
APP002580,108700.0,0.151,27500.0,56.3,43.7,1,88.8,23,5.4,3,0
APP002581,211400.0,0.513,55400.0,67.0,33.0,0,76.6,37,36.3,0,0
APP002582,29700.0,0.277,12500.0,44.6,55.4,1,92.3,31,14.9,0,0
APP002583,325400.0,0.526,96500.0,56.4,43.6,0,99.8,23,12.9,1,0
APP002584,159500.0,0.414,44000.0,31.3,68.7,0,78.1,37,20.0,3,0
APP002585,25500.0,0.393,13400.0,58.5,41.5,0,86.2,44,26.9,1,0
APP002586,99800.0,1.006,23400.0,47.6,52.4,0,97.2,17,37.3,3,0
APP002587,88500.0,0.115,33600.0,32.0,68.0,0,93.9,40,37.5,0,0
APP002588,208100.0,0.421,43800.0,43.5,56.5,0,78.6,28,8.6,2,1
APP002589,77100.0,0.29,18600.0,55.0,45.0,0,89.1,31,38.3,4,0
APP002590,90800.0,0.05,22500.0,68.2,31.8,0,97.6,23,23.3,1,0
APP002591,71000.0,0.05,9900.0,35.9,64.1,0,79.7,25,38.2,1,0
APP002592,28700.0,0.103,18500.0,35.0,65.0,0,71.5,30,24.4,0,0
APP002593,82600.0,0.412,24500.0,39.2,60.8,0,74.5,28,34.9,1,0
APP002594,110400.0,0.249,13800.0,62.4,37.6,0,88.2,24,20.2,1,0
APP002595,79800.0,0.181,29200.0,41.8,58.2,0,82.6,35,19.6,1,0
APP002596,138200.0,0.142,33900.0,42.8,57.2,0,73.3,40,16.7,1,1
APP002597,191500.0,1.219,45400.0,66.9,33.1,0,83.0,24,29.7,1,0
APP002598,33800.0,0.355,19900.0,50.7,49.3,0,71.0,30,37.1,0,0
APP002599,41400.0,0.213,19400.0,52.5,47.5,0,72.5,20,32.9,1,0
APP002600,157900.0,0.275,51500.0,49.3,50.7,1,96.1,32,18.1,1,0
APP002601,37700.0,0.551,33600.0,43.8,56.2,3,78.5,37,29.3,0,0
APP002602,54800.0,0.1,62900.0,67.3,32.7,0,83.1,32,32.6,1,2
APP002603,83100.0,0.18,27200.0,51.3,48.7,0,82.7,29,21.8,3,0
APP002604,83100.0,0.392,14000.0,32.2,67.8,1,77.0,25,21.1,1,0
APP002605,64200.0,0.871,18300.0,35.9,64.1,0,77.9,21,17.0,1,0
APP002606,20600.0,0.273,20600.0,51.1,48.9,1,74.7,41,7.3,0,0
APP002607,300600.0,0.812,72100.0,45.7,54.3,0,71.2,29,8.7,1,0
APP002608,67300.0,0.546,26700.0,59.2,40.8,0,87.4,39,25.1,0,2
APP002609,265900.0,0.109,92500.0,69.6,30.4,1,83.5,41,24.6,0,0
APP002610,142000.0,0.504,17600.0,44.1,55.9,2,96.5,30,28.7,2,1
APP002611,24800.0,0.811,4700.0,68.4,31.6,0,90.4,37,38.2,0,0
APP002612,108800.0,0.282,13900.0,54.0,46.0,0,96.4,44,39.2,0,0
APP002613,118800.0,0.05,26300.0,64.2,35.8,0,87.8,30,19.2,2,0
APP002614,48300.0,0.338,25400.0,48.9,51.1,5,95.0,33,8.0,1,2
APP002615,70800.0,0.636,28900.0,31.2,68.8,0,84.5,22,15.1,5,0
APP002616,61000.0,0.05,51400.0,39.8,60.2,1,89.3,28,8.1,2,0
APP002617,35000.0,0.07,24500.0,46.5,53.5,0,74.0,30,29.6,1,0
APP002618,56700.0,0.736,42400.0,46.7,53.3,0,95.7,34,32.4,0,1
APP002619,58200.0,0.678,18700.0,57.0,43.0,0,72.3,28,31.5,2,0
APP002620,75900.0,0.224,23400.0,55.4,44.6,2,73.8,29,10.9,3,0
APP002621,18000.0,0.627,7800.0,58.2,41.8,0,83.0,36,11.1,0,1
APP002622,78400.0,0.244,33800.0,60.4,39.6,4,88.9,35,31.2,2,0
APP002623,97800.0,0.093,33000.0,65.5,34.5,1,95.3,32,11.8,1,3
APP002624,30600.0,0.121,22000.0,46.5,53.5,1,77.3,31,36.8,1,2
APP002625,71700.0,0.12,30600.0,62.5,37.5,0,87.0,28,12.4,0,0
APP002626,41000.0,0.155,18600.0,44.2,55.8,0,86.1,32,26.5,1,0
APP002627,112600.0,0.167,26500.0,60.5,39.5,0,82.6,29,21.5,2,0
APP002628,82700.0,0.245,34100.0,64.7,35.3,1,85.4,33,31.6,1,0
APP002629,41500.0,0.05,16600.0,32.7,67.3,0,94.2,28,27.6,0,0
APP002630,151300.0,0.099,35400.0,36.1,63.9,0,86.1,35,33.8,0,0
APP002631,19100.0,0.108,11900.0,57.2,42.8,0,75.7,37,27.0,1,1
APP002632,22800.0,0.223,28500.0,48.7,51.3,1,87.8,34,25.2,4,1
APP002633,54600.0,0.286,36400.0,36.1,63.9,0,90.2,30,30.3,1,0
APP002634,25800.0,0.431,4500.0,36.8,63.2,1,99.1,26,39.9,0,0
APP002635,39700.0,1.376,7600.0,47.6,52.4,2,79.6,29,37.6,1,0
APP002636,144400.0,0.2,18900.0,36.7,63.3,0,88.6,39,33.7,2,0
APP002637,24200.0,0.22,16200.0,68.1,31.9,0,94.2,36,8.2,1,0
APP002638,59000.0,0.352,15200.0,68.7,31.3,0,96.1,26,19.2,1,1
APP002639,28000.0,0.134,4000.0,38.3,61.7,0,75.1,22,10.4,1,2
APP002640,62200.0,0.05,11000.0,55.8,44.2,0,97.1,36,37.7,1,2
APP002641,105000.0,0.099,12500.0,32.6,67.4,0,78.3,26,37.3,1,0
APP002642,6100.0,0.176,7400.0,48.2,51.8,0,73.8,27,15.6,0,0
APP002643,92500.0,0.302,60300.0,55.9,44.1,0,88.0,39,12.6,1,0
APP002644,40700.0,0.05,31500.0,39.2,60.8,1,72.2,36,12.6,0,0
APP002645,29700.0,0.05,15100.0,59.2,40.8,5,89.2,27,34.3,4,1
APP002646,134900.0,0.069,43300.0,65.9,34.1,2,86.2,33,8.3,0,1
APP002647,29400.0,0.319,15700.0,54.2,45.8,1,93.7,30,8.5,1,0
APP002648,138500.0,0.259,20200.0,63.5,36.5,1,86.0,24,19.9,0,0
APP002649,150500.0,0.461,38800.0,32.1,67.9,0,74.5,34,13.6,2,0
APP002650,43800.0,1.479,13300.0,45.2,54.8,3,89.2,29,39.2,0,0
APP002651,122300.0,0.299,25000.0,61.5,38.5,0,83.3,21,17.1,1,0
APP002652,34300.0,0.05,37100.0,56.2,43.8,0,93.1,23,32.8,0,1
APP002653,25800.0,0.905,21500.0,64.9,35.1,0,87.5,27,31.5,2,0
APP002654,98600.0,0.262,23000.0,48.2,51.8,2,94.6,20,30.3,5,1
APP002655,11300.0,0.115,13800.0,43.3,56.7,0,99.8,42,32.0,2,0
APP002656,17600.0,0.332,4500.0,58.8,41.2,0,71.6,25,33.1,0,0
APP002657,58600.0,0.161,21000.0,57.8,42.2,0,90.9,30,16.2,1,0
APP002658,50400.0,0.298,15500.0,51.1,48.9,0,92.8,27,18.8,1,1
APP002659,47500.0,0.175,12400.0,32.7,67.3,0,98.9,31,39.9,1,0
APP002660,71900.0,0.623,18300.0,37.2,62.8,0,86.2,35,38.3,0,0
APP002661,139300.0,0.688,30900.0,33.8,66.2,0,82.6,27,39.1,0,0
APP002662,53200.0,0.095,36200.0,50.1,49.9,0,93.8,37,19.9,0,0
APP002663,29000.0,0.05,7000.0,52.2,47.8,0,93.4,26,29.7,0,0
APP002664,73900.0,0.107,20300.0,48.7,51.3,1,82.9,28,32.9,1,0
APP002665,23900.0,0.108,8100.0,31.8,68.2,0,88.4,31,7.1,3,0
APP002666,6700.0,0.204,5900.0,47.9,52.1,0,93.9,36,37.9,1,0
APP002667,89000.0,0.35,38200.0,30.8,69.2,0,71.1,35,7.6,1,0
APP002668,24500.0,0.05,13600.0,32.3,67.7,0,97.3,36,31.0,2,0
APP002669,105200.0,0.071,23500.0,49.4,50.6,3,76.5,32,10.4,1,0
APP002670,100400.0,0.112,29400.0,44.2,55.8,0,81.8,25,33.8,2,0
APP002671,47600.0,0.05,9000.0,67.5,32.5,1,71.8,23,34.4,0,2
APP002672,90000.0,0.482,42700.0,58.0,42.0,0,95.0,32,19.9,1,0
APP002673,49800.0,0.255,14000.0,65.6,34.4,0,74.5,36,30.1,1,0
APP002674,88900.0,0.05,26500.0,47.9,52.1,3,73.7,32,37.3,0,0
APP002675,22900.0,0.296,15600.0,63.9,36.1,0,97.4,29,15.3,1,0
APP002676,26700.0,0.098,18000.0,44.4,55.6,2,83.3,24,38.9,2,0
APP002677,161900.0,0.174,26100.0,64.9,35.1,0,82.2,24,28.7,1,0
APP002678,130100.0,0.235,35800.0,55.8,44.2,0,92.2,35,16.7,0,1
APP002679,24900.0,0.389,25100.0,70.0,30.0,0,70.5,31,9.8,1,0
APP002680,47500.0,0.05,18300.0,55.2,44.8,0,93.9,31,29.2,1,0
APP002681,168800.0,0.935,34900.0,54.4,45.6,2,91.7,32,35.0,1,0
APP002682,59900.0,0.05,16400.0,46.8,53.2,1,87.3,31,23.4,1,1
APP002683,28900.0,0.073,4800.0,49.2,50.8,0,95.6,26,13.5,1,0
APP002684,37900.0,0.285,14600.0,35.3,64.7,0,85.6,24,7.0,1,1
APP002685,138800.0,0.281,19700.0,33.4,66.6,2,78.3,25,13.6,0,0
APP002686,33500.0,0.069,49400.0,36.4,63.6,0,84.9,33,13.4,2,0
APP002687,10000.0,0.619,5800.0,48.5,51.5,0,85.4,31,8.7,2,0
APP002688,117300.0,0.112,17900.0,40.6,59.4,0,95.4,25,21.8,0,0
APP002689,136700.0,0.631,63600.0,56.9,43.1,0,89.9,36,9.1,0,0
APP002690,66100.0,0.967,26200.0,66.1,33.9,0,82.2,26,16.1,2,0
APP002691,100300.0,0.052,27200.0,38.6,61.4,0,93.3,25,33.9,1,0
APP002692,72500.0,0.086,38400.0,62.8,37.2,0,98.2,27,36.8,3,0
APP002693,93700.0,0.05,12000.0,35.2,64.8,0,78.5,32,34.1,0,0
APP002694,73400.0,0.061,14600.0,56.7,43.3,1,91.8,22,13.7,0,0
APP002695,154900.0,0.507,34900.0,63.3,36.7,0,84.7,41,28.0,1,0
APP002696,122600.0,0.217,24300.0,38.5,61.5,0,91.2,21,36.0,2,3
APP002697,31300.0,0.05,12700.0,57.3,42.7,0,99.5,27,9.3,1,1
APP002698,96500.0,0.05,23300.0,48.2,51.8,0,78.0,30,37.8,2,0
APP002699,68100.0,0.081,48900.0,32.0,68.0,3,82.9,29,18.9,0,1
APP002700,10100.0,0.351,7300.0,50.1,49.9,0,96.0,32,23.5,1,0
APP002701,108300.0,0.05,29400.0,60.7,39.3,0,95.0,23,37.9,3,1
APP002702,92300.0,0.88,14500.0,43.7,56.3,1,78.3,38,33.7,2,0
APP002703,94000.0,0.596,25900.0,49.6,50.4,0,83.2,25,23.3,5,0
APP002704,25400.0,0.405,7600.0,60.7,39.3,0,90.8,33,29.4,0,0
APP002705,205100.0,0.094,39500.0,52.4,47.6,0,87.0,27,6.5,0,0
APP002706,44300.0,0.071,17500.0,62.0,38.0,2,86.1,26,38.7,1,2
APP002707,120100.0,0.445,29900.0,69.5,30.5,0,78.8,29,7.2,2,1
APP002708,35400.0,0.075,21200.0,55.6,44.4,2,80.4,25,28.5,1,1
APP002709,15300.0,0.427,14000.0,55.5,44.5,0,82.5,32,5.5,1,0
APP002710,201800.0,0.139,44200.0,46.6,53.4,0,90.9,31,15.1,2,1
APP002711,43500.0,0.131,23600.0,49.2,50.8,0,95.3,32,11.7,0,0
APP002712,113600.0,0.091,22700.0,49.3,50.7,0,81.9,28,29.8,1,0
APP002713,121700.0,0.344,34500.0,34.5,65.5,0,74.5,24,30.7,2,0
APP002714,135200.0,0.05,32300.0,34.7,65.3,0,84.0,37,25.2,2,0
APP002715,14700.0,0.662,5400.0,54.9,45.1,0,79.1,31,16.8,0,0
APP002716,27500.0,0.258,6200.0,60.8,39.2,0,70.1,34,23.6,1,0
APP002717,33900.0,0.413,9900.0,57.9,42.1,5,78.9,36,17.1,0,2
APP002718,110200.0,0.367,19100.0,39.1,60.9,0,78.3,26,24.8,2,0
APP002719,83000.0,0.154,21600.0,44.4,55.6,0,94.6,30,34.5,0,2
APP002720,169600.0,0.464,35500.0,58.0,42.0,0,92.4,26,35.2,0,0
APP002721,239800.0,0.166,50900.0,57.2,42.8,0,77.5,29,17.6,2,0
APP002722,66200.0,0.178,22900.0,50.7,49.3,0,85.5,32,15.2,1,0
APP002723,41300.0,0.05,9700.0,34.9,65.1,1,95.9,28,13.4,1,0
APP002724,56300.0,0.18,31500.0,32.0,68.0,0,97.4,28,8.0,0,0
APP002725,31700.0,0.292,12200.0,46.7,53.3,1,79.3,26,31.7,2,0
APP002726,46600.0,0.131,14400.0,67.8,32.2,2,81.3,30,33.8,0,1
APP002727,304200.0,1.666,55900.0,31.9,68.1,0,91.1,32,37.2,0,0
APP002728,115700.0,0.264,26600.0,46.7,53.3,0,86.4,24,11.0,1,0
APP002729,82900.0,1.181,36700.0,34.6,65.4,0,84.4,15,33.3,0,0
APP002730,29300.0,0.459,3800.0,34.9,65.1,1,78.2,42,5.6,2,2
APP002731,73400.0,0.526,12500.0,61.1,38.9,2,82.2,30,17.0,0,0
APP002732,81500.0,0.151,17300.0,44.9,55.1,0,71.7,26,36.4,0,0
APP002733,99800.0,0.116,27100.0,60.5,39.5,0,75.6,27,35.9,2,0
APP002734,83300.0,0.05,23700.0,51.7,48.3,0,80.0,27,18.0,1,0
APP002735,104000.0,0.05,21600.0,50.1,49.9,1,79.1,22,23.7,1,0
APP002736,59100.0,0.06,21200.0,39.6,60.4,2,90.8,28,7.1,1,1
APP002737,54700.0,0.371,28700.0,61.5,38.5,0,93.5,33,27.7,3,1
APP002738,97100.0,0.114,26900.0,42.4,57.6,0,91.8,27,12.9,3,0
APP002739,45900.0,0.111,21600.0,66.0,34.0,2,99.5,26,27.2,2,0
APP002740,38900.0,0.298,39700.0,45.0,55.0,0,75.9,45,34.0,1,2
APP002741,136900.0,0.307,56200.0,51.9,48.1,0,84.6,31,35.3,1,0
APP002742,157100.0,0.119,42600.0,55.5,44.5,0,85.9,32,22.2,1,0
APP002743,76500.0,0.592,20700.0,60.6,39.4,2,76.8,32,5.4,0,0
APP002744,40500.0,1.079,27700.0,39.4,60.6,0,90.6,33,5.2,1,0
APP002745,52300.0,0.109,52600.0,42.2,57.8,0,86.0,33,37.3,0,0
APP002746,138400.0,0.236,94200.0,54.0,46.0,3,83.0,32,8.1,1,0
APP002747,111500.0,0.121,35600.0,36.4,63.6,5,83.3,36,29.3,2,0
APP002748,28300.0,0.246,6900.0,60.6,39.4,2,89.0,31,38.6,1,1
APP002749,76200.0,0.771,18300.0,69.8,30.2,1,94.9,31,26.7,0,0
APP002750,135000.0,0.292,36000.0,44.0,56.0,1,96.1,29,35.0,0,0
APP002751,50100.0,0.37,44400.0,68.7,31.3,0,90.3,31,20.7,1,0
APP002752,35300.0,0.45,11100.0,37.9,62.1,0,72.5,35,16.5,0,0
APP002753,253400.0,0.05,58500.0,33.1,66.9,1,82.4,32,32.9,1,2
APP002754,30100.0,0.18,21700.0,34.7,65.3,1,78.6,31,8.9,1,0
APP002755,34000.0,0.551,16700.0,47.8,52.2,0,80.6,36,32.3,0,0
APP002756,25000.0,0.173,8500.0,57.4,42.6,0,98.5,33,24.8,1,0
APP002757,137700.0,0.06,20600.0,62.9,37.1,4,77.8,33,19.4,0,0
APP002758,21400.0,0.088,7600.0,33.1,66.9,1,84.9,32,30.9,1,0
APP002759,36200.0,0.05,38300.0,69.3,30.7,0,90.8,40,24.4,0,0
APP002760,259800.0,0.05,87900.0,40.9,59.1,2,73.5,30,37.8,1,1
APP002761,43600.0,0.05,22600.0,58.8,41.2,1,75.6,29,11.5,0,1
APP002762,150600.0,0.373,20900.0,52.0,48.0,0,98.4,29,19.0,1,0
APP002763,204000.0,0.094,63600.0,47.4,52.6,0,92.2,33,21.8,2,0
APP002764,107200.0,0.511,22200.0,35.5,64.5,0,71.8,25,16.9,1,1
APP002765,157700.0,0.815,40800.0,47.7,52.3,0,80.7,34,23.4,1,0
APP002766,87700.0,0.385,22300.0,54.1,45.9,0,92.4,25,24.8,0,0
APP002767,76600.0,0.16,13600.0,59.5,40.5,0,94.4,32,24.7,3,1
APP002768,151600.0,0.05,34500.0,51.7,48.3,0,99.6,35,37.8,0,0
APP002769,137600.0,0.05,33700.0,31.1,68.9,0,89.6,31,39.7,0,2
APP002770,196000.0,0.064,91000.0,50.1,49.9,1,83.6,32,11.6,1,0
APP002771,69500.0,0.357,35000.0,34.5,65.5,2,70.5,29,15.6,1,0
APP002772,64800.0,0.184,26200.0,60.9,39.1,0,99.0,45,10.5,0,0
APP002773,22700.0,0.162,14000.0,43.3,56.7,0,82.5,27,7.4,1,0
APP002774,47000.0,0.265,19200.0,54.0,46.0,0,71.0,36,16.3,3,0
APP002775,121400.0,0.084,42900.0,34.8,65.2,0,99.0,35,34.3,0,0
APP002776,55800.0,0.375,47600.0,36.5,63.5,1,80.3,30,29.1,0,2
APP002777,74100.0,0.067,37300.0,47.8,52.2,2,75.2,23,33.4,1,0
APP002778,57800.0,0.291,12600.0,35.5,64.5,0,98.4,26,25.8,0,3
APP002779,26800.0,0.216,6700.0,41.6,58.4,0,94.5,28,5.2,1,0
APP002780,85700.0,0.05,14700.0,58.6,41.4,0,73.3,31,20.0,2,1
APP002781,75500.0,0.079,13500.0,31.1,68.9,1,83.9,32,22.6,2,2
APP002782,44400.0,0.06,15900.0,35.4,64.6,0,87.6,31,25.5,1,0
APP002783,21500.0,0.233,22200.0,56.2,43.8,0,77.3,27,10.8,0,0
APP002784,55900.0,0.168,17900.0,30.8,69.2,2,79.5,23,23.4,0,0
APP002785,37700.0,0.223,23900.0,47.9,52.1,3,79.2,26,21.8,1,1
APP002786,46500.0,0.165,10000.0,48.5,51.5,0,79.7,21,30.3,0,0
APP002787,166400.0,0.051,24900.0,30.7,69.3,0,88.1,39,35.4,0,1
APP002788,87800.0,1.115,35700.0,50.8,49.2,0,97.4,30,31.1,3,0
APP002789,140900.0,0.795,18400.0,47.9,52.1,0,75.5,37,29.1,0,0
APP002790,132200.0,0.127,35600.0,41.8,58.2,0,82.6,36,11.8,0,0
APP002791,98000.0,0.05,12400.0,33.5,66.5,2,90.9,29,22.3,0,0
APP002792,251400.0,0.363,41400.0,66.3,33.7,0,83.8,30,26.0,1,0
APP002793,117900.0,0.769,28500.0,57.0,43.0,2,95.8,33,24.5,3,0
APP002794,42700.0,0.05,38400.0,49.3,50.7,0,97.0,33,14.6,2,0
APP002795,67700.0,0.195,68600.0,50.2,49.8,0,83.1,31,39.4,3,0
APP002796,84400.0,0.136,15300.0,51.0,49.0,2,84.6,47,31.3,1,0
APP002797,19400.0,0.363,11800.0,62.5,37.5,0,94.9,32,14.3,3,0
APP002798,82100.0,0.181,69200.0,34.3,65.7,0,77.2,32,24.6,1,0
APP002799,109500.0,0.05,19900.0,34.0,66.0,0,93.3,24,30.8,2,0
APP002800,66900.0,0.343,17500.0,51.7,48.3,0,93.5,33,32.4,0,0
APP002801,103900.0,0.421,27500.0,64.8,35.2,0,99.0,36,10.4,0,0
APP002802,25700.0,0.992,7600.0,36.0,64.0,3,91.3,28,15.4,1,0
APP002803,59400.0,0.05,28800.0,52.8,47.2,0,87.3,36,38.9,1,0
APP002804,18100.0,0.05,4300.0,57.3,42.7,0,92.8,35,26.2,1,0
APP002805,114300.0,0.169,35900.0,45.9,54.1,1,92.8,35,25.6,0,0
APP002806,41500.0,0.05,32100.0,65.6,34.4,0,88.0,37,37.5,0,0
APP002807,49000.0,0.098,22900.0,34.2,65.8,0,84.0,26,10.6,0,3
APP002808,48800.0,0.341,10600.0,63.0,37.0,2,86.7,41,13.5,1,3
APP002809,140100.0,0.494,36100.0,51.0,49.0,0,80.4,29,21.8,2,1
APP002810,7000.0,0.384,4300.0,58.2,41.8,0,88.1,20,18.7,2,0
APP002811,152500.0,0.167,31600.0,49.5,50.5,0,82.5,28,24.1,0,0
APP002812,75500.0,0.133,40800.0,32.6,67.4,0,79.1,35,13.3,2,0
APP002813,94000.0,0.076,16800.0,47.7,52.3,0,81.2,39,38.4,3,2
APP002814,64600.0,0.117,11000.0,54.5,45.5,0,94.1,30,20.0,0,1
APP002815,67300.0,0.081,12200.0,48.3,51.7,0,78.2,26,20.5,1,0
APP002816,393700.0,0.1,64500.0,38.8,61.2,0,89.6,20,27.0,1,0
APP002817,88300.0,0.19,16300.0,50.5,49.5,0,88.9,31,32.8,1,0
APP002818,26500.0,0.223,17700.0,67.8,32.2,0,93.0,33,18.8,0,2
APP002819,68300.0,0.121,18600.0,39.9,60.1,0,81.3,32,26.9,1,0
APP002820,27500.0,0.296,17000.0,67.2,32.8,3,86.9,25,29.0,0,0
APP002821,20500.0,0.667,6700.0,43.9,56.1,1,99.4,27,13.0,1,0
APP002822,68900.0,0.23,10700.0,30.6,69.4,0,79.2,34,7.1,2,0
APP002823,137700.0,0.756,28900.0,31.5,68.5,3,92.5,37,37.5,1,0
APP002824,69900.0,0.05,14100.0,38.1,61.9,0,72.9,19,30.4,3,0
APP002825,10500.0,1.226,6500.0,33.4,66.6,0,73.7,25,7.9,1,0
APP002826,185400.0,0.051,53400.0,47.6,52.4,0,73.6,36,18.6,2,1
APP002827,82100.0,0.127,48800.0,66.9,33.1,0,94.6,34,16.4,0,2
APP002828,97900.0,0.418,101800.0,36.9,63.1,0,73.6,34,8.6,0,0
APP002829,99400.0,0.437,23300.0,42.2,57.8,0,96.1,45,7.3,0,0
APP002830,32400.0,0.466,3700.0,66.4,33.6,1,74.6,26,21.1,1,0
APP002831,147200.0,0.05,37600.0,61.9,38.1,0,82.6,23,39.7,1,0
APP002832,134800.0,0.05,43700.0,45.4,54.6,0,84.0,28,22.8,1,0
APP002833,42100.0,0.078,11400.0,50.7,49.3,2,87.0,28,37.8,3,3
APP002834,26900.0,0.05,12900.0,40.7,59.3,2,95.4,31,6.7,2,0
APP002835,354000.0,0.05,77600.0,37.1,62.9,0,74.3,29,32.2,0,1
APP002836,182000.0,0.323,45600.0,31.6,68.4,3,85.3,27,11.2,1,0
APP002837,53900.0,0.079,39300.0,52.0,48.0,0,99.1,31,14.5,0,2
APP002838,54100.0,0.502,32800.0,48.6,51.4,0,93.1,23,38.6,0,2
APP002839,73300.0,0.183,15900.0,36.7,63.3,1,76.6,31,8.5,2,2
APP002840,72500.0,0.17,17600.0,52.2,47.8,0,84.7,37,13.5,0,0
APP002841,64400.0,0.494,28800.0,47.0,53.0,0,91.1,35,15.6,1,1
APP002842,32300.0,0.594,11200.0,46.2,53.8,1,71.8,26,7.8,0,0
APP002843,135100.0,0.151,24600.0,59.5,40.5,1,81.2,32,12.1,0,0
APP002844,64500.0,0.17,26700.0,41.3,58.7,0,71.6,30,29.8,1,0
APP002845,36000.0,0.265,23800.0,57.3,42.7,0,88.5,35,8.9,4,0
APP002846,94900.0,0.306,23900.0,38.9,61.1,0,70.8,26,20.5,0,0
APP002847,121300.0,0.111,37900.0,35.4,64.6,0,87.9,35,5.9,2,1
APP002848,151500.0,0.231,36200.0,54.8,45.2,1,73.4,29,21.9,0,0
APP002849,27100.0,0.184,5300.0,61.0,39.0,0,94.7,42,39.8,4,0
APP002850,201600.0,0.463,47200.0,59.2,40.8,0,74.2,25,18.3,3,1
APP002851,102100.0,0.287,29700.0,36.2,63.8,0,90.2,33,27.8,0,1
APP002852,32200.0,0.537,19400.0,48.0,52.0,3,90.6,27,11.1,1,0
APP002853,96900.0,0.312,18300.0,58.2,41.8,0,74.1,29,18.1,0,2
APP002854,93800.0,0.574,18400.0,47.5,52.5,1,82.4,19,30.4,1,0
APP002855,15100.0,0.1,18100.0,36.0,64.0,0,91.3,39,9.4,1,0
APP002856,78600.0,0.367,22500.0,66.8,33.2,0,94.7,30,23.0,2,0
APP002857,14500.0,0.05,17200.0,67.5,32.5,2,99.4,36,5.8,1,0
APP002858,69700.0,0.086,20700.0,54.9,45.1,0,81.5,27,7.2,2,1
APP002859,9100.0,0.278,5500.0,41.1,58.9,1,100.0,30,32.2,0,0
APP002860,126800.0,0.05,18400.0,36.3,63.7,0,95.3,30,20.2,0,2
APP002861,38200.0,0.372,6500.0,59.6,40.4,0,73.5,30,35.5,2,0
APP002862,62600.0,0.298,47000.0,57.8,42.2,0,97.9,38,23.3,0,0
APP002863,239300.0,0.269,77200.0,53.9,46.1,1,72.9,28,22.3,1,0
APP002864,245800.0,0.527,64800.0,63.8,36.2,3,87.0,33,19.9,1,2
APP002865,291900.0,0.198,86300.0,45.8,54.2,0,83.3,30,39.9,1,1
APP002866,68600.0,0.05,16500.0,63.5,36.5,2,96.7,35,33.2,0,0
APP002867,147800.0,0.186,20600.0,58.4,41.6,0,90.3,35,39.3,0,1
APP002868,95300.0,0.421,18700.0,34.1,65.9,0,98.4,36,32.4,0,0
APP002869,53300.0,0.52,10500.0,31.7,68.3,0,82.1,41,30.5,4,0
APP002870,200900.0,0.462,50400.0,47.6,52.4,0,70.5,24,14.1,1,0
APP002871,73500.0,0.05,32500.0,30.8,69.2,1,87.2,22,17.7,0,1
APP002872,336300.0,0.876,79800.0,38.9,61.1,0,99.3,30,38.7,0,2
APP002873,45800.0,0.234,17900.0,64.1,35.9,0,97.5,41,31.1,2,0
APP002874,32900.0,0.528,20300.0,58.2,41.8,3,82.9,28,8.0,1,0
APP002875,46400.0,0.303,41900.0,41.5,58.5,0,76.6,43,21.0,1,0
APP002876,53700.0,0.179,8500.0,49.8,50.2,0,77.1,27,32.1,1,0
APP002877,119800.0,0.249,35900.0,46.8,53.2,4,81.2,18,6.1,1,2
APP002878,108600.0,0.311,26400.0,52.4,47.6,0,95.2,35,10.9,0,1
APP002879,36600.0,0.237,18000.0,49.1,50.9,0,79.6,31,39.5,1,0
APP002880,99800.0,0.569,21200.0,56.2,43.8,2,94.2,27,27.7,2,0
APP002881,104300.0,0.065,34900.0,47.2,52.8,0,81.0,31,26.1,2,0
APP002882,197900.0,0.05,62900.0,37.4,62.6,0,84.0,30,25.8,0,2
APP002883,44800.0,0.306,19900.0,51.7,48.3,0,70.8,29,8.2,0,0
APP002884,122200.0,0.05,27800.0,61.2,38.8,0,78.9,21,36.2,4,0
APP002885,198000.0,0.232,59800.0,43.7,56.3,0,75.4,31,29.3,1,2
APP002886,48700.0,0.235,13000.0,46.0,54.0,0,91.3,24,32.3,2,0
APP002887,22400.0,0.05,11800.0,67.0,33.0,0,91.8,29,23.6,0,2
APP002888,14400.0,0.124,16100.0,38.0,62.0,0,99.8,34,11.0,0,2
APP002889,332900.0,0.183,52600.0,66.8,33.2,0,72.4,36,32.0,0,0
APP002890,23700.0,0.05,9500.0,65.9,34.1,0,71.8,39,24.8,0,0
APP002891,80100.0,0.194,27100.0,48.9,51.1,0,70.3,27,32.5,0,0
APP002892,132400.0,0.05,46800.0,49.0,51.0,0,99.6,30,24.9,1,0
APP002893,28000.0,0.1,16600.0,34.9,65.1,0,82.1,31,37.1,3,0
APP002894,59400.0,0.457,14500.0,45.2,54.8,0,92.1,27,23.4,1,3
APP002895,118000.0,0.279,15800.0,36.0,64.0,2,78.6,30,16.1,1,1
APP002896,115300.0,0.217,38100.0,69.8,30.2,0,81.8,31,30.1,2,0
APP002897,29300.0,0.313,31800.0,58.7,41.3,0,83.2,32,8.2,1,0
APP002898,73200.0,0.561,18600.0,41.3,58.7,0,83.5,28,11.5,0,0
APP002899,135800.0,0.229,43800.0,54.8,45.2,0,94.6,35,30.4,0,0
APP002900,159600.0,0.177,47000.0,46.1,53.9,0,80.2,38,32.9,1,0
APP002901,32600.0,0.118,13700.0,40.0,60.0,0,92.2,32,18.2,0,0
APP002902,26900.0,0.309,6600.0,55.4,44.6,0,95.7,33,37.9,1,0
APP002903,60700.0,0.076,40600.0,61.8,38.2,0,96.3,30,20.1,1,2
APP002904,171700.0,0.052,23900.0,49.4,50.6,0,75.4,30,38.5,3,0
APP002905,85000.0,0.05,15200.0,34.6,65.4,0,77.1,27,15.9,0,0
APP002906,18000.0,0.05,5600.0,44.5,55.5,0,90.8,33,35.1,2,0
APP002907,86200.0,0.12,20100.0,47.3,52.7,2,73.6,32,15.4,2,0
APP002908,131600.0,0.469,81800.0,56.2,43.8,1,83.8,30,35.7,2,0
APP002909,159500.0,1.416,78500.0,61.2,38.8,0,71.6,14,39.6,1,0
APP002910,23900.0,0.152,12200.0,53.7,46.3,0,97.8,37,14.6,0,1
APP002911,78200.0,0.064,66900.0,33.0,67.0,0,86.8,41,14.5,2,0
APP002912,63200.0,0.257,26300.0,52.0,48.0,2,92.1,31,6.7,0,0
APP002913,97300.0,0.06,38500.0,64.0,36.0,0,90.2,26,7.7,0,1
APP002914,98900.0,0.123,19300.0,68.2,31.8,2,88.4,39,39.9,1,1
APP002915,226600.0,0.05,60200.0,43.0,57.0,0,91.1,25,10.0,0,1
APP002916,50600.0,0.109,25700.0,59.8,40.2,0,94.0,29,24.0,0,0
APP002917,9000.0,0.473,6700.0,45.7,54.3,1,89.3,30,10.5,0,0
APP002918,112200.0,0.076,19700.0,34.7,65.3,0,94.0,31,6.4,2,0
APP002919,214100.0,0.522,44000.0,30.1,69.9,0,76.0,32,24.5,2,1
APP002920,78200.0,0.456,31100.0,48.3,51.7,0,81.0,20,12.1,2,0
APP002921,61700.0,0.163,11200.0,43.6,56.4,0,90.9,21,36.1,0,0
APP002922,49500.0,0.083,5900.0,53.5,46.5,1,75.7,27,36.7,1,0
APP002923,41900.0,0.38,28300.0,49.1,50.9,0,86.0,29,21.1,0,1
APP002924,51700.0,0.05,35800.0,67.4,32.6,0,72.3,24,20.0,2,0
APP002925,68100.0,0.05,18400.0,38.4,61.6,1,82.8,31,30.8,1,1
APP002926,68800.0,0.159,36000.0,56.7,43.3,2,73.9,32,12.4,0,0
APP002927,89800.0,0.05,33700.0,57.1,42.9,3,73.6,20,26.8,3,2
APP002928,19000.0,0.05,14400.0,31.2,68.8,0,81.9,30,17.3,2,0
APP002929,104700.0,0.326,71200.0,33.1,66.9,0,85.4,26,29.7,2,1
APP002930,195600.0,0.172,51000.0,43.7,56.3,0,74.8,23,20.3,2,0
APP002931,11200.0,0.243,10100.0,55.5,44.5,2,93.9,33,32.4,1,1
APP002932,43300.0,0.05,32700.0,44.5,55.5,0,73.7,30,34.4,0,2
APP002933,71400.0,0.334,18300.0,68.8,31.2,0,92.6,30,7.7,0,0
APP002934,137700.0,0.099,39900.0,67.0,33.0,0,96.4,29,26.8,2,0
APP002935,84200.0,0.055,21300.0,49.4,50.6,0,74.7,30,9.7,0,0
APP002936,17300.0,1.067,21600.0,69.0,31.0,3,88.0,39,15.1,0,2
APP002937,112400.0,0.611,30300.0,53.2,46.8,0,97.8,37,23.7,0,0
APP002938,174200.0,0.057,51500.0,36.0,64.0,0,79.7,22,7.8,0,0
APP002939,62400.0,0.075,13600.0,54.7,45.3,0,74.8,42,12.4,1,0
APP002940,91300.0,0.05,61500.0,57.3,42.7,0,89.4,31,29.6,3,0
APP002941,159600.0,1.391,25500.0,53.2,46.8,0,95.9,36,22.5,2,0
APP002942,67600.0,0.359,29000.0,33.9,66.1,0,86.7,24,28.8,2,1
APP002943,104500.0,0.23,15200.0,49.7,50.3,2,86.6,26,31.9,1,0
APP002944,223700.0,0.183,33500.0,65.2,34.8,1,91.9,25,28.7,2,0
APP002945,96800.0,0.548,16000.0,54.4,45.6,2,75.0,37,39.4,2,1
APP002946,35400.0,0.05,29900.0,55.3,44.7,0,81.1,36,5.7,0,0
APP002947,43400.0,0.508,31000.0,55.0,45.0,0,96.9,28,36.5,1,0
APP002948,75900.0,0.179,36100.0,62.9,37.1,0,96.5,28,35.8,0,1
APP002949,215900.0,0.224,29300.0,64.4,35.6,0,71.3,29,9.2,0,0
APP002950,39800.0,0.05,14200.0,51.8,48.2,0,86.8,23,39.0,2,1
APP002951,63000.0,0.45,12800.0,58.8,41.2,0,91.3,35,25.0,1,0
APP002952,28800.0,0.108,24600.0,40.3,59.7,0,72.6,37,10.2,0,0
APP002953,10000.0,0.275,6900.0,56.5,43.5,2,87.2,32,37.3,1,0
APP002954,240600.0,0.146,43200.0,64.5,35.5,0,90.2,32,9.9,0,0
APP002955,78000.0,0.766,17000.0,53.8,46.2,0,93.2,19,25.8,2,0
APP002956,64400.0,0.05,18700.0,40.3,59.7,0,82.5,28,37.7,0,1
APP002957,142900.0,0.252,35400.0,62.4,37.6,4,92.8,31,15.0,1,1
APP002958,71400.0,0.093,27900.0,67.7,32.3,0,78.2,35,12.0,0,0
APP002959,27800.0,0.505,21500.0,54.7,45.3,0,81.6,23,38.5,3,0
APP002960,66300.0,0.285,14300.0,38.5,61.5,0,99.1,24,32.1,2,0
APP002961,152900.0,0.112,34500.0,50.1,49.9,0,70.0,30,23.8,0,2
APP002962,181100.0,0.832,38200.0,43.4,56.6,0,85.9,36,8.3,1,0
APP002963,42600.0,0.394,9500.0,68.7,31.3,0,96.2,38,18.8,1,0
APP002964,66400.0,0.36,13200.0,31.3,68.7,0,78.1,30,38.4,3,0
APP002965,88000.0,0.086,15900.0,53.0,47.0,0,84.4,29,38.7,1,0
APP002966,66200.0,0.089,12300.0,43.1,56.9,0,93.4,35,33.1,1,2
APP002967,166800.0,2.0,29800.0,42.3,57.7,0,72.0,19,6.7,0,0
APP002968,121900.0,0.199,67200.0,37.6,62.4,0,94.7,26,16.3,1,0
APP002969,136700.0,0.694,43100.0,42.6,57.4,1,83.1,24,17.3,3,0
APP002970,63200.0,0.059,25300.0,66.6,33.4,0,86.4,22,21.1,1,0
APP002971,65000.0,0.06,33100.0,56.3,43.7,2,90.0,25,30.6,1,0
APP002972,125800.0,0.836,21100.0,62.2,37.8,3,79.2,30,37.7,1,1
APP002973,56900.0,0.05,13700.0,65.8,34.2,0,91.8,33,26.5,3,0
APP002974,104000.0,0.063,30400.0,48.6,51.4,0,77.8,23,5.2,1,0
APP002975,38700.0,0.432,6800.0,47.7,52.3,4,88.5,28,21.7,1,0
APP002976,31200.0,0.194,13100.0,39.8,60.2,0,86.9,34,35.2,2,0
APP002977,60600.0,0.05,15500.0,64.0,36.0,4,85.3,32,37.2,1,0
APP002978,80800.0,0.14,23100.0,42.5,57.5,0,91.8,34,29.1,1,0
APP002979,43800.0,0.221,20700.0,66.1,33.9,2,75.7,29,25.1,2,0
APP002980,48200.0,0.104,15900.0,61.6,38.4,0,76.0,21,7.2,1,0
APP002981,69000.0,0.443,8300.0,68.6,31.4,0,95.4,27,38.6,0,2
APP002982,96300.0,0.148,24700.0,57.3,42.7,0,93.9,30,18.2,0,0
APP002983,28600.0,0.77,10200.0,50.6,49.4,0,96.3,32,5.6,0,1
APP002984,66600.0,0.05,28200.0,62.2,37.8,1,88.7,29,25.7,3,0
APP002985,105300.0,0.092,19800.0,61.2,38.8,0,83.0,24,8.3,2,0
APP002986,115100.0,0.841,25300.0,38.7,61.3,0,93.6,29,15.0,3,0
APP002987,52200.0,0.262,20300.0,50.5,49.5,0,89.2,27,34.7,0,0
APP002988,56900.0,0.167,21500.0,48.2,51.8,0,99.8,34,37.8,0,1
APP002989,29500.0,0.127,17600.0,33.2,66.8,0,87.0,33,12.4,3,2
APP002990,76300.0,0.432,32500.0,55.4,44.6,0,95.3,35,23.2,0,0
APP002991,92700.0,0.057,56300.0,31.6,68.4,3,84.3,31,24.8,1,1
APP002992,56200.0,0.05,19000.0,51.9,48.1,0,90.9,31,26.6,2,0
APP002993,130500.0,0.05,18200.0,42.1,57.9,0,70.5,33,9.9,1,1
APP002994,37300.0,0.133,32300.0,58.8,41.2,0,75.0,27,7.1,1,1
APP002995,145500.0,2.0,18600.0,43.3,56.7,0,78.4,15,34.1,3,2
APP002996,53500.0,0.108,25100.0,48.3,51.7,0,85.3,28,9.7,0,0
APP002997,90400.0,0.212,20900.0,55.7,44.3,0,88.4,28,32.1,1,0
APP002998,115700.0,0.299,42000.0,35.4,64.6,0,85.0,27,12.3,1,0
APP002999,18400.0,0.104,7400.0,48.1,51.9,5,76.6,33,21.8,1,0
APP003000,38100.0,0.544,10600.0,52.3,47.7,0,72.4,26,6.1,0,1
APP003001,72700.0,0.169,23700.0,48.1,51.9,2,72.1,31,22.5,2,1
APP003002,38200.0,0.05,11800.0,45.6,54.4,1,78.5,28,7.6,1,0
APP003003,125000.0,0.055,43100.0,65.1,34.9,0,82.7,24,38.6,2,0
APP003004,46000.0,0.87,23600.0,61.2,38.8,1,92.7,40,33.2,0,1
APP003005,134300.0,0.101,26200.0,33.4,66.6,0,82.5,24,13.5,1,0
APP003006,120300.0,1.185,32300.0,64.3,35.7,0,77.8,30,30.8,2,0
APP003007,45500.0,0.05,6000.0,60.0,40.0,1,77.7,37,34.8,2,0
APP003008,49600.0,0.135,23700.0,69.9,30.1,0,75.8,31,28.3,0,1
APP003009,96900.0,0.508,20400.0,69.8,30.2,1,88.7,29,37.7,0,2
APP003010,161100.0,0.12,44300.0,39.8,60.2,3,90.8,31,31.6,0,0
APP003011,105300.0,0.629,26100.0,32.3,67.7,0,76.9,23,21.1,0,0
APP003012,67700.0,0.107,31400.0,61.8,38.2,3,77.1,37,5.1,0,0
APP003013,137300.0,0.237,19800.0,57.9,42.1,1,97.2,38,26.3,0,0
APP003014,63900.0,0.138,18300.0,61.7,38.3,2,97.9,32,17.2,0,0
APP003015,19900.0,0.203,4900.0,37.3,62.7,0,96.9,30,7.6,2,1
APP003016,59000.0,0.071,20900.0,69.5,30.5,0,99.1,33,25.7,1,0
APP003017,343700.0,0.05,82200.0,59.7,40.3,0,86.8,29,20.1,0,0
APP003018,115100.0,0.244,22100.0,53.0,47.0,0,97.3,27,25.8,1,1
APP003019,137400.0,0.066,41300.0,30.2,69.8,0,82.2,16,10.4,0,0
APP003020,65700.0,0.282,15400.0,57.5,42.5,0,92.4,29,23.7,1,1
APP003021,180800.0,0.434,54600.0,42.0,58.0,2,82.7,25,22.4,0,1
APP003022,35100.0,0.21,9000.0,40.3,59.7,1,99.9,31,20.2,2,1
APP003023,79500.0,0.306,19500.0,64.9,35.1,0,92.6,33,9.1,0,0
APP003024,29700.0,0.471,4800.0,57.8,42.2,4,98.3,43,14.3,1,2
APP003025,116300.0,0.081,54300.0,53.5,46.5,0,77.2,33,14.6,1,2
APP003026,56300.0,0.223,13800.0,37.7,62.3,0,71.5,26,8.7,1,0
APP003027,49700.0,0.346,56600.0,30.8,69.2,0,82.6,27,19.6,2,1
APP003028,72700.0,0.208,14900.0,42.2,57.8,0,95.8,30,33.7,0,2
APP003029,71000.0,0.253,41500.0,41.3,58.7,1,97.5,21,33.5,1,0
APP003030,120500.0,0.568,29800.0,46.7,53.3,0,86.4,31,38.3,1,1
APP003031,55800.0,1.044,19700.0,47.0,53.0,0,87.5,22,11.0,1,1
APP003032,124900.0,0.151,36000.0,50.2,49.8,0,98.0,26,6.4,2,2
APP003033,100600.0,0.748,54600.0,45.1,54.9,0,79.1,32,33.7,4,0
APP003034,99700.0,0.34,30700.0,64.3,35.7,0,99.5,27,17.8,1,2
APP003035,51500.0,0.772,16900.0,36.9,63.1,2,92.2,28,19.4,0,0
APP003036,70200.0,0.219,26400.0,38.1,61.9,0,88.8,39,10.4,2,1
APP003037,23400.0,0.05,10300.0,44.8,55.2,0,89.6,27,23.2,1,0
APP003038,32800.0,0.05,21300.0,52.1,47.9,2,98.4,22,15.5,2,2
APP003039,82000.0,0.382,19100.0,68.5,31.5,4,73.0,32,7.6,1,0
APP003040,51200.0,0.102,11500.0,58.3,41.7,0,92.8,32,37.7,3,0
APP003041,54600.0,0.05,35600.0,53.3,46.7,1,88.2,27,19.7,0,1
APP003042,13500.0,0.05,14400.0,51.5,48.5,0,84.9,28,35.3,0,0
APP003043,49400.0,0.05,19000.0,49.9,50.1,2,77.7,35,30.2,0,0
APP003044,10500.0,0.458,6200.0,53.0,47.0,0,87.3,24,36.6,0,0
APP003045,46800.0,0.097,20300.0,68.7,31.3,2,87.7,36,7.3,1,1
APP003046,132300.0,0.292,37900.0,69.6,30.4,0,92.9,23,9.5,0,0
APP003047,117700.0,0.85,22200.0,64.0,36.0,3,74.7,25,35.1,2,0
APP003048,21900.0,0.127,17600.0,39.0,61.0,0,70.7,29,32.2,0,0
APP003049,48100.0,0.849,14800.0,65.1,34.9,0,98.9,21,10.5,2,0
APP003050,162700.0,0.229,34200.0,39.4,60.6,0,70.1,27,30.1,0,0
APP003051,222400.0,0.05,69800.0,62.6,37.4,0,74.1,27,13.7,0,0
APP003052,304900.0,0.281,82700.0,36.9,63.1,0,77.9,30,36.9,0,1
APP003053,56900.0,0.891,10900.0,41.6,58.4,0,86.1,21,34.3,2,3
APP003054,195900.0,0.271,63700.0,50.9,49.1,0,83.2,29,11.4,0,0
APP003055,159000.0,0.05,34700.0,52.0,48.0,0,81.5,22,27.7,1,1
APP003056,24900.0,0.111,30200.0,40.2,59.8,0,96.1,42,14.0,1,0
APP003057,14800.0,0.135,7500.0,48.9,51.1,0,78.2,29,22.7,0,0
APP003058,19600.0,0.133,11800.0,36.9,63.1,0,83.4,37,33.6,0,0
APP003059,25000.0,1.031,11300.0,56.5,43.5,0,91.0,28,31.1,2,0
APP003060,44900.0,0.43,25200.0,48.9,51.1,0,83.9,27,12.0,0,0
APP003061,88500.0,0.137,48900.0,31.6,68.4,0,81.2,30,12.4,3,2
APP003062,13700.0,0.278,6200.0,56.2,43.8,0,86.9,26,26.4,1,0
APP003063,35700.0,0.229,15400.0,63.2,36.8,2,93.4,35,37.5,1,0
APP003064,172000.0,0.05,27200.0,45.1,54.9,0,74.5,29,14.4,0,0
APP003065,56000.0,0.175,37400.0,54.5,45.5,0,72.0,33,36.9,2,1
APP003066,73000.0,0.05,32100.0,63.2,36.8,0,95.1,27,5.2,0,0
APP003067,110600.0,0.05,31300.0,46.8,53.2,0,99.7,27,26.0,0,0
APP003068,106000.0,0.692,24300.0,59.9,40.1,0,87.0,29,21.7,1,1
APP003069,61500.0,0.474,17400.0,48.7,51.3,0,83.3,27,25.2,0,0
APP003070,32800.0,0.213,9200.0,64.5,35.5,1,70.2,39,12.9,1,0
APP003071,52700.0,0.05,8900.0,46.5,53.5,0,75.6,37,23.2,1,0
APP003072,57200.0,0.933,32000.0,69.8,30.2,0,72.7,38,29.2,3,1
APP003073,65000.0,0.348,22400.0,30.1,69.9,5,88.5,27,10.5,1,0
APP003074,91200.0,0.315,60800.0,63.4,36.6,4,91.3,34,21.9,1,0
APP003075,111800.0,1.579,21600.0,56.3,43.7,2,78.2,25,30.9,2,2
APP003076,27300.0,0.242,13100.0,34.7,65.3,0,98.2,28,24.0,1,0
APP003077,34500.0,0.05,15100.0,56.2,43.8,0,86.1,40,20.4,0,0
APP003078,98100.0,0.403,25600.0,41.6,58.4,0,72.2,46,13.8,1,0
APP003079,68800.0,0.793,19800.0,43.1,56.9,0,81.6,27,11.6,2,0
APP003080,101300.0,0.164,30000.0,66.7,33.3,0,78.9,26,6.8,1,0
APP003081,123800.0,0.191,20000.0,65.5,34.5,1,85.6,22,19.7,0,0
APP003082,79700.0,0.186,31400.0,55.3,44.7,4,89.3,25,24.8,1,0
APP003083,48800.0,0.455,13800.0,60.6,39.4,0,81.0,30,35.0,2,0
APP003084,205700.0,0.094,101200.0,68.3,31.7,0,77.3,27,25.9,2,0
APP003085,20500.0,0.087,20800.0,63.2,36.8,2,95.9,30,19.1,0,0
APP003086,230300.0,0.107,54800.0,51.9,48.1,1,76.3,39,22.5,0,1
APP003087,21800.0,0.302,15200.0,41.3,58.7,0,82.5,30,32.3,2,2
APP003088,76900.0,0.193,14000.0,38.2,61.8,2,76.5,28,31.8,2,0
APP003089,48900.0,0.291,12300.0,53.9,46.1,0,98.6,28,22.1,0,1
APP003090,27900.0,0.099,33300.0,33.9,66.1,0,75.6,38,23.3,1,0
APP003091,114000.0,0.303,23500.0,57.5,42.5,0,91.7,21,24.6,1,0
APP003092,160600.0,0.211,53500.0,69.7,30.3,3,91.0,38,32.1,2,0
APP003093,77400.0,0.46,32900.0,61.1,38.9,0,83.0,26,38.4,0,0
APP003094,30100.0,0.142,18300.0,55.5,44.5,0,87.1,31,40.0,2,0
APP003095,50500.0,0.215,26600.0,53.5,46.5,0,88.6,37,17.9,3,2
APP003096,69900.0,0.221,19700.0,58.0,42.0,0,87.0,29,16.2,4,0
APP003097,143600.0,0.088,21000.0,43.1,56.9,0,83.2,30,16.5,2,0
APP003098,95100.0,0.05,30300.0,45.1,54.9,0,83.0,29,17.1,1,1
APP003099,72900.0,0.178,21100.0,45.5,54.5,0,87.8,35,27.8,0,1
APP003100,21000.0,0.313,18100.0,31.1,68.9,0,99.1,36,27.8,1,0
APP003101,26500.0,0.05,29500.0,62.0,38.0,0,70.3,26,23.8,0,1
APP003102,43300.0,0.1,15300.0,54.5,45.5,1,79.9,31,31.5,1,0
APP003103,19000.0,0.888,16400.0,36.3,63.7,0,71.8,35,5.3,2,0
APP003104,25400.0,0.369,5200.0,31.1,68.9,0,96.5,35,7.0,0,0
APP003105,135700.0,0.122,22200.0,61.6,38.4,0,94.1,31,29.7,1,0
APP003106,83900.0,0.396,17400.0,58.3,41.7,3,91.1,34,31.0,1,3
APP003107,50000.0,0.187,14900.0,47.0,53.0,1,99.3,32,13.3,2,0
APP003108,14600.0,0.252,8600.0,68.4,31.6,0,71.6,31,32.3,2,0
APP003109,101900.0,0.12,12500.0,47.8,52.2,0,82.3,25,14.1,1,0
APP003110,94700.0,0.05,41300.0,49.7,50.3,0,80.0,29,37.7,0,0
APP003111,51000.0,0.835,13600.0,66.9,33.1,0,85.2,34,7.2,2,0
APP003112,77200.0,0.05,35300.0,69.1,30.9,0,78.9,30,31.0,0,1
APP003113,26900.0,0.057,17200.0,36.1,63.9,0,76.7,32,9.6,1,1
APP003114,85200.0,0.05,18300.0,33.8,66.2,0,77.8,26,36.1,0,1
APP003115,45100.0,0.214,37200.0,67.2,32.8,0,98.2,29,14.6,1,0
APP003116,12400.0,0.694,12500.0,31.4,68.6,0,94.2,34,28.1,0,0
APP003117,322600.0,0.051,58400.0,69.5,30.5,1,81.2,36,14.7,0,1
APP003118,28600.0,0.06,6300.0,60.2,39.8,0,70.7,33,16.1,0,0
APP003119,33800.0,0.115,24200.0,57.2,42.8,0,80.9,38,28.0,0,0
APP003120,42700.0,1.039,21500.0,41.3,58.7,0,99.6,33,32.7,2,0
APP003121,146500.0,0.241,32500.0,55.7,44.3,1,95.0,28,34.8,2,0
APP003122,51100.0,0.05,14400.0,65.3,34.7,0,97.9,34,29.6,1,0
APP003123,44500.0,0.05,52100.0,60.8,39.2,0,70.6,32,20.0,1,0
APP003124,30400.0,0.05,8200.0,57.7,42.3,0,83.6,26,14.6,1,0
APP003125,48700.0,0.113,9900.0,64.0,36.0,2,75.4,28,32.6,1,0
APP003126,169800.0,0.182,30800.0,52.8,47.2,0,94.9,28,7.0,1,2
APP003127,80200.0,1.236,22900.0,51.6,48.4,1,85.4,24,11.5,0,0
APP003128,119000.0,0.18,33600.0,50.8,49.2,0,93.5,27,20.1,0,0
APP003129,350100.0,0.275,73900.0,69.9,30.1,0,83.3,38,23.3,0,0
APP003130,40600.0,0.136,5800.0,45.8,54.2,0,91.1,33,6.0,0,0
APP003131,112200.0,0.069,13600.0,57.5,42.5,0,99.2,28,11.3,1,0
APP003132,131700.0,0.064,44700.0,47.3,52.7,0,99.4,32,21.7,1,1
APP003133,45700.0,0.412,15200.0,33.2,66.8,0,70.9,31,8.1,0,0
APP003134,32900.0,0.324,15600.0,52.2,47.8,0,82.5,36,13.7,0,0
APP003135,163900.0,0.239,34000.0,57.8,42.2,0,82.1,37,31.0,0,0
APP003136,6500.0,0.402,4200.0,61.6,38.4,4,74.0,20,13.1,2,1
APP003137,30100.0,0.13,24500.0,43.1,56.9,0,90.2,24,35.2,0,0
APP003138,73700.0,0.057,16600.0,38.5,61.5,0,96.8,32,39.2,0,0
APP003139,73500.0,0.168,47400.0,38.4,61.6,0,89.8,37,5.6,1,0
APP003140,95700.0,0.05,19300.0,45.9,54.1,0,98.5,24,18.6,1,0
APP003141,57000.0,0.525,52300.0,53.7,46.3,0,90.0,37,35.3,0,0
APP003142,112000.0,0.181,21100.0,66.4,33.6,0,86.5,34,32.3,0,0
APP003143,85000.0,0.231,23400.0,63.6,36.4,0,70.6,29,32.6,1,0
APP003144,103000.0,0.204,16000.0,59.2,40.8,0,87.1,33,26.5,0,1
APP003145,97200.0,0.116,28000.0,66.3,33.7,0,76.0,35,32.2,1,0
APP003146,68400.0,0.379,26000.0,46.7,53.3,0,94.0,23,20.7,0,2
APP003147,203800.0,0.328,30800.0,55.6,44.4,1,85.4,27,32.9,2,0
APP003148,86200.0,0.141,19900.0,43.9,56.1,0,99.6,30,14.9,2,0
APP003149,120400.0,0.532,38400.0,40.9,59.1,0,92.1,41,10.1,2,0
APP003150,46500.0,0.128,10800.0,35.5,64.5,0,90.7,29,17.2,2,0
APP003151,210400.0,0.164,27800.0,30.4,69.6,3,81.9,31,26.6,0,0
APP003152,70400.0,0.802,16500.0,63.4,36.6,0,74.3,21,37.9,2,0
APP003153,139800.0,0.061,37500.0,31.9,68.1,0,70.2,32,20.7,4,0
APP003154,34400.0,0.115,6800.0,54.2,45.8,2,74.8,36,18.0,0,0
APP003155,65000.0,0.316,15400.0,59.7,40.3,1,99.6,34,16.4,0,2
APP003156,64400.0,0.097,38000.0,37.8,62.2,0,91.6,26,37.1,1,0
APP003157,78300.0,0.554,21000.0,39.1,60.9,0,87.1,25,23.6,0,0
APP003158,106200.0,0.058,72700.0,67.5,32.5,0,77.2,30,5.4,0,0
APP003159,66900.0,0.456,13900.0,57.9,42.1,2,81.6,23,38.3,0,0
APP003160,30000.0,0.382,11800.0,44.2,55.8,0,86.6,33,29.9,3,0
APP003161,68000.0,0.05,16500.0,50.1,49.9,2,90.6,32,17.8,1,0
APP003162,123000.0,1.594,28400.0,65.1,34.9,0,75.1,27,7.2,0,1
APP003163,18600.0,0.366,8100.0,39.2,60.8,2,76.1,28,13.4,4,0
APP003164,166100.0,0.05,34800.0,45.3,54.7,0,75.0,29,27.0,1,0
APP003165,26500.0,0.05,22000.0,48.3,51.7,0,87.3,21,34.8,1,2
APP003166,37900.0,0.258,23700.0,65.3,34.7,0,98.5,31,23.0,0,0
APP003167,19100.0,0.171,12100.0,33.2,66.8,0,77.7,30,28.7,3,1
APP003168,139200.0,0.135,31300.0,45.8,54.2,0,88.7,28,8.9,2,0
APP003169,34400.0,0.365,7300.0,44.1,55.9,0,80.4,23,7.0,1,0
APP003170,25100.0,0.068,7500.0,44.0,56.0,0,90.8,37,15.1,3,3
APP003171,88400.0,0.12,17700.0,69.5,30.5,0,99.3,29,25.9,0,2
APP003172,82600.0,0.333,20200.0,44.9,55.1,0,71.2,34,20.0,1,0
APP003173,35100.0,0.102,10500.0,42.6,57.4,0,76.5,28,23.2,2,0
APP003174,203500.0,0.736,33900.0,48.8,51.2,0,89.8,29,33.1,0,0
APP003175,99000.0,0.075,23300.0,67.9,32.1,0,85.7,28,25.2,1,0
APP003176,135600.0,0.605,28000.0,42.2,57.8,0,72.6,34,20.5,1,0
APP003177,34600.0,0.059,9600.0,50.6,49.4,1,88.2,35,7.2,2,0
APP003178,50500.0,0.133,38700.0,45.6,54.4,0,70.3,25,17.8,2,1
APP003179,36400.0,0.153,13500.0,56.2,43.8,0,73.7,29,15.6,0,0
APP003180,252100.0,0.628,41100.0,43.9,56.1,0,94.6,21,28.9,2,0
APP003181,87400.0,0.407,32000.0,38.0,62.0,0,97.7,26,5.4,1,3
APP003182,25900.0,0.05,23100.0,32.4,67.6,0,74.4,24,36.9,2,0
APP003183,140900.0,0.079,37500.0,66.3,33.7,0,82.7,30,32.3,0,0
APP003184,89700.0,0.425,25600.0,56.8,43.2,3,94.0,28,8.1,3,0
APP003185,11500.0,0.808,5300.0,41.1,58.9,0,89.3,23,14.8,0,1
APP003186,362300.0,0.082,48000.0,36.9,63.1,0,83.9,25,36.5,3,0
APP003187,18000.0,0.162,8200.0,35.7,64.3,5,87.1,30,34.3,1,0
APP003188,66200.0,0.592,26500.0,30.8,69.2,0,83.5,26,38.6,1,2
APP003189,200700.0,0.392,27800.0,42.9,57.1,0,98.0,26,19.8,2,0
APP003190,151700.0,0.117,33700.0,61.0,39.0,0,94.2,24,9.0,2,0
APP003191,144000.0,0.052,38400.0,33.0,67.0,3,94.7,35,18.6,1,0
APP003192,25000.0,0.439,14200.0,42.2,57.8,0,85.1,31,25.7,0,1
APP003193,41100.0,0.129,11300.0,62.9,37.1,0,98.2,26,7.3,1,1
APP003194,31200.0,0.05,17800.0,67.9,32.1,0,73.0,23,15.1,0,0
APP003195,61600.0,0.669,20000.0,61.7,38.3,1,89.5,31,23.8,1,0
APP003196,132200.0,0.172,44900.0,51.2,48.8,0,91.0,33,35.5,1,0
APP003197,105800.0,0.356,20400.0,42.8,57.2,2,71.3,25,33.1,0,0
APP003198,55800.0,0.248,18300.0,36.6,63.4,3,96.0,26,31.5,1,0
APP003199,68600.0,0.077,39500.0,35.9,64.1,3,92.0,29,7.3,3,1
APP003200,40200.0,0.05,6100.0,32.1,67.9,2,93.9,24,16.9,1,0
APP003201,109700.0,0.115,27600.0,34.6,65.4,0,75.6,27,26.0,0,0
APP003202,69000.0,0.163,28300.0,31.2,68.8,2,85.7,37,20.0,1,0
APP003203,133600.0,0.05,33500.0,56.8,43.2,0,92.3,28,12.5,1,0
APP003204,78400.0,0.144,14000.0,35.5,64.5,0,84.8,29,19.8,0,1
APP003205,62700.0,0.113,14100.0,58.8,41.2,0,83.0,29,22.1,2,1
APP003206,79300.0,0.333,15100.0,68.7,31.3,0,75.5,39,23.9,0,0
APP003207,172400.0,0.05,117600.0,47.8,52.2,0,84.0,26,22.3,3,0
APP003208,150200.0,0.05,34900.0,58.5,41.5,0,94.5,30,19.7,0,0
APP003209,51400.0,0.05,20400.0,45.7,54.3,0,83.0,34,14.5,0,0
APP003210,54100.0,0.201,14000.0,44.5,55.5,3,95.8,33,15.2,1,0
APP003211,141000.0,0.267,26500.0,37.6,62.4,0,97.1,28,39.7,3,0
APP003212,36200.0,0.293,15700.0,67.2,32.8,0,83.4,22,21.7,0,0
APP003213,31200.0,1.243,5600.0,69.0,31.0,0,75.8,29,14.7,0,0
APP003214,20700.0,0.154,10500.0,69.7,30.3,0,91.2,29,36.4,0,0
APP003215,64600.0,0.527,17300.0,44.5,55.5,0,78.3,33,13.4,0,0
APP003216,82900.0,0.061,58500.0,54.6,45.4,0,95.1,39,12.4,2,0
APP003217,116500.0,0.284,17800.0,55.7,44.3,0,70.6,21,14.7,1,0
APP003218,32400.0,0.093,8900.0,34.3,65.7,3,94.4,33,21.8,0,0
APP003219,64600.0,0.863,15300.0,65.4,34.6,1,74.9,33,26.3,2,1
APP003220,51200.0,0.05,37700.0,64.7,35.3,3,96.8,32,21.1,0,0
APP003221,121600.0,0.05,31200.0,40.9,59.1,2,78.5,22,26.9,0,0
APP003222,55400.0,0.86,17700.0,63.4,36.6,0,90.1,22,12.4,1,1
APP003223,162300.0,0.57,56100.0,57.7,42.3,2,74.7,24,28.5,1,0
APP003224,137800.0,0.135,37200.0,50.9,49.1,0,70.4,22,19.8,2,0
APP003225,80300.0,0.517,20800.0,53.2,46.8,3,89.0,34,19.0,3,1
APP003226,154800.0,0.1,59700.0,62.5,37.5,2,95.3,30,23.2,2,0
APP003227,84100.0,0.169,24900.0,51.1,48.9,0,85.9,34,23.4,1,0
APP003228,49400.0,0.1,14500.0,57.9,42.1,0,93.3,25,24.0,2,0
APP003229,171200.0,0.179,38900.0,53.9,46.1,1,76.6,38,5.7,2,2
APP003230,93900.0,0.197,18900.0,36.9,63.1,0,96.7,21,23.3,2,3
APP003231,13100.0,0.05,11100.0,62.1,37.9,0,82.3,30,15.2,0,0
APP003232,211600.0,0.341,46300.0,61.4,38.6,0,96.4,24,23.1,2,0
APP003233,146200.0,0.362,24300.0,56.6,43.4,0,94.7,42,7.1,2,0
APP003234,24100.0,0.392,4500.0,67.5,32.5,0,93.4,35,29.6,1,0
APP003235,33500.0,0.05,19400.0,53.1,46.9,0,87.3,38,18.2,0,0
APP003236,72400.0,1.106,12400.0,69.8,30.2,0,88.4,20,9.8,0,0
APP003237,115100.0,0.142,54500.0,39.1,60.9,1,93.8,32,22.9,0,0
APP003238,76300.0,0.21,13400.0,57.8,42.2,2,96.2,28,37.0,1,0
APP003239,105400.0,0.15,20900.0,68.2,31.8,0,76.0,26,16.6,1,1
APP003240,137000.0,0.293,34300.0,44.1,55.9,0,86.1,36,16.6,1,0
APP003241,62700.0,0.151,34100.0,51.7,48.3,0,86.0,33,13.3,0,0
APP003242,56400.0,0.663,20200.0,31.1,68.9,0,72.8,32,5.7,1,2
APP003243,47600.0,0.151,11600.0,34.2,65.8,0,96.7,33,28.4,0,0
APP003244,117100.0,0.229,39900.0,35.9,64.1,0,83.9,27,29.1,1,0
APP003245,88200.0,0.164,23400.0,54.1,45.9,0,96.3,20,10.1,0,0
APP003246,63300.0,0.099,13100.0,62.0,38.0,0,79.9,30,11.7,3,0
APP003247,46900.0,0.05,8600.0,56.5,43.5,0,77.0,20,8.9,0,0
APP003248,73300.0,0.368,21600.0,68.7,31.3,0,71.3,34,34.0,1,0
APP003249,307900.0,0.05,50200.0,57.8,42.2,0,99.1,29,30.1,2,0
APP003250,16500.0,0.106,13700.0,62.4,37.6,1,94.8,29,38.5,1,1
APP003251,192000.0,0.088,46800.0,36.4,63.6,0,91.1,38,11.3,2,0
APP003252,56500.0,0.43,19300.0,67.3,32.7,0,87.3,27,17.8,1,1
APP003253,95100.0,0.606,40100.0,68.9,31.1,0,95.1,23,23.1,1,0
APP003254,51500.0,0.886,20800.0,35.6,64.4,2,73.6,27,11.6,2,0
APP003255,55400.0,1.39,28900.0,52.4,47.6,0,70.2,21,14.7,0,3
APP003256,230400.0,0.05,41900.0,53.1,46.9,4,77.4,31,13.3,2,0
APP003257,47700.0,0.521,16400.0,65.5,34.5,0,81.4,34,21.5,0,3
APP003258,58000.0,0.183,14100.0,46.7,53.3,0,94.6,31,26.4,1,0
APP003259,179200.0,0.262,42900.0,65.9,34.1,0,77.3,30,18.7,1,0
APP003260,97100.0,0.092,38500.0,67.7,32.3,0,80.3,24,25.8,0,1
APP003261,26500.0,0.12,28200.0,48.4,51.6,0,96.5,37,36.9,3,0
APP003262,44600.0,0.227,19200.0,42.6,57.4,0,88.6,31,12.6,2,1
APP003263,96400.0,1.426,51400.0,40.6,59.4,0,92.4,28,32.1,2,0
APP003264,37500.0,0.05,7900.0,46.2,53.8,0,81.8,23,22.3,2,1
APP003265,78400.0,0.435,28800.0,44.1,55.9,0,99.8,27,6.8,2,2
APP003266,63700.0,0.05,15700.0,30.1,69.9,0,75.6,24,10.9,1,0
APP003267,186900.0,0.05,36000.0,30.9,69.1,0,91.8,26,5.3,1,0
APP003268,55200.0,0.11,18500.0,60.2,39.8,2,79.0,33,30.4,1,0
APP003269,293900.0,0.605,37900.0,37.9,62.1,0,97.6,25,35.4,0,0
APP003270,30400.0,0.106,4400.0,39.1,60.9,0,96.3,29,8.8,2,2
APP003271,48200.0,0.089,49400.0,38.2,61.8,3,99.2,25,10.9,1,0
APP003272,52100.0,0.262,21300.0,59.9,40.1,1,89.5,26,26.1,1,0
APP003273,87000.0,0.141,23600.0,68.3,31.7,0,75.2,21,8.6,3,1
APP003274,69500.0,0.293,30800.0,55.4,44.6,2,80.0,19,24.1,3,0
APP003275,102700.0,0.05,37400.0,44.5,55.5,0,91.1,15,26.8,1,0
APP003276,97200.0,0.546,28500.0,34.5,65.5,0,78.2,24,29.5,1,0
APP003277,28000.0,0.706,4300.0,53.2,46.8,0,99.1,35,15.3,0,1
APP003278,69400.0,0.052,22600.0,55.4,44.6,0,85.9,23,39.5,2,0
APP003279,51500.0,0.089,38300.0,36.1,63.9,0,74.9,24,31.8,1,0
APP003280,70700.0,0.542,20400.0,69.5,30.5,0,97.2,36,13.2,0,0
APP003281,77600.0,0.153,20400.0,40.5,59.5,0,74.6,18,33.2,0,0
APP003282,232400.0,0.05,66300.0,61.9,38.1,0,91.1,26,28.6,0,0
APP003283,139200.0,0.132,37800.0,47.7,52.3,1,82.4,27,18.0,0,1
APP003284,68800.0,0.05,37700.0,64.8,35.2,0,87.4,30,24.0,1,0
APP003285,76800.0,0.541,13800.0,49.3,50.7,0,89.4,28,8.2,3,0
APP003286,68100.0,0.05,28800.0,31.5,68.5,0,74.1,23,29.0,0,3
APP003287,56000.0,0.089,14400.0,66.9,33.1,1,92.3,26,35.5,0,3
APP003288,35900.0,0.15,14700.0,46.8,53.2,4,94.1,34,17.5,1,0
APP003289,26900.0,0.123,12300.0,53.4,46.6,0,87.7,23,37.4,1,0
APP003290,11300.0,0.766,6400.0,59.7,40.3,0,74.6,39,31.9,0,0
APP003291,51900.0,0.278,7800.0,46.2,53.8,0,98.2,34,32.9,0,1
APP003292,76000.0,0.05,31700.0,64.1,35.9,1,72.0,25,11.3,0,0
APP003293,115400.0,0.165,18400.0,50.1,49.9,0,77.5,29,36.8,1,0
APP003294,148300.0,0.578,18300.0,31.6,68.4,0,75.7,31,23.7,1,0
APP003295,262700.0,0.05,77900.0,54.1,45.9,1,88.8,31,19.4,0,0
APP003296,28400.0,0.314,35100.0,38.2,61.8,2,71.6,27,37.4,0,0
APP003297,123800.0,0.075,53500.0,43.2,56.8,0,71.2,35,5.5,1,0
APP003298,67600.0,0.313,14600.0,30.2,69.8,2,85.1,34,10.8,1,0
APP003299,41300.0,0.442,15600.0,37.6,62.4,0,95.3,37,29.5,1,0
APP003300,26500.0,0.783,13800.0,60.1,39.9,0,91.0,23,24.9,3,0
APP003301,21100.0,0.591,15200.0,53.2,46.8,3,77.8,29,38.9,0,0
APP003302,90200.0,0.538,25700.0,31.3,68.7,2,86.5,26,39.1,2,0
APP003303,73300.0,0.418,18500.0,38.6,61.4,0,95.9,31,19.4,0,0
APP003304,23400.0,0.282,18700.0,63.5,36.5,0,88.7,26,34.1,1,1
APP003305,62800.0,0.33,19100.0,36.7,63.3,1,78.7,28,7.3,0,0
APP003306,81400.0,0.08,19400.0,57.1,42.9,1,71.7,30,35.1,0,0
APP003307,384300.0,0.374,65800.0,59.9,40.1,0,77.6,16,31.0,0,0
APP003308,48400.0,0.05,33100.0,33.2,66.8,0,84.9,28,23.2,3,0
APP003309,78100.0,0.346,83400.0,60.4,39.6,0,96.9,34,32.8,1,1
APP003310,115800.0,0.22,49100.0,59.1,40.9,0,95.4,31,25.6,0,0
APP003311,111100.0,0.261,27400.0,58.3,41.7,0,89.5,32,26.7,2,0
APP003312,108300.0,0.05,17300.0,39.2,60.8,0,80.9,32,18.8,3,1
APP003313,100600.0,0.05,20500.0,38.9,61.1,3,93.3,26,7.3,1,0
APP003314,27800.0,0.05,15400.0,65.0,35.0,0,81.3,30,14.6,0,0
APP003315,134100.0,0.05,60200.0,59.8,40.2,0,84.3,31,20.1,0,1
APP003316,80300.0,0.079,27200.0,55.4,44.6,2,99.1,40,14.6,1,0
APP003317,201500.0,0.28,37200.0,55.2,44.8,0,73.3,28,19.7,1,2
APP003318,90100.0,0.18,36000.0,36.7,63.3,1,76.3,31,36.7,0,0
APP003319,39200.0,0.05,17600.0,58.2,41.8,2,71.4,29,5.1,1,0
APP003320,133900.0,0.139,100300.0,68.3,31.7,0,95.6,35,23.8,1,0
APP003321,56900.0,0.087,32000.0,48.0,52.0,0,93.4,33,30.9,3,1
APP003322,24400.0,0.089,6800.0,63.7,36.3,0,99.4,34,13.7,2,0
APP003323,49300.0,0.126,20600.0,51.0,49.0,0,71.2,39,38.6,3,0
APP003324,38500.0,0.05,17900.0,66.9,33.1,0,98.0,20,10.2,1,0
APP003325,117300.0,0.689,54300.0,57.2,42.8,0,96.9,22,24.3,1,0
APP003326,47500.0,0.112,16900.0,56.0,44.0,0,87.3,32,24.4,0,0
APP003327,47900.0,0.241,17900.0,34.6,65.4,4,82.8,31,31.4,0,0
APP003328,20100.0,0.22,25600.0,37.1,62.9,2,79.8,41,27.8,0,0
APP003329,87400.0,0.052,13400.0,69.5,30.5,0,84.2,28,6.2,1,0
APP003330,277600.0,0.482,42900.0,56.9,43.1,1,71.0,33,24.7,0,0
APP003331,77200.0,0.305,47100.0,35.8,64.2,0,79.0,34,13.9,1,0
APP003332,135400.0,0.894,66700.0,54.5,45.5,0,95.0,33,25.2,1,0
APP003333,76700.0,0.221,13700.0,40.4,59.6,0,81.6,31,33.8,0,0
APP003334,109700.0,0.092,39300.0,35.0,65.0,0,72.7,37,22.4,1,0
APP003335,23800.0,0.05,5900.0,31.5,68.5,0,79.6,36,20.0,1,0
APP003336,18200.0,0.13,13700.0,62.9,37.1,0,96.9,26,38.6,1,0
APP003337,42000.0,0.277,26400.0,31.1,68.9,0,82.5,34,36.0,0,0
APP003338,76000.0,0.601,18000.0,30.2,69.8,0,97.8,32,35.3,1,2
APP003339,36200.0,0.638,22400.0,32.7,67.3,0,86.6,37,20.3,1,0
APP003340,111600.0,0.159,16600.0,33.3,66.7,0,83.8,24,26.8,0,1
APP003341,152800.0,0.506,34900.0,44.2,55.8,0,79.1,25,17.9,0,1
APP003342,81700.0,0.403,13900.0,45.9,54.1,1,84.1,25,5.7,0,1
APP003343,83500.0,0.259,33000.0,69.6,30.4,1,83.3,28,34.4,1,1
APP003344,98900.0,0.374,29500.0,44.9,55.1,1,81.0,27,22.7,2,1
APP003345,102900.0,0.107,16800.0,33.2,66.8,0,77.7,20,39.9,4,0
APP003346,127900.0,0.05,27200.0,35.1,64.9,0,71.6,34,25.8,0,0
APP003347,118600.0,0.556,20000.0,60.9,39.1,0,71.2,25,11.1,2,0
APP003348,66900.0,0.101,25200.0,66.4,33.6,0,91.7,31,40.0,0,0
APP003349,116900.0,0.121,32900.0,52.4,47.6,4,84.6,23,11.5,1,0
APP003350,107200.0,0.191,25500.0,54.4,45.6,0,97.9,37,21.4,1,0
APP003351,28700.0,0.05,26200.0,41.0,59.0,0,90.7,30,20.0,1,1
APP003352,67800.0,0.085,17800.0,31.3,68.7,0,87.4,33,20.9,2,2
APP003353,56300.0,1.305,45400.0,38.6,61.4,0,71.7,25,32.9,0,0
APP003354,5200.0,0.05,4200.0,60.0,40.0,0,70.3,22,39.9,1,0
APP003355,25300.0,0.124,20900.0,56.9,43.1,0,97.8,34,19.8,2,0
APP003356,35900.0,0.231,30700.0,32.7,67.3,0,92.1,37,23.1,0,2
APP003357,92400.0,0.692,31900.0,53.4,46.6,0,79.5,29,34.6,1,2
APP003358,23100.0,0.142,13100.0,32.8,67.2,1,94.4,28,5.0,1,1
APP003359,113600.0,0.466,45800.0,39.0,61.0,0,84.8,32,11.2,1,0
APP003360,113500.0,0.562,28100.0,41.7,58.3,0,81.7,38,14.2,1,0
APP003361,64200.0,0.242,14600.0,56.9,43.1,0,74.8,29,26.2,1,0
APP003362,38100.0,0.172,36300.0,33.7,66.3,0,98.9,27,23.6,1,0
APP003363,77800.0,0.38,38100.0,30.7,69.3,0,86.6,27,11.0,2,0
APP003364,70000.0,0.552,21800.0,54.4,45.6,0,73.8,30,9.2,3,0
APP003365,103900.0,0.05,59300.0,42.5,57.5,2,94.4,25,35.4,0,1
APP003366,139100.0,0.174,45800.0,68.7,31.3,3,78.1,28,11.1,1,0
APP003367,64400.0,0.05,7600.0,33.5,66.5,1,81.3,24,37.0,1,2
APP003368,76100.0,0.05,15200.0,40.0,60.0,0,94.9,30,5.6,3,0
APP003369,112800.0,0.351,52700.0,39.0,61.0,0,81.9,35,32.6,1,1
APP003370,39300.0,0.197,15100.0,59.0,41.0,0,85.1,26,35.2,1,2
APP003371,124800.0,0.351,22100.0,60.2,39.8,0,86.1,26,38.0,1,0
APP003372,101100.0,0.32,15400.0,31.6,68.4,1,90.2,31,6.7,1,0
APP003373,13200.0,0.069,3400.0,66.9,33.1,0,98.1,31,39.2,0,1
APP003374,126900.0,0.233,33200.0,31.3,68.7,0,70.7,27,18.8,2,0
APP003375,89700.0,0.05,24400.0,68.1,31.9,0,73.7,27,26.2,4,0
APP003376,156400.0,0.756,39200.0,48.8,51.2,2,78.8,45,17.3,0,0
APP003377,121200.0,0.154,39500.0,56.2,43.8,4,88.0,21,6.6,0,1
APP003378,43200.0,0.745,26500.0,30.3,69.7,2,81.4,26,21.9,1,0
APP003379,141700.0,0.688,41000.0,48.2,51.8,0,83.2,29,11.2,0,2
APP003380,381900.0,0.093,75100.0,64.6,35.4,1,85.2,38,13.4,0,1
APP003381,100200.0,0.495,22800.0,55.1,44.9,1,96.3,30,31.8,1,2
APP003382,34200.0,0.05,14800.0,66.0,34.0,0,77.4,22,16.8,3,1
APP003383,55000.0,0.05,8600.0,55.7,44.3,0,96.8,35,6.3,2,0
APP003384,27700.0,0.057,22000.0,43.3,56.7,1,71.6,17,37.1,2,0
APP003385,13900.0,0.433,17600.0,61.5,38.5,1,74.4,31,31.6,1,0
APP003386,104500.0,0.884,26700.0,37.1,62.9,0,82.3,33,16.5,1,3
APP003387,99500.0,0.247,22700.0,33.9,66.1,0,90.8,27,30.4,0,1
APP003388,52000.0,0.179,20500.0,64.3,35.7,1,77.1,22,24.7,0,0
APP003389,174600.0,0.164,39900.0,53.1,46.9,0,77.6,29,23.9,1,0
APP003390,173000.0,0.302,51100.0,59.3,40.7,0,83.4,34,5.9,2,0
APP003391,33000.0,0.05,30800.0,30.1,69.9,0,89.3,24,23.4,1,2
APP003392,88400.0,0.174,33200.0,56.2,43.8,0,82.1,30,23.7,1,0
APP003393,26400.0,0.937,4400.0,51.3,48.7,0,86.4,37,33.2,1,0
APP003394,89200.0,0.15,37300.0,45.1,54.9,0,98.4,36,36.9,2,1
APP003395,78300.0,0.072,26400.0,33.0,67.0,0,88.1,35,16.7,2,0
APP003396,114100.0,0.05,15900.0,50.5,49.5,1,92.4,26,24.7,0,0
APP003397,26800.0,0.056,7300.0,35.6,64.4,0,86.4,31,29.1,1,0
APP003398,196100.0,0.248,39600.0,68.0,32.0,2,84.1,27,33.8,1,0
APP003399,17100.0,0.126,14600.0,66.5,33.5,0,77.5,27,15.2,1,1
APP003400,28900.0,0.05,16800.0,43.4,56.6,0,73.1,25,17.8,0,0
APP003401,229900.0,1.013,46700.0,52.0,48.0,3,90.9,32,9.1,0,1
APP003402,31400.0,0.633,7000.0,40.2,59.8,2,86.7,35,21.7,4,0
APP003403,135700.0,0.113,57400.0,41.5,58.5,1,77.3,30,37.8,0,0
APP003404,16800.0,0.05,7300.0,60.9,39.1,0,83.7,23,31.4,0,0
APP003405,110400.0,0.192,19300.0,43.1,56.9,0,78.2,35,8.5,0,0
APP003406,161400.0,0.4,32600.0,38.5,61.5,0,91.8,28,16.5,2,0
APP003407,116000.0,0.05,28200.0,37.3,62.7,0,86.6,27,34.0,3,1
APP003408,141500.0,0.147,44100.0,61.4,38.6,0,75.3,34,24.6,0,0
APP003409,175200.0,0.653,58400.0,68.7,31.3,2,84.5,35,25.8,1,0
APP003410,27400.0,1.089,7200.0,30.1,69.9,0,96.1,24,22.4,2,0
APP003411,279500.0,0.05,78700.0,35.4,64.6,0,90.7,39,25.4,2,0
APP003412,15200.0,0.36,5500.0,68.6,31.4,0,87.3,39,14.9,0,0
APP003413,36500.0,0.379,49900.0,40.2,59.8,1,83.1,22,19.5,1,0
APP003414,97500.0,0.05,27300.0,61.7,38.3,0,84.5,35,27.7,0,0
APP003415,37100.0,0.528,25200.0,47.4,52.6,2,89.6,39,13.1,1,0
APP003416,153700.0,0.372,102100.0,40.8,59.2,0,81.5,20,17.1,0,0
APP003417,98700.0,0.474,35400.0,45.4,54.6,0,90.1,25,37.4,1,0
APP003418,147700.0,0.201,40300.0,55.0,45.0,0,87.4,20,27.7,1,0
APP003419,109400.0,1.091,16200.0,42.7,57.3,0,74.2,32,12.9,2,0
APP003420,40200.0,0.658,19800.0,45.5,54.5,0,85.1,32,9.9,0,0
APP003421,39400.0,0.131,19700.0,39.4,60.6,0,86.5,33,27.4,0,0
APP003422,55600.0,0.244,53500.0,58.1,41.9,0,76.9,30,10.9,0,0
APP003423,304900.0,0.079,63800.0,35.4,64.6,0,72.3,24,32.2,3,1
APP003424,23100.0,0.238,23300.0,32.9,67.1,0,72.6,26,34.5,2,0
APP003425,19300.0,0.694,14100.0,67.0,33.0,0,78.2,40,11.5,0,0
APP003426,262600.0,0.253,78700.0,60.0,40.0,0,70.8,29,31.9,0,0
APP003427,209100.0,0.098,34500.0,42.8,57.2,0,97.3,36,20.0,2,0
APP003428,102300.0,0.05,23300.0,55.4,44.6,1,81.8,28,27.2,0,0
APP003429,239400.0,0.161,36400.0,36.1,63.9,0,74.7,35,6.1,1,0
APP003430,300700.0,0.303,57100.0,54.2,45.8,0,83.4,38,28.5,0,0
APP003431,49500.0,0.075,43700.0,40.4,59.6,0,97.5,32,33.8,0,0
APP003432,111000.0,0.154,26100.0,44.0,56.0,1,88.3,29,11.8,5,0
APP003433,48800.0,0.352,8700.0,60.6,39.4,0,99.9,36,39.4,3,0
APP003434,119500.0,0.511,31800.0,32.6,67.4,0,97.5,37,31.2,0,1
APP003435,53200.0,0.113,75200.0,32.8,67.2,0,73.0,24,11.0,1,0
APP003436,35300.0,0.083,17600.0,63.3,36.7,0,78.0,30,8.4,0,0
APP003437,74400.0,0.137,42800.0,43.0,57.0,1,90.3,30,27.9,2,0
APP003438,70200.0,0.577,15300.0,66.0,34.0,0,99.9,32,34.6,2,0
APP003439,13500.0,0.179,3700.0,60.8,39.2,0,83.2,32,18.2,1,0
APP003440,39700.0,0.108,19100.0,63.6,36.4,0,86.3,36,28.2,2,0
APP003441,17400.0,0.272,5500.0,33.8,66.2,0,87.3,32,34.3,0,0
APP003442,24800.0,0.05,5100.0,65.7,34.3,0,83.0,39,23.3,3,0
APP003443,142200.0,0.662,41500.0,45.0,55.0,0,95.1,37,11.2,1,0
APP003444,70100.0,0.507,20900.0,68.3,31.7,0,95.2,25,29.8,0,0
APP003445,55800.0,0.05,21300.0,43.1,56.9,2,96.3,28,33.1,3,0
APP003446,159000.0,0.067,39300.0,56.1,43.9,0,99.4,27,26.7,2,0
APP003447,155800.0,0.05,35500.0,38.5,61.5,1,99.5,30,23.5,1,0
APP003448,64400.0,0.05,20100.0,42.8,57.2,0,88.7,29,23.2,1,0
APP003449,187000.0,0.06,68200.0,38.6,61.4,0,85.1,34,33.0,1,0
APP003450,77000.0,1.13,13800.0,47.9,52.1,1,85.6,31,27.7,0,3
APP003451,13200.0,0.055,16000.0,55.3,44.7,1,92.7,23,38.8,3,0
APP003452,93600.0,0.283,22700.0,60.6,39.4,0,71.0,31,7.7,3,0
APP003453,84200.0,0.062,25000.0,49.1,50.9,0,94.6,31,28.9,1,0
APP003454,116700.0,0.453,26100.0,51.0,49.0,0,81.3,23,39.7,3,0
APP003455,105900.0,0.776,27100.0,43.7,56.3,0,95.2,24,25.6,1,0
APP003456,142700.0,0.325,30500.0,49.8,50.2,0,93.0,36,32.6,2,2
APP003457,126400.0,0.292,53900.0,33.7,66.3,0,75.1,26,10.0,0,3
APP003458,50800.0,0.271,8400.0,35.3,64.7,0,75.4,33,6.1,0,0
APP003459,50800.0,0.127,28800.0,50.6,49.4,0,98.6,25,27.7,2,0
APP003460,10900.0,0.076,7000.0,68.9,31.1,0,94.1,25,9.7,1,0
APP003461,22900.0,0.05,22300.0,38.4,61.6,2,98.8,22,20.8,0,0
APP003462,103700.0,0.339,23300.0,55.4,44.6,0,95.2,23,6.2,1,0
APP003463,24600.0,0.134,16900.0,42.6,57.4,0,78.9,34,30.4,2,0
APP003464,173000.0,0.423,32600.0,48.9,51.1,0,97.0,34,6.0,0,0
APP003465,22800.0,0.371,10800.0,45.2,54.8,0,82.6,34,35.4,1,0
APP003466,47200.0,0.058,19300.0,36.1,63.9,0,97.3,20,11.8,1,0
APP003467,137600.0,0.13,28400.0,62.5,37.5,0,81.2,28,35.6,1,2
APP003468,33600.0,0.187,22600.0,69.4,30.6,0,93.9,26,37.7,0,0
APP003469,50100.0,0.322,10300.0,34.2,65.8,0,86.9,33,30.2,4,1
APP003470,105200.0,0.05,18300.0,37.5,62.5,0,94.1,31,27.7,0,2
APP003471,40800.0,0.204,27100.0,30.6,69.4,0,77.1,31,38.2,1,0
APP003472,82900.0,0.05,33600.0,49.2,50.8,0,80.8,31,29.9,0,0
APP003473,229700.0,0.363,32600.0,63.2,36.8,0,99.5,28,12.2,1,0
APP003474,77000.0,0.993,11700.0,39.9,60.1,0,80.4,29,7.1,0,0
APP003475,121200.0,0.05,26800.0,34.8,65.2,0,98.9,24,38.7,0,0
APP003476,44600.0,0.179,12800.0,41.2,58.8,0,92.9,36,21.6,5,1
APP003477,20700.0,0.05,6000.0,43.0,57.0,1,86.6,32,17.6,0,0
APP003478,188700.0,0.645,59100.0,39.9,60.1,0,80.1,26,33.7,1,0
APP003479,135400.0,0.791,55700.0,30.2,69.8,0,94.9,36,10.8,0,0
APP003480,59500.0,0.05,16600.0,40.1,59.9,0,97.2,31,32.7,0,0
APP003481,26900.0,0.21,17900.0,56.9,43.1,0,79.0,33,25.5,1,0
APP003482,122500.0,0.27,33500.0,47.1,52.9,0,84.8,30,14.6,0,0
APP003483,116200.0,0.496,25200.0,66.3,33.7,0,89.2,37,32.3,1,0
APP003484,112700.0,0.244,19600.0,43.5,56.5,0,99.0,26,15.9,2,0
APP003485,16900.0,0.107,22500.0,58.6,41.4,0,99.4,34,27.5,1,0
APP003486,86300.0,0.155,26900.0,55.1,44.9,0,97.7,27,15.8,2,1
APP003487,22600.0,0.682,19900.0,52.0,48.0,0,77.9,29,11.4,0,0
APP003488,255800.0,0.628,107100.0,49.8,50.2,1,92.8,29,24.0,0,2
APP003489,37200.0,0.781,16200.0,58.0,42.0,0,74.0,21,33.1,2,0
APP003490,104000.0,1.486,15000.0,42.4,57.6,0,71.8,28,26.9,0,1
APP003491,81400.0,0.071,26700.0,55.7,44.3,0,80.3,36,18.1,2,0
APP003492,174000.0,0.253,44800.0,54.7,45.3,0,82.2,29,29.3,0,0
APP003493,21200.0,0.156,15700.0,39.6,60.4,0,98.1,26,35.0,0,3
APP003494,95200.0,0.847,30000.0,31.6,68.4,0,84.9,28,30.5,0,2
APP003495,97200.0,0.356,26500.0,36.6,63.4,0,74.8,34,14.5,2,0
APP003496,7300.0,1.129,6000.0,66.3,33.7,0,89.8,35,10.4,3,0
APP003497,75200.0,0.443,25300.0,32.6,67.4,5,80.4,37,10.3,0,2
APP003498,11000.0,0.421,11800.0,64.6,35.4,0,96.3,35,28.9,2,0
APP003499,88600.0,0.408,24700.0,48.6,51.4,1,92.1,38,20.2,0,0
APP003500,171400.0,0.114,44100.0,46.6,53.4,1,77.1,36,23.4,2,1
APP003501,32900.0,0.116,23700.0,44.9,55.1,1,80.0,38,5.8,0,0
APP003502,110300.0,0.05,19800.0,32.8,67.2,0,95.9,27,26.9,2,0
APP003503,93000.0,0.155,33500.0,59.5,40.5,0,82.5,23,30.2,0,0
APP003504,46800.0,0.111,23400.0,62.1,37.9,1,92.9,24,25.0,0,0
APP003505,39700.0,0.484,25100.0,43.7,56.3,0,89.5,28,24.3,1,0
APP003506,131800.0,0.173,33600.0,60.9,39.1,0,82.4,29,25.3,1,3
APP003507,44400.0,0.551,36200.0,38.6,61.4,0,91.2,25,25.7,3,0
APP003508,19100.0,0.329,15500.0,49.2,50.8,0,82.5,19,20.5,2,0
APP003509,62900.0,0.296,17400.0,50.3,49.7,0,90.6,24,27.1,2,1
APP003510,124500.0,0.05,38200.0,49.2,50.8,0,94.6,38,25.8,2,0
APP003511,33500.0,0.145,19400.0,64.4,35.6,0,70.3,31,15.7,1,0
APP003512,33100.0,0.237,14600.0,35.1,64.9,2,99.4,25,18.9,1,0
APP003513,76400.0,0.05,28000.0,68.0,32.0,0,98.3,35,7.0,1,0
APP003514,30500.0,0.249,22000.0,50.9,49.1,4,71.9,29,26.6,0,0
APP003515,136900.0,0.078,76300.0,52.3,47.7,0,85.3,34,24.0,1,0
APP003516,44400.0,0.082,12300.0,50.5,49.5,1,76.0,48,34.7,0,2
APP003517,175600.0,0.066,32300.0,44.2,55.8,0,93.0,41,22.7,0,0
APP003518,41700.0,0.05,39200.0,48.5,51.5,0,74.7,20,14.5,0,1
APP003519,48000.0,0.336,34000.0,66.0,34.0,0,100.0,28,16.2,1,1
APP003520,30100.0,0.272,29400.0,66.4,33.6,2,98.2,30,10.6,2,0
APP003521,125600.0,0.342,24400.0,50.0,50.0,0,95.6,22,9.3,2,0
APP003522,23200.0,0.555,6300.0,57.3,42.7,0,92.3,36,10.6,3,1
APP003523,5400.0,0.219,4300.0,30.5,69.5,1,73.2,23,26.2,2,0
APP003524,63700.0,0.613,11000.0,65.4,34.6,0,70.5,33,21.9,1,0
APP003525,19400.0,0.075,17900.0,44.9,55.1,0,84.1,37,7.3,1,0
APP003526,20900.0,0.084,4500.0,51.0,49.0,0,87.5,32,37.6,0,0
APP003527,149400.0,0.105,40500.0,47.1,52.9,0,96.1,33,13.5,0,0
APP003528,43200.0,0.514,18700.0,48.9,51.1,1,80.9,25,39.5,3,0
APP003529,119800.0,0.075,32300.0,67.6,32.4,0,94.4,21,17.2,2,0
APP003530,230700.0,0.558,100100.0,36.8,63.2,2,87.6,32,35.5,1,0
APP003531,167100.0,0.68,30200.0,64.6,35.4,2,79.6,25,20.8,0,1
APP003532,51800.0,0.196,13600.0,46.7,53.3,0,81.0,24,38.4,0,0
APP003533,393800.0,0.061,99300.0,47.6,52.4,1,79.6,27,20.8,3,0
APP003534,54600.0,0.05,17900.0,47.7,52.3,1,98.0,29,10.5,0,0
APP003535,50300.0,0.303,31500.0,40.0,60.0,0,73.1,36,17.5,0,1
APP003536,17900.0,0.1,4600.0,56.4,43.6,0,77.2,36,7.1,1,0
APP003537,25600.0,0.933,31400.0,67.8,32.2,0,84.4,26,20.4,5,0
APP003538,80400.0,0.148,35800.0,47.0,53.0,1,99.6,28,6.4,3,0
APP003539,141800.0,0.243,31000.0,56.6,43.4,0,86.7,21,21.4,3,1
APP003540,264500.0,0.05,43500.0,52.7,47.3,0,89.6,38,33.9,0,0
APP003541,72800.0,0.556,21700.0,43.6,56.4,0,71.2,30,35.3,1,1
APP003542,84700.0,0.831,15800.0,51.2,48.8,3,83.2,36,17.6,1,0
APP003543,232100.0,0.133,59100.0,31.1,68.9,0,70.1,30,16.9,1,0
APP003544,232000.0,0.073,51700.0,36.1,63.9,5,92.0,35,15.8,0,0
APP003545,75200.0,0.559,26700.0,61.9,38.1,0,79.8,34,37.4,1,1
APP003546,19200.0,0.05,28000.0,65.5,34.5,0,85.4,36,22.2,1,3
APP003547,79500.0,0.05,18100.0,31.5,68.5,0,71.4,26,23.5,0,0
APP003548,66300.0,0.353,14700.0,58.8,41.2,0,79.7,38,31.3,0,0
APP003549,56000.0,1.695,15100.0,51.1,48.9,2,96.1,26,7.3,2,0
APP003550,51600.0,0.755,21400.0,61.0,39.0,0,78.8,32,36.3,1,0
APP003551,150200.0,0.222,58800.0,61.4,38.6,0,95.9,35,12.6,0,0
APP003552,29600.0,0.256,3800.0,51.3,48.7,0,78.9,19,26.0,1,0
APP003553,75200.0,0.091,19900.0,64.6,35.4,3,87.4,35,5.8,0,0
APP003554,53100.0,0.138,26000.0,33.0,67.0,0,79.1,32,30.5,1,1
APP003555,117600.0,0.05,59800.0,54.2,45.8,0,83.2,31,20.4,0,0
APP003556,44800.0,0.058,23800.0,67.0,33.0,0,82.1,30,22.1,4,0
APP003557,69700.0,0.05,9100.0,62.8,37.2,0,99.6,35,12.6,1,0
APP003558,53500.0,0.212,30500.0,30.1,69.9,0,81.4,25,13.0,0,0
APP003559,110600.0,0.455,17500.0,57.5,42.5,0,82.8,31,29.1,1,0
APP003560,141000.0,0.227,51800.0,63.4,36.6,0,92.7,34,37.9,1,1
APP003561,182600.0,0.443,47600.0,46.4,53.6,3,84.3,35,23.7,0,0
APP003562,22200.0,0.301,14000.0,50.9,49.1,0,70.0,32,21.4,1,0
APP003563,147200.0,0.097,23900.0,43.2,56.8,0,97.2,35,6.5,2,0
APP003564,42900.0,0.177,23400.0,54.5,45.5,0,94.3,34,37.6,1,0
APP003565,150100.0,0.05,97000.0,65.9,34.1,0,84.9,37,31.7,1,0
APP003566,28700.0,0.292,18500.0,48.6,51.4,0,78.6,17,39.0,1,0
APP003567,22500.0,0.432,9000.0,50.6,49.4,0,79.7,23,30.1,2,0
APP003568,56500.0,0.05,10400.0,30.7,69.3,1,99.1,31,21.3,1,2
APP003569,82000.0,0.281,12100.0,61.7,38.3,0,75.0,27,29.8,1,0
APP003570,224000.0,0.05,43900.0,34.7,65.3,0,70.9,24,22.2,0,0
APP003571,75800.0,0.26,30600.0,35.7,64.3,0,94.1,29,33.3,0,0
APP003572,30800.0,0.544,11300.0,54.8,45.2,0,88.9,30,19.7,2,2
APP003573,122400.0,0.242,27000.0,59.8,40.2,0,98.9,35,15.0,3,0
APP003574,267000.0,0.321,66000.0,46.6,53.4,1,76.4,27,34.9,0,0
APP003575,114900.0,0.05,18400.0,46.6,53.4,0,86.0,27,29.5,1,0
APP003576,21300.0,0.346,11300.0,42.9,57.1,0,77.3,36,25.9,0,0
APP003577,99600.0,0.05,18900.0,48.9,51.1,2,79.3,33,39.5,0,2
APP003578,123300.0,0.593,19600.0,69.9,30.1,0,92.3,27,31.4,1,0
APP003579,90500.0,0.05,24400.0,59.1,40.9,0,95.3,24,10.7,0,0
APP003580,26300.0,0.175,23500.0,30.5,69.5,0,74.8,25,24.9,2,0
APP003581,103100.0,0.335,31400.0,67.7,32.3,0,81.9,28,28.0,2,1
APP003582,99000.0,0.217,53300.0,43.5,56.5,0,78.4,28,25.0,2,0
APP003583,67600.0,0.217,23900.0,39.3,60.7,1,76.9,32,22.8,1,0
APP003584,54700.0,0.105,10300.0,58.6,41.4,5,99.2,25,33.7,1,0
APP003585,29000.0,0.736,3300.0,52.5,47.5,0,88.6,28,34.0,1,0
APP003586,77800.0,0.064,15700.0,51.7,48.3,1,89.0,33,17.7,0,0
APP003587,20300.0,0.069,5100.0,33.8,66.2,0,79.9,19,13.7,2,0
APP003588,103600.0,0.155,14900.0,51.5,48.5,0,99.3,25,13.3,0,0
APP003589,55200.0,0.339,14800.0,53.6,46.4,2,92.1,38,22.1,1,0
APP003590,19500.0,0.134,18200.0,35.7,64.3,0,78.9,23,26.7,0,0
APP003591,426000.0,0.721,108600.0,40.0,60.0,0,83.9,36,8.8,2,0
APP003592,16600.0,0.282,8800.0,46.0,54.0,5,74.6,36,12.5,0,0
APP003593,36200.0,0.084,34900.0,54.3,45.7,0,80.8,25,17.7,0,0
APP003594,75000.0,0.347,30300.0,32.4,67.6,0,76.3,37,7.6,0,0
APP003595,15500.0,0.635,9500.0,41.7,58.3,0,90.1,31,25.2,0,0
APP003596,90000.0,1.897,36700.0,47.8,52.2,0,83.0,32,37.7,1,0
APP003597,26900.0,0.488,4300.0,35.3,64.7,0,71.6,26,34.3,1,1
APP003598,54900.0,0.76,27400.0,69.7,30.3,0,98.9,30,16.2,0,0
APP003599,70100.0,0.05,18800.0,63.5,36.5,0,88.5,27,16.1,3,0
APP003600,74700.0,0.18,19000.0,60.8,39.2,0,76.1,32,30.2,1,0
APP003601,17700.0,0.307,12000.0,40.7,59.3,0,80.9,22,30.9,0,0
APP003602,81900.0,0.376,22100.0,58.6,41.4,0,77.7,27,17.5,1,0
APP003603,87300.0,0.507,37800.0,59.3,40.7,0,99.2,24,34.8,0,4
APP003604,95700.0,0.056,29200.0,64.7,35.3,1,91.7,35,30.9,2,0
APP003605,74600.0,0.05,14800.0,44.4,55.6,0,84.5,20,17.5,1,0
APP003606,194000.0,0.718,27800.0,68.7,31.3,0,91.3,42,7.9,2,0
APP003607,89800.0,0.652,26600.0,67.5,32.5,1,88.4,31,11.8,0,1
APP003608,20200.0,0.301,4500.0,51.7,48.3,1,93.9,38,22.1,1,0
APP003609,59200.0,0.575,21200.0,40.9,59.1,0,97.3,30,13.9,0,1
APP003610,98300.0,0.675,25400.0,59.9,40.1,2,89.5,24,14.2,3,0
APP003611,73300.0,0.348,26800.0,43.1,56.9,5,81.0,32,23.2,1,1
APP003612,112700.0,0.05,17900.0,32.5,67.5,0,93.6,27,27.4,0,0
APP003613,98100.0,0.05,28700.0,53.3,46.7,0,97.3,29,35.6,0,0
APP003614,10900.0,0.425,5800.0,55.5,44.5,0,78.5,30,7.3,2,0
APP003615,65700.0,0.1,17600.0,58.8,41.2,1,86.3,29,18.8,1,3
APP003616,179400.0,0.05,100400.0,57.2,42.8,2,79.3,19,25.0,0,0
APP003617,88900.0,0.482,16400.0,31.1,68.9,1,81.2,31,39.5,1,0
APP003618,107300.0,0.05,54300.0,45.2,54.8,1,79.2,27,31.8,3,0
APP003619,105500.0,0.086,20200.0,60.4,39.6,0,77.6,31,24.1,0,0
APP003620,25200.0,0.489,24500.0,67.4,32.6,0,86.7,32,28.3,1,2
APP003621,154300.0,0.751,20100.0,41.2,58.8,0,86.4,30,9.8,0,1
APP003622,92000.0,0.832,17500.0,58.4,41.6,0,78.3,24,32.3,0,1
APP003623,67000.0,0.615,35900.0,49.8,50.2,0,73.2,20,6.6,0,1
APP003624,35000.0,0.108,43600.0,49.4,50.6,0,86.7,32,5.4,1,0
APP003625,60000.0,0.856,20000.0,59.1,40.9,0,85.7,33,14.5,1,0
APP003626,115300.0,0.174,22300.0,40.8,59.2,0,89.3,35,16.4,2,0
APP003627,88000.0,0.206,15000.0,41.3,58.7,0,94.4,27,32.7,0,0
APP003628,80200.0,0.188,60200.0,36.1,63.9,1,92.7,35,32.3,1,0
APP003629,89300.0,0.396,13900.0,41.0,59.0,0,82.2,36,22.8,2,0
APP003630,192500.0,0.786,42200.0,69.7,30.3,0,95.9,28,36.5,1,0
APP003631,54900.0,0.332,35700.0,31.3,68.7,0,78.4,32,31.2,2,0
APP003632,19600.0,0.804,22400.0,57.7,42.3,1,84.6,35,25.9,0,0
APP003633,98600.0,0.217,31900.0,51.1,48.9,1,82.3,17,7.2,0,0
APP003634,84200.0,0.149,19500.0,68.2,31.8,1,83.0,36,7.2,2,0
APP003635,28600.0,0.05,33000.0,35.7,64.3,0,88.7,34,26.5,1,0
APP003636,34800.0,0.173,11400.0,30.9,69.1,3,76.7,24,5.4,1,0
APP003637,64900.0,1.699,37200.0,41.4,58.6,2,74.9,32,19.5,1,0
APP003638,92000.0,0.088,32800.0,40.3,59.7,0,79.1,34,23.1,1,2
APP003639,209300.0,0.436,67500.0,45.4,54.6,1,91.6,38,38.1,1,0
APP003640,92500.0,0.05,19600.0,31.3,68.7,0,83.8,24,11.2,2,1
APP003641,244300.0,0.558,57200.0,30.7,69.3,0,73.8,31,39.0,0,0
APP003642,65200.0,0.43,30900.0,32.0,68.0,0,83.6,26,36.9,1,1
APP003643,38100.0,0.189,11100.0,53.8,46.2,0,81.4,42,11.0,2,0
APP003644,133400.0,0.054,36300.0,50.3,49.7,0,89.9,33,33.0,0,0
APP003645,167400.0,0.053,27300.0,37.5,62.5,0,94.1,28,7.2,3,0
APP003646,88600.0,0.092,70500.0,40.0,60.0,0,97.8,22,20.3,2,0
APP003647,173000.0,0.05,43300.0,58.1,41.9,0,75.2,28,33.9,0,0
APP003648,48100.0,0.203,20200.0,64.9,35.1,0,97.2,32,36.5,0,0
APP003649,45600.0,0.348,27700.0,37.7,62.3,0,94.3,36,13.8,1,0
APP003650,43400.0,0.133,10700.0,66.8,33.2,0,75.7,20,23.4,2,1
APP003651,85700.0,0.231,14400.0,65.5,34.5,0,98.0,36,14.9,0,0
APP003652,140200.0,0.05,16300.0,38.6,61.4,0,82.3,19,10.8,1,0
APP003653,114100.0,0.882,18700.0,61.4,38.6,2,89.9,31,16.9,1,0
APP003654,102500.0,0.182,48200.0,57.7,42.3,0,93.6,36,7.0,0,0
APP003655,44000.0,0.332,19300.0,44.9,55.1,1,80.1,25,25.3,1,0
APP003656,21900.0,0.301,8800.0,49.4,50.6,0,72.1,21,22.6,0,0
APP003657,63900.0,0.501,11800.0,49.4,50.6,0,92.1,35,35.6,1,1
APP003658,92500.0,0.315,39500.0,37.4,62.6,2,98.5,30,5.5,1,0
APP003659,373900.0,0.634,88000.0,61.7,38.3,1,97.3,29,10.1,0,0
APP003660,152700.0,0.535,29400.0,32.9,67.1,3,84.4,32,29.3,2,0
APP003661,63500.0,0.26,13200.0,64.4,35.6,0,91.1,23,37.4,1,0
APP003662,28800.0,0.123,3800.0,63.4,36.6,1,83.6,25,38.2,3,2
APP003663,100000.0,0.214,37600.0,47.8,52.2,1,80.1,29,38.2,2,2
APP003664,71400.0,0.556,15500.0,31.9,68.1,2,73.2,29,18.4,3,2
APP003665,136900.0,0.168,18000.0,64.4,35.6,0,77.1,33,19.9,2,0
APP003666,163300.0,0.287,45800.0,34.4,65.6,2,80.1,29,17.4,2,0
APP003667,125400.0,0.07,39300.0,39.9,60.1,0,81.8,32,11.1,1,0
APP003668,84700.0,0.528,39700.0,49.8,50.2,1,85.7,27,17.4,0,2
APP003669,67100.0,0.05,18000.0,56.0,44.0,0,74.3,36,6.0,0,0
APP003670,159900.0,0.161,54600.0,42.9,57.1,2,98.9,25,27.3,0,3
APP003671,19300.0,0.307,9600.0,56.0,44.0,1,78.4,17,18.8,1,0
APP003672,98700.0,0.05,34700.0,41.6,58.4,0,88.9,33,7.3,1,0
APP003673,210100.0,0.24,66900.0,41.6,58.4,0,89.9,32,23.4,1,0
APP003674,142400.0,1.622,31600.0,45.8,54.2,0,70.5,29,18.8,0,0
APP003675,93600.0,0.613,17900.0,40.6,59.4,3,91.1,34,40.0,3,0
APP003676,33600.0,0.444,8800.0,63.0,37.0,0,80.7,29,36.6,0,1
APP003677,102800.0,0.141,18800.0,68.6,31.4,1,78.5,25,31.5,3,0
APP003678,177800.0,0.327,40400.0,61.1,38.9,0,100.0,34,30.2,0,0
APP003679,64800.0,0.085,44700.0,59.2,40.8,0,84.6,28,28.9,1,0
APP003680,37600.0,0.605,22200.0,48.8,51.2,0,86.8,18,31.1,0,0
APP003681,11700.0,0.121,9400.0,41.2,58.8,1,86.3,32,31.6,1,0
APP003682,145000.0,0.074,32900.0,62.8,37.2,0,70.2,37,31.6,1,0
APP003683,110200.0,0.05,26700.0,44.9,55.1,2,89.5,37,31.7,2,0
APP003684,57900.0,0.412,34300.0,54.6,45.4,1,94.8,15,11.0,1,1
APP003685,79300.0,0.329,14300.0,37.4,62.6,3,99.5,30,17.9,1,0
APP003686,160600.0,0.132,49500.0,58.3,41.7,0,93.0,35,13.4,3,0
APP003687,79800.0,0.114,18000.0,65.9,34.1,0,97.3,32,38.8,1,0
APP003688,6600.0,0.232,5800.0,59.6,40.4,0,87.7,37,15.8,3,0
APP003689,75100.0,0.05,23900.0,46.2,53.8,0,84.2,29,16.4,2,0
APP003690,13000.0,0.197,3800.0,35.6,64.4,0,98.6,24,11.4,1,2
APP003691,81300.0,0.066,21500.0,59.3,40.7,2,81.2,26,9.4,1,0
APP003692,56400.0,0.05,39400.0,57.4,42.6,1,72.0,31,23.4,0,1
APP003693,143600.0,0.05,35500.0,68.8,31.2,1,96.2,37,27.9,1,0
APP003694,142300.0,0.468,58900.0,39.7,60.3,0,84.8,34,30.8,1,0
APP003695,36400.0,0.574,20900.0,46.1,53.9,0,94.6,34,18.2,0,0
APP003696,21800.0,0.178,6800.0,44.9,55.1,0,77.5,37,27.4,1,0
APP003697,84500.0,0.178,42300.0,67.8,32.2,0,86.1,23,21.0,1,3
APP003698,126100.0,0.598,55400.0,57.1,42.9,0,93.3,32,30.1,1,0
APP003699,50900.0,0.099,25400.0,58.8,41.2,1,87.5,24,27.3,1,2
APP003700,172900.0,0.327,39100.0,34.1,65.9,0,84.4,24,17.2,0,1
APP003701,107500.0,0.05,14600.0,38.1,61.9,1,91.3,35,12.5,1,1
APP003702,110000.0,0.717,42100.0,47.0,53.0,0,88.3,33,16.4,0,0
APP003703,53500.0,0.05,12400.0,69.9,30.1,0,92.7,24,8.9,3,0
APP003704,11300.0,0.515,4000.0,35.1,64.9,0,90.2,34,16.3,0,0
APP003705,67900.0,0.257,38600.0,48.2,51.8,0,93.2,36,26.8,1,0
APP003706,27400.0,0.05,11000.0,45.2,54.8,0,92.1,26,21.9,0,0
APP003707,86700.0,0.229,17300.0,33.8,66.2,0,70.5,34,13.1,2,0
APP003708,206200.0,0.089,50800.0,68.7,31.3,0,73.6,40,8.4,1,1
APP003709,194700.0,0.474,25300.0,39.5,60.5,0,92.2,32,38.1,3,0
APP003710,25500.0,0.073,10500.0,59.3,40.7,3,98.4,27,32.9,1,0
APP003711,112200.0,0.389,92400.0,44.3,55.7,0,97.9,25,38.4,3,0
APP003712,207800.0,0.266,34100.0,61.5,38.5,0,72.3,32,37.7,1,0
APP003713,64100.0,0.286,24600.0,33.4,66.6,0,88.6,25,17.9,1,0
APP003714,75100.0,0.396,12700.0,47.6,52.4,0,76.3,28,18.9,1,0
APP003715,120600.0,0.413,25900.0,59.6,40.4,1,81.9,30,15.2,1,0
APP003716,48400.0,0.65,20900.0,38.4,61.6,1,83.5,32,8.2,0,1
APP003717,107800.0,0.588,78500.0,56.1,43.9,0,86.6,13,24.5,0,1
APP003718,121300.0,0.05,27000.0,33.6,66.4,0,85.4,33,17.1,0,2
APP003719,391900.0,0.111,95500.0,56.5,43.5,1,70.6,24,22.6,0,0
APP003720,11300.0,0.05,10100.0,43.9,56.1,0,77.8,30,17.4,0,0
APP003721,33000.0,0.05,18200.0,59.3,40.7,0,92.1,22,16.6,0,0
APP003722,55800.0,0.296,7300.0,65.8,34.2,0,87.7,26,21.1,1,1
APP003723,107300.0,0.427,27400.0,57.5,42.5,1,75.4,32,23.3,3,0
APP003724,176100.0,0.346,27600.0,54.1,45.9,0,86.5,31,7.8,0,0
APP003725,55500.0,0.065,15600.0,61.6,38.4,2,71.8,34,14.0,1,4
APP003726,19600.0,0.123,21600.0,49.0,51.0,2,75.3,42,38.8,0,0
APP003727,73800.0,0.05,29200.0,51.6,48.4,0,80.9,34,27.8,1,0
APP003728,169900.0,0.456,41000.0,30.3,69.7,0,83.5,36,38.3,1,0
APP003729,58600.0,0.066,17400.0,52.8,47.2,0,83.9,22,16.6,2,0
APP003730,16300.0,0.256,8400.0,57.1,42.9,0,86.6,36,13.9,2,0
APP003731,78900.0,0.217,10100.0,64.3,35.7,0,88.4,27,33.8,1,0
APP003732,16400.0,0.659,4700.0,31.3,68.7,3,81.1,34,35.1,0,0
APP003733,85200.0,0.15,16600.0,52.9,47.1,0,82.5,28,18.6,0,0
APP003734,27200.0,0.184,5000.0,51.3,48.7,0,79.3,30,37.6,2,1
APP003735,65100.0,0.286,20500.0,53.2,46.8,0,94.1,30,36.7,0,0
APP003736,108500.0,0.427,32800.0,41.4,58.6,5,99.9,28,22.2,0,0
APP003737,76700.0,0.242,16500.0,61.6,38.4,0,86.7,32,25.8,2,0
APP003738,70400.0,0.34,28800.0,38.8,61.2,0,95.4,37,23.4,1,4
APP003739,129000.0,0.05,44200.0,49.9,50.1,3,85.8,32,5.9,1,0
APP003740,72300.0,0.05,21400.0,37.9,62.1,0,90.2,23,22.4,1,0
APP003741,114700.0,0.332,46400.0,43.2,56.8,0,72.2,28,30.2,2,0
APP003742,94300.0,0.373,22900.0,31.7,68.3,0,94.2,30,5.2,0,0
APP003743,113100.0,0.468,29000.0,31.4,68.6,0,73.7,25,19.8,0,2
APP003744,41200.0,0.05,20100.0,61.0,39.0,0,99.1,25,10.8,1,0
APP003745,165500.0,0.058,76500.0,68.9,31.1,1,87.1,28,6.9,0,0
APP003746,114200.0,0.062,33400.0,42.0,58.0,0,71.9,23,34.9,2,0
APP003747,178600.0,0.336,57400.0,33.2,66.8,0,97.1,32,15.9,1,2
APP003748,101400.0,0.087,36800.0,30.6,69.4,0,90.0,38,22.7,2,0
APP003749,303200.0,0.348,76100.0,61.8,38.2,3,78.4,20,13.6,1,0
APP003750,100800.0,0.3,26100.0,35.8,64.2,0,73.3,30,8.3,1,1
APP003751,55200.0,0.321,13900.0,43.8,56.2,1,76.4,29,11.1,1,0
APP003752,96000.0,0.05,23800.0,38.6,61.4,2,94.9,26,11.1,1,2
APP003753,123100.0,0.089,20100.0,39.6,60.4,4,89.2,25,36.1,0,0
APP003754,44500.0,0.254,23500.0,62.5,37.5,0,76.0,30,32.3,0,0
APP003755,49700.0,0.295,34900.0,67.5,32.5,0,71.9,31,19.0,0,0
APP003756,30400.0,0.167,16100.0,67.6,32.4,0,75.9,35,39.7,3,0
APP003757,27100.0,0.212,26100.0,62.1,37.9,0,78.8,21,31.6,1,0
APP003758,105100.0,0.983,14900.0,36.8,63.2,0,71.5,22,28.3,1,0
APP003759,161300.0,0.05,34100.0,49.2,50.8,0,84.9,30,16.0,0,1
APP003760,117000.0,0.097,29500.0,36.9,63.1,1,100.0,33,21.6,0,0
APP003761,96500.0,0.349,20200.0,38.2,61.8,0,93.4,35,23.0,1,0
APP003762,148900.0,0.487,52600.0,60.1,39.9,0,91.7,25,24.6,0,1
APP003763,226600.0,0.16,49800.0,41.5,58.5,2,74.3,27,29.4,1,2
APP003764,25600.0,0.229,11300.0,40.8,59.2,1,95.4,31,20.9,2,0
APP003765,109600.0,0.106,28600.0,59.8,40.2,0,88.9,29,38.6,2,0
APP003766,57900.0,0.05,32200.0,46.7,53.3,1,95.0,40,16.7,0,0
APP003767,256800.0,0.057,54500.0,52.0,48.0,2,73.7,33,13.1,0,0
APP003768,60200.0,0.11,25100.0,43.8,56.2,0,91.8,26,22.5,1,1
APP003769,50700.0,0.589,13400.0,43.4,56.6,0,76.9,34,34.2,1,1
APP003770,54500.0,0.297,27200.0,52.9,47.1,0,98.0,26,18.5,1,0
APP003771,30100.0,0.318,16000.0,37.1,62.9,1,93.9,21,16.9,0,0
APP003772,93200.0,0.483,15100.0,53.2,46.8,3,73.0,36,8.6,3,0
APP003773,37600.0,0.249,9500.0,54.4,45.6,0,73.6,22,37.8,1,0
APP003774,84800.0,0.646,19700.0,50.3,49.7,1,94.5,25,26.1,3,0
APP003775,22100.0,0.563,3400.0,55.4,44.6,0,100.0,35,7.3,0,0
APP003776,126300.0,0.174,46600.0,56.9,43.1,0,97.8,32,11.4,1,0
APP003777,24200.0,0.198,20200.0,31.9,68.1,0,99.7,26,17.3,1,0
APP003778,80900.0,0.184,20300.0,34.2,65.8,2,91.3,36,33.9,2,0
APP003779,72000.0,0.088,9500.0,69.3,30.7,0,92.9,33,23.0,0,0
APP003780,175400.0,0.337,24700.0,51.3,48.7,2,78.5,30,8.5,2,0
APP003781,24400.0,0.131,4800.0,54.9,45.1,1,93.5,35,20.9,0,0
APP003782,133400.0,0.147,39300.0,68.0,32.0,1,79.8,34,24.2,1,2
APP003783,32600.0,0.097,5300.0,32.0,68.0,0,86.1,26,7.9,1,2
APP003784,104200.0,0.232,29900.0,30.5,69.5,0,90.7,27,8.1,1,0
APP003785,107800.0,0.137,25500.0,30.1,69.9,0,85.2,35,11.5,1,0
APP003786,104600.0,0.128,33900.0,65.6,34.4,0,87.7,32,9.2,0,0
APP003787,87600.0,0.645,24500.0,48.0,52.0,0,81.4,28,36.4,2,0
APP003788,7000.0,0.371,7300.0,39.0,61.0,2,88.5,31,17.8,1,0
APP003789,196400.0,0.364,51100.0,62.6,37.4,0,84.1,33,20.1,1,0
APP003790,43600.0,0.198,28400.0,48.9,51.1,2,90.3,40,11.8,0,0
APP003791,366700.0,0.085,56300.0,56.1,43.9,0,93.2,29,34.0,2,0
APP003792,54900.0,0.383,29300.0,38.9,61.1,0,97.8,26,29.2,0,0
APP003793,60300.0,0.359,39500.0,40.7,59.3,0,84.9,33,20.3,0,0
APP003794,75400.0,0.147,17700.0,65.2,34.8,0,72.2,16,28.0,1,2
APP003795,22600.0,0.618,15800.0,32.9,67.1,0,91.0,25,23.0,1,0
APP003796,53400.0,0.05,23800.0,66.7,33.3,0,95.9,25,6.7,2,1
APP003797,37900.0,0.099,13300.0,60.2,39.8,0,71.3,31,12.9,0,0
APP003798,273100.0,0.078,51300.0,36.1,63.9,0,99.2,36,16.6,1,0
APP003799,160900.0,0.05,39400.0,46.4,53.6,0,78.0,31,21.0,3,0
APP003800,97100.0,0.305,14100.0,62.8,37.2,0,93.0,20,35.8,2,0
APP003801,35900.0,1.842,35600.0,41.3,58.7,0,81.2,36,14.4,2,0
APP003802,88100.0,0.164,34600.0,66.4,33.6,2,91.5,27,15.1,2,0
APP003803,59900.0,0.276,21400.0,38.5,61.5,0,87.4,33,24.7,0,0
APP003804,59700.0,0.716,17800.0,54.2,45.8,0,89.4,26,9.0,0,0
APP003805,29100.0,0.057,14200.0,39.3,60.7,1,90.3,26,24.6,1,0
APP003806,204500.0,0.733,30800.0,66.1,33.9,0,93.8,37,37.2,1,0
APP003807,98900.0,0.284,21800.0,50.7,49.3,0,75.8,23,29.3,2,1
APP003808,34800.0,0.05,9600.0,54.5,45.5,0,95.2,28,33.0,1,2
APP003809,80600.0,0.224,18500.0,69.3,30.7,1,84.9,40,23.5,0,0
APP003810,239300.0,0.199,63200.0,64.3,35.7,0,97.5,31,22.6,1,0
APP003811,51500.0,0.72,39400.0,62.7,37.3,0,99.1,21,20.4,2,2
APP003812,20900.0,0.202,3600.0,46.7,53.3,2,70.3,28,6.6,0,0
APP003813,157900.0,0.05,33500.0,40.7,59.3,1,99.0,30,22.9,2,0
APP003814,156800.0,0.55,32600.0,57.8,42.2,0,98.0,24,5.7,1,0
APP003815,90800.0,1.332,40200.0,50.1,49.9,0,82.3,30,24.7,3,0
APP003816,66500.0,1.108,13800.0,52.3,47.7,0,94.2,33,33.3,4,0
APP003817,198600.0,0.08,43400.0,55.4,44.6,0,93.8,42,38.0,0,0
APP003818,124800.0,0.213,34200.0,62.4,37.6,2,95.1,21,26.6,0,0
APP003819,79900.0,0.054,21500.0,33.4,66.6,0,93.0,36,25.4,0,0
APP003820,16400.0,0.11,14300.0,36.4,63.6,0,97.6,31,38.3,1,0
APP003821,14100.0,0.05,18100.0,33.0,67.0,0,88.2,20,21.3,1,0
APP003822,55000.0,0.05,34400.0,40.1,59.9,0,97.6,30,35.2,0,1
APP003823,21600.0,0.16,19900.0,49.5,50.5,0,84.8,31,34.7,0,2
APP003824,153700.0,0.05,41100.0,36.5,63.5,0,75.1,36,29.2,0,1
APP003825,114500.0,0.671,29400.0,68.1,31.9,0,78.7,30,39.1,1,0
APP003826,168400.0,0.384,27500.0,62.7,37.3,0,93.6,37,16.2,0,0
APP003827,17600.0,0.059,21700.0,67.3,32.7,0,87.4,29,11.8,1,0
APP003828,27900.0,1.186,12600.0,30.8,69.2,0,70.8,32,20.9,0,0
APP003829,90400.0,0.05,22100.0,46.1,53.9,1,75.0,31,28.8,0,0
APP003830,151300.0,0.082,46600.0,65.3,34.7,0,73.3,25,16.9,0,0
APP003831,37100.0,0.05,23300.0,65.5,34.5,0,91.7,30,26.5,1,0
APP003832,83100.0,0.519,27000.0,35.8,64.2,0,88.4,39,37.3,0,0
APP003833,71700.0,0.866,41200.0,54.2,45.8,0,71.2,33,8.0,2,0
APP003834,90200.0,0.646,22600.0,52.1,47.9,0,97.5,31,21.8,4,0
APP003835,186100.0,0.428,42300.0,40.1,59.9,0,84.5,36,12.0,1,2
APP003836,32900.0,0.411,10400.0,64.1,35.9,0,80.2,27,14.0,0,4
APP003837,44200.0,0.957,17200.0,35.0,65.0,4,96.7,32,14.7,2,0
APP003838,54100.0,0.518,11900.0,65.8,34.2,0,93.7,28,35.5,0,0
APP003839,96200.0,0.076,45700.0,68.2,31.8,3,73.6,33,6.6,1,0
APP003840,52600.0,0.796,14200.0,38.2,61.8,0,91.8,29,7.3,1,0
APP003841,19900.0,0.688,4500.0,49.9,50.1,1,84.3,38,23.4,0,0
APP003842,181100.0,0.061,109400.0,40.0,60.0,0,76.6,18,6.8,1,1
APP003843,112400.0,0.157,26500.0,49.0,51.0,0,81.1,26,8.8,1,0
APP003844,86400.0,0.398,23500.0,41.1,58.9,0,76.0,33,32.1,1,1
APP003845,49600.0,0.472,18400.0,68.6,31.4,3,76.1,24,22.0,1,1
APP003846,92100.0,0.271,35500.0,56.4,43.6,0,93.9,28,35.3,1,3
APP003847,33100.0,0.05,24100.0,61.7,38.3,1,71.9,35,12.0,1,2
APP003848,82800.0,0.142,27000.0,37.8,62.2,0,72.4,27,9.3,0,0
APP003849,94000.0,0.425,51200.0,65.4,34.6,0,87.9,41,37.7,1,0
APP003850,355500.0,0.077,78200.0,43.9,56.1,0,95.1,26,6.5,3,0
APP003851,29900.0,1.124,4300.0,49.1,50.9,0,99.6,26,29.8,0,0
APP003852,5600.0,0.257,4100.0,42.7,57.3,0,74.0,33,39.1,1,2
APP003853,207000.0,0.333,47700.0,31.6,68.4,0,76.6,25,12.2,0,0
APP003854,13600.0,0.295,7100.0,49.3,50.7,0,98.8,22,23.0,3,0
APP003855,69800.0,0.495,18100.0,33.3,66.7,0,83.5,29,16.0,0,0
APP003856,42500.0,0.318,24000.0,65.1,34.9,0,98.6,30,21.6,0,0
APP003857,111200.0,0.486,19500.0,40.0,60.0,0,84.7,28,26.3,0,0
APP003858,21000.0,0.741,19600.0,38.7,61.3,0,89.3,30,18.8,2,0
APP003859,24200.0,0.216,14300.0,46.2,53.8,0,92.8,32,32.8,2,0
APP003860,54800.0,0.085,17100.0,43.4,56.6,0,85.3,38,16.7,2,3
APP003861,59900.0,0.269,12300.0,59.2,40.8,0,82.0,58,17.2,1,0
APP003862,40200.0,0.355,23400.0,60.8,39.2,0,90.8,26,29.3,1,0
APP003863,47500.0,0.073,17900.0,35.7,64.3,0,86.1,30,30.1,1,3
APP003864,87300.0,0.349,28900.0,44.8,55.2,1,78.7,25,6.9,1,0
APP003865,48000.0,0.639,30300.0,57.3,42.7,1,81.7,36,28.6,0,3
APP003866,34300.0,0.493,37400.0,40.7,59.3,0,79.1,27,21.0,0,0
APP003867,42600.0,0.113,13800.0,50.8,49.2,0,73.1,33,37.0,1,0
APP003868,328500.0,0.138,82900.0,36.2,63.8,0,84.1,23,15.4,1,0
APP003869,75600.0,0.379,20800.0,54.4,45.6,1,71.6,36,22.2,0,1
APP003870,65300.0,1.398,20700.0,51.8,48.2,0,92.8,29,13.3,1,0
APP003871,112100.0,0.053,47400.0,37.7,62.3,0,73.6,31,32.2,0,1
APP003872,89400.0,0.102,23600.0,67.5,32.5,0,95.0,27,21.8,1,0
APP003873,112000.0,0.05,85900.0,50.2,49.8,0,80.4,20,39.3,1,0
APP003874,38500.0,0.131,19000.0,31.1,68.9,0,80.9,28,34.2,1,4
APP003875,13200.0,0.661,11100.0,30.1,69.9,1,86.1,30,38.3,0,0
APP003876,121700.0,0.974,26600.0,56.3,43.7,3,87.3,47,34.3,2,2
APP003877,56100.0,0.335,31800.0,65.8,34.2,2,77.5,26,35.0,1,0
APP003878,130000.0,0.346,24100.0,34.6,65.4,0,73.1,28,19.3,1,0
APP003879,56600.0,0.169,15700.0,48.9,51.1,0,94.2,30,18.1,4,0
APP003880,88500.0,0.052,67000.0,67.0,33.0,0,90.9,26,27.5,0,0
APP003881,57300.0,0.383,40900.0,54.6,45.4,0,76.6,26,8.3,2,0
APP003882,31100.0,0.284,41000.0,67.7,32.3,2,88.2,27,29.2,2,0
APP003883,274400.0,0.248,43700.0,57.5,42.5,2,92.7,28,21.9,2,0
APP003884,22400.0,0.47,18800.0,48.1,51.9,0,96.7,36,27.8,0,0
APP003885,75800.0,0.05,19100.0,41.7,58.3,0,94.7,35,18.3,0,3
APP003886,98200.0,0.28,35700.0,46.4,53.6,0,76.3,31,6.6,1,2
APP003887,35500.0,0.271,7600.0,38.7,61.3,1,72.5,36,13.5,1,0
APP003888,17300.0,0.823,21200.0,66.1,33.9,1,84.8,22,24.7,2,0
APP003889,64100.0,0.661,27100.0,69.9,30.1,0,91.8,31,35.6,0,0
APP003890,63100.0,0.064,35200.0,35.3,64.7,0,79.3,24,27.7,1,0
APP003891,65900.0,0.555,13800.0,57.5,42.5,2,96.6,29,11.4,1,0
APP003892,47800.0,0.05,33000.0,32.4,67.6,0,83.7,20,17.7,0,0
APP003893,90600.0,0.424,78400.0,55.4,44.6,0,77.7,20,20.8,0,0
APP003894,42200.0,0.119,31700.0,50.5,49.5,0,88.7,28,31.2,1,0
APP003895,137500.0,0.201,22300.0,33.0,67.0,0,85.0,36,39.7,3,1
APP003896,95400.0,0.248,32700.0,49.0,51.0,0,76.0,19,10.3,2,0
APP003897,45000.0,0.342,12100.0,46.4,53.6,0,71.3,40,12.9,2,0
APP003898,58900.0,0.05,17300.0,68.5,31.5,0,85.7,29,6.8,1,0
APP003899,209600.0,0.579,41000.0,31.0,69.0,0,92.1,45,6.8,2,1
APP003900,75000.0,0.413,22000.0,50.2,49.8,0,89.6,34,23.9,1,0
APP003901,139800.0,0.17,30100.0,64.3,35.7,0,78.6,36,35.9,1,1
APP003902,71400.0,0.051,19000.0,58.8,41.2,1,71.2,25,33.8,1,2
APP003903,101700.0,0.05,25100.0,45.4,54.6,0,80.9,33,32.5,0,0
APP003904,54300.0,0.339,14400.0,54.7,45.3,0,93.2,28,26.9,2,1
APP003905,26900.0,0.076,12900.0,56.0,44.0,0,86.2,30,17.4,3,0
APP003906,96500.0,0.29,45800.0,32.8,67.2,0,80.6,30,35.5,1,0
APP003907,85800.0,0.119,39600.0,67.6,32.4,0,87.5,27,35.0,1,0
APP003908,62500.0,0.05,20800.0,41.3,58.7,0,86.0,19,21.1,0,2
APP003909,90600.0,0.215,16500.0,40.5,59.5,0,95.9,32,33.2,0,0
APP003910,58800.0,0.108,23200.0,53.4,46.6,0,88.0,29,37.7,0,0
APP003911,87700.0,0.497,34400.0,42.4,57.6,2,94.9,29,20.3,1,0
APP003912,19500.0,0.328,6800.0,60.6,39.4,0,82.8,33,29.5,0,0
APP003913,137500.0,0.237,28400.0,44.5,55.5,0,76.6,27,30.7,0,2
APP003914,115000.0,1.082,17000.0,54.8,45.2,3,82.4,22,35.8,2,0
APP003915,156000.0,0.327,18800.0,35.0,65.0,0,72.8,27,21.5,1,0
APP003916,40000.0,0.82,37600.0,69.0,31.0,1,98.7,27,30.9,1,3
APP003917,86100.0,0.499,18800.0,37.5,62.5,0,80.4,29,14.9,3,0
APP003918,52700.0,0.582,18900.0,57.8,42.2,1,85.2,31,31.2,1,0
APP003919,87400.0,0.704,34400.0,45.8,54.2,0,84.9,36,17.2,0,0
APP003920,56900.0,0.51,12000.0,68.4,31.6,0,97.6,21,7.6,0,0
APP003921,158500.0,0.325,41500.0,46.0,54.0,0,81.1,33,31.6,2,0
APP003922,67100.0,0.189,20300.0,30.4,69.6,0,81.2,20,39.6,1,0
APP003923,152200.0,0.05,63900.0,70.0,30.0,0,83.7,34,8.1,1,0
APP003924,120000.0,0.263,35400.0,31.1,68.9,2,70.8,30,29.7,2,3
APP003925,48700.0,0.478,26100.0,55.2,44.8,0,95.2,30,15.7,1,1
APP003926,83300.0,0.141,61900.0,56.8,43.2,1,73.0,20,18.2,1,1
APP003927,76500.0,0.667,16800.0,40.2,59.8,0,80.5,28,29.1,2,2
APP003928,15800.0,0.05,19800.0,65.6,34.4,0,87.7,27,15.9,4,0
APP003929,34900.0,0.05,21900.0,31.0,69.0,0,96.6,30,15.9,2,0
APP003930,115100.0,0.092,37100.0,50.1,49.9,0,84.6,27,7.4,2,0
APP003931,32700.0,0.05,20100.0,61.1,38.9,0,74.1,27,28.7,0,0
APP003932,30400.0,0.138,9300.0,63.7,36.3,2,88.7,23,7.8,1,1
APP003933,28200.0,0.264,23800.0,62.0,38.0,0,94.3,24,6.0,1,0
APP003934,32700.0,0.762,20100.0,48.0,52.0,2,94.5,29,18.2,3,0
APP003935,130600.0,0.05,27400.0,39.5,60.5,0,82.4,38,34.4,0,1
APP003936,127700.0,0.845,19500.0,52.1,47.9,0,78.0,26,19.9,0,0
APP003937,16000.0,0.763,13700.0,60.2,39.8,5,90.8,43,5.0,2,0
APP003938,64000.0,0.052,12400.0,52.2,47.8,0,79.4,26,35.0,0,3
APP003939,85700.0,0.05,12300.0,43.1,56.9,0,79.4,38,9.7,0,0
APP003940,29600.0,1.312,20900.0,67.5,32.5,4,88.1,31,25.4,0,0
APP003941,52000.0,0.053,12900.0,52.5,47.5,2,76.2,29,5.4,0,0
APP003942,19200.0,0.05,27200.0,38.8,61.2,0,95.0,32,15.7,2,0
APP003943,101400.0,0.05,23500.0,37.9,62.1,1,86.3,32,19.8,1,0
APP003944,37000.0,0.053,21600.0,51.6,48.4,1,98.8,31,13.9,2,1
APP003945,57200.0,0.281,9600.0,42.0,58.0,0,85.7,22,14.1,1,0
APP003946,17400.0,0.053,6700.0,61.1,38.9,0,83.4,40,11.5,3,1
APP003947,14600.0,0.191,7300.0,37.9,62.1,0,86.1,28,16.7,0,0
APP003948,101000.0,0.562,19200.0,59.7,40.3,0,98.2,30,23.4,1,1
APP003949,188100.0,0.227,38900.0,40.6,59.4,0,95.1,26,34.4,1,0
APP003950,96300.0,0.05,18100.0,37.0,63.0,0,87.0,36,5.1,1,0
APP003951,94800.0,0.17,22700.0,30.4,69.6,1,73.3,38,23.7,1,0
APP003952,70400.0,0.158,14600.0,55.3,44.7,0,75.7,43,31.1,1,0
APP003953,129700.0,0.151,24700.0,67.3,32.7,0,92.7,28,23.4,1,0
APP003954,70600.0,0.102,17000.0,38.7,61.3,0,85.3,32,7.3,0,0
APP003955,54900.0,0.066,17900.0,69.8,30.2,0,80.8,43,17.8,4,0
APP003956,38500.0,0.127,15400.0,32.6,67.4,1,90.8,25,23.4,0,0
APP003957,37700.0,0.09,28600.0,69.6,30.4,1,85.0,30,22.1,4,0
APP003958,21900.0,0.401,3400.0,43.0,57.0,0,84.7,40,12.4,0,0
APP003959,82800.0,0.243,30500.0,54.3,45.7,4,80.6,29,39.4,1,0
APP003960,35500.0,0.136,31900.0,54.6,45.4,1,96.3,24,17.3,2,0
APP003961,49300.0,0.473,18000.0,37.9,62.1,0,74.5,30,22.2,1,0
APP003962,105000.0,0.596,18700.0,59.6,40.4,0,71.8,30,37.0,0,0
APP003963,79500.0,0.175,33900.0,59.5,40.5,0,70.1,32,7.7,0,1
APP003964,46000.0,0.166,20200.0,36.2,63.8,0,81.7,32,14.5,2,0
APP003965,92200.0,0.05,19400.0,58.7,41.3,0,74.0,27,22.4,0,1
APP003966,81100.0,0.205,21300.0,61.1,38.9,0,80.6,31,10.1,1,0
APP003967,125500.0,0.079,21900.0,55.2,44.8,3,70.7,35,6.7,2,1
APP003968,46000.0,0.05,13400.0,60.5,39.5,0,80.9,26,33.3,3,0
APP003969,109600.0,0.534,24900.0,39.1,60.9,3,82.0,32,6.5,1,0
APP003970,7900.0,0.152,5300.0,47.5,52.5,0,93.0,26,10.5,3,0
APP003971,23700.0,1.107,17200.0,69.1,30.9,0,79.7,29,39.1,1,0
APP003972,28300.0,0.166,7400.0,40.7,59.3,1,75.8,36,26.2,1,1
APP003973,39800.0,0.166,41200.0,69.8,30.2,0,81.0,23,18.1,1,0
APP003974,33300.0,0.53,24100.0,55.7,44.3,0,95.0,33,14.4,0,0
APP003975,57600.0,0.227,20600.0,41.8,58.2,0,75.1,27,14.9,2,0
APP003976,55400.0,0.114,14000.0,38.9,61.1,0,76.7,30,11.1,1,1
APP003977,18400.0,0.05,6500.0,46.8,53.2,0,95.7,35,10.7,0,0
APP003978,12900.0,0.191,11000.0,59.8,40.2,0,96.5,29,29.9,1,0
APP003979,277600.0,0.129,66000.0,40.9,59.1,0,82.7,26,10.2,0,3
APP003980,101700.0,0.468,19700.0,45.1,54.9,0,73.4,20,17.2,1,0
APP003981,75100.0,0.336,18900.0,40.4,59.6,0,77.0,33,18.3,2,1
APP003982,46100.0,0.05,19200.0,66.3,33.7,0,72.8,30,23.7,1,1
APP003983,51300.0,0.195,32400.0,40.3,59.7,0,89.2,38,29.6,1,0
APP003984,60500.0,0.109,22200.0,33.0,67.0,1,76.5,36,28.1,2,0
APP003985,33600.0,0.065,15300.0,51.2,48.8,0,89.0,39,9.6,1,0
APP003986,98900.0,0.089,33800.0,32.1,67.9,1,72.3,22,8.4,1,3
APP003987,54800.0,0.391,24700.0,47.3,52.7,0,85.6,26,38.2,1,2
APP003988,85800.0,0.05,26500.0,47.7,52.3,0,85.2,30,7.8,0,1
APP003989,229600.0,0.419,72400.0,33.8,66.2,1,78.1,22,17.7,0,1
APP003990,128200.0,0.652,35600.0,42.7,57.3,0,78.2,44,32.8,2,0
APP003991,42800.0,0.05,27800.0,40.2,59.8,2,85.2,36,20.0,1,0
APP003992,71000.0,0.05,16100.0,37.2,62.8,3,71.8,31,31.3,1,0
APP003993,235400.0,0.05,44700.0,30.6,69.4,0,94.9,32,35.4,0,0
APP003994,64000.0,0.302,18200.0,52.9,47.1,1,81.0,48,32.0,2,0
APP003995,13100.0,0.07,15600.0,47.0,53.0,0,82.5,39,31.5,1,1
APP003996,25700.0,0.175,18200.0,66.2,33.8,0,75.0,28,26.1,1,0
APP003997,47200.0,0.253,18500.0,61.5,38.5,0,71.2,28,34.3,1,0
APP003998,19400.0,0.081,26600.0,31.9,68.1,0,96.5,32,25.8,0,1
APP003999,46900.0,0.341,10100.0,69.3,30.7,0,92.9,33,34.3,0,0
APP004000,69700.0,0.226,17700.0,51.7,48.3,0,71.9,40,38.7,1,1
APP004001,193300.0,0.251,58000.0,57.0,43.0,0,74.1,30,37.6,0,0
APP004002,52900.0,0.05,28400.0,56.9,43.1,0,73.6,32,28.9,1,0
APP004003,39900.0,0.717,16100.0,56.8,43.2,0,92.7,32,25.1,1,1
APP004004,162900.0,0.232,46700.0,33.3,66.7,0,71.5,28,36.0,1,1
APP004005,5300.0,0.05,3800.0,68.9,31.1,0,95.0,30,34.2,1,0
APP004006,52200.0,0.281,12700.0,42.7,57.3,1,77.4,28,21.8,1,0
APP004007,65000.0,0.164,11200.0,34.7,65.3,0,84.7,28,37.1,2,0
APP004008,123400.0,0.522,40200.0,48.9,51.1,0,80.6,33,27.3,0,0
APP004009,25200.0,0.135,4700.0,44.1,55.9,0,85.0,27,12.9,0,1
APP004010,40100.0,0.336,11900.0,60.0,40.0,0,77.6,36,6.5,1,1
APP004011,111900.0,0.058,25700.0,66.1,33.9,0,98.0,34,29.8,2,0
APP004012,66800.0,0.382,14200.0,64.3,35.7,0,88.7,27,5.1,0,0
APP004013,53000.0,0.05,15600.0,34.8,65.2,2,75.9,32,17.3,0,0
APP004014,118500.0,0.054,26300.0,44.7,55.3,0,72.6,36,14.6,0,0
APP004015,120000.0,0.086,41000.0,50.3,49.7,0,98.3,23,39.9,0,0
APP004016,47100.0,0.559,38100.0,33.3,66.7,1,82.1,26,30.4,2,0
APP004017,13500.0,0.097,4000.0,43.8,56.2,0,87.6,31,5.3,0,0
APP004018,21600.0,1.111,15700.0,66.9,33.1,1,73.0,39,8.4,2,0
APP004019,10300.0,0.05,4800.0,32.9,67.1,0,82.7,34,31.2,1,0
APP004020,131500.0,0.207,57300.0,50.2,49.8,4,80.4,21,14.3,2,1
APP004021,194900.0,0.198,56800.0,59.8,40.2,0,70.2,20,5.0,1,1
APP004022,27900.0,0.05,7300.0,45.9,54.1,1,87.8,36,15.8,2,0
APP004023,230600.0,0.213,49400.0,30.1,69.9,1,87.6,26,6.6,2,0
APP004024,171800.0,0.05,25800.0,55.9,44.1,0,99.5,41,33.6,0,2
APP004025,13000.0,0.74,5800.0,40.6,59.4,0,78.6,32,8.2,0,0
APP004026,117900.0,0.448,23700.0,63.5,36.5,0,70.8,25,23.3,0,0
APP004027,147400.0,0.128,30800.0,49.9,50.1,0,97.1,34,5.6,1,0
APP004028,52900.0,0.081,24400.0,40.1,59.9,3,76.4,31,36.7,1,0
APP004029,12300.0,0.36,12000.0,36.0,64.0,0,97.5,34,9.3,3,0
APP004030,117300.0,0.124,23500.0,55.0,45.0,0,96.6,36,5.1,1,0
APP004031,82200.0,0.322,21200.0,36.3,63.7,0,91.7,25,21.2,1,0
APP004032,34900.0,0.321,29000.0,52.9,47.1,5,78.5,24,33.5,0,0
APP004033,67100.0,0.101,20100.0,61.8,38.2,2,94.0,37,39.9,1,0
APP004034,224800.0,0.05,31600.0,33.3,66.7,0,71.2,30,30.5,2,0
APP004035,93200.0,0.528,23000.0,67.3,32.7,1,71.6,35,25.0,1,0
APP004036,32800.0,0.231,11000.0,36.2,63.8,1,87.3,37,32.7,1,0
APP004037,26700.0,0.074,6500.0,42.9,57.1,0,91.4,34,29.6,4,0
APP004038,42200.0,0.782,25500.0,30.2,69.8,5,79.9,35,12.1,1,0
APP004039,57900.0,0.283,33900.0,55.3,44.7,0,87.5,37,30.3,1,0
APP004040,69100.0,0.519,18900.0,49.9,50.1,1,72.1,40,5.6,1,0
APP004041,68300.0,0.443,12200.0,45.7,54.3,1,86.9,19,15.4,1,0
APP004042,47400.0,0.05,27500.0,31.5,68.5,0,96.3,25,22.8,1,2
APP004043,103100.0,0.05,30500.0,58.7,41.3,0,80.7,30,18.4,0,0
APP004044,86000.0,0.226,16300.0,68.0,32.0,4,78.8,36,24.8,1,3
APP004045,29500.0,0.166,38600.0,63.2,36.8,1,81.5,26,22.4,1,0
APP004046,192500.0,0.05,45300.0,53.9,46.1,1,97.0,42,35.7,3,0
APP004047,44500.0,0.108,19600.0,56.3,43.7,0,72.0,30,21.0,4,0
APP004048,62100.0,0.235,53500.0,61.3,38.7,0,86.0,29,7.8,2,1
APP004049,110800.0,0.466,21500.0,41.6,58.4,4,86.3,31,16.1,0,0
APP004050,117900.0,0.36,54400.0,48.7,51.3,0,98.8,26,5.2,0,1
APP004051,92900.0,0.284,16400.0,37.5,62.5,0,75.0,28,9.1,1,0
APP004052,261500.0,0.358,85000.0,39.3,60.7,2,85.7,31,21.4,0,0
APP004053,240200.0,0.141,60300.0,38.3,61.7,0,92.2,20,9.8,1,0
APP004054,49200.0,0.238,16600.0,38.6,61.4,0,77.2,27,26.6,1,0
APP004055,56000.0,0.123,12400.0,53.3,46.7,0,79.5,26,22.4,1,0
APP004056,105900.0,0.157,13900.0,40.4,59.6,3,87.0,23,20.9,1,0
APP004057,57900.0,0.284,69500.0,66.3,33.7,0,83.0,27,27.1,0,0
APP004058,17500.0,0.415,13500.0,61.3,38.7,0,93.6,29,29.9,0,3
APP004059,33900.0,1.443,21100.0,30.5,69.5,0,90.3,26,40.0,1,0
APP004060,42700.0,0.143,12300.0,31.1,68.9,1,85.9,32,39.8,1,0
APP004061,35400.0,0.597,14200.0,48.6,51.4,0,81.3,25,12.4,2,0
APP004062,57000.0,0.055,32400.0,66.6,33.4,2,89.1,30,11.3,0,0
APP004063,72600.0,0.143,20700.0,63.7,36.3,0,92.7,25,21.0,1,0
APP004064,66900.0,0.436,14700.0,58.2,41.8,0,79.1,26,23.5,1,0
APP004065,9900.0,0.343,5200.0,61.5,38.5,0,86.2,35,15.6,0,0
APP004066,55600.0,0.911,29800.0,35.9,64.1,0,74.1,38,33.6,0,0
APP004067,31600.0,0.194,24700.0,34.1,65.9,0,88.5,33,36.7,1,2
APP004068,43600.0,0.275,20600.0,40.9,59.1,0,93.2,36,21.1,1,0
APP004069,74300.0,0.083,15300.0,49.6,50.4,1,84.4,39,15.0,1,0
APP004070,154500.0,0.112,39300.0,49.1,50.9,0,73.1,32,15.5,2,0
APP004071,21500.0,0.121,23600.0,49.0,51.0,1,94.5,37,6.3,1,0
APP004072,126100.0,0.71,19900.0,51.0,49.0,2,80.7,26,15.5,2,3
APP004073,205300.0,0.612,27700.0,57.0,43.0,0,93.0,29,5.6,0,0
APP004074,108300.0,0.376,32700.0,49.5,50.5,1,82.4,29,32.8,4,0
APP004075,15800.0,0.05,6200.0,69.7,30.3,0,78.2,31,17.0,0,0
APP004076,101800.0,0.189,30400.0,40.4,59.6,1,74.7,31,23.5,1,0
APP004077,28900.0,0.051,16400.0,48.4,51.6,0,79.7,32,21.6,1,1
APP004078,53000.0,0.483,32000.0,54.1,45.9,0,74.5,27,34.3,2,0
APP004079,67800.0,0.466,20800.0,54.9,45.1,0,97.9,34,31.6,0,0
APP004080,34700.0,0.139,7200.0,65.9,34.1,0,97.6,28,5.5,1,3
APP004081,97900.0,0.05,27700.0,31.1,68.9,0,82.5,30,22.7,0,0
APP004082,152000.0,0.34,25400.0,41.6,58.4,1,81.7,33,6.0,0,0
APP004083,26900.0,0.285,27600.0,58.6,41.4,0,91.7,25,27.1,0,1
APP004084,167300.0,0.348,32500.0,34.0,66.0,0,91.9,31,21.1,2,0
APP004085,39200.0,0.057,20900.0,66.9,33.1,0,78.5,25,14.7,1,0
APP004086,52000.0,0.546,19300.0,45.3,54.7,3,83.0,23,13.3,2,0
APP004087,82900.0,0.748,19300.0,45.9,54.1,0,90.9,33,16.5,2,2
APP004088,41400.0,0.536,26000.0,33.6,66.4,0,93.3,34,30.0,1,0
APP004089,144700.0,0.05,38600.0,42.5,57.5,4,92.0,29,24.5,0,2
APP004090,190800.0,0.882,75500.0,48.7,51.3,1,74.6,33,39.3,0,0
APP004091,129400.0,0.369,33700.0,39.3,60.7,0,75.9,32,15.8,2,0
APP004092,53200.0,0.807,18100.0,52.7,47.3,1,81.6,25,24.6,2,1
APP004093,23700.0,0.718,6900.0,34.3,65.7,2,72.5,25,15.8,0,0
APP004094,55500.0,0.598,12600.0,43.0,57.0,0,83.2,28,9.7,0,2
APP004095,117900.0,0.248,51900.0,58.5,41.5,1,91.9,31,15.7,0,3
APP004096,66300.0,0.098,29200.0,63.9,36.1,0,90.0,34,18.2,0,0
APP004097,85800.0,0.413,19200.0,39.6,60.4,0,71.2,31,20.6,0,1
APP004098,85900.0,0.164,12500.0,56.4,43.6,0,82.4,34,37.7,1,0
APP004099,26200.0,0.071,14600.0,59.5,40.5,0,88.9,35,29.7,1,0
APP004100,114700.0,0.61,30500.0,30.2,69.8,0,92.0,27,12.2,1,0
APP004101,23300.0,0.155,5700.0,53.1,46.9,0,80.0,35,35.1,2,0
APP004102,184600.0,0.343,42000.0,69.7,30.3,0,91.2,30,35.0,2,0
APP004103,56400.0,0.276,21700.0,38.8,61.2,0,85.1,34,15.0,1,0
APP004104,11700.0,0.504,14400.0,56.5,43.5,0,78.3,37,31.8,2,3
APP004105,42400.0,0.147,22400.0,36.8,63.2,0,83.1,27,13.6,1,0
APP004106,56100.0,0.05,13500.0,42.9,57.1,0,79.1,33,25.7,2,0
APP004107,43000.0,0.087,13200.0,46.2,53.8,0,83.0,16,24.7,0,0
APP004108,110500.0,0.279,39700.0,66.7,33.3,0,87.2,34,22.0,2,0
APP004109,146200.0,0.076,27200.0,58.0,42.0,0,93.9,25,15.2,1,0
APP004110,41900.0,0.057,46600.0,65.0,35.0,0,95.9,25,23.7,1,0
APP004111,22200.0,0.355,27100.0,61.9,38.1,0,91.4,33,39.5,0,0
APP004112,83000.0,0.65,22200.0,66.3,33.7,5,99.3,35,15.2,0,0
APP004113,51800.0,0.252,13900.0,37.8,62.2,2,79.8,34,5.6,0,0
APP004114,235600.0,0.429,104100.0,31.1,68.9,1,72.4,27,23.6,1,0
APP004115,107800.0,0.277,22000.0,62.3,37.7,0,87.8,22,31.1,0,0
APP004116,38700.0,0.076,15700.0,63.4,36.6,0,85.0,30,14.7,1,2
APP004117,47300.0,0.619,32600.0,53.7,46.3,2,87.7,25,8.3,0,0
APP004118,55500.0,0.835,16600.0,55.4,44.6,0,74.8,27,39.5,0,1
APP004119,97800.0,0.073,53000.0,36.0,64.0,0,87.6,34,10.1,1,1
APP004120,163700.0,0.291,30600.0,48.3,51.7,2,72.3,31,20.4,1,0
APP004121,168600.0,0.05,38600.0,60.1,39.9,0,93.2,41,8.7,2,0
APP004122,14400.0,0.911,4900.0,57.5,42.5,1,86.7,34,20.6,0,0
APP004123,182400.0,1.098,29600.0,57.7,42.3,4,86.0,25,7.6,1,0
APP004124,246200.0,0.294,74000.0,46.5,53.5,1,91.7,18,15.0,1,0
APP004125,22700.0,0.483,15800.0,48.5,51.5,0,87.4,35,27.9,1,0
APP004126,75100.0,0.114,43900.0,67.0,33.0,0,86.5,30,16.1,1,0
APP004127,59600.0,0.294,38000.0,63.0,37.0,0,75.7,34,28.8,1,0
APP004128,116100.0,0.342,14000.0,65.1,34.9,0,92.4,25,21.1,0,3
APP004129,134900.0,0.096,16900.0,67.9,32.1,0,90.6,39,24.2,1,0
APP004130,123800.0,0.253,44900.0,59.0,41.0,4,87.5,27,23.4,0,0
APP004131,91600.0,0.521,22100.0,69.3,30.7,2,79.6,30,17.0,1,0
APP004132,72900.0,0.27,16600.0,59.2,40.8,0,83.3,33,11.2,0,0
APP004133,68400.0,0.887,32300.0,55.7,44.3,0,81.7,37,26.1,0,0
APP004134,143300.0,0.664,29100.0,39.1,60.9,5,79.5,31,13.2,1,2
APP004135,84300.0,0.416,24100.0,49.3,50.7,1,78.0,26,14.4,3,0
APP004136,78100.0,0.727,25800.0,37.4,62.6,1,89.8,31,20.0,0,0
APP004137,46200.0,0.269,23000.0,46.4,53.6,0,72.9,24,25.5,1,0
APP004138,142400.0,0.17,58100.0,61.1,38.9,2,77.8,23,27.9,2,0
APP004139,170100.0,0.525,41100.0,55.5,44.5,1,98.6,30,35.4,2,2
APP004140,133400.0,0.429,70600.0,57.5,42.5,1,76.0,23,31.9,2,0
APP004141,207300.0,0.98,45700.0,41.3,58.7,0,71.8,28,27.6,1,1
APP004142,361100.0,0.05,64500.0,68.0,32.0,0,75.3,16,36.7,0,2
APP004143,12600.0,0.1,5000.0,62.6,37.4,0,88.2,26,20.0,2,1
APP004144,132800.0,0.05,14900.0,45.6,54.4,0,82.7,36,6.8,3,1
APP004145,71100.0,0.137,24000.0,37.2,62.8,2,91.9,29,25.2,4,1
APP004146,69600.0,0.142,12200.0,40.4,59.6,0,74.8,25,9.0,0,0
APP004147,82300.0,0.05,36400.0,56.4,43.6,0,85.8,24,12.4,0,2
APP004148,132800.0,0.05,46100.0,69.8,30.2,0,88.7,36,31.1,1,0
APP004149,62400.0,0.155,31600.0,35.2,64.8,0,84.4,30,30.0,1,0
APP004150,58800.0,0.15,31400.0,57.6,42.4,3,77.5,22,27.6,1,0
APP004151,234700.0,0.065,53500.0,41.0,59.0,1,78.6,26,6.5,0,0
APP004152,28500.0,0.16,5000.0,64.4,35.6,0,82.0,24,30.3,0,1
APP004153,49300.0,0.114,28700.0,40.5,59.5,1,97.3,31,12.0,1,0
APP004154,26800.0,0.05,5400.0,37.4,62.6,0,98.4,25,30.2,0,1
APP004155,46400.0,0.181,12200.0,37.4,62.6,3,97.9,41,26.0,1,0
APP004156,110700.0,1.505,30600.0,64.7,35.3,3,82.4,25,39.0,1,1
APP004157,44200.0,0.428,19600.0,37.2,62.8,2,73.0,39,27.6,1,0
APP004158,89400.0,0.35,20100.0,33.1,66.9,1,80.9,31,21.5,0,1
APP004159,148100.0,0.05,51200.0,61.2,38.8,1,85.9,44,37.6,1,0
APP004160,114800.0,0.377,52500.0,43.6,56.4,0,71.3,24,20.9,1,0
APP004161,25700.0,0.192,16000.0,51.5,48.5,0,75.8,22,24.9,1,0
APP004162,20800.0,0.164,5500.0,64.8,35.2,0,83.4,29,13.1,3,0
APP004163,38300.0,0.298,12300.0,60.3,39.7,0,88.8,19,6.4,2,0
APP004164,34100.0,0.568,28200.0,43.7,56.3,1,96.2,26,35.9,1,0
APP004165,23600.0,0.058,3500.0,67.0,33.0,0,96.9,37,14.3,2,0
APP004166,127800.0,0.107,27000.0,66.3,33.7,1,86.6,25,25.1,2,1
APP004167,115000.0,0.05,18100.0,66.3,33.7,1,87.5,38,18.1,1,0
APP004168,118500.0,0.813,25700.0,65.6,34.4,0,97.1,33,16.8,0,1
APP004169,82400.0,1.284,19300.0,40.4,59.6,0,86.3,34,37.1,1,0
APP004170,13200.0,0.147,7400.0,57.3,42.7,0,85.4,26,30.2,3,0
APP004171,49600.0,0.191,16600.0,63.9,36.1,1,99.1,36,18.8,0,0
APP004172,232200.0,1.19,32900.0,35.3,64.7,0,77.5,32,39.3,2,1
APP004173,184900.0,0.05,86700.0,61.1,38.9,0,79.3,28,38.5,0,0
APP004174,57400.0,0.909,17100.0,70.0,30.0,0,91.5,36,8.6,1,0
APP004175,37800.0,0.05,38800.0,49.4,50.6,0,83.7,36,36.3,1,0
APP004176,104000.0,0.05,12000.0,55.2,44.8,0,78.3,31,6.2,0,1
APP004177,102600.0,0.427,48600.0,58.1,41.9,0,88.0,30,26.7,0,0
APP004178,399000.0,0.05,103900.0,55.4,44.6,0,72.7,27,5.7,0,0
APP004179,93600.0,0.854,21900.0,53.2,46.8,0,99.0,30,27.5,2,0
APP004180,51200.0,0.05,20600.0,49.9,50.1,0,91.0,32,31.2,1,0
APP004181,76500.0,0.374,14700.0,43.4,56.6,0,85.2,24,10.1,2,0
APP004182,35400.0,0.427,24600.0,43.2,56.8,0,92.2,34,15.4,1,0
APP004183,92000.0,0.05,40600.0,61.4,38.6,0,77.1,28,34.5,1,0
APP004184,37900.0,0.446,10200.0,39.7,60.3,0,78.1,36,25.7,1,1
APP004185,136100.0,0.301,69100.0,47.7,52.3,0,91.0,27,20.3,1,2
APP004186,104900.0,0.113,16800.0,51.9,48.1,0,80.6,33,19.7,2,1
APP004187,24800.0,0.05,3800.0,66.0,34.0,1,85.9,24,18.4,1,0
APP004188,92400.0,0.097,26100.0,44.0,56.0,1,73.9,35,6.3,1,0
APP004189,53000.0,0.055,15900.0,30.8,69.2,0,82.0,26,13.7,2,0
APP004190,72200.0,0.206,13100.0,46.4,53.6,3,96.7,38,30.3,1,0
APP004191,23900.0,0.063,5100.0,59.3,40.7,0,95.0,29,33.0,1,0
APP004192,42600.0,0.178,17300.0,43.7,56.3,0,84.2,29,19.7,0,0
APP004193,90100.0,0.05,38600.0,35.5,64.5,0,88.0,29,31.9,0,1
APP004194,11800.0,0.367,10400.0,61.3,38.7,0,84.3,29,39.7,2,3
APP004195,70800.0,0.387,29800.0,67.6,32.4,0,91.4,25,12.4,4,0
APP004196,32200.0,0.107,18800.0,43.9,56.1,0,93.7,22,31.6,2,0
APP004197,41200.0,0.12,26100.0,44.9,55.1,0,95.4,23,30.2,1,0
APP004198,23700.0,0.13,22600.0,37.8,62.2,2,90.9,27,29.9,0,0
APP004199,123000.0,0.175,24200.0,44.5,55.5,0,86.2,32,17.6,0,0
APP004200,75000.0,0.188,30500.0,30.8,69.2,0,98.9,20,11.2,0,0
APP004201,98700.0,0.576,26500.0,69.3,30.7,2,89.5,37,38.1,0,0
APP004202,158800.0,0.228,42400.0,51.3,48.7,0,84.7,32,15.9,2,0
APP004203,109500.0,0.393,25700.0,56.6,43.4,5,88.6,22,6.7,0,0
APP004204,164900.0,0.056,58600.0,62.3,37.7,0,98.8,38,32.3,0,0
APP004205,228500.0,0.379,47700.0,37.0,63.0,0,95.4,35,29.5,1,0
APP004206,13800.0,0.51,5600.0,34.1,65.9,0,98.8,22,23.2,1,0
APP004207,71200.0,0.362,16700.0,38.5,61.5,0,79.7,26,36.0,1,0
APP004208,62800.0,0.172,23400.0,68.5,31.5,0,94.4,20,24.0,1,0
APP004209,66900.0,0.754,15800.0,50.9,49.1,0,92.2,32,15.2,0,0
APP004210,21300.0,0.053,9700.0,45.1,54.9,2,77.1,25,30.2,3,0
APP004211,125600.0,0.301,34900.0,35.1,64.9,0,98.8,29,7.7,0,0
APP004212,274100.0,0.086,49500.0,34.6,65.4,2,74.4,42,20.3,1,0
APP004213,21200.0,0.505,6800.0,62.3,37.7,0,98.4,28,5.7,1,1
APP004214,93800.0,0.806,33300.0,54.5,45.5,0,71.5,29,5.4,1,0
APP004215,121100.0,0.301,25500.0,69.1,30.9,0,86.0,27,25.4,1,0
APP004216,209800.0,0.05,47700.0,60.2,39.8,2,82.1,32,25.8,0,0
APP004217,59700.0,0.123,27100.0,65.3,34.7,0,87.9,32,38.5,0,0
APP004218,42900.0,0.057,6700.0,51.1,48.9,0,73.3,28,36.2,1,0
APP004219,33900.0,0.525,6900.0,40.2,59.8,2,75.5,26,31.2,1,3
APP004220,145200.0,0.05,48300.0,48.5,51.5,0,84.2,20,32.3,0,0
APP004221,13800.0,0.246,15100.0,53.2,46.8,0,73.9,35,12.2,1,0
APP004222,123000.0,0.556,25000.0,32.4,67.6,1,95.9,32,37.7,1,0
APP004223,53700.0,0.41,23900.0,41.8,58.2,0,79.1,35,15.2,0,0
APP004224,219300.0,0.695,47600.0,50.7,49.3,0,80.9,32,7.4,1,0
APP004225,20400.0,0.087,6600.0,56.3,43.7,0,76.2,29,35.6,2,0
APP004226,150100.0,0.05,40000.0,31.9,68.1,2,75.2,32,20.5,0,2
APP004227,106500.0,0.258,25800.0,67.0,33.0,0,95.3,43,22.4,2,0
APP004228,27800.0,0.05,21600.0,39.7,60.3,0,99.0,29,22.0,2,0
APP004229,151500.0,0.207,36000.0,59.5,40.5,0,96.5,40,10.9,1,0
APP004230,19900.0,0.102,7100.0,46.9,53.1,0,79.8,22,15.4,2,0
APP004231,58700.0,1.299,27100.0,56.5,43.5,0,78.7,24,26.8,1,0
APP004232,49100.0,0.213,21200.0,63.5,36.5,2,89.2,25,21.8,0,0
APP004233,60900.0,0.11,26300.0,51.6,48.4,0,84.7,34,24.1,0,0
APP004234,216700.0,0.535,130200.0,32.0,68.0,0,95.1,41,24.6,0,0
APP004235,180900.0,0.347,51100.0,59.4,40.6,0,73.2,29,25.3,0,2
APP004236,76200.0,0.181,31800.0,36.7,63.3,2,79.9,32,26.6,3,0
APP004237,140200.0,0.203,39800.0,47.7,52.3,0,90.1,28,37.0,0,1
APP004238,30700.0,0.329,10400.0,47.4,52.6,0,95.5,30,23.7,1,1
APP004239,156000.0,0.05,26300.0,68.3,31.7,3,87.8,19,36.6,1,0
APP004240,61000.0,0.05,28000.0,64.2,35.8,1,94.3,42,34.8,0,2
APP004241,65000.0,0.303,13100.0,31.4,68.6,0,88.2,42,18.1,1,0
APP004242,25300.0,0.298,26500.0,33.1,66.9,0,98.7,27,38.1,0,2
APP004243,48400.0,0.077,10200.0,63.9,36.1,0,96.9,29,26.8,0,2
APP004244,10300.0,0.05,8100.0,64.4,35.6,3,90.6,34,14.8,1,0
APP004245,12900.0,0.179,7400.0,56.3,43.7,1,81.9,24,22.7,2,0
APP004246,82100.0,0.434,15200.0,60.9,39.1,1,94.1,24,12.7,2,0
APP004247,20800.0,0.11,5500.0,66.0,34.0,0,83.9,21,38.0,0,0
APP004248,36700.0,0.404,11200.0,44.7,55.3,0,97.0,37,11.1,0,0
APP004249,39400.0,0.792,28000.0,62.9,37.1,0,81.2,23,28.7,0,0
APP004250,84100.0,0.419,16400.0,55.7,44.3,0,91.1,34,25.7,1,1
APP004251,38600.0,0.05,11000.0,49.0,51.0,0,85.9,28,35.2,2,0
APP004252,21700.0,0.494,6800.0,32.5,67.5,0,86.2,33,14.5,1,2
APP004253,43700.0,0.079,28400.0,58.1,41.9,0,79.2,30,35.3,1,1
APP004254,79800.0,0.06,22700.0,49.6,50.4,0,92.9,25,30.9,0,0
APP004255,42000.0,0.932,10600.0,63.4,36.6,0,71.5,31,9.0,1,0
APP004256,129400.0,0.476,24800.0,35.3,64.7,1,71.0,21,39.0,1,0
APP004257,38700.0,0.51,27200.0,40.5,59.5,0,73.7,24,16.0,1,0
APP004258,106500.0,0.508,18000.0,52.9,47.1,1,72.5,24,11.1,0,1
APP004259,103800.0,0.393,43300.0,41.3,58.7,1,86.3,45,31.5,0,0
APP004260,13200.0,0.404,3900.0,67.7,32.3,0,84.5,35,38.7,0,0
APP004261,80800.0,0.105,44700.0,59.4,40.6,0,79.3,32,25.5,2,0
APP004262,136100.0,0.355,55100.0,35.4,64.6,0,91.4,31,34.5,0,0
APP004263,48900.0,0.146,41800.0,37.8,62.2,0,97.2,31,9.9,2,3
APP004264,38000.0,0.409,6500.0,61.8,38.2,3,73.3,31,6.8,0,0
APP004265,10400.0,0.065,11500.0,50.8,49.2,0,93.0,31,37.1,1,0
APP004266,25300.0,0.297,23300.0,69.5,30.5,0,83.2,35,16.6,2,0
APP004267,70200.0,0.05,46100.0,57.6,42.4,0,82.6,28,21.1,1,0
APP004268,61500.0,0.34,30900.0,65.1,34.9,0,87.5,35,23.3,1,0
APP004269,24500.0,0.424,5800.0,37.8,62.2,0,71.7,35,5.0,0,0
APP004270,78800.0,0.21,100100.0,31.6,68.4,2,95.9,27,10.6,1,0
APP004271,115800.0,0.38,24100.0,69.3,30.7,0,97.8,32,38.2,0,1
APP004272,90300.0,0.225,20900.0,66.0,34.0,0,92.4,31,18.9,0,1
APP004273,32200.0,0.468,26500.0,65.3,34.7,3,93.7,30,16.4,0,0
APP004274,26900.0,0.05,13900.0,54.7,45.3,0,84.5,35,29.4,2,0
APP004275,12200.0,0.068,12600.0,34.8,65.2,2,86.7,37,19.3,0,0
APP004276,122400.0,0.372,40000.0,47.6,52.4,0,73.0,37,10.4,0,0
APP004277,80400.0,0.229,22700.0,56.8,43.2,4,84.9,33,29.7,1,1
APP004278,52300.0,0.266,27500.0,42.8,57.2,0,70.2,32,15.2,1,0
APP004279,146000.0,0.127,54700.0,63.4,36.6,0,94.0,31,26.5,5,0
APP004280,120500.0,0.05,14100.0,66.9,33.1,0,83.4,25,13.5,2,0
APP004281,105100.0,0.077,70500.0,30.2,69.8,0,99.5,34,7.0,1,0
APP004282,172100.0,0.056,47800.0,60.6,39.4,4,87.2,24,38.5,3,1
APP004283,145700.0,0.097,29800.0,62.2,37.8,2,98.2,24,20.6,0,0
APP004284,35000.0,0.163,19800.0,38.2,61.8,1,91.1,34,20.5,2,0
APP004285,193200.0,0.222,34000.0,36.0,64.0,0,87.9,47,28.9,2,0
APP004286,59200.0,0.311,22900.0,36.3,63.7,0,76.9,25,9.9,1,0
APP004287,82500.0,0.05,12300.0,32.8,67.2,1,90.9,26,5.4,1,1
APP004288,41100.0,0.154,34600.0,57.7,42.3,0,96.7,34,26.1,1,2
APP004289,11600.0,0.454,10300.0,36.2,63.8,0,78.4,30,29.0,0,0
APP004290,46600.0,0.05,13700.0,64.9,35.1,0,85.2,27,18.7,5,0
APP004291,104000.0,0.211,31300.0,54.2,45.8,0,98.0,33,25.2,1,0
APP004292,49600.0,0.212,29000.0,30.5,69.5,0,88.4,27,11.6,2,1
APP004293,65800.0,0.928,11200.0,44.9,55.1,1,70.2,45,24.2,0,0
APP004294,216600.0,0.05,68000.0,66.8,33.2,0,72.6,24,27.8,0,1
APP004295,87300.0,0.628,26800.0,59.8,40.2,1,71.1,26,16.0,1,1
APP004296,129700.0,0.294,38300.0,61.0,39.0,2,77.9,28,7.1,2,0
APP004297,74400.0,0.112,20800.0,32.9,67.1,1,99.8,38,34.4,0,0
APP004298,25900.0,0.283,11800.0,32.0,68.0,2,88.8,25,17.7,1,0
APP004299,65000.0,0.4,33800.0,69.6,30.4,0,84.2,29,25.7,2,0
APP004300,37000.0,0.056,17300.0,53.0,47.0,1,71.2,31,22.8,2,0
APP004301,49000.0,0.887,30200.0,68.7,31.3,3,84.1,24,39.0,0,1
APP004302,75900.0,0.378,37200.0,54.5,45.5,0,83.3,27,10.5,2,0
APP004303,121300.0,0.471,30800.0,61.6,38.4,0,82.2,29,21.5,0,0
APP004304,40000.0,0.05,16500.0,66.7,33.3,2,96.3,15,26.0,2,0
APP004305,50400.0,0.187,14000.0,51.5,48.5,1,97.7,22,21.4,0,0
APP004306,69100.0,0.287,16400.0,57.5,42.5,0,80.2,31,15.2,1,1
APP004307,91200.0,0.061,14800.0,61.4,38.6,1,77.1,24,26.7,2,4
APP004308,76200.0,0.277,10000.0,66.9,33.1,0,94.4,21,18.4,0,0
APP004309,17800.0,0.707,11200.0,66.7,33.3,2,72.0,22,7.5,2,2
APP004310,89600.0,0.07,29800.0,62.8,37.2,0,97.2,32,18.8,0,0
APP004311,46400.0,0.164,27100.0,65.3,34.7,0,91.9,36,36.8,1,1
APP004312,69400.0,0.134,19200.0,37.3,62.7,0,93.6,22,8.9,4,1
APP004313,90500.0,0.669,25000.0,40.8,59.2,2,73.9,38,37.2,2,0
APP004314,18800.0,0.05,6700.0,30.5,69.5,0,83.4,28,29.3,1,0
APP004315,12500.0,0.164,5600.0,69.7,30.3,0,70.7,39,6.3,0,0
APP004316,63600.0,0.127,27600.0,51.6,48.4,0,80.3,36,8.9,0,2
APP004317,12000.0,0.443,10800.0,63.1,36.9,2,85.0,22,7.8,0,0
APP004318,101500.0,0.362,32200.0,46.4,53.6,0,84.0,29,31.8,0,2
APP004319,38200.0,0.092,37300.0,53.2,46.8,0,93.3,29,12.7,0,0
APP004320,101200.0,0.05,16800.0,33.6,66.4,0,82.5,25,21.4,2,0
APP004321,145300.0,0.05,46700.0,39.2,60.8,0,70.9,35,12.8,3,0
APP004322,29900.0,0.079,20400.0,53.7,46.3,0,95.7,35,35.4,1,0
APP004323,89300.0,0.136,30200.0,39.1,60.9,2,83.2,40,9.8,0,2
APP004324,67000.0,0.582,28800.0,48.8,51.2,0,98.7,30,29.4,1,0
APP004325,126200.0,0.871,36800.0,52.1,47.9,0,72.1,33,27.3,0,0
APP004326,23200.0,0.415,16300.0,31.7,68.3,0,98.0,37,5.3,4,0
APP004327,118600.0,0.135,23300.0,35.5,64.5,0,97.4,26,34.2,1,0
APP004328,115000.0,0.447,37600.0,68.5,31.5,0,91.1,33,21.1,0,4
APP004329,61500.0,0.468,21300.0,48.7,51.3,3,80.8,29,22.3,1,0
APP004330,72000.0,0.307,13300.0,68.6,31.4,0,87.1,21,37.3,1,0
APP004331,62600.0,0.098,13400.0,49.9,50.1,0,93.0,33,9.4,0,0
APP004332,60900.0,0.398,24000.0,50.5,49.5,2,70.2,33,24.3,2,0
APP004333,231900.0,0.182,99100.0,37.0,63.0,0,83.7,32,18.2,1,0
APP004334,28400.0,0.075,13300.0,65.3,34.7,5,91.7,33,21.8,0,1
APP004335,53600.0,0.341,21300.0,68.6,31.4,0,91.3,34,6.8,1,0
APP004336,38300.0,0.33,16100.0,59.9,40.1,0,77.2,24,34.4,2,1
APP004337,28800.0,0.096,16400.0,35.9,64.1,0,85.9,33,29.9,3,3
APP004338,199500.0,0.061,33900.0,41.9,58.1,1,94.9,30,33.5,1,0
APP004339,82400.0,0.609,17100.0,32.4,67.6,1,75.5,34,35.2,0,0
APP004340,76500.0,0.432,27900.0,54.7,45.3,0,99.1,30,36.3,0,1
APP004341,75500.0,0.714,15000.0,59.7,40.3,0,88.6,37,36.2,1,0
APP004342,35200.0,0.05,25400.0,55.0,45.0,0,76.7,30,5.7,2,0
APP004343,56000.0,0.332,11200.0,36.3,63.7,0,78.6,29,26.8,1,1
APP004344,36000.0,0.05,16200.0,69.6,30.4,0,72.4,28,38.1,0,0
APP004345,33800.0,0.143,15500.0,39.1,60.9,0,97.5,39,16.1,1,0
APP004346,51900.0,0.246,13300.0,43.1,56.9,2,97.2,24,6.9,1,0
APP004347,152500.0,0.239,31600.0,60.8,39.2,1,82.8,26,11.1,1,0
APP004348,173200.0,0.262,49900.0,52.2,47.8,0,86.3,19,38.5,1,0
APP004349,52900.0,0.403,19700.0,69.4,30.6,0,92.5,31,18.5,0,0
APP004350,31700.0,0.266,16200.0,43.8,56.2,2,86.8,22,7.1,2,0
APP004351,15500.0,0.05,12900.0,66.8,33.2,0,83.0,28,27.3,0,0
APP004352,49500.0,0.226,20600.0,42.0,58.0,0,83.3,27,10.3,1,0
APP004353,42400.0,0.129,24100.0,66.8,33.2,0,75.6,31,10.4,0,0
APP004354,111400.0,0.05,21100.0,35.6,64.4,4,72.3,29,33.9,0,0
APP004355,130400.0,0.335,26800.0,53.5,46.5,0,71.0,32,10.2,0,0
APP004356,84500.0,0.05,12300.0,56.2,43.8,3,71.6,21,18.6,2,0
APP004357,31900.0,0.078,7900.0,64.6,35.4,0,88.2,25,32.1,0,0
APP004358,152600.0,0.239,41000.0,62.8,37.2,0,71.6,20,33.1,0,1
APP004359,122400.0,0.337,19100.0,53.8,46.2,3,96.1,32,29.0,0,0
APP004360,16000.0,0.073,6600.0,33.6,66.4,2,82.9,26,19.9,0,0
APP004361,32700.0,0.098,23400.0,64.5,35.5,0,89.2,30,33.2,0,0
APP004362,58500.0,0.515,13900.0,35.9,64.1,0,76.9,24,20.2,2,0
APP004363,68900.0,0.248,13900.0,60.6,39.4,0,94.3,20,17.7,1,4
APP004364,154000.0,0.446,63400.0,51.6,48.4,0,97.4,36,21.8,1,0
APP004365,84100.0,0.088,20500.0,49.0,51.0,0,93.3,39,13.8,1,0
APP004366,82000.0,0.217,45000.0,41.0,59.0,0,98.7,33,39.1,1,0
APP004367,217200.0,0.216,62000.0,52.5,47.5,2,83.5,35,37.6,2,1
APP004368,180500.0,0.371,48800.0,63.7,36.3,0,73.2,33,13.2,0,1
APP004369,24400.0,0.352,17700.0,35.7,64.3,2,89.2,30,13.1,0,0
APP004370,73900.0,0.326,45900.0,62.2,37.8,0,88.4,30,31.9,0,1
APP004371,88400.0,0.222,35600.0,41.8,58.2,1,74.9,33,20.2,1,0
APP004372,35700.0,0.601,27100.0,54.3,45.7,0,95.6,30,21.6,1,0
APP004373,238500.0,0.124,70500.0,39.6,60.4,0,77.0,36,30.0,1,0
APP004374,24000.0,0.189,11200.0,66.3,33.7,3,81.5,25,39.3,0,0
APP004375,55200.0,0.204,14100.0,68.5,31.5,0,88.6,41,11.1,2,0
APP004376,84100.0,0.494,16500.0,30.3,69.7,0,79.5,34,26.9,0,0
APP004377,55500.0,0.349,17800.0,59.7,40.3,1,73.0,30,36.7,0,2
APP004378,11400.0,0.124,3700.0,35.7,64.3,0,82.0,30,38.6,1,0
APP004379,42100.0,0.092,21700.0,38.1,61.9,2,85.4,30,38.4,0,0
APP004380,24100.0,0.247,4900.0,53.2,46.8,5,75.8,20,11.3,0,2
APP004381,100000.0,0.33,37100.0,47.9,52.1,0,90.2,23,15.5,4,2
APP004382,88200.0,0.35,21800.0,65.4,34.6,0,76.8,29,33.6,3,0
APP004383,142200.0,0.05,33500.0,33.7,66.3,1,88.0,31,11.7,2,0
APP004384,15000.0,0.233,14600.0,32.0,68.0,0,88.3,30,13.5,3,0
APP004385,60000.0,0.05,25400.0,37.8,62.2,1,79.4,37,39.8,1,1
APP004386,431000.0,1.042,85300.0,56.2,43.8,2,70.1,38,11.9,0,2
APP004387,52200.0,0.413,17100.0,32.9,67.1,0,75.4,30,5.8,2,0
APP004388,122100.0,0.2,47000.0,50.9,49.1,2,76.2,33,32.1,0,0
APP004389,51700.0,0.763,16800.0,68.8,31.2,1,82.4,28,8.1,3,0
APP004390,162700.0,0.138,36700.0,50.8,49.2,0,80.5,30,23.9,0,0
APP004391,30800.0,0.134,24600.0,48.6,51.4,0,88.1,26,15.5,0,0
APP004392,116000.0,0.252,28300.0,41.2,58.8,0,98.1,19,35.8,2,1
APP004393,11900.0,2.0,12500.0,69.0,31.0,2,79.3,24,39.5,0,0
APP004394,79900.0,0.061,32500.0,31.3,68.7,0,73.7,22,5.2,0,0
APP004395,51200.0,0.05,12000.0,68.6,31.4,0,97.5,33,18.8,3,0
APP004396,81700.0,0.235,20900.0,67.1,32.9,4,96.8,32,12.5,3,1
APP004397,144900.0,0.05,77400.0,51.2,48.8,0,99.1,30,25.5,1,0
APP004398,79900.0,0.101,26700.0,47.0,53.0,2,94.5,33,13.7,0,0
APP004399,45800.0,0.05,17900.0,67.9,32.1,0,92.0,39,5.9,4,0
APP004400,167100.0,1.089,36900.0,37.6,62.4,0,98.4,28,9.7,0,2
APP004401,168600.0,0.076,28700.0,66.7,33.3,0,88.7,25,12.7,3,0
APP004402,18700.0,0.078,5700.0,69.6,30.4,0,93.5,36,14.6,1,0
APP004403,70300.0,0.771,73400.0,41.4,58.6,0,78.6,29,7.6,3,0
APP004404,74600.0,0.05,66600.0,62.3,37.7,1,78.8,35,15.6,3,0
APP004405,34800.0,0.369,33300.0,59.6,40.4,0,71.9,28,32.9,0,0
APP004406,94200.0,0.09,20300.0,67.4,32.6,0,74.2,31,33.6,1,0
APP004407,89500.0,0.163,21000.0,50.1,49.9,5,97.4,33,19.3,2,0
APP004408,31400.0,0.207,10800.0,35.8,64.2,0,77.5,25,19.0,2,0
APP004409,160200.0,0.132,46600.0,45.7,54.3,1,87.7,32,8.3,0,0
APP004410,24400.0,0.538,4700.0,62.0,38.0,0,79.2,34,28.4,1,0
APP004411,10700.0,0.418,4900.0,39.0,61.0,0,83.5,30,29.6,2,0
APP004412,46500.0,0.51,20600.0,54.2,45.8,1,83.5,25,5.8,2,1
APP004413,50400.0,0.157,25500.0,52.5,47.5,2,91.9,30,25.0,1,1
APP004414,28300.0,0.768,14500.0,42.0,58.0,0,99.0,29,18.8,0,0
APP004415,41300.0,0.486,19400.0,45.8,54.2,0,77.8,28,33.3,2,0
APP004416,174800.0,0.362,51400.0,38.0,62.0,2,92.5,35,29.2,0,0
APP004417,36700.0,0.05,20800.0,46.8,53.2,0,96.6,36,30.4,3,2
APP004418,97800.0,0.247,17500.0,51.8,48.2,0,75.2,36,33.7,2,0
APP004419,241900.0,0.126,35200.0,42.2,57.8,1,73.3,29,9.8,4,0
APP004420,37800.0,0.56,30000.0,46.2,53.8,1,96.8,31,17.4,1,1
APP004421,37700.0,0.05,9100.0,59.0,41.0,1,71.0,30,29.4,2,2
APP004422,23500.0,0.153,6100.0,50.9,49.1,0,86.9,29,22.1,2,2
APP004423,105000.0,0.131,30700.0,52.6,47.4,0,77.4,24,18.8,2,0
APP004424,79400.0,0.05,22300.0,66.9,33.1,0,86.9,35,31.6,3,0
APP004425,278600.0,0.142,63200.0,55.7,44.3,4,98.7,40,18.6,1,0
APP004426,86700.0,0.088,19700.0,58.9,41.1,0,96.3,33,7.5,0,0
APP004427,141800.0,0.773,49800.0,57.8,42.2,2,99.0,31,38.5,0,1
APP004428,178200.0,0.198,72300.0,33.2,66.8,0,80.0,32,32.6,0,1
APP004429,48400.0,0.051,45500.0,66.6,33.4,1,88.8,29,7.1,0,0
APP004430,16000.0,0.258,3800.0,45.0,55.0,1,80.8,29,38.3,1,2
APP004431,106100.0,0.05,29100.0,53.6,46.4,1,74.6,34,38.5,0,0
APP004432,14200.0,0.078,9100.0,34.8,65.2,0,96.7,33,35.8,4,1
APP004433,62000.0,0.337,36200.0,46.8,53.2,0,82.5,29,22.1,0,1
APP004434,21800.0,0.127,7300.0,35.0,65.0,0,100.0,30,35.9,1,0
APP004435,157700.0,0.05,37500.0,49.9,50.1,1,87.0,26,8.5,0,0
APP004436,8300.0,0.337,4100.0,56.3,43.7,0,94.5,27,9.5,1,0
APP004437,66400.0,0.251,16200.0,51.9,48.1,0,92.2,39,16.3,0,3
APP004438,31100.0,0.29,13700.0,30.4,69.6,0,86.2,33,22.5,3,1
APP004439,32700.0,0.365,20600.0,51.7,48.3,0,77.5,26,17.1,1,0
APP004440,21800.0,0.06,8500.0,42.3,57.7,0,84.9,23,32.5,0,0
APP004441,43100.0,0.488,29100.0,60.3,39.7,0,97.9,32,31.5,3,3
APP004442,70900.0,0.302,17300.0,45.4,54.6,0,93.4,25,33.3,0,0
APP004443,75100.0,0.581,15700.0,44.8,55.2,0,97.6,31,36.1,1,0
APP004444,29600.0,0.78,24900.0,65.8,34.2,2,98.1,30,19.1,1,0
APP004445,70400.0,0.157,18900.0,69.9,30.1,0,87.2,30,30.7,1,0
APP004446,22400.0,0.051,21700.0,45.0,55.0,1,79.5,27,27.4,1,0
APP004447,148900.0,0.155,29600.0,58.1,41.9,0,91.7,24,34.2,3,0
APP004448,12200.0,0.273,6700.0,31.6,68.4,0,97.9,33,33.7,1,0
APP004449,24800.0,0.147,15000.0,40.3,59.7,1,78.1,25,24.8,0,0
APP004450,81000.0,0.206,30700.0,67.3,32.7,0,93.5,32,38.3,0,0
APP004451,91100.0,0.052,19800.0,67.7,32.3,0,82.1,30,13.7,0,0
APP004452,135700.0,0.549,38800.0,51.6,48.4,0,75.3,39,10.6,2,0
APP004453,72200.0,0.124,19500.0,39.1,60.9,0,78.7,32,28.2,0,0
APP004454,44500.0,0.455,7700.0,62.9,37.1,2,82.3,28,15.7,2,2
APP004455,52700.0,0.269,28600.0,47.5,52.5,2,87.0,35,8.3,0,0
APP004456,137200.0,0.684,35700.0,35.1,64.9,0,72.9,24,14.3,1,2
APP004457,25100.0,0.519,14000.0,59.9,40.1,0,85.2,38,11.8,1,0
APP004458,107800.0,0.549,25900.0,36.3,63.7,0,97.3,30,7.9,1,0
APP004459,27600.0,0.064,27100.0,66.9,33.1,1,93.0,28,18.4,0,0
APP004460,119200.0,0.659,19700.0,64.0,36.0,0,94.7,18,22.4,0,1
APP004461,24900.0,0.265,5500.0,58.8,41.2,0,97.8,29,34.3,2,0
APP004462,94800.0,0.282,15800.0,64.3,35.7,0,93.2,27,21.8,2,0
APP004463,51600.0,0.426,7700.0,38.4,61.6,0,91.0,32,16.6,2,0
APP004464,53300.0,0.172,10800.0,49.8,50.2,0,78.4,30,36.5,1,0
APP004465,14800.0,0.682,17000.0,35.3,64.7,0,88.3,19,19.9,3,0
APP004466,49500.0,0.063,35500.0,37.0,63.0,0,94.7,34,6.8,1,0
APP004467,87800.0,0.403,13500.0,49.9,50.1,0,99.4,30,12.9,1,1
APP004468,42000.0,0.221,25900.0,40.9,59.1,3,72.9,32,9.1,3,0
APP004469,30300.0,0.05,8800.0,54.4,45.6,1,95.7,26,25.8,2,3
APP004470,89100.0,0.05,17300.0,37.0,63.0,1,74.0,37,20.2,2,0
APP004471,73900.0,0.05,26500.0,53.3,46.7,0,75.3,33,10.2,1,0
APP004472,35600.0,0.986,13200.0,60.1,39.9,0,75.0,40,33.3,1,0
APP004473,84700.0,0.574,15600.0,32.3,67.7,0,74.1,30,9.4,0,0
APP004474,72300.0,0.05,8800.0,61.4,38.6,4,88.1,26,23.1,2,4
APP004475,24600.0,0.109,4500.0,60.8,39.2,0,73.6,21,8.0,2,0
APP004476,78700.0,0.075,31700.0,68.9,31.1,0,86.4,31,10.9,0,0
APP004477,31700.0,0.46,12000.0,54.7,45.3,5,87.7,34,31.3,1,1
APP004478,24900.0,0.568,23200.0,33.1,66.9,0,92.5,20,32.0,1,3
APP004479,37800.0,0.153,5800.0,45.9,54.1,0,88.3,35,7.5,0,0
APP004480,99200.0,0.05,22200.0,52.4,47.6,0,77.4,29,37.4,1,0
APP004481,88800.0,0.856,19400.0,64.2,35.8,1,75.7,20,36.3,1,2
APP004482,111900.0,0.387,44800.0,69.7,30.3,0,93.1,42,25.3,0,0
APP004483,89300.0,0.05,24000.0,37.3,62.7,0,89.1,22,38.9,1,0
APP004484,78200.0,0.05,18100.0,33.9,66.1,0,93.5,30,31.1,0,0
APP004485,75200.0,0.05,81400.0,52.6,47.4,0,75.5,22,31.5,4,0
APP004486,27800.0,0.05,13100.0,45.2,54.8,2,91.3,25,27.1,1,0
APP004487,147500.0,0.455,32700.0,32.3,67.7,1,91.3,28,15.2,0,0
APP004488,27800.0,0.124,14600.0,33.0,67.0,0,73.3,35,5.5,0,0
APP004489,85600.0,0.113,42600.0,53.7,46.3,0,81.1,28,33.7,6,1
APP004490,84000.0,0.389,17400.0,62.5,37.5,0,70.7,27,19.7,1,0
APP004491,158800.0,0.05,43200.0,40.1,59.9,0,92.0,24,33.1,1,0
APP004492,43100.0,0.338,35400.0,45.5,54.5,2,99.5,28,5.9,2,0
APP004493,77900.0,0.355,29600.0,67.3,32.7,0,89.9,26,19.2,2,2
APP004494,11000.0,0.05,7700.0,49.4,50.6,1,90.9,39,25.5,0,0
APP004495,51200.0,0.772,37500.0,55.7,44.3,0,73.0,41,8.0,0,0
APP004496,23400.0,0.279,16200.0,65.2,34.8,0,75.0,25,15.2,0,0
APP004497,115600.0,0.196,24500.0,54.1,45.9,0,98.0,30,19.6,0,1
APP004498,111300.0,0.062,14600.0,45.1,54.9,0,96.2,17,14.0,0,0
APP004499,131700.0,0.677,49100.0,31.6,68.4,1,96.0,27,6.2,1,0
APP004500,22700.0,0.05,20500.0,35.6,64.4,0,80.3,29,31.5,1,0
APP004501,114600.0,1.127,25200.0,62.1,37.9,1,81.9,24,34.7,0,0
APP004502,100500.0,0.155,28900.0,57.8,42.2,0,71.5,42,16.5,3,0
APP004503,48200.0,0.068,9900.0,67.6,32.4,0,73.2,35,19.2,2,0
APP004504,56700.0,0.05,76900.0,43.7,56.3,1,92.0,27,17.4,3,0
APP004505,106300.0,0.287,30300.0,35.3,64.7,0,96.1,26,36.6,1,2
APP004506,37100.0,0.117,9000.0,38.8,61.2,0,97.6,27,13.5,1,0
APP004507,52100.0,0.367,25800.0,69.1,30.9,0,86.5,32,20.1,3,1
APP004508,50100.0,0.114,19100.0,39.2,60.8,0,75.4,37,5.1,1,0
APP004509,46600.0,0.212,14000.0,36.8,63.2,3,77.8,24,14.9,0,0
APP004510,32000.0,0.618,13500.0,52.9,47.1,2,74.8,27,5.8,0,1
APP004511,159200.0,0.381,82700.0,47.5,52.5,0,96.1,20,12.4,0,0
APP004512,19300.0,0.528,12800.0,48.9,51.1,0,94.9,34,18.0,2,0
APP004513,80400.0,0.111,14400.0,57.0,43.0,0,77.5,22,24.9,0,1
APP004514,78900.0,0.571,37700.0,62.4,37.6,2,85.0,35,18.0,2,0
APP004515,84500.0,0.338,20400.0,30.4,69.6,0,78.3,38,27.0,0,0
APP004516,31100.0,0.06,11700.0,56.1,43.9,0,81.2,27,7.2,1,0
APP004517,49400.0,0.267,7900.0,34.1,65.9,0,95.6,35,6.1,0,0
APP004518,9600.0,0.107,4700.0,67.3,32.7,0,94.9,20,14.9,2,0
APP004519,51500.0,0.061,11600.0,63.4,36.6,0,86.4,23,10.8,2,0
APP004520,98700.0,0.07,32500.0,35.0,65.0,0,70.4,33,19.3,0,0
APP004521,55800.0,0.05,9500.0,62.8,37.2,0,92.1,39,31.6,0,0
APP004522,54200.0,0.4,16100.0,67.7,32.3,0,90.5,28,13.1,1,0
APP004523,51600.0,0.05,9400.0,67.3,32.7,0,80.1,19,19.5,0,0
APP004524,124300.0,0.384,27800.0,49.1,50.9,2,97.2,24,33.2,1,0
APP004525,49500.0,0.742,42600.0,36.7,63.3,0,93.1,40,13.7,1,0
APP004526,80600.0,0.05,34100.0,62.3,37.7,0,90.8,31,28.3,1,0
APP004527,34700.0,0.556,20300.0,61.9,38.1,0,74.8,26,33.9,3,1
APP004528,91100.0,0.609,27100.0,34.4,65.6,1,72.1,25,27.3,0,0
APP004529,65800.0,0.167,17900.0,48.1,51.9,0,86.7,29,17.5,1,0
APP004530,47000.0,0.235,36000.0,54.1,45.9,0,82.9,39,25.9,1,0
APP004531,58900.0,0.35,21900.0,41.1,58.9,0,73.4,25,26.3,0,0
APP004532,110300.0,0.494,29100.0,49.8,50.2,0,86.0,21,14.8,1,1
APP004533,123600.0,0.387,29900.0,34.7,65.3,0,87.7,36,28.6,2,0
APP004534,92500.0,0.368,17400.0,45.4,54.6,0,86.7,24,30.7,1,0
APP004535,65400.0,0.05,31400.0,56.2,43.8,0,95.2,40,21.7,0,0
APP004536,112400.0,0.443,31600.0,47.7,52.3,2,94.1,37,35.3,0,0
APP004537,35100.0,0.069,13100.0,64.9,35.1,0,88.5,35,17.5,0,1
APP004538,30500.0,0.185,7500.0,34.9,65.1,0,80.2,31,31.1,0,3
APP004539,118000.0,0.313,16900.0,46.5,53.5,0,89.7,31,15.4,0,2
APP004540,43800.0,0.153,6800.0,52.9,47.1,0,82.7,22,20.4,1,0
APP004541,37100.0,0.284,30600.0,33.1,66.9,0,92.4,19,15.3,0,0
APP004542,65800.0,0.774,13300.0,58.4,41.6,0,95.1,27,31.6,0,1
APP004543,142100.0,0.05,23200.0,39.6,60.4,0,75.0,33,30.0,1,0
APP004544,18000.0,1.062,13200.0,61.9,38.1,1,85.1,28,9.9,0,0
APP004545,189100.0,0.164,42400.0,37.5,62.5,0,78.8,28,14.8,2,1
APP004546,73300.0,0.397,24400.0,47.2,52.8,0,92.7,25,14.8,1,1
APP004547,29100.0,0.111,6700.0,31.2,68.8,1,75.3,30,31.0,1,1
APP004548,302300.0,0.376,64500.0,60.7,39.3,3,80.2,37,34.7,3,0
APP004549,18100.0,0.866,7100.0,67.7,32.3,0,83.9,41,9.0,1,0
APP004550,105100.0,0.498,36300.0,49.8,50.2,1,86.9,42,26.8,1,0
APP004551,35100.0,0.508,6500.0,61.3,38.7,0,83.7,29,11.5,0,1
APP004552,178800.0,0.126,35000.0,53.0,47.0,0,76.3,38,34.9,0,0
APP004553,19700.0,0.871,16600.0,55.0,45.0,0,90.0,23,10.8,2,0
APP004554,15600.0,0.05,4800.0,60.0,40.0,3,72.5,23,13.5,1,0
APP004555,51700.0,0.498,20100.0,30.0,70.0,0,99.7,33,38.1,1,3
APP004556,70600.0,0.728,16400.0,37.4,62.6,3,72.8,26,11.3,0,0
APP004557,230700.0,0.709,38700.0,35.4,64.6,2,93.8,36,10.8,1,0
APP004558,157700.0,0.05,56100.0,31.6,68.4,0,86.3,28,9.9,1,0
APP004559,72900.0,0.268,18600.0,60.1,39.9,1,75.8,32,8.1,1,3
APP004560,232600.0,0.594,54600.0,63.7,36.3,0,72.5,25,5.8,0,0
APP004561,234300.0,0.523,51000.0,56.8,43.2,1,97.9,29,22.7,0,1
APP004562,137600.0,0.347,25400.0,49.8,50.2,1,74.3,31,30.7,3,0
APP004563,8800.0,0.082,4500.0,41.8,58.2,0,91.2,32,24.6,1,0
APP004564,64300.0,0.246,33200.0,61.6,38.4,0,70.1,27,15.4,2,0
APP004565,27800.0,0.139,6100.0,39.9,60.1,0,93.4,16,30.9,2,0
APP004566,113400.0,0.599,35000.0,61.5,38.5,1,97.4,28,29.6,0,1
APP004567,39200.0,1.737,15500.0,68.9,31.1,2,86.6,31,30.4,1,0
APP004568,93600.0,0.281,22600.0,49.5,50.5,2,78.6,26,8.0,3,0
APP004569,44500.0,0.163,22400.0,55.3,44.7,0,99.0,24,22.1,2,0
APP004570,24900.0,0.122,28200.0,49.6,50.4,0,96.6,29,26.3,1,1
APP004571,103100.0,0.085,53300.0,52.1,47.9,0,84.3,28,37.8,1,0
APP004572,107600.0,1.061,20000.0,36.9,63.1,0,84.4,37,29.1,0,1
APP004573,114400.0,0.11,29600.0,37.3,62.7,2,91.8,26,30.1,1,1
APP004574,97800.0,0.89,18900.0,69.3,30.7,0,99.8,27,10.3,2,0
APP004575,148400.0,0.214,26900.0,65.2,34.8,3,77.0,38,20.2,0,0
APP004576,155600.0,0.452,30100.0,30.8,69.2,0,75.3,30,19.8,0,0
APP004577,80900.0,0.149,45000.0,30.9,69.1,0,87.6,35,8.1,2,0
APP004578,168800.0,0.05,59000.0,62.3,37.7,0,73.4,32,39.2,2,2
APP004579,54000.0,0.506,22700.0,66.2,33.8,0,98.0,35,15.2,0,2
APP004580,64700.0,0.066,46400.0,37.6,62.4,0,74.5,29,6.2,3,0
APP004581,108200.0,0.757,37100.0,50.3,49.7,1,77.6,30,28.0,0,0
APP004582,31900.0,0.402,7300.0,31.6,68.4,0,89.1,34,34.2,1,2
APP004583,65700.0,0.077,13500.0,63.0,37.0,0,92.2,29,22.0,0,0
APP004584,66400.0,0.05,19600.0,33.5,66.5,0,74.8,26,7.0,0,0
APP004585,95800.0,0.05,21300.0,56.2,43.8,2,81.6,33,22.9,1,0
APP004586,61700.0,0.35,10200.0,31.9,68.1,0,94.1,29,25.8,0,1
APP004587,39700.0,0.073,18900.0,32.9,67.1,0,78.0,45,6.0,0,0
APP004588,65800.0,0.4,29600.0,48.2,51.8,1,92.7,35,29.5,2,0
APP004589,162300.0,0.229,37100.0,57.8,42.2,0,91.9,34,38.9,1,0
APP004590,104300.0,0.695,30900.0,49.3,50.7,1,74.0,37,29.3,0,0
APP004591,290700.0,0.326,104200.0,36.3,63.7,0,71.6,25,22.5,1,1
APP004592,44600.0,0.485,11400.0,55.7,44.3,1,77.6,25,31.1,0,0
APP004593,48600.0,0.803,25900.0,52.9,47.1,0,99.3,34,9.6,0,0
APP004594,77000.0,0.065,17800.0,61.2,38.8,0,73.2,36,38.7,2,0
APP004595,37200.0,0.243,26700.0,34.1,65.9,0,87.9,26,23.5,0,0
APP004596,85000.0,0.218,11400.0,51.5,48.5,1,92.6,39,27.6,0,4
APP004597,37700.0,0.238,11500.0,46.3,53.7,0,88.6,37,10.1,1,0
APP004598,29600.0,0.083,19100.0,44.1,55.9,0,71.5,32,16.0,1,3
APP004599,55900.0,0.05,35200.0,45.8,54.2,2,98.3,30,27.9,2,0
APP004600,24400.0,0.107,24500.0,53.5,46.5,0,79.5,36,23.7,0,0
APP004601,23400.0,0.05,12100.0,55.4,44.6,0,80.6,26,13.7,0,1
APP004602,128200.0,0.05,37400.0,62.3,37.7,0,92.3,22,33.0,0,2
APP004603,35600.0,0.958,9500.0,55.1,44.9,0,93.8,23,16.2,0,0
APP004604,124900.0,0.222,35300.0,33.2,66.8,2,80.3,27,36.4,0,0
APP004605,56600.0,0.101,14400.0,34.9,65.1,0,84.8,32,21.7,1,0
APP004606,54900.0,0.184,14700.0,59.8,40.2,0,87.6,24,18.6,1,0
APP004607,55100.0,0.166,22000.0,49.6,50.4,0,76.7,31,16.5,1,0
APP004608,41600.0,0.05,9500.0,45.4,54.6,0,93.7,29,29.9,0,0
APP004609,29400.0,0.05,27900.0,69.3,30.7,0,71.9,34,8.7,1,0
APP004610,18600.0,0.05,7800.0,43.2,56.8,1,81.0,39,17.7,1,0
APP004611,59900.0,0.335,31700.0,54.5,45.5,0,71.9,29,12.5,2,0
APP004612,21100.0,0.216,3300.0,68.8,31.2,0,78.3,43,7.1,1,0
APP004613,129100.0,0.446,30900.0,67.2,32.8,0,76.2,34,23.2,0,0
APP004614,15300.0,0.05,5500.0,62.3,37.7,0,90.3,33,32.8,1,0
APP004615,150800.0,0.05,47000.0,43.1,56.9,0,92.9,12,20.1,1,0
APP004616,101500.0,0.05,34400.0,59.2,40.8,0,75.2,30,37.0,0,0
APP004617,52400.0,0.613,11100.0,55.5,44.5,2,84.6,30,39.0,0,0
APP004618,21000.0,0.172,5000.0,32.0,68.0,1,71.9,34,26.6,0,1
APP004619,22800.0,0.83,12300.0,33.9,66.1,0,74.8,27,21.8,2,0
APP004620,20200.0,0.131,15300.0,66.7,33.3,2,71.5,35,30.6,1,0
APP004621,28600.0,0.428,15000.0,34.9,65.1,1,75.4,19,38.0,0,1
APP004622,8400.0,0.126,3500.0,31.9,68.1,0,86.6,31,7.9,0,0
APP004623,47300.0,0.476,14100.0,31.3,68.7,0,90.1,29,38.0,0,0
APP004624,114700.0,0.205,63500.0,35.5,64.5,0,83.3,29,6.1,2,0
APP004625,59300.0,0.132,43900.0,63.4,36.6,0,92.9,31,29.9,0,0
APP004626,27800.0,0.171,13600.0,48.3,51.7,2,84.5,23,34.2,2,0
APP004627,76000.0,0.284,28300.0,69.0,31.0,0,84.3,37,37.5,1,0
APP004628,124500.0,0.069,46300.0,35.9,64.1,0,70.9,30,22.4,0,1
APP004629,65000.0,0.47,15000.0,31.8,68.2,0,73.5,27,26.7,2,0
APP004630,47400.0,0.05,26900.0,55.8,44.2,0,72.3,26,8.8,0,1
APP004631,99800.0,0.05,15000.0,59.5,40.5,0,74.4,23,18.5,0,0
APP004632,92200.0,0.05,20600.0,32.2,67.8,0,81.4,27,39.2,0,0
APP004633,35400.0,0.74,4500.0,41.9,58.1,0,77.1,23,36.2,1,0
APP004634,71300.0,0.05,16900.0,58.5,41.5,0,71.6,23,37.6,1,0
APP004635,12800.0,0.663,7800.0,63.4,36.6,0,82.4,41,14.2,3,0
APP004636,84500.0,0.217,25400.0,35.4,64.6,0,79.0,36,14.7,1,0
APP004637,112000.0,0.191,21100.0,34.8,65.2,0,73.6,25,32.6,0,0
APP004638,79900.0,0.473,14200.0,64.4,35.6,0,92.6,35,33.2,0,0
APP004639,70100.0,0.204,22100.0,53.2,46.8,0,75.9,23,31.6,1,0
APP004640,108500.0,0.251,20600.0,59.2,40.8,0,97.3,32,17.2,0,1
APP004641,84500.0,0.117,23300.0,61.6,38.4,0,87.9,37,12.8,0,2
APP004642,237900.0,0.265,56500.0,54.3,45.7,0,85.4,31,28.1,2,0
APP004643,54100.0,0.256,37700.0,40.1,59.9,0,90.6,23,12.7,0,0
APP004644,70300.0,0.194,9100.0,55.9,44.1,0,95.0,40,38.6,0,0
APP004645,20800.0,0.05,15600.0,63.5,36.5,0,81.8,28,37.0,1,0
APP004646,36000.0,0.865,17000.0,57.6,42.4,0,91.7,27,27.2,2,0
APP004647,58000.0,0.588,27700.0,70.0,30.0,0,81.3,29,35.0,2,0
APP004648,99400.0,0.353,33100.0,38.2,61.8,1,76.0,28,33.3,0,0
APP004649,96100.0,0.05,28000.0,62.6,37.4,0,88.4,34,31.7,1,0
APP004650,151600.0,0.09,19700.0,59.3,40.7,0,96.8,26,17.1,0,0
APP004651,22900.0,0.05,23500.0,58.6,41.4,0,75.4,30,28.5,0,0
APP004652,64500.0,0.05,28600.0,49.3,50.7,0,76.3,34,18.1,0,0
APP004653,23300.0,0.669,10600.0,44.0,56.0,1,93.7,27,16.5,1,0
APP004654,94500.0,0.196,46900.0,62.1,37.9,0,75.7,34,29.9,0,0
APP004655,84400.0,0.377,23400.0,59.6,40.4,0,88.6,38,5.8,0,0
APP004656,78800.0,1.063,10000.0,64.8,35.2,0,91.5,42,5.5,2,0
APP004657,42600.0,0.373,22200.0,63.5,36.5,0,73.5,28,9.9,0,0
APP004658,38600.0,0.495,26900.0,58.8,41.2,0,79.5,25,26.1,1,0
APP004659,28800.0,0.431,6100.0,32.4,67.6,0,78.5,37,35.4,0,0
APP004660,198900.0,0.516,84000.0,31.8,68.2,0,95.9,33,15.9,2,0
APP004661,76100.0,0.297,16400.0,66.1,33.9,0,82.4,39,29.9,1,0
APP004662,69500.0,0.171,28200.0,48.7,51.3,0,77.4,32,29.2,0,0
APP004663,323500.0,0.174,80100.0,40.8,59.2,0,97.3,31,8.6,2,0
APP004664,100800.0,0.364,28100.0,65.1,34.9,0,88.7,30,31.8,1,0
APP004665,58700.0,0.192,44100.0,45.6,54.4,0,92.3,26,16.0,1,1
APP004666,263300.0,0.249,85400.0,68.0,32.0,0,99.0,26,8.4,1,0
APP004667,44200.0,0.818,22900.0,67.8,32.2,1,87.6,36,11.8,0,0
APP004668,33500.0,0.187,20800.0,63.8,36.2,0,86.0,28,17.4,2,0
APP004669,152000.0,0.052,59700.0,57.6,42.4,0,93.7,43,34.3,0,1
APP004670,161500.0,0.1,26700.0,35.6,64.4,0,97.0,32,27.5,3,0
APP004671,19800.0,0.073,6100.0,34.4,65.6,0,98.5,32,37.3,1,0
APP004672,24700.0,0.05,12600.0,34.7,65.3,0,83.7,23,38.3,1,0
APP004673,36100.0,0.159,12300.0,41.8,58.2,0,71.7,28,38.0,2,0
APP004674,134700.0,0.262,36300.0,61.8,38.2,1,74.4,28,10.2,2,2
APP004675,78000.0,0.257,18800.0,38.1,61.9,0,74.6,29,38.5,0,0
APP004676,31900.0,0.361,29300.0,55.5,44.5,4,95.4,31,31.6,0,3
APP004677,54600.0,0.065,24000.0,62.5,37.5,0,97.5,26,26.1,1,0
APP004678,55500.0,0.071,47400.0,43.6,56.4,0,75.9,39,14.8,0,0
APP004679,86100.0,1.089,21200.0,52.4,47.6,4,85.2,35,30.1,1,0
APP004680,77900.0,0.05,19100.0,63.2,36.8,0,72.9,30,39.4,3,4
APP004681,77200.0,0.312,27800.0,68.4,31.6,0,81.6,26,37.5,3,0
APP004682,36700.0,0.072,27200.0,36.6,63.4,0,73.3,37,21.6,0,0
APP004683,128500.0,0.461,21100.0,36.9,63.1,4,91.0,26,5.9,2,0
APP004684,55500.0,0.148,13900.0,60.9,39.1,0,91.7,27,8.0,0,3
APP004685,164400.0,0.141,41900.0,54.4,45.6,0,93.4,28,28.9,0,0
APP004686,36100.0,0.065,27100.0,45.6,54.4,0,79.9,28,36.5,0,0
APP004687,113000.0,0.213,16100.0,58.3,41.7,0,76.9,33,38.6,0,0
APP004688,135600.0,0.102,32000.0,66.1,33.9,0,78.1,28,9.0,1,0
APP004689,99700.0,0.619,13400.0,42.8,57.2,0,75.4,29,12.1,1,0
APP004690,91300.0,0.08,26200.0,60.8,39.2,0,87.1,26,29.8,2,2
APP004691,74500.0,0.238,21700.0,35.7,64.3,1,75.1,33,11.6,2,0
APP004692,70200.0,0.183,20000.0,50.1,49.9,0,96.5,24,38.6,1,0
APP004693,123500.0,1.316,50900.0,49.0,51.0,0,72.6,27,35.1,1,0
APP004694,114900.0,0.084,78900.0,46.7,53.3,2,96.9,28,38.4,1,0
APP004695,50400.0,0.373,6600.0,38.4,61.6,0,82.4,25,33.7,0,0
APP004696,110000.0,0.247,34900.0,35.1,64.9,0,74.9,37,14.1,0,0
APP004697,90600.0,0.195,24500.0,35.2,64.8,0,81.5,26,37.9,1,2
APP004698,102800.0,0.353,25400.0,42.1,57.9,0,75.7,35,20.8,0,0
APP004699,80900.0,0.211,16900.0,37.6,62.4,0,94.4,28,29.0,0,0
APP004700,67500.0,0.05,17500.0,69.6,30.4,0,77.2,31,22.4,1,2
APP004701,166700.0,0.17,36300.0,67.9,32.1,0,88.2,36,26.1,2,0
APP004702,186800.0,0.083,25400.0,48.1,51.9,0,96.0,27,21.4,2,0
APP004703,87100.0,0.087,16300.0,56.8,43.2,0,71.8,34,33.9,1,2
APP004704,17700.0,0.127,8800.0,55.7,44.3,0,88.2,31,27.9,1,2
APP004705,5100.0,0.649,6000.0,47.2,52.8,0,87.9,35,30.2,0,3
APP004706,48600.0,0.196,34700.0,61.3,38.7,0,71.5,34,23.1,1,0
APP004707,106000.0,0.143,22100.0,30.2,69.8,0,96.4,31,31.2,1,1
APP004708,51000.0,0.405,9400.0,57.2,42.8,0,94.1,26,20.3,0,1
APP004709,36800.0,0.127,17900.0,57.3,42.7,1,83.9,38,32.0,1,1
APP004710,19800.0,0.519,11800.0,45.6,54.4,0,72.2,35,34.8,0,0
APP004711,160300.0,0.185,31700.0,50.1,49.9,1,90.6,26,35.2,1,0
APP004712,65000.0,1.13,24300.0,67.2,32.8,0,70.4,26,38.7,2,0
APP004713,58500.0,0.46,24400.0,56.0,44.0,0,89.4,39,8.4,2,0
APP004714,26000.0,0.539,18500.0,64.3,35.7,1,87.7,35,6.7,0,0
APP004715,162700.0,0.401,25700.0,51.7,48.3,0,72.7,27,13.8,2,0
APP004716,28100.0,0.519,9300.0,49.4,50.6,0,96.5,33,29.4,0,0
APP004717,40700.0,0.257,21900.0,47.2,52.8,0,98.6,35,26.8,1,0
APP004718,18700.0,0.202,24700.0,32.7,67.3,0,79.9,32,5.7,0,0
APP004719,140800.0,0.357,35700.0,56.7,43.3,0,78.9,33,39.9,1,0
APP004720,85700.0,0.243,31000.0,58.9,41.1,5,72.9,19,22.4,2,1
APP004721,27000.0,0.32,8000.0,64.7,35.3,1,71.5,23,30.9,1,3
APP004722,82700.0,0.152,20200.0,65.5,34.5,3,85.7,28,25.8,1,1
APP004723,94300.0,0.082,28800.0,37.3,62.7,0,93.1,28,15.7,0,0
APP004724,143200.0,0.05,28700.0,52.8,47.2,1,72.4,32,33.0,2,0
APP004725,291700.0,0.397,92600.0,55.7,44.3,0,83.6,26,32.0,0,0
APP004726,24200.0,0.619,23200.0,63.0,37.0,0,95.8,35,28.1,3,0
APP004727,109400.0,0.051,30100.0,33.9,66.1,0,82.9,34,27.7,1,0
APP004728,55200.0,0.14,27800.0,61.2,38.8,0,75.8,29,31.6,1,0
APP004729,209000.0,0.958,73500.0,46.7,53.3,0,71.0,28,6.9,0,0
APP004730,57700.0,0.05,20000.0,42.9,57.1,0,74.2,25,6.0,0,1
APP004731,245100.0,0.05,64200.0,41.8,58.2,0,77.0,36,30.4,1,0
APP004732,25000.0,0.176,19600.0,69.2,30.8,0,78.5,31,33.3,0,0
APP004733,135800.0,0.084,65300.0,63.8,36.2,1,82.3,33,38.9,0,1
APP004734,60200.0,1.832,28700.0,32.1,67.9,0,83.2,26,8.8,1,0
APP004735,127700.0,0.601,18700.0,67.7,32.3,0,89.2,33,13.2,1,0
APP004736,101800.0,0.24,48500.0,34.7,65.3,0,97.1,34,35.6,0,0
APP004737,79300.0,0.687,16000.0,60.0,40.0,0,88.7,33,31.4,3,0
APP004738,15300.0,0.43,15000.0,39.9,60.1,0,98.2,32,33.2,0,0
APP004739,104900.0,0.05,30300.0,41.9,58.1,1,73.7,36,18.2,1,0
APP004740,41400.0,0.7,24800.0,42.9,57.1,0,98.4,20,35.3,0,0
APP004741,144200.0,0.079,21000.0,68.9,31.1,0,99.5,33,26.0,1,0
APP004742,105400.0,0.128,27400.0,68.7,31.3,0,98.1,25,33.5,1,0
APP004743,52100.0,0.193,31300.0,35.3,64.7,0,95.9,27,29.4,1,0
APP004744,77900.0,0.691,14000.0,43.1,56.9,1,96.6,32,13.2,2,0
APP004745,187900.0,0.215,92500.0,56.4,43.6,0,77.1,33,31.9,4,1
APP004746,314200.0,0.837,85100.0,44.4,55.6,1,70.7,34,8.1,3,0
APP004747,71000.0,0.979,20400.0,47.8,52.2,1,96.5,27,37.4,3,0
APP004748,88600.0,0.191,23300.0,62.8,37.2,0,96.4,25,26.9,1,0
APP004749,198100.0,0.05,37900.0,50.6,49.4,0,80.1,32,34.0,0,0
APP004750,21600.0,0.05,7200.0,37.4,62.6,0,82.9,33,31.5,2,0
APP004751,73700.0,0.835,40600.0,30.8,69.2,0,74.6,34,32.9,1,0
APP004752,35800.0,0.328,29800.0,64.6,35.4,1,75.7,31,15.4,0,0
APP004753,88700.0,0.052,21200.0,57.6,42.4,0,79.7,32,35.9,0,0
APP004754,58500.0,0.05,25900.0,50.5,49.5,2,80.6,23,8.7,1,0
APP004755,383100.0,0.362,44200.0,31.3,68.7,0,85.6,20,29.3,3,0
APP004756,215000.0,0.138,35600.0,34.9,65.1,0,87.1,38,29.6,0,1
APP004757,111700.0,0.332,20300.0,59.4,40.6,1,71.8,27,35.3,1,0
APP004758,246700.0,0.175,49300.0,59.7,40.3,0,74.0,30,21.8,1,0
APP004759,31600.0,0.05,27300.0,58.3,41.7,2,74.6,28,8.1,4,1
APP004760,133400.0,0.05,25000.0,58.3,41.7,0,94.0,31,15.9,1,0
APP004761,51100.0,0.151,12400.0,52.9,47.1,3,90.6,32,10.8,3,1
APP004762,58600.0,0.206,8700.0,34.6,65.4,1,82.2,40,17.4,1,0
APP004763,38500.0,0.181,10200.0,68.3,31.7,4,85.2,37,30.0,2,0
APP004764,68300.0,0.18,12600.0,43.2,56.8,0,97.9,29,24.5,1,0
APP004765,295600.0,0.315,62700.0,56.7,43.3,0,95.3,28,8.5,1,0
APP004766,25500.0,0.096,6500.0,60.0,40.0,0,82.5,24,5.6,0,0
APP004767,22800.0,0.433,11300.0,54.5,45.5,2,92.3,21,27.6,5,0
APP004768,22500.0,0.146,5200.0,47.5,52.5,0,72.2,35,23.3,2,1
APP004769,40100.0,0.165,18200.0,50.9,49.1,3,91.6,31,22.1,3,1
APP004770,74800.0,0.127,22600.0,64.9,35.1,0,78.6,24,28.3,1,0
APP004771,327000.0,0.322,74100.0,42.2,57.8,0,75.6,21,18.2,1,0
APP004772,153000.0,0.437,58300.0,45.4,54.6,1,96.7,22,28.8,1,1
APP004773,24600.0,0.169,15900.0,57.0,43.0,2,87.2,26,24.1,1,0
APP004774,62400.0,0.103,52900.0,61.2,38.8,1,79.9,35,20.8,4,0
APP004775,91200.0,0.108,30900.0,32.7,67.3,0,78.8,31,21.9,0,1
APP004776,118500.0,0.522,35900.0,44.9,55.1,3,86.3,32,7.5,1,0
APP004777,72500.0,0.05,66300.0,64.3,35.7,0,99.1,39,29.9,0,0
APP004778,62800.0,0.262,22200.0,68.2,31.8,2,71.2,41,31.1,1,0
APP004779,32100.0,0.612,11800.0,57.2,42.8,0,82.9,34,8.6,2,0
APP004780,37000.0,1.3,17600.0,37.0,63.0,0,73.7,27,19.7,0,0
APP004781,325800.0,0.07,79700.0,44.1,55.9,0,86.5,36,33.5,0,4
APP004782,147900.0,0.134,39600.0,33.8,66.2,0,84.7,32,21.4,0,1
APP004783,198000.0,0.278,48200.0,69.8,30.2,0,97.3,30,13.5,1,2
APP004784,117900.0,0.237,37100.0,59.2,40.8,2,78.5,32,17.3,1,1
APP004785,39500.0,0.054,11900.0,36.9,63.1,0,85.9,29,24.8,1,0
APP004786,165200.0,0.236,42400.0,51.3,48.7,4,95.3,34,15.2,2,0
APP004787,27700.0,0.356,16900.0,48.3,51.7,0,77.4,31,8.1,2,0
APP004788,62300.0,0.16,15300.0,41.9,58.1,0,75.6,36,30.7,1,0
APP004789,59300.0,0.392,15100.0,36.1,63.9,0,93.2,31,10.8,1,0
APP004790,41400.0,0.739,33400.0,34.3,65.7,1,87.2,28,10.2,1,0
APP004791,19500.0,0.324,3700.0,44.9,55.1,0,78.9,19,22.6,0,0
APP004792,98000.0,0.05,34800.0,40.7,59.3,0,92.0,28,29.4,0,0
APP004793,131900.0,0.065,19700.0,50.2,49.8,1,96.7,32,18.6,1,1
APP004794,64300.0,0.05,22100.0,50.5,49.5,0,72.8,30,35.7,1,0
APP004795,30900.0,0.125,25100.0,59.8,40.2,0,76.6,24,9.8,0,0
APP004796,109100.0,0.225,32900.0,46.9,53.1,0,70.0,31,17.8,2,0
APP004797,35100.0,0.115,21300.0,33.8,66.2,0,70.8,29,35.6,2,0
APP004798,54100.0,0.115,13600.0,34.8,65.2,0,78.0,29,19.1,1,0
APP004799,54600.0,0.321,34500.0,50.8,49.2,0,81.4,36,8.9,0,0
APP004800,57000.0,0.331,15400.0,34.2,65.8,0,73.9,36,13.4,1,1
APP004801,8100.0,0.132,5200.0,67.5,32.5,0,71.6,29,13.1,0,0
APP004802,42200.0,0.173,32900.0,36.4,63.6,0,95.4,31,12.4,1,0
APP004803,57400.0,1.619,16500.0,41.4,58.6,1,79.9,33,13.6,1,0
APP004804,165700.0,0.05,39600.0,45.8,54.2,0,97.7,26,33.1,2,0
APP004805,58500.0,0.372,30100.0,53.6,46.4,2,77.0,33,8.8,2,0
APP004806,19300.0,0.805,8900.0,68.1,31.9,0,84.9,28,20.5,0,0
APP004807,106200.0,0.05,27700.0,60.5,39.5,0,81.5,27,17.8,0,0
APP004808,90400.0,0.069,24200.0,42.9,57.1,3,98.3,33,13.1,0,0
APP004809,12700.0,0.499,6400.0,56.4,43.6,0,72.4,34,16.5,1,0
APP004810,39800.0,0.282,12900.0,62.5,37.5,0,87.1,25,26.2,0,0
APP004811,149200.0,0.181,25500.0,45.8,54.2,3,82.4,34,9.6,1,1
APP004812,150000.0,0.273,25000.0,33.5,66.5,0,85.4,27,15.9,2,1
APP004813,216400.0,0.05,47800.0,32.4,67.6,3,75.8,29,23.7,1,0
APP004814,31500.0,0.083,14600.0,34.1,65.9,2,84.9,27,38.7,1,0
APP004815,24000.0,0.494,14000.0,53.3,46.7,1,70.5,24,8.2,0,0
APP004816,32300.0,0.073,10200.0,30.7,69.3,1,78.1,30,18.9,1,1
APP004817,75200.0,0.237,28200.0,60.2,39.8,0,87.0,37,25.7,1,0
APP004818,31000.0,0.062,6200.0,39.5,60.5,0,84.6,32,22.3,0,0
APP004819,105100.0,0.233,35600.0,68.7,31.3,2,79.3,26,40.0,1,1
APP004820,35300.0,0.64,24500.0,66.5,33.5,0,88.6,28,22.6,2,1
APP004821,37800.0,0.585,18600.0,44.4,55.6,0,93.2,26,36.2,1,0
APP004822,29300.0,0.089,24300.0,51.7,48.3,0,95.7,38,17.4,0,0
APP004823,24700.0,0.051,11000.0,65.6,34.4,0,99.5,36,30.2,2,0
APP004824,68800.0,0.17,14100.0,35.7,64.3,2,95.1,40,28.8,1,0
APP004825,73700.0,0.05,24000.0,32.3,67.7,0,80.4,28,35.9,1,1
APP004826,346600.0,0.115,87800.0,38.3,61.7,2,70.3,25,17.6,1,0
APP004827,81900.0,0.106,30400.0,47.0,53.0,0,82.3,20,29.6,0,0
APP004828,160400.0,0.419,24700.0,54.1,45.9,0,83.1,27,16.6,0,1
APP004829,84900.0,0.263,24300.0,68.6,31.4,1,88.0,37,27.3,0,2
APP004830,50100.0,0.106,17000.0,59.5,40.5,0,91.2,32,20.2,0,0
APP004831,27700.0,0.089,11500.0,36.7,63.3,1,71.8,35,7.6,1,0
APP004832,36300.0,0.969,34200.0,36.3,63.7,0,83.4,45,21.9,1,0
APP004833,42100.0,0.41,42500.0,50.2,49.8,1,92.1,31,24.1,1,0
APP004834,179700.0,0.052,36000.0,32.6,67.4,0,97.3,41,19.3,1,0
APP004835,55000.0,0.05,15100.0,39.2,60.8,0,75.8,28,39.2,1,1
APP004836,97500.0,0.63,39400.0,43.0,57.0,3,87.6,32,39.7,1,0
APP004837,67000.0,0.308,14900.0,68.0,32.0,0,92.2,22,22.2,2,0
APP004838,152200.0,0.762,36700.0,45.6,54.4,0,90.0,25,12.9,2,0
APP004839,89100.0,0.703,16900.0,30.8,69.2,0,99.6,26,17.6,1,0
APP004840,135300.0,0.05,41800.0,37.7,62.3,1,77.2,26,23.9,0,0
APP004841,30600.0,0.05,14600.0,59.1,40.9,0,86.6,37,8.5,0,0
APP004842,36600.0,0.47,14700.0,67.1,32.9,0,79.8,39,16.1,0,0
APP004843,81700.0,0.352,21200.0,58.8,41.2,0,91.4,25,19.1,0,0
APP004844,24100.0,0.406,14500.0,61.6,38.4,0,97.3,35,13.4,0,0
APP004845,101500.0,0.05,37600.0,46.5,53.5,1,75.3,24,30.8,1,0
APP004846,107400.0,0.089,20500.0,56.8,43.2,0,72.3,27,37.7,0,0
APP004847,19500.0,0.135,5400.0,58.3,41.7,0,79.8,33,18.4,0,0
APP004848,176300.0,0.076,36000.0,39.9,60.1,0,77.0,32,21.7,1,0
APP004849,76500.0,0.532,23300.0,56.8,43.2,3,99.0,35,31.5,1,0
APP004850,16200.0,0.429,6400.0,62.0,38.0,0,88.6,30,23.3,1,0
APP004851,221300.0,0.67,57100.0,41.4,58.6,0,72.9,31,17.8,1,0
APP004852,20600.0,0.114,10900.0,60.8,39.2,0,86.6,29,13.9,1,1
APP004853,70200.0,0.098,21800.0,54.8,45.2,0,89.5,25,8.4,1,0
APP004854,52000.0,0.435,15000.0,63.0,37.0,0,94.7,34,20.5,0,3
APP004855,92700.0,0.065,30200.0,60.5,39.5,0,81.8,26,13.2,1,1
APP004856,183600.0,0.111,26400.0,58.0,42.0,1,97.2,36,13.3,1,1
APP004857,105800.0,0.192,31700.0,50.4,49.6,0,80.2,33,32.3,0,0
APP004858,67000.0,0.683,24500.0,41.1,58.9,0,77.4,24,25.4,1,0
APP004859,88100.0,0.432,13500.0,61.1,38.9,0,71.1,37,15.0,4,0
APP004860,47400.0,0.18,14400.0,65.2,34.8,1,88.9,42,6.9,0,2
APP004861,87800.0,0.072,29300.0,64.5,35.5,3,77.7,24,21.7,2,0
APP004862,81800.0,0.578,23600.0,31.7,68.3,2,71.4,30,26.4,1,0
APP004863,90900.0,0.325,18500.0,49.3,50.7,0,77.8,30,10.1,3,0
APP004864,70800.0,0.05,14700.0,60.2,39.8,0,91.9,28,19.3,0,1
APP004865,83800.0,0.064,38500.0,46.5,53.5,2,89.5,37,11.4,2,0
APP004866,49400.0,0.181,21500.0,30.3,69.7,0,91.0,40,14.3,2,0
APP004867,46600.0,0.129,10200.0,40.0,60.0,0,86.7,31,12.4,2,0
APP004868,71000.0,0.528,12800.0,34.6,65.4,1,76.5,29,8.8,2,0
APP004869,98400.0,0.238,36100.0,45.6,54.4,0,70.4,35,7.7,1,0
APP004870,122600.0,0.863,25900.0,45.5,54.5,0,90.7,34,35.9,1,0
APP004871,73100.0,0.272,11600.0,48.2,51.8,0,94.1,27,13.7,1,0
APP004872,51000.0,0.759,9200.0,57.3,42.7,0,91.6,29,20.7,0,0
APP004873,73300.0,0.144,16000.0,36.8,63.2,0,75.5,23,14.2,2,2
APP004874,57500.0,0.05,20500.0,33.1,66.9,0,98.0,32,31.0,3,0
APP004875,58000.0,0.481,19900.0,59.5,40.5,5,98.5,35,38.4,0,0
APP004876,64400.0,0.15,30600.0,58.7,41.3,0,77.8,33,38.9,0,2
APP004877,19100.0,0.753,23500.0,49.4,50.6,0,98.4,21,18.1,0,0
APP004878,104100.0,0.905,19300.0,50.1,49.9,0,85.2,27,37.9,1,0
APP004879,88300.0,0.358,24500.0,33.2,66.8,0,95.2,34,19.1,0,0
APP004880,42900.0,0.05,18100.0,45.2,54.8,0,80.1,30,9.2,0,0
APP004881,45500.0,0.052,13300.0,40.2,59.8,0,73.8,25,28.3,2,3
APP004882,131300.0,0.096,33500.0,30.4,69.6,0,92.0,32,5.8,1,0
APP004883,52500.0,0.09,18200.0,45.1,54.9,0,97.3,30,7.0,0,0
APP004884,94000.0,0.06,26200.0,39.9,60.1,0,86.0,30,36.8,2,0
APP004885,10900.0,0.478,8600.0,59.2,40.8,0,88.6,22,13.0,1,0
APP004886,43200.0,0.15,16700.0,40.4,59.6,0,72.8,23,17.5,1,1
APP004887,42600.0,0.314,20700.0,65.1,34.9,0,76.8,32,22.3,1,0
APP004888,96500.0,0.212,25000.0,49.8,50.2,0,77.8,31,11.6,1,1
APP004889,185600.0,0.05,43300.0,38.7,61.3,1,95.5,34,12.2,1,0
APP004890,121900.0,0.068,37000.0,50.6,49.4,5,87.9,30,38.8,2,2
APP004891,203300.0,0.575,26500.0,51.1,48.9,0,95.3,25,12.4,2,0
APP004892,57700.0,0.05,20900.0,49.8,50.2,0,93.0,45,19.2,0,0
APP004893,114600.0,0.543,42000.0,67.7,32.3,0,92.5,38,5.0,1,0
APP004894,54000.0,0.43,19500.0,36.1,63.9,1,71.3,32,33.0,2,0
APP004895,135200.0,0.166,28000.0,55.9,44.1,0,98.3,33,18.1,1,2
APP004896,12700.0,0.242,5300.0,35.5,64.5,0,80.2,30,30.1,2,0
APP004897,22200.0,0.855,6300.0,54.9,45.1,0,74.9,28,12.1,3,0
APP004898,78200.0,0.068,20500.0,53.3,46.7,1,72.4,38,15.4,2,0
APP004899,107000.0,0.05,27300.0,45.9,54.1,0,80.3,29,6.5,1,1
APP004900,115300.0,0.458,32200.0,58.1,41.9,0,77.3,29,36.6,2,3
APP004901,177300.0,0.333,28500.0,32.8,67.2,0,93.8,38,33.2,1,0
APP004902,130200.0,0.05,25900.0,35.2,64.8,0,91.0,29,30.6,2,0
APP004903,51800.0,0.451,29000.0,35.1,64.9,0,78.9,37,16.0,1,0
APP004904,37100.0,0.833,23400.0,68.0,32.0,0,87.1,24,38.4,2,0
APP004905,85000.0,0.181,25800.0,34.4,65.6,0,83.0,34,23.8,2,0
APP004906,57600.0,0.528,12000.0,42.2,57.8,0,98.1,21,32.5,1,2
APP004907,67100.0,0.262,16800.0,40.1,59.9,0,83.8,28,32.1,1,3
APP004908,54000.0,0.095,20400.0,52.2,47.8,0,75.2,26,28.5,0,0
APP004909,70500.0,0.05,15200.0,68.3,31.7,2,80.8,20,30.9,2,0
APP004910,39400.0,0.115,28700.0,45.2,54.8,0,99.4,23,9.0,5,0
APP004911,99500.0,0.251,33500.0,56.5,43.5,0,97.4,34,26.7,0,0
APP004912,98700.0,0.05,21300.0,39.7,60.3,0,87.0,30,13.6,0,0
APP004913,124700.0,0.209,22300.0,43.5,56.5,0,71.9,32,38.9,1,0
APP004914,238100.0,0.529,87700.0,34.4,65.6,0,91.5,31,31.3,1,1
APP004915,123900.0,0.099,21000.0,38.7,61.3,0,78.8,25,20.8,0,0
APP004916,42700.0,0.69,16800.0,63.6,36.4,1,79.2,24,6.9,0,0
APP004917,102500.0,0.05,21900.0,42.5,57.5,0,72.1,28,17.9,0,1
APP004918,85800.0,0.617,39200.0,64.6,35.4,0,72.2,26,19.7,0,4
APP004919,136500.0,0.616,26700.0,55.4,44.6,2,86.9,27,10.5,0,2
APP004920,41800.0,0.05,21400.0,49.1,50.9,0,77.5,37,30.0,1,1
APP004921,35700.0,0.05,15500.0,44.7,55.3,0,84.8,42,20.0,1,1
APP004922,69000.0,0.115,29900.0,34.9,65.1,0,73.2,33,35.8,1,0
APP004923,124300.0,0.075,30500.0,33.0,67.0,2,83.3,37,30.3,0,0
APP004924,62400.0,0.275,31300.0,65.6,34.4,0,85.7,32,36.8,1,4
APP004925,81500.0,0.05,14400.0,35.1,64.9,0,74.3,30,38.0,2,0
APP004926,300400.0,1.094,98200.0,54.9,45.1,0,81.4,26,6.2,1,0
APP004927,129200.0,0.863,37900.0,54.3,45.7,2,75.7,28,8.5,0,0
APP004928,52600.0,0.218,49300.0,36.0,64.0,1,74.4,22,21.6,0,1
APP004929,102700.0,0.109,31100.0,38.5,61.5,0,82.5,26,11.8,2,0
APP004930,300000.0,1.15,73600.0,63.0,37.0,0,88.8,31,38.0,1,0
APP004931,24200.0,0.05,14300.0,45.1,54.9,0,73.7,42,27.1,0,0
APP004932,48900.0,1.081,16900.0,65.3,34.7,0,70.8,35,5.5,1,0
APP004933,351400.0,0.05,57900.0,41.1,58.9,1,95.0,27,12.8,2,0
APP004934,32200.0,0.169,24500.0,65.1,34.9,4,99.5,28,13.6,0,0
APP004935,115400.0,0.371,28800.0,36.2,63.8,0,73.1,28,21.6,0,0
APP004936,74000.0,0.05,11600.0,43.8,56.2,0,83.1,34,39.6,1,0
APP004937,78900.0,0.411,42700.0,46.9,53.1,0,70.1,30,17.2,1,0
APP004938,21800.0,0.083,6100.0,43.7,56.3,1,81.7,22,15.8,0,1
APP004939,130500.0,0.364,34000.0,40.1,59.9,0,76.3,28,22.4,1,0
APP004940,53600.0,0.557,10600.0,50.4,49.6,2,71.9,31,27.8,0,0
APP004941,13900.0,0.507,5100.0,36.7,63.3,0,74.4,32,15.5,1,1
APP004942,27100.0,0.072,11900.0,36.9,63.1,0,73.7,27,17.6,0,0
APP004943,37200.0,0.362,19900.0,41.6,58.4,0,98.1,33,35.8,0,0
APP004944,59700.0,0.115,14800.0,43.6,56.4,0,86.3,27,39.0,1,3
APP004945,58200.0,0.318,31500.0,58.8,41.2,0,93.6,43,30.3,1,0
APP004946,84000.0,0.286,25400.0,33.6,66.4,0,87.3,30,7.8,4,0
APP004947,55100.0,0.219,24200.0,54.9,45.1,0,100.0,34,25.8,0,4
APP004948,21500.0,0.376,4800.0,59.1,40.9,0,88.3,32,25.7,2,0
APP004949,44100.0,0.068,25800.0,46.3,53.7,0,98.7,34,11.5,0,0
APP004950,61100.0,0.189,16900.0,30.9,69.1,0,79.8,34,39.0,1,2
APP004951,235000.0,0.117,40000.0,30.9,69.1,1,82.7,32,38.1,1,0
APP004952,91700.0,0.05,66500.0,33.1,66.9,0,93.1,31,15.3,2,0
APP004953,7300.0,0.159,3400.0,47.4,52.6,0,83.5,29,21.1,2,0
APP004954,105800.0,0.203,31900.0,46.5,53.5,0,95.1,29,18.4,2,0
APP004955,251300.0,0.05,64500.0,56.3,43.7,0,99.4,20,18.3,2,0
APP004956,44600.0,0.655,23200.0,43.3,56.7,3,93.8,30,16.2,1,0
APP004957,53200.0,0.265,13400.0,69.4,30.6,0,94.0,42,19.0,0,0
APP004958,106800.0,0.052,22300.0,36.6,63.4,0,95.5,29,21.7,0,3
APP004959,219500.0,0.214,43700.0,37.5,62.5,0,96.4,36,10.0,2,0
APP004960,82400.0,0.406,17300.0,65.6,34.4,1,78.0,27,16.2,1,0
APP004961,181000.0,0.185,41800.0,30.0,70.0,0,95.3,36,22.4,0,0
APP004962,129400.0,0.253,27600.0,48.4,51.6,0,99.1,27,23.1,0,0
APP004963,23100.0,0.125,16600.0,61.6,38.4,0,98.4,36,18.7,0,0
APP004964,42200.0,0.114,11700.0,34.4,65.6,0,71.0,39,18.4,0,0
APP004965,207000.0,0.15,31300.0,52.2,47.8,1,77.8,25,26.5,1,0
APP004966,114200.0,0.409,22200.0,32.8,67.2,1,95.4,33,17.8,0,0
APP004967,91600.0,0.212,27400.0,35.1,64.9,0,71.4,45,16.9,0,0
APP004968,32400.0,0.28,15100.0,44.6,55.4,0,80.8,37,32.8,1,0
APP004969,60900.0,0.21,32600.0,57.5,42.5,0,91.5,26,30.1,0,2
APP004970,145600.0,0.376,33600.0,40.8,59.2,1,72.6,26,33.6,0,1
APP004971,141200.0,0.073,21500.0,46.7,53.3,0,72.6,25,21.6,0,0
APP004972,202400.0,0.079,43800.0,64.9,35.1,0,71.8,35,7.2,3,3
APP004973,71000.0,0.05,23000.0,51.2,48.8,0,72.6,25,26.7,2,0
APP004974,52900.0,0.114,19500.0,32.9,67.1,0,96.1,26,11.3,1,1
APP004975,196600.0,0.188,25400.0,52.0,48.0,4,91.9,42,37.2,0,0
APP004976,84600.0,0.16,20800.0,37.2,62.8,0,97.1,29,39.0,2,1
APP004977,26900.0,0.05,10300.0,32.0,68.0,0,90.1,28,20.3,1,0
APP004978,92300.0,0.287,21100.0,30.4,69.6,2,83.9,44,12.4,0,0
APP004979,86900.0,0.05,17100.0,38.2,61.8,0,89.9,37,28.4,1,0
APP004980,308000.0,0.05,56900.0,32.4,67.6,0,84.2,27,26.7,0,1
APP004981,115300.0,0.094,28000.0,36.2,63.8,0,96.1,28,33.7,0,2
APP004982,91800.0,0.435,15100.0,40.0,60.0,0,78.6,33,30.3,1,0
APP004983,31900.0,0.12,8100.0,33.7,66.3,0,90.3,27,11.9,1,0
APP004984,197400.0,0.051,33300.0,43.7,56.3,0,76.5,32,17.3,0,3
APP004985,236500.0,0.313,39700.0,44.6,55.4,1,75.1,28,13.2,0,0
APP004986,43600.0,0.356,24100.0,53.1,46.9,1,97.4,30,33.2,0,0
APP004987,16700.0,0.214,10900.0,31.5,68.5,0,79.1,24,31.2,3,0
APP004988,123700.0,0.086,28800.0,51.1,48.9,0,74.7,33,6.2,2,0
APP004989,33800.0,0.05,14200.0,41.2,58.8,0,84.9,20,39.5,2,0
APP004990,100100.0,0.737,26200.0,58.7,41.3,1,77.6,27,11.1,0,3
APP004991,16700.0,0.201,13900.0,38.4,61.6,2,78.5,21,24.5,1,0
APP004992,30400.0,0.518,6400.0,55.0,45.0,0,71.1,35,11.6,2,0
APP004993,48200.0,0.179,40100.0,35.2,64.8,0,99.4,32,39.7,1,1
APP004994,13000.0,0.708,13200.0,55.9,44.1,0,97.0,30,13.3,3,0
APP004995,126300.0,0.2,26800.0,60.2,39.8,0,86.4,31,10.0,4,0
APP004996,89800.0,0.56,21800.0,36.9,63.1,0,77.1,33,18.1,0,0
APP004997,115800.0,0.076,39500.0,49.1,50.9,0,83.2,27,9.3,1,0
APP004998,72300.0,0.297,23100.0,68.1,31.9,1,92.2,27,29.8,0,0
APP004999,106100.0,0.05,43500.0,45.6,54.4,0,71.2,27,35.4,2,0
APP005000,176700.0,0.099,55600.0,68.0,32.0,0,93.2,32,39.2,2,4
APP005001,90900.0,0.113,21800.0,55.0,45.0,0,78.3,35,20.2,0,0
APP005002,31300.0,0.15,7600.0,54.9,45.1,0,80.7,44,36.2,0,1
APP005003,62700.0,0.144,30700.0,46.5,53.5,0,97.3,32,9.0,2,0
APP005004,49700.0,0.05,9200.0,48.0,52.0,5,90.7,23,23.7,1,0
APP005005,14900.0,0.05,7000.0,43.0,57.0,0,85.4,32,10.1,1,0
APP005006,44300.0,0.952,23600.0,64.9,35.1,0,76.4,27,17.8,1,0
APP005007,72200.0,0.311,21900.0,60.9,39.1,2,97.9,35,36.1,1,2
APP005008,161600.0,0.555,60400.0,34.8,65.2,0,72.4,31,6.5,0,0
APP005009,135500.0,0.337,28000.0,37.3,62.7,1,92.9,21,16.4,4,0
APP005010,140700.0,0.05,33000.0,63.0,37.0,0,91.7,37,28.7,0,0
APP005011,117700.0,0.05,31500.0,41.1,58.9,0,82.7,30,26.3,1,0
APP005012,80200.0,0.37,15500.0,36.1,63.9,0,91.6,29,9.8,0,0
APP005013,86700.0,0.218,15600.0,56.1,43.9,0,96.0,29,23.5,0,0
APP005014,32300.0,0.052,18300.0,48.5,51.5,0,85.6,25,34.0,1,2
APP005015,46100.0,0.111,15300.0,54.9,45.1,0,84.1,30,22.0,0,1
APP005016,61700.0,0.202,60100.0,42.6,57.4,0,92.4,31,28.8,2,0
APP005017,16200.0,0.405,4300.0,49.5,50.5,0,93.7,37,7.0,2,2
APP005018,86800.0,0.33,40200.0,56.4,43.6,2,72.8,21,8.3,1,0
APP005019,117000.0,0.597,27500.0,62.5,37.5,0,76.1,34,11.3,1,1
APP005020,48800.0,0.234,22700.0,48.8,51.2,0,86.5,25,12.9,2,0
APP005021,92300.0,0.114,18900.0,45.4,54.6,0,90.9,40,33.2,0,0
APP005022,45500.0,0.396,7700.0,60.1,39.9,0,78.9,28,27.2,1,1
APP005023,189800.0,0.458,30000.0,46.6,53.4,0,83.1,35,11.4,1,0
APP005024,138400.0,0.624,28400.0,54.2,45.8,0,96.1,41,38.8,2,0
APP005025,73400.0,0.12,12200.0,63.4,36.6,0,80.6,35,13.1,1,0
APP005026,9600.0,0.05,3400.0,40.7,59.3,0,82.3,38,19.2,1,2
APP005027,49900.0,0.202,23800.0,59.0,41.0,2,78.8,30,26.2,0,0
APP005028,53000.0,0.186,45600.0,63.5,36.5,0,78.5,30,13.9,2,0
APP005029,73200.0,0.288,60800.0,44.7,55.3,0,71.4,29,37.8,2,0
APP005030,53000.0,0.565,32000.0,42.4,57.6,1,74.6,46,34.6,1,1
APP005031,144100.0,0.109,23100.0,39.0,61.0,0,80.1,29,17.8,3,0
APP005032,90100.0,0.492,14500.0,69.9,30.1,1,95.3,35,25.7,1,0
APP005033,98400.0,0.05,19700.0,57.9,42.1,0,80.5,42,19.5,0,0
APP005034,32400.0,0.286,10000.0,43.1,56.9,0,86.8,30,37.5,0,0
APP005035,94700.0,0.542,36000.0,50.6,49.4,0,95.2,28,19.3,0,0
APP005036,123600.0,0.714,20900.0,48.9,51.1,0,85.5,32,22.2,2,2
APP005037,35000.0,0.05,24900.0,33.9,66.1,0,70.2,41,22.0,0,0
APP005038,126000.0,1.336,16300.0,48.5,51.5,0,78.3,34,20.5,3,0
APP005039,223800.0,0.4,46600.0,39.1,60.9,1,72.9,34,37.1,1,0
APP005040,177300.0,0.083,43000.0,61.6,38.4,3,76.8,33,19.7,5,0
APP005041,35300.0,0.46,23500.0,64.3,35.7,0,94.1,33,34.9,1,0
APP005042,67000.0,0.114,22600.0,30.2,69.8,1,81.5,26,30.6,1,0
APP005043,72000.0,0.05,39800.0,62.2,37.8,0,98.2,26,22.3,1,0
APP005044,207500.0,0.087,37100.0,54.4,45.6,0,79.8,21,36.6,2,1
APP005045,83700.0,0.05,36200.0,44.0,56.0,1,89.8,26,27.4,1,1
APP005046,40400.0,0.213,12600.0,62.6,37.4,0,80.5,32,17.3,4,0
APP005047,213300.0,0.154,62900.0,43.8,56.2,0,90.9,34,39.5,2,0
APP005048,50300.0,0.237,18800.0,34.7,65.3,0,86.5,29,34.1,0,0
APP005049,94300.0,0.059,13200.0,50.8,49.2,0,71.8,38,37.6,0,2
APP005050,50600.0,0.3,13000.0,57.7,42.3,3,85.4,35,20.1,4,0
APP005051,41100.0,0.826,24900.0,67.1,32.9,0,96.5,25,18.1,2,0
APP005052,42200.0,0.05,16100.0,35.4,64.6,1,88.5,31,9.1,1,0
APP005053,38600.0,0.328,36000.0,65.2,34.8,2,80.4,33,11.3,1,0
APP005054,100000.0,0.05,38300.0,44.5,55.5,0,72.1,36,34.9,1,0
APP005055,42300.0,0.05,11400.0,31.5,68.5,0,72.0,33,32.5,1,0
APP005056,54800.0,0.925,31600.0,66.6,33.4,0,95.7,32,11.4,1,0
APP005057,166300.0,0.251,34600.0,32.0,68.0,1,94.1,31,35.9,1,1
APP005058,67800.0,0.206,17500.0,45.4,54.6,1,80.2,21,6.5,4,0
APP005059,35400.0,0.051,15800.0,42.3,57.7,0,92.9,28,30.6,0,0
APP005060,25900.0,0.132,21000.0,51.3,48.7,0,72.9,31,38.5,2,0
APP005061,27400.0,0.332,11900.0,56.4,43.6,0,97.5,35,17.8,0,0
APP005062,85100.0,0.077,36500.0,55.1,44.9,1,85.9,30,36.4,0,0
APP005063,34400.0,0.403,4900.0,47.7,52.3,3,75.0,42,31.0,2,0
APP005064,91600.0,0.437,25800.0,41.5,58.5,3,70.9,25,20.9,0,1
APP005065,66900.0,0.08,29100.0,66.7,33.3,0,75.9,26,26.0,0,2
APP005066,26900.0,0.05,5900.0,55.9,44.1,0,90.2,30,37.4,1,0
APP005067,98500.0,0.713,15500.0,50.0,50.0,0,86.6,32,26.0,0,0
APP005068,39200.0,0.559,24700.0,50.0,50.0,0,71.2,39,36.6,1,0
APP005069,91000.0,0.16,24400.0,40.3,59.7,1,84.4,37,36.0,1,1
APP005070,27100.0,0.091,9800.0,67.5,32.5,0,90.7,24,8.0,1,0
APP005071,151100.0,0.343,56600.0,67.8,32.2,1,79.9,18,33.0,0,0
APP005072,32400.0,0.337,19000.0,30.4,69.6,0,73.6,26,10.6,1,0
APP005073,19300.0,0.256,6400.0,32.6,67.4,0,84.7,29,18.0,2,0
APP005074,85500.0,0.457,12800.0,66.3,33.7,0,92.5,27,33.4,1,0
APP005075,76900.0,0.235,12300.0,64.4,35.6,0,92.4,26,34.0,0,0
APP005076,16500.0,0.114,13100.0,40.6,59.4,0,78.2,34,10.7,2,0
APP005077,43100.0,0.156,37300.0,48.2,51.8,0,78.0,38,11.9,2,0
APP005078,70000.0,0.05,53200.0,64.1,35.9,0,79.8,27,38.1,0,0
APP005079,22400.0,0.152,6500.0,68.5,31.5,0,81.4,28,28.5,1,0
APP005080,77100.0,0.666,28900.0,51.4,48.6,3,91.6,24,13.8,2,1
APP005081,209000.0,0.705,29400.0,37.5,62.5,1,75.8,28,19.7,1,0
APP005082,199200.0,0.382,53100.0,37.3,62.7,0,94.1,30,6.0,0,0
APP005083,92800.0,0.482,31200.0,39.5,60.5,0,85.2,31,39.3,4,0
APP005084,55600.0,0.122,11200.0,41.4,58.6,1,99.2,26,29.8,3,0
APP005085,59900.0,0.174,42500.0,63.0,37.0,0,87.2,31,8.1,1,2
APP005086,366100.0,0.05,54300.0,47.2,52.8,0,85.3,27,15.7,2,0
APP005087,71000.0,0.387,24200.0,55.7,44.3,0,96.3,33,5.8,2,0
APP005088,65300.0,0.05,19200.0,65.8,34.2,0,85.3,34,20.0,1,1
APP005089,155900.0,0.05,39300.0,37.1,62.9,0,94.7,30,32.9,3,0
APP005090,66700.0,0.05,16800.0,61.0,39.0,1,95.6,36,20.9,1,0
APP005091,39600.0,0.917,7000.0,42.7,57.3,0,84.1,35,19.2,0,0
APP005092,40000.0,0.235,17800.0,51.5,48.5,0,75.9,35,22.5,1,3
APP005093,94600.0,0.483,34600.0,43.5,56.5,2,79.3,30,10.4,0,0
APP005094,103600.0,0.503,26200.0,32.3,67.7,0,91.5,19,28.8,2,0
APP005095,122000.0,0.142,20500.0,46.0,54.0,0,75.6,22,28.7,2,2
APP005096,130900.0,0.05,89400.0,35.1,64.9,0,71.5,34,11.2,0,0
APP005097,51100.0,0.323,10000.0,38.7,61.3,3,90.9,26,23.9,2,0
APP005098,90400.0,0.196,46500.0,57.9,42.1,0,72.9,34,18.3,0,1
APP005099,116200.0,0.292,28500.0,61.7,38.3,0,90.1,22,17.6,1,0
APP005100,72500.0,0.237,20100.0,33.9,66.1,0,72.2,30,34.2,0,0
APP005101,67000.0,0.217,24400.0,39.5,60.5,0,89.8,28,37.9,0,0
APP005102,38500.0,0.57,36500.0,48.7,51.3,1,94.3,26,10.9,1,3
APP005103,158000.0,0.058,22100.0,61.3,38.7,0,94.8,43,28.3,1,1
APP005104,115400.0,0.201,25100.0,64.8,35.2,0,99.9,28,34.6,1,0
APP005105,42700.0,0.562,21900.0,59.4,40.6,0,85.7,25,29.9,0,0
APP005106,81200.0,0.232,21600.0,69.8,30.2,0,86.8,31,30.1,2,0
APP005107,53100.0,0.486,18300.0,40.8,59.2,0,80.4,35,27.7,1,0
APP005108,28100.0,0.583,3900.0,33.6,66.4,0,80.9,30,12.5,1,1
APP005109,74200.0,0.124,21000.0,63.4,36.6,0,75.0,34,36.4,0,0
APP005110,67100.0,0.05,28300.0,49.9,50.1,0,71.2,34,14.7,1,0
APP005111,47400.0,0.197,6600.0,42.4,57.6,4,74.4,33,29.8,0,0
APP005112,96600.0,0.386,27900.0,57.3,42.7,0,95.6,29,17.6,1,2
APP005113,186400.0,0.05,48100.0,34.7,65.3,0,89.5,20,7.7,0,1
APP005114,69400.0,0.356,20400.0,64.0,36.0,0,77.3,34,18.0,0,0
APP005115,269600.0,0.676,71700.0,45.3,54.7,0,87.5,20,34.8,1,0
APP005116,45200.0,0.531,33700.0,37.3,62.7,0,94.7,34,20.9,1,0
APP005117,23900.0,0.66,17200.0,45.3,54.7,0,97.6,18,13.9,2,0
APP005118,84800.0,0.05,21100.0,36.3,63.7,0,76.1,37,34.2,0,0
APP005119,156000.0,0.785,29800.0,57.0,43.0,0,97.2,29,6.6,2,0
APP005120,116700.0,0.484,16600.0,45.3,54.7,0,94.5,36,15.4,0,0
APP005121,171200.0,0.118,41100.0,42.9,57.1,0,81.6,29,9.1,0,0
APP005122,60500.0,0.105,13100.0,57.0,43.0,0,90.4,31,19.3,4,1
APP005123,120800.0,0.05,28300.0,51.4,48.6,0,97.7,27,15.0,0,0
APP005124,173500.0,0.289,30300.0,46.6,53.4,0,75.4,34,36.9,1,0
APP005125,161500.0,0.1,23300.0,40.0,60.0,3,85.8,38,10.6,0,1
APP005126,48600.0,0.065,16700.0,37.7,62.3,0,95.9,33,36.1,0,0
APP005127,130400.0,0.134,15200.0,57.1,42.9,0,92.5,32,5.4,1,1
APP005128,156000.0,0.1,45400.0,57.5,42.5,0,97.6,35,38.2,2,0
APP005129,62400.0,0.532,30600.0,43.3,56.7,0,80.6,38,7.9,0,0
APP005130,5300.0,0.078,5000.0,69.8,30.2,0,86.1,30,21.2,1,0
APP005131,38900.0,0.141,15800.0,56.5,43.5,0,75.3,25,35.8,0,0
APP005132,141700.0,0.05,30400.0,48.4,51.6,3,74.4,22,27.0,3,4
APP005133,12100.0,0.365,5800.0,61.6,38.4,0,85.5,27,7.4,1,0
APP005134,82700.0,0.08,10200.0,62.9,37.1,0,91.6,34,25.0,1,1
APP005135,251800.0,0.186,37500.0,39.8,60.2,0,87.1,28,21.0,0,0
APP005136,34500.0,0.256,5700.0,52.3,47.7,0,79.3,32,23.4,0,1
APP005137,102700.0,0.344,23300.0,56.0,44.0,1,74.4,28,5.9,1,0
APP005138,31100.0,0.396,15000.0,51.6,48.4,0,91.2,32,34.3,1,0
APP005139,117600.0,0.163,18600.0,33.5,66.5,0,93.7,30,9.4,2,0
APP005140,92200.0,0.106,21500.0,45.1,54.9,3,80.3,29,36.1,4,0
APP005141,35400.0,0.096,18200.0,52.9,47.1,5,82.3,34,23.7,0,0
APP005142,28200.0,0.05,12300.0,48.1,51.9,0,88.1,23,36.7,0,0
APP005143,69500.0,0.313,30200.0,36.2,63.8,0,88.3,24,16.5,4,1
APP005144,138000.0,0.087,26900.0,33.8,66.2,0,79.5,27,13.6,2,0
APP005145,33700.0,0.652,10400.0,65.9,34.1,0,94.8,21,27.2,0,0
APP005146,104300.0,1.381,18800.0,43.4,56.6,0,94.5,40,15.9,0,0
APP005147,42000.0,0.05,12700.0,33.0,67.0,3,79.7,31,36.6,1,4
APP005148,87500.0,0.209,9800.0,31.8,68.2,0,76.9,30,31.9,0,0
APP005149,72900.0,0.299,16700.0,46.5,53.5,0,91.3,32,31.3,0,2
APP005150,16000.0,0.052,5800.0,44.7,55.3,0,97.9,36,13.6,1,3
APP005151,66100.0,0.123,24500.0,64.0,36.0,0,72.3,33,27.5,2,0
APP005152,56800.0,0.05,19700.0,30.5,69.5,0,99.4,23,13.3,2,0
APP005153,78000.0,0.129,24200.0,54.4,45.6,0,83.3,25,33.0,2,0
APP005154,30900.0,0.852,20400.0,53.3,46.7,1,80.0,37,29.9,0,0
APP005155,147600.0,0.477,57700.0,52.8,47.2,0,75.3,34,28.6,1,0
APP005156,35700.0,0.442,17500.0,60.2,39.8,0,75.7,27,31.5,3,0
APP005157,34100.0,0.202,15300.0,41.9,58.1,0,80.1,25,19.8,1,0
APP005158,25600.0,0.198,13200.0,51.4,48.6,0,75.1,26,9.6,0,0
APP005159,34900.0,0.534,13800.0,61.6,38.4,0,76.2,32,33.0,0,0
APP005160,29200.0,0.084,4100.0,53.8,46.2,0,96.6,38,18.8,2,0
APP005161,51900.0,0.05,44800.0,53.6,46.4,0,73.9,22,38.5,3,0
APP005162,177100.0,0.06,43900.0,52.0,48.0,0,72.0,25,15.5,0,0
APP005163,10800.0,0.269,4300.0,30.3,69.7,0,83.8,32,25.1,0,1
APP005164,200900.0,0.126,38000.0,64.3,35.7,0,71.5,32,31.8,1,1
APP005165,124600.0,0.899,20500.0,67.7,32.3,1,88.5,32,34.2,1,0
APP005166,37500.0,0.146,5700.0,49.3,50.7,0,85.9,30,29.5,1,0
APP005167,126400.0,0.287,82300.0,48.4,51.6,0,80.2,38,24.7,1,0
APP005168,85400.0,0.259,23400.0,48.8,51.2,0,98.9,26,37.3,0,3
APP005169,65200.0,0.461,21000.0,47.9,52.1,1,90.8,29,13.4,1,0
APP005170,31700.0,0.16,17200.0,62.9,37.1,0,81.8,32,39.2,0,0
APP005171,132200.0,0.123,35600.0,65.4,34.6,0,82.0,23,23.6,0,0
APP005172,68200.0,0.51,23800.0,39.1,60.9,0,88.1,29,8.7,2,0
APP005173,42000.0,0.113,14300.0,69.7,30.3,0,77.6,35,33.6,1,0
APP005174,26300.0,0.05,6700.0,57.1,42.9,0,71.2,21,16.3,0,0
APP005175,38300.0,0.594,35800.0,34.2,65.8,2,96.4,27,38.6,0,0
APP005176,99800.0,0.21,21000.0,55.8,44.2,0,76.6,28,23.3,1,3
APP005177,128900.0,0.144,30900.0,45.8,54.2,0,73.5,37,17.9,1,0
APP005178,119200.0,0.273,36100.0,54.7,45.3,1,80.3,33,34.8,1,2
APP005179,105900.0,0.141,29700.0,47.0,53.0,0,86.4,31,12.5,0,2
APP005180,160300.0,0.05,21900.0,53.2,46.8,3,98.6,22,39.2,1,0
APP005181,79200.0,0.169,24700.0,42.3,57.7,1,97.5,33,28.3,1,3
APP005182,71400.0,0.364,21100.0,62.1,37.9,2,71.7,27,31.2,1,1
APP005183,88900.0,0.095,18300.0,39.6,60.4,1,89.8,36,20.6,0,2
APP005184,40000.0,0.08,37000.0,68.9,31.1,0,75.0,40,8.8,1,0
APP005185,28500.0,0.078,22100.0,55.7,44.3,0,87.3,31,36.6,1,0
APP005186,81900.0,0.454,29500.0,67.6,32.4,0,75.5,24,22.1,1,1
APP005187,12300.0,0.151,4800.0,45.3,54.7,2,79.6,24,20.3,0,0
APP005188,120400.0,0.421,20200.0,44.6,55.4,0,97.6,38,19.0,1,0
APP005189,90900.0,0.593,33400.0,47.8,52.2,1,76.2,28,22.2,1,0
APP005190,170900.0,0.18,47700.0,59.9,40.1,0,94.9,27,28.3,0,0
APP005191,69600.0,0.05,21200.0,44.5,55.5,0,79.7,32,33.9,1,0
APP005192,7300.0,0.085,3700.0,33.8,66.2,2,93.1,29,14.1,0,0
APP005193,305700.0,0.205,74500.0,49.9,50.1,1,80.8,27,9.8,0,1
APP005194,81900.0,0.322,11700.0,57.0,43.0,1,84.4,29,15.4,0,0
APP005195,55800.0,0.664,25200.0,34.7,65.3,0,89.6,27,38.4,0,0
APP005196,67900.0,0.071,16000.0,57.8,42.2,0,85.1,29,33.2,5,0
APP005197,105900.0,0.428,19500.0,64.6,35.4,1,85.3,25,35.5,2,0
APP005198,36600.0,0.196,22100.0,51.7,48.3,0,77.9,34,30.7,1,1
APP005199,87600.0,0.151,31900.0,30.8,69.2,0,82.8,33,12.9,0,0
APP005200,59400.0,0.197,15100.0,66.4,33.6,0,78.9,36,18.3,0,0
APP005201,21300.0,0.05,8200.0,66.7,33.3,0,90.4,31,27.1,1,0
APP005202,48900.0,0.262,10100.0,65.4,34.6,0,92.1,30,37.9,0,2
APP005203,11600.0,0.349,8500.0,67.9,32.1,1,87.2,37,38.8,1,0
APP005204,23200.0,0.202,22400.0,60.5,39.5,0,91.8,25,11.9,1,1
APP005205,141400.0,0.469,20500.0,44.7,55.3,0,77.8,22,21.9,1,0
APP005206,26700.0,0.556,23700.0,56.4,43.6,0,94.8,34,28.6,0,0
APP005207,279700.0,0.823,43900.0,68.4,31.6,0,99.6,35,28.6,0,0
APP005208,114500.0,0.207,19000.0,38.4,61.6,0,86.0,29,37.3,2,0
APP005209,62900.0,0.266,17000.0,39.6,60.4,0,72.7,27,31.8,1,0
APP005210,26600.0,0.327,25200.0,40.4,59.6,0,93.4,22,32.4,1,1
APP005211,40600.0,0.27,5500.0,65.8,34.2,2,81.0,25,25.3,1,0
APP005212,66700.0,0.244,29100.0,63.7,36.3,0,91.7,27,19.5,1,0
APP005213,18600.0,0.05,14200.0,48.3,51.7,0,70.7,30,37.4,0,0
APP005214,166900.0,0.054,31900.0,34.5,65.5,0,97.8,23,24.0,1,0
APP005215,79000.0,0.637,16900.0,36.0,64.0,1,81.1,31,19.9,1,0
APP005216,514100.0,0.05,68400.0,38.9,61.1,0,76.3,36,5.1,0,0
APP005217,38400.0,0.178,29300.0,69.7,30.3,0,78.3,28,30.1,1,0
APP005218,57200.0,0.305,18700.0,68.6,31.4,0,70.2,33,21.1,1,0
APP005219,96500.0,0.05,26900.0,45.9,54.1,2,84.9,39,22.7,2,0
APP005220,8500.0,0.079,4600.0,47.9,52.1,0,75.1,28,18.4,1,1
APP005221,44900.0,1.031,43600.0,37.3,62.7,3,100.0,36,26.9,0,0
APP005222,357800.0,0.177,84300.0,41.9,58.1,3,90.0,38,26.3,0,1
APP005223,124100.0,0.235,44900.0,36.3,63.7,0,79.5,34,10.3,1,0
APP005224,49300.0,0.555,12900.0,67.9,32.1,0,92.0,30,24.6,4,0
APP005225,29000.0,0.852,3500.0,69.7,30.3,0,95.5,30,39.9,0,0
APP005226,66000.0,0.189,36700.0,39.3,60.7,0,83.8,31,15.3,0,0
APP005227,39200.0,0.05,32300.0,69.0,31.0,0,74.1,35,10.5,2,0
APP005228,50700.0,0.05,30400.0,68.6,31.4,2,99.3,30,32.2,0,0
APP005229,205900.0,0.234,41300.0,44.8,55.2,0,94.0,30,27.5,0,0
APP005230,57300.0,0.067,66000.0,34.8,65.2,2,84.9,25,27.0,1,0
APP005231,108400.0,0.352,28100.0,33.2,66.8,0,93.6,36,12.1,0,0
APP005232,53600.0,0.058,28800.0,33.6,66.4,0,71.6,25,22.1,1,0
APP005233,209400.0,0.324,36600.0,62.3,37.7,0,88.8,20,37.1,0,0
APP005234,73500.0,0.059,16400.0,52.5,47.5,1,76.1,43,37.4,0,0
APP005235,110400.0,0.797,33400.0,57.2,42.8,2,89.8,19,39.5,1,1
APP005236,129700.0,0.204,32300.0,44.7,55.3,0,97.3,31,38.8,0,1
APP005237,85600.0,0.082,31100.0,48.2,51.8,0,77.4,31,37.3,1,0
APP005238,751800.0,0.573,136300.0,63.3,36.7,1,80.3,21,18.8,2,1
APP005239,67500.0,0.339,19200.0,50.4,49.6,0,86.0,32,38.6,3,0
APP005240,14000.0,0.521,4100.0,68.9,31.1,0,74.1,21,36.1,0,0
APP005241,14200.0,0.072,16400.0,53.4,46.6,0,74.3,34,36.7,2,0
APP005242,98300.0,0.344,33000.0,42.5,57.5,0,79.2,34,5.6,3,1
APP005243,152600.0,1.581,61600.0,31.3,68.7,1,84.8,39,28.9,0,0
APP005244,62400.0,0.081,18100.0,46.2,53.8,1,90.7,30,21.1,0,0
APP005245,199800.0,0.057,55700.0,30.0,70.0,0,89.5,37,26.5,0,0
APP005246,161400.0,0.136,41000.0,55.1,44.9,1,70.8,22,6.4,2,1
APP005247,183600.0,0.616,59200.0,60.4,39.6,1,70.6,32,9.1,1,0
APP005248,84500.0,0.159,27700.0,68.7,31.3,0,71.7,23,34.6,1,3
APP005249,107900.0,0.085,43400.0,45.9,54.1,0,95.7,32,13.3,0,0
APP005250,186800.0,0.208,30700.0,69.2,30.8,3,71.2,27,39.9,0,0
APP005251,99600.0,0.389,15300.0,30.2,69.8,0,91.5,33,36.4,0,0
APP005252,130800.0,0.259,34100.0,50.6,49.4,0,87.2,34,37.6,2,0
APP005253,112000.0,0.584,15900.0,38.5,61.5,0,85.4,32,27.1,1,3
APP005254,27100.0,0.168,11900.0,63.7,36.3,0,82.1,41,28.4,1,1
APP005255,38400.0,0.359,14900.0,43.1,56.9,0,72.5,19,7.8,1,0
APP005256,61900.0,0.204,12000.0,40.2,59.8,0,79.0,37,31.6,2,1
APP005257,63900.0,0.777,17700.0,40.2,59.8,0,97.7,30,38.8,1,0
APP005258,198000.0,1.889,72000.0,54.4,45.6,0,86.8,36,39.9,2,2
APP005259,233100.0,0.238,31100.0,54.4,45.6,0,93.9,27,38.0,0,0
APP005260,448800.0,0.324,93600.0,53.3,46.7,0,74.9,22,26.4,0,4
APP005261,49300.0,0.098,23700.0,66.9,33.1,3,84.3,25,11.1,1,0
APP005262,216100.0,0.368,74500.0,37.7,62.3,0,92.1,33,5.2,1,0
APP005263,73300.0,0.59,21900.0,49.3,50.7,0,87.3,28,8.7,0,0
APP005264,79800.0,0.106,21600.0,32.3,67.7,0,76.1,23,24.2,3,0
APP005265,98000.0,0.556,29000.0,51.1,48.9,1,99.2,30,29.9,1,1
APP005266,53600.0,0.487,54000.0,41.9,58.1,0,87.4,24,31.5,1,0
APP005267,59200.0,0.162,18100.0,42.4,57.6,0,90.6,25,20.5,1,0
APP005268,32200.0,0.734,17500.0,61.8,38.2,1,81.0,23,22.2,1,1
APP005269,21500.0,0.097,4700.0,34.0,66.0,0,97.4,40,19.4,1,0
APP005270,12500.0,0.092,5800.0,36.7,63.3,3,82.4,34,28.5,1,1
APP005271,94800.0,0.093,27600.0,53.9,46.1,0,71.5,34,25.3,1,0
APP005272,172000.0,0.058,41400.0,61.5,38.5,2,86.8,26,13.9,0,0
APP005273,84900.0,0.05,27200.0,55.4,44.6,1,91.5,25,38.7,0,0
APP005274,63000.0,0.05,19600.0,62.7,37.3,0,87.1,24,14.8,2,0
APP005275,23200.0,0.174,7000.0,55.0,45.0,0,77.0,24,36.2,0,2
APP005276,141400.0,0.132,43400.0,45.9,54.1,3,86.9,27,17.9,1,0
APP005277,43400.0,0.188,21000.0,50.0,50.0,0,70.3,25,15.9,2,0
APP005278,97600.0,0.287,29000.0,41.3,58.7,2,90.9,30,5.1,1,0
APP005279,63600.0,0.129,14300.0,66.2,33.8,0,91.7,29,13.3,0,0
APP005280,40100.0,0.07,11200.0,45.0,55.0,4,89.3,37,39.0,1,1
APP005281,70100.0,0.142,26700.0,54.6,45.4,3,96.1,32,25.2,4,0
APP005282,73400.0,0.256,32400.0,44.6,55.4,1,95.2,26,25.0,2,0
APP005283,15500.0,0.36,9500.0,66.8,33.2,0,70.9,29,12.3,4,0
APP005284,50800.0,0.355,26100.0,66.6,33.4,0,70.5,18,27.6,0,0
APP005285,69100.0,0.454,21100.0,54.5,45.5,0,95.8,27,34.0,3,0
APP005286,91000.0,0.287,16400.0,35.0,65.0,0,90.6,20,15.6,1,0
APP005287,51000.0,0.05,11200.0,55.8,44.2,0,81.1,28,14.4,1,0
APP005288,106600.0,0.052,20200.0,31.8,68.2,0,71.8,25,26.4,2,0
APP005289,106500.0,0.46,15600.0,64.6,35.4,0,77.3,27,30.8,0,0
APP005290,14400.0,0.076,12300.0,34.8,65.2,0,94.2,30,35.6,2,0
APP005291,46000.0,0.179,22800.0,31.7,68.3,4,90.9,28,16.3,3,2
APP005292,117700.0,0.416,25400.0,64.0,36.0,0,92.3,27,27.5,2,1
APP005293,72100.0,0.218,18600.0,44.7,55.3,2,85.1,28,24.9,0,2
APP005294,32900.0,0.191,17300.0,39.5,60.5,0,98.4,23,21.8,1,0
APP005295,86100.0,0.074,24800.0,65.1,34.9,0,77.6,24,12.9,0,0
APP005296,45100.0,0.116,35100.0,33.4,66.6,0,79.9,32,14.9,2,0
APP005297,160400.0,0.05,43700.0,47.1,52.9,0,72.5,36,38.6,2,0
APP005298,25900.0,0.163,5500.0,50.8,49.2,0,85.1,26,16.9,3,0
APP005299,227400.0,0.438,50800.0,63.3,36.7,2,89.7,26,7.7,0,0
APP005300,211900.0,0.245,31300.0,66.5,33.5,2,71.6,31,16.7,0,0
APP005301,37500.0,0.281,17500.0,31.3,68.7,0,98.4,27,24.2,0,1
APP005302,14300.0,0.725,16000.0,38.6,61.4,0,95.4,25,16.2,1,2
APP005303,50900.0,0.329,43700.0,64.3,35.7,2,84.3,31,32.7,0,1
APP005304,115000.0,0.05,20900.0,37.7,62.3,1,73.4,27,10.4,0,0
APP005305,49400.0,0.086,19200.0,67.1,32.9,0,71.7,32,18.5,0,0
APP005306,76300.0,0.141,37100.0,44.2,55.8,0,80.6,29,18.5,1,0
APP005307,155300.0,0.05,35100.0,35.7,64.3,1,91.0,33,34.8,1,0
APP005308,92000.0,0.079,27600.0,69.5,30.5,4,96.6,35,5.9,1,1
APP005309,121700.0,0.05,33500.0,39.2,60.8,1,87.2,27,22.7,1,0
APP005310,18500.0,0.226,8600.0,62.4,37.6,1,87.0,36,39.6,1,0
APP005311,25200.0,0.05,27500.0,33.5,66.5,0,79.3,24,37.7,0,2
APP005312,89300.0,0.311,18500.0,56.4,43.6,1,84.3,29,39.3,3,0
APP005313,96800.0,0.32,22600.0,52.5,47.5,1,71.0,34,17.1,1,2
APP005314,165400.0,0.73,35800.0,38.5,61.5,1,96.0,26,27.7,1,0
APP005315,162100.0,0.143,52500.0,59.8,40.2,0,78.5,25,37.6,1,0
APP005316,140900.0,0.086,46600.0,33.7,66.3,3,99.6,33,29.0,1,0
APP005317,144700.0,0.05,36400.0,40.8,59.2,0,90.6,24,15.2,0,0
APP005318,67900.0,0.094,14200.0,64.8,35.2,0,89.3,34,39.9,1,1
APP005319,127400.0,0.505,42600.0,60.8,39.2,0,95.9,26,19.0,3,0
APP005320,17300.0,0.611,5000.0,60.7,39.3,0,90.9,24,25.6,1,0
APP005321,38500.0,0.099,12400.0,66.9,33.1,0,94.6,28,5.2,1,0
APP005322,19300.0,0.051,5300.0,60.6,39.4,0,75.0,32,34.8,0,2
APP005323,97100.0,0.075,21600.0,32.1,67.9,0,76.9,19,26.7,2,0
APP005324,87600.0,0.385,18700.0,67.8,32.2,2,77.7,34,35.3,0,0
APP005325,147400.0,0.096,48700.0,48.2,51.8,0,75.0,17,32.8,1,1
APP005326,184100.0,0.104,28400.0,62.2,37.8,0,74.2,29,9.9,1,1
APP005327,236500.0,0.471,56800.0,37.1,62.9,0,77.0,41,17.0,1,0
APP005328,31800.0,0.05,9600.0,32.2,67.8,0,83.5,36,31.9,0,1
APP005329,100200.0,0.166,19900.0,50.6,49.4,1,82.1,27,23.6,0,0
APP005330,6300.0,0.057,5600.0,39.2,60.8,2,71.0,28,28.3,0,0
APP005331,72600.0,0.262,36100.0,41.7,58.3,0,80.6,27,26.2,0,0
APP005332,85400.0,0.063,24700.0,37.0,63.0,2,81.4,29,15.4,0,1
APP005333,30200.0,0.123,13600.0,44.7,55.3,0,92.1,29,5.9,3,0
APP005334,72500.0,0.104,27900.0,32.4,67.6,0,70.8,32,19.4,0,0
APP005335,89800.0,0.101,32500.0,54.4,45.6,0,87.6,41,15.4,0,0
APP005336,100500.0,0.23,37500.0,60.8,39.2,0,90.7,27,32.5,4,0
APP005337,269000.0,0.197,88700.0,47.5,52.5,0,83.6,30,12.2,0,0
APP005338,82500.0,0.05,13600.0,65.8,34.2,0,93.4,26,37.5,2,1
APP005339,31300.0,0.282,12300.0,43.6,56.4,2,93.7,30,32.0,4,0
APP005340,67800.0,0.05,30900.0,47.0,53.0,0,72.8,27,24.3,1,1
APP005341,29900.0,0.508,25400.0,32.6,67.4,2,77.7,29,16.3,1,0
APP005342,98000.0,0.371,20800.0,31.3,68.7,3,98.5,31,39.6,1,0
APP005343,110100.0,0.409,16200.0,65.9,34.1,4,93.2,33,22.0,1,0
APP005344,48000.0,0.314,43400.0,41.1,58.9,4,70.5,27,17.2,0,2
APP005345,147000.0,0.755,36700.0,52.6,47.4,0,90.8,29,10.5,0,3
APP005346,152200.0,0.3,33000.0,35.6,64.4,0,87.3,32,14.5,1,0
APP005347,112700.0,0.601,25100.0,55.3,44.7,2,95.8,34,18.8,1,0
APP005348,24600.0,0.146,7000.0,31.6,68.4,0,87.7,36,37.6,2,1
APP005349,48700.0,0.068,23300.0,43.5,56.5,2,71.8,34,29.3,1,1
APP005350,33800.0,0.05,15000.0,50.7,49.3,0,93.3,32,5.2,0,4
APP005351,37000.0,0.05,7700.0,61.5,38.5,0,84.7,37,22.5,2,0
APP005352,29600.0,0.067,8100.0,62.2,37.8,1,84.3,29,24.0,1,0
APP005353,114300.0,0.077,17200.0,35.9,64.1,0,81.8,35,23.7,0,0
APP005354,99200.0,0.226,35500.0,64.7,35.3,0,78.3,28,34.2,4,2
APP005355,36500.0,0.349,7700.0,38.3,61.7,0,95.5,25,14.0,1,0
APP005356,31800.0,0.088,9600.0,58.1,41.9,0,80.3,25,23.4,0,0
APP005357,115200.0,0.577,33700.0,56.3,43.7,0,94.8,28,9.2,3,0
APP005358,160700.0,0.05,62300.0,53.0,47.0,0,93.6,30,15.0,1,4
APP005359,111700.0,0.157,17600.0,58.6,41.4,0,73.1,30,8.5,1,0
APP005360,63700.0,0.098,38500.0,57.5,42.5,0,84.1,33,30.9,2,0
APP005361,60400.0,0.051,37800.0,57.5,42.5,2,86.0,29,26.7,2,0
APP005362,63300.0,0.331,24900.0,43.4,56.6,0,87.8,33,11.4,1,0
APP005363,173300.0,0.471,34000.0,38.3,61.7,0,71.1,34,5.4,3,2
APP005364,225700.0,0.635,47600.0,41.0,59.0,2,72.1,35,5.2,1,0
APP005365,29400.0,0.145,10200.0,57.7,42.3,0,96.6,22,18.2,2,0
APP005366,83000.0,0.402,45200.0,57.1,42.9,0,96.9,29,21.8,0,0
APP005367,170700.0,0.488,25400.0,63.3,36.7,0,92.1,29,9.1,3,0
APP005368,55600.0,1.245,20400.0,69.6,30.4,0,73.6,29,32.5,0,0
APP005369,261200.0,0.224,48800.0,46.2,53.8,1,71.0,30,29.8,1,1
APP005370,27100.0,0.05,33300.0,42.3,57.7,0,97.7,22,15.0,1,0
APP005371,55300.0,0.056,24900.0,53.1,46.9,2,73.2,31,28.0,3,0
APP005372,84800.0,0.066,21600.0,42.2,57.8,0,80.1,29,31.3,1,1
APP005373,83300.0,0.094,39100.0,30.6,69.4,0,89.3,30,21.1,0,0
APP005374,52600.0,0.05,15500.0,65.5,34.5,0,77.6,33,22.5,2,0
APP005375,104900.0,0.091,42100.0,30.9,69.1,0,81.7,38,12.4,1,3
APP005376,286000.0,0.864,91700.0,39.8,60.2,2,72.0,18,14.4,0,0
APP005377,23800.0,0.118,24200.0,54.0,46.0,0,95.2,29,36.0,1,0
APP005378,72800.0,0.285,14200.0,57.5,42.5,0,77.1,32,33.8,1,0
APP005379,129000.0,0.372,27400.0,63.1,36.9,0,95.4,28,32.4,1,0
APP005380,8600.0,0.358,7900.0,35.9,64.1,0,81.7,26,35.8,0,0
APP005381,72000.0,0.513,34300.0,57.1,42.9,0,93.8,17,13.0,0,0
APP005382,131500.0,0.236,61000.0,48.8,51.2,0,74.0,42,5.2,0,0
APP005383,111200.0,0.216,27100.0,62.1,37.9,0,93.8,28,31.2,1,0
APP005384,103900.0,0.137,41000.0,38.5,61.5,1,74.3,35,16.0,0,0
APP005385,113900.0,0.272,18200.0,62.3,37.7,3,97.0,40,10.6,3,0
APP005386,70000.0,0.05,16200.0,45.1,54.9,0,85.1,30,25.4,0,2
APP005387,97300.0,0.874,88800.0,64.7,35.3,1,96.3,38,29.6,0,0
APP005388,115100.0,0.05,69400.0,64.7,35.3,0,98.3,28,9.3,0,0
APP005389,109900.0,0.201,49200.0,40.9,59.1,4,92.9,31,16.1,1,2
APP005390,102000.0,0.124,38200.0,47.0,53.0,0,71.1,26,32.5,3,0
APP005391,237200.0,0.286,41600.0,41.8,58.2,0,87.7,26,31.3,1,0
APP005392,25000.0,0.05,5600.0,45.0,55.0,0,92.2,25,10.3,0,0
APP005393,82500.0,0.05,36700.0,46.0,54.0,0,74.4,27,28.6,2,0
APP005394,51600.0,0.05,34600.0,56.8,43.2,0,82.9,33,18.1,1,0
APP005395,55800.0,0.079,18900.0,32.3,67.7,2,83.9,31,38.2,0,0
APP005396,48300.0,0.491,16200.0,40.9,59.1,0,95.5,30,21.9,0,0
APP005397,79300.0,0.061,16000.0,40.8,59.2,0,76.9,35,28.4,2,0
APP005398,87400.0,0.05,29000.0,38.6,61.4,0,99.7,39,9.4,2,0
APP005399,35200.0,0.39,10700.0,50.0,50.0,0,82.7,31,12.4,0,1
APP005400,181000.0,0.207,35400.0,46.1,53.9,0,91.9,21,30.2,0,0
APP005401,57600.0,0.139,13900.0,46.2,53.8,1,87.0,27,15.6,1,0
APP005402,122600.0,0.098,27700.0,66.2,33.8,0,89.3,36,10.5,2,1
APP005403,20600.0,0.271,23200.0,39.9,60.1,0,70.2,22,30.5,2,4
APP005404,238400.0,0.094,57300.0,52.7,47.3,0,74.4,38,38.8,0,3
APP005405,29300.0,0.606,16900.0,68.2,31.8,0,94.3,19,39.1,0,0
APP005406,74700.0,0.218,36500.0,63.3,36.7,0,95.4,39,11.6,0,0
APP005407,64000.0,0.787,12200.0,63.4,36.6,0,97.5,32,18.1,1,0
APP005408,118600.0,0.242,17300.0,54.4,45.6,0,74.6,30,9.9,1,0
APP005409,32900.0,0.183,14600.0,51.5,48.5,0,71.7,23,18.2,0,0
APP005410,163100.0,0.085,24200.0,35.9,64.1,0,71.9,25,31.5,0,1
APP005411,34300.0,0.278,11100.0,52.2,47.8,0,98.1,25,35.7,2,1
APP005412,39500.0,0.098,14900.0,42.6,57.4,0,92.0,21,30.0,1,0
APP005413,86800.0,0.404,25900.0,69.0,31.0,0,96.8,25,11.6,1,1
APP005414,36500.0,0.111,18700.0,43.3,56.7,5,94.0,27,5.3,0,1
APP005415,118000.0,0.23,31000.0,31.9,68.1,0,82.4,31,36.5,2,1
APP005416,86700.0,0.05,17800.0,50.6,49.4,0,91.1,28,8.9,1,0
APP005417,124500.0,0.05,26400.0,45.3,54.7,0,78.4,27,5.6,1,0
APP005418,58500.0,0.073,13800.0,57.2,42.8,0,90.2,27,26.8,1,0
APP005419,30700.0,0.163,18000.0,33.9,66.1,2,74.6,21,6.9,0,1
APP005420,58600.0,0.05,14300.0,57.7,42.3,1,88.0,32,15.8,0,0
APP005421,19400.0,0.171,15200.0,34.6,65.4,0,80.1,33,17.8,0,0
APP005422,43700.0,0.05,18600.0,42.4,57.6,0,97.8,35,22.7,3,0
APP005423,91900.0,0.312,23000.0,57.5,42.5,5,71.6,37,23.1,3,0
APP005424,71700.0,0.1,39500.0,58.1,41.9,0,76.9,35,24.5,2,1
APP005425,120700.0,0.148,14400.0,42.3,57.7,2,71.1,34,35.6,1,1
APP005426,94800.0,0.758,16100.0,59.4,40.6,1,71.4,30,22.2,1,0
APP005427,120800.0,0.387,25600.0,66.6,33.4,2,91.7,30,13.2,2,0
APP005428,65100.0,0.053,23700.0,35.3,64.7,0,84.4,37,16.6,0,0
APP005429,340000.0,0.217,82300.0,56.6,43.4,0,87.5,25,25.0,2,0
APP005430,57900.0,0.217,22000.0,59.3,40.7,0,98.5,24,30.1,0,1
APP005431,22600.0,0.05,5200.0,30.6,69.4,2,92.8,34,33.3,1,0
APP005432,138900.0,0.255,34200.0,48.1,51.9,2,71.0,41,17.5,2,0
APP005433,181400.0,0.05,23100.0,63.4,36.6,0,91.8,29,26.6,0,0
APP005434,142800.0,0.424,52200.0,50.0,50.0,1,90.1,26,37.5,2,0
APP005435,82400.0,0.118,17500.0,39.4,60.6,0,75.9,33,17.8,3,0
APP005436,110200.0,0.678,19900.0,43.9,56.1,0,90.6,45,10.5,1,1
APP005437,72600.0,0.184,42900.0,44.8,55.2,0,76.5,27,17.1,1,0
APP005438,118300.0,0.128,45500.0,41.0,59.0,0,75.1,24,17.8,1,1
APP005439,36800.0,0.343,13200.0,30.4,69.6,2,72.2,25,37.6,0,0
APP005440,70800.0,0.05,27800.0,53.3,46.7,0,93.2,48,32.8,1,2
APP005441,62000.0,0.724,15500.0,57.3,42.7,0,97.9,34,28.8,4,0
APP005442,14900.0,0.618,3900.0,46.8,53.2,2,99.4,29,28.8,1,1
APP005443,35000.0,0.063,18300.0,35.6,64.4,0,81.6,24,7.6,1,0
APP005444,67400.0,0.421,22000.0,56.1,43.9,0,93.8,31,39.1,0,2
APP005445,57700.0,0.313,16600.0,55.4,44.6,0,99.0,28,7.8,1,0
APP005446,38100.0,0.103,17200.0,54.9,45.1,0,73.8,22,39.3,1,0
APP005447,66700.0,0.07,38600.0,57.4,42.6,0,91.2,27,26.8,2,1
APP005448,22400.0,0.104,15800.0,57.3,42.7,1,71.7,36,12.0,0,0
APP005449,8200.0,0.198,6000.0,44.8,55.2,0,80.3,37,34.3,1,0
APP005450,50700.0,0.161,12700.0,52.2,47.8,0,75.0,25,11.2,1,0
APP005451,140800.0,1.132,33400.0,59.0,41.0,0,98.6,22,5.3,1,0
APP005452,102900.0,0.183,32000.0,36.4,63.6,0,86.9,33,20.8,3,0
APP005453,14400.0,0.272,3900.0,63.3,36.7,1,73.1,33,27.1,1,0
APP005454,203300.0,0.429,37100.0,33.1,66.9,0,71.0,26,30.9,0,0
APP005455,48900.0,0.263,40600.0,69.4,30.6,1,91.2,27,8.2,0,0
APP005456,52000.0,0.112,20500.0,52.5,47.5,0,98.2,37,37.0,2,1
APP005457,311100.0,0.05,39800.0,55.6,44.4,2,92.1,40,38.7,0,0
APP005458,267600.0,0.677,43400.0,68.4,31.6,3,87.7,32,20.8,0,0
APP005459,140600.0,0.28,35200.0,35.8,64.2,0,87.0,37,24.1,2,0
APP005460,69000.0,0.756,13000.0,56.0,44.0,0,94.9,27,14.7,0,0
APP005461,152700.0,0.465,37200.0,38.7,61.3,0,86.3,33,26.6,0,0
APP005462,12700.0,0.05,16700.0,43.5,56.5,0,85.0,24,12.0,0,2
APP005463,45100.0,0.418,26400.0,36.2,63.8,2,77.0,29,8.0,1,0
APP005464,124400.0,0.171,44300.0,33.5,66.5,0,70.3,35,36.0,0,0
APP005465,23900.0,0.192,3700.0,65.6,34.4,0,97.3,33,8.2,2,0
APP005466,58100.0,0.75,20300.0,39.5,60.5,2,98.7,23,35.9,1,1
APP005467,79100.0,0.828,16500.0,33.2,66.8,0,88.5,25,5.0,2,2
APP005468,88800.0,0.433,20900.0,64.0,36.0,0,86.1,31,14.1,2,0
APP005469,14200.0,0.37,7900.0,45.8,54.2,0,88.5,33,23.1,1,0
APP005470,64600.0,0.174,22800.0,50.4,49.6,1,88.7,29,15.6,1,0
APP005471,54200.0,0.14,21800.0,50.4,49.6,0,97.7,30,10.7,0,0
APP005472,74200.0,0.201,18200.0,63.4,36.6,0,79.4,34,6.6,3,0
APP005473,141100.0,0.05,30200.0,39.6,60.4,1,84.8,26,17.8,1,0
APP005474,91500.0,0.34,32300.0,37.1,62.9,3,95.1,20,32.8,1,0
APP005475,210200.0,0.449,41400.0,40.9,59.1,0,92.2,23,20.8,1,1
APP005476,87200.0,0.078,11100.0,49.2,50.8,1,75.6,33,34.9,0,0
APP005477,42300.0,0.486,12600.0,62.7,37.3,0,95.5,18,27.8,0,2
APP005478,69000.0,0.327,17400.0,40.3,59.7,2,96.7,30,25.2,0,0
APP005479,71600.0,0.058,17000.0,65.6,34.4,0,98.1,32,9.1,0,0
APP005480,8900.0,0.405,4300.0,54.0,46.0,2,93.2,27,15.1,1,0
APP005481,72500.0,0.198,14700.0,54.1,45.9,0,86.0,35,9.2,0,0
APP005482,34700.0,0.066,26100.0,60.5,39.5,0,76.5,37,33.2,0,0
APP005483,74200.0,0.822,17100.0,31.1,68.9,3,96.7,32,36.6,3,0
APP005484,94700.0,0.05,19500.0,30.4,69.6,0,83.2,28,30.2,1,0
APP005485,86100.0,0.168,16500.0,49.1,50.9,0,89.7,30,12.9,2,1
APP005486,130700.0,0.164,31000.0,48.5,51.5,0,75.7,25,34.1,1,0
APP005487,34800.0,0.27,14400.0,47.9,52.1,1,98.9,29,26.1,1,0
APP005488,76000.0,0.05,15700.0,66.8,33.2,1,72.9,33,34.4,2,0
APP005489,37400.0,0.976,13000.0,47.6,52.4,0,84.0,24,15.5,0,0
APP005490,100100.0,0.115,26400.0,36.1,63.9,0,96.4,27,20.2,1,0
APP005491,27700.0,0.201,34600.0,63.1,36.9,0,82.6,41,38.6,0,0
APP005492,10700.0,0.05,13600.0,30.8,69.2,0,90.2,31,21.9,0,0
APP005493,147900.0,0.339,36000.0,66.2,33.8,0,83.4,21,25.2,3,0
APP005494,147900.0,0.218,20500.0,68.2,31.8,0,81.3,31,17.2,2,1
APP005495,134000.0,0.05,34600.0,31.7,68.3,0,79.2,30,9.6,1,0
APP005496,39500.0,0.429,29000.0,38.4,61.6,0,71.5,26,10.2,3,0
APP005497,50800.0,0.461,61800.0,38.6,61.4,0,86.0,27,23.6,0,0
APP005498,79400.0,0.661,16600.0,37.3,62.7,0,96.9,26,38.6,1,0
APP005499,101500.0,0.342,22100.0,32.1,67.9,0,94.5,27,12.6,2,1
APP005500,57200.0,0.177,10100.0,35.3,64.7,0,82.7,33,39.3,2,0
APP005501,153700.0,0.05,25500.0,35.2,64.8,1,94.4,37,24.2,0,0
APP005502,212900.0,0.223,38900.0,55.2,44.8,2,85.8,32,39.8,2,0
APP005503,63200.0,0.065,9600.0,64.9,35.1,0,94.5,23,23.3,1,0
APP005504,29800.0,0.336,4700.0,44.2,55.8,1,92.2,34,26.3,1,0
APP005505,68200.0,0.695,29500.0,31.6,68.4,0,83.6,29,34.3,4,0
APP005506,29400.0,0.111,19200.0,50.4,49.6,0,91.7,26,38.5,1,0
APP005507,13900.0,0.357,4200.0,42.4,57.6,0,93.7,43,29.1,2,0
APP005508,255300.0,0.165,49700.0,69.0,31.0,0,87.2,25,25.2,1,0
APP005509,79700.0,0.292,25500.0,49.3,50.7,3,85.3,29,24.3,1,0
APP005510,79300.0,0.328,22500.0,46.5,53.5,1,71.2,29,27.1,2,0
APP005511,95300.0,0.665,31200.0,30.1,69.9,0,78.5,41,29.8,1,0
APP005512,52400.0,0.054,8900.0,31.1,68.9,1,92.4,27,39.8,1,0
APP005513,56700.0,0.195,15100.0,67.6,32.4,0,71.1,34,31.6,1,2
APP005514,101900.0,0.125,27500.0,66.7,33.3,1,88.1,36,6.5,0,0
APP005515,76900.0,0.226,18600.0,65.8,34.2,0,80.2,41,18.2,1,0
APP005516,72100.0,0.259,10100.0,58.9,41.1,1,89.1,30,16.3,1,0
APP005517,91400.0,0.05,22100.0,33.6,66.4,0,72.7,31,36.8,0,0
APP005518,83100.0,0.228,26700.0,57.4,42.6,0,80.1,31,16.0,4,0
APP005519,99300.0,0.723,35500.0,40.9,59.1,0,88.8,28,38.7,2,1
APP005520,241200.0,0.583,39800.0,34.8,65.2,0,77.0,30,28.0,1,0
APP005521,79600.0,0.207,36200.0,51.2,48.8,0,81.0,27,33.4,0,0
APP005522,142500.0,0.05,28100.0,37.4,62.6,0,80.2,32,27.0,3,0
APP005523,12200.0,0.083,6700.0,30.1,69.9,1,79.5,29,20.8,1,0
APP005524,79500.0,0.05,31700.0,42.2,57.8,0,93.8,31,7.3,0,0
APP005525,35600.0,0.082,31600.0,42.4,57.6,0,96.5,36,35.3,0,0
APP005526,98200.0,0.05,38100.0,52.8,47.2,0,90.9,38,25.6,1,1
APP005527,35500.0,0.078,9100.0,45.5,54.5,0,80.0,33,33.5,1,0
APP005528,71000.0,0.241,34600.0,40.5,59.5,0,79.5,46,11.0,0,0
APP005529,56900.0,1.381,13300.0,44.4,55.6,0,90.2,23,10.1,2,2
APP005530,193000.0,0.05,38000.0,30.5,69.5,0,76.7,23,13.9,1,0
APP005531,54800.0,0.092,31600.0,37.4,62.6,2,70.2,30,34.7,0,1
APP005532,114900.0,0.268,30400.0,65.1,34.9,0,83.0,34,21.9,1,0
APP005533,56800.0,0.307,55800.0,44.7,55.3,3,97.1,37,16.7,1,2
APP005534,22000.0,0.365,7000.0,64.8,35.2,1,86.0,32,32.7,1,0
APP005535,130600.0,0.054,29700.0,57.0,43.0,3,88.2,33,10.8,1,0
APP005536,97700.0,0.067,38700.0,64.7,35.3,0,79.1,40,14.6,3,0
APP005537,30300.0,0.443,6700.0,35.8,64.2,0,76.0,36,29.2,1,0
APP005538,40500.0,0.067,13000.0,58.7,41.3,0,80.3,23,13.4,2,0
APP005539,101100.0,0.05,38700.0,35.8,64.2,0,88.7,28,35.9,0,2
APP005540,10400.0,0.841,4600.0,52.7,47.3,1,80.0,23,9.5,2,0
APP005541,68000.0,0.458,27900.0,32.4,67.6,0,94.3,29,21.0,0,2
APP005542,33100.0,0.869,19700.0,44.5,55.5,0,90.0,24,29.2,0,1
APP005543,59200.0,0.149,15300.0,61.2,38.8,3,86.9,29,36.7,0,2
APP005544,167300.0,0.339,25400.0,62.1,37.9,1,78.3,39,12.4,1,0
APP005545,40400.0,0.213,13100.0,47.9,52.1,0,83.3,31,31.0,2,0
APP005546,93000.0,0.334,27600.0,40.2,59.8,0,76.1,25,26.5,3,0
APP005547,55900.0,0.05,8500.0,40.0,60.0,0,79.0,28,5.2,1,0
APP005548,149400.0,0.155,33300.0,63.9,36.1,2,93.6,31,36.0,1,3
APP005549,105500.0,0.117,15600.0,53.1,46.9,1,75.4,24,24.3,1,2
APP005550,58700.0,0.103,37900.0,48.3,51.7,0,96.2,36,26.0,0,0
APP005551,120900.0,0.135,30100.0,45.4,54.6,1,77.0,39,7.6,1,0
APP005552,35000.0,0.05,11700.0,34.3,65.7,0,71.3,22,22.2,0,0
APP005553,21200.0,0.05,12900.0,54.0,46.0,0,82.8,23,35.3,0,0
APP005554,33300.0,0.291,20300.0,36.8,63.2,3,89.6,25,21.0,1,0
APP005555,79200.0,0.212,21600.0,65.4,34.6,0,82.1,38,29.8,0,0
APP005556,187300.0,0.285,36800.0,60.8,39.2,0,78.8,29,5.0,2,1
APP005557,43900.0,0.165,20600.0,53.3,46.7,0,94.2,35,19.7,0,0
APP005558,111300.0,0.334,25400.0,40.6,59.4,1,100.0,27,11.8,1,0
APP005559,21900.0,0.379,22200.0,66.3,33.7,5,79.4,31,15.2,0,1
APP005560,91200.0,0.669,15200.0,66.5,33.5,0,87.8,30,29.8,0,0
APP005561,8200.0,1.04,4100.0,67.0,33.0,0,77.4,27,27.9,0,0
APP005562,63100.0,0.444,29700.0,59.2,40.8,0,72.0,21,21.9,1,3
APP005563,84500.0,0.439,14100.0,64.2,35.8,1,83.9,38,30.5,3,0
APP005564,180300.0,0.05,30000.0,49.6,50.4,0,80.2,30,39.7,0,0
APP005565,92600.0,0.264,81700.0,38.1,61.9,0,72.9,29,5.2,0,0
APP005566,61600.0,0.118,26200.0,38.9,61.1,0,74.0,34,10.0,1,0
APP005567,46600.0,0.05,13900.0,56.6,43.4,0,81.2,21,37.3,2,0
APP005568,99900.0,0.536,22300.0,56.3,43.7,2,75.1,25,9.2,0,0
APP005569,73800.0,0.578,30200.0,60.6,39.4,3,88.7,32,19.6,5,2
APP005570,21900.0,0.12,4900.0,43.9,56.1,2,72.0,29,16.3,0,0
APP005571,48100.0,0.142,30100.0,34.5,65.5,0,81.5,36,14.2,1,0
APP005572,37300.0,0.184,9500.0,45.7,54.3,0,91.6,44,21.8,0,0
APP005573,127300.0,0.142,35600.0,44.3,55.7,0,97.3,33,39.8,2,0
APP005574,43900.0,0.316,7100.0,59.0,41.0,0,87.4,24,39.3,0,1
APP005575,38700.0,0.05,22700.0,52.2,47.8,0,72.4,22,17.2,5,0
APP005576,97800.0,0.067,12100.0,60.0,40.0,1,96.9,25,5.2,0,0
APP005577,63000.0,0.367,23900.0,59.5,40.5,0,86.1,21,24.1,1,0
APP005578,46100.0,0.307,28400.0,32.0,68.0,1,89.9,31,20.8,2,0
APP005579,119200.0,0.084,19100.0,44.2,55.8,0,84.5,36,7.2,1,0
APP005580,110500.0,0.438,38100.0,60.3,39.7,0,93.0,31,34.8,3,0
APP005581,30400.0,0.609,18900.0,56.5,43.5,1,76.5,29,29.6,1,0
APP005582,98700.0,0.099,82100.0,59.9,40.1,2,98.2,40,37.8,1,0
APP005583,49600.0,0.053,8800.0,55.1,44.9,0,79.3,21,10.0,1,3
APP005584,36900.0,0.073,8700.0,69.1,30.9,1,76.6,34,10.0,2,0
APP005585,129000.0,0.316,21000.0,48.4,51.6,0,84.8,23,32.3,0,0
APP005586,92700.0,0.151,40200.0,67.3,32.7,0,71.9,29,38.7,0,1
APP005587,75900.0,0.459,12100.0,39.1,60.9,1,77.8,32,10.9,3,0
APP005588,154000.0,0.15,56400.0,33.1,66.9,1,72.7,21,8.9,1,0
APP005589,60000.0,0.05,14500.0,36.3,63.7,2,82.3,46,5.4,4,0
APP005590,271300.0,0.05,72900.0,34.8,65.2,0,80.8,25,20.3,1,0
APP005591,215400.0,0.05,48400.0,36.4,63.6,5,74.0,31,19.8,0,0
APP005592,55500.0,0.166,31800.0,52.1,47.9,1,73.8,28,15.7,0,1
APP005593,55500.0,0.095,13600.0,31.1,68.9,0,97.3,38,28.0,0,1
APP005594,80300.0,0.128,66100.0,56.1,43.9,0,73.0,38,27.3,2,0
APP005595,17000.0,0.158,4900.0,53.5,46.5,0,74.5,32,15.4,2,0
APP005596,74200.0,0.083,24500.0,44.6,55.4,0,81.9,28,12.5,0,2
APP005597,68600.0,0.102,24000.0,31.9,68.1,3,96.8,26,5.2,1,0
APP005598,173900.0,1.205,29600.0,60.6,39.4,0,81.6,33,9.8,1,0
APP005599,118500.0,0.2,21800.0,33.0,67.0,2,73.7,33,17.8,0,0
APP005600,186900.0,0.05,21700.0,44.8,55.2,1,86.3,23,21.3,0,0
APP005601,31300.0,0.143,6300.0,42.8,57.2,1,99.9,26,27.1,1,0
APP005602,53800.0,0.246,16200.0,67.9,32.1,0,78.7,35,34.0,2,0
APP005603,239300.0,0.278,96100.0,37.6,62.4,0,99.7,28,39.0,1,0
APP005604,88500.0,0.356,77000.0,33.5,66.5,1,83.0,31,8.8,2,0
APP005605,44400.0,0.271,31000.0,38.1,61.9,0,87.5,32,7.8,1,0
APP005606,19400.0,0.154,3600.0,69.0,31.0,5,85.9,26,15.0,1,0
APP005607,59800.0,0.455,23300.0,36.7,63.3,1,88.3,33,14.1,2,0
APP005608,162900.0,0.05,69200.0,69.4,30.6,0,71.0,33,36.6,1,0
APP005609,60700.0,0.05,11800.0,38.1,61.9,0,99.6,35,15.8,3,3
APP005610,45300.0,0.05,8600.0,48.1,51.9,0,87.1,23,28.7,0,0
APP005611,42000.0,0.247,13700.0,33.9,66.1,4,87.8,35,31.8,0,0
APP005612,64600.0,0.729,36400.0,40.4,59.6,0,99.0,27,20.9,1,2
APP005613,33500.0,0.05,35900.0,40.1,59.9,1,88.5,25,29.4,1,3
APP005614,110300.0,0.075,54400.0,40.2,59.8,0,94.6,31,6.4,0,0
APP005615,50900.0,0.683,24100.0,69.1,30.9,0,70.3,38,29.2,0,0
APP005616,30300.0,0.05,12100.0,41.6,58.4,0,79.2,30,33.7,1,0
APP005617,17400.0,0.111,7500.0,44.6,55.4,3,96.2,25,25.3,0,1
APP005618,108400.0,0.142,23100.0,47.1,52.9,0,82.7,20,31.5,1,0
APP005619,271100.0,0.493,60200.0,59.1,40.9,2,84.1,26,8.7,3,0
APP005620,32600.0,0.381,24800.0,44.9,55.1,0,88.7,32,24.9,0,0
APP005621,61800.0,1.017,18100.0,33.4,66.6,5,74.8,23,20.2,0,2
APP005622,129400.0,0.05,31900.0,40.5,59.5,2,79.7,26,6.6,1,0
APP005623,67300.0,0.784,14500.0,60.1,39.9,0,74.4,28,35.3,0,0
APP005624,66000.0,0.524,24200.0,68.7,31.3,0,75.5,25,7.5,1,0
APP005625,23600.0,0.615,11000.0,57.3,42.7,0,84.9,43,30.7,2,0
APP005626,92200.0,0.679,24800.0,33.7,66.3,1,90.0,30,33.2,1,0
APP005627,75000.0,0.784,35600.0,53.6,46.4,0,78.0,32,12.7,2,0
APP005628,33400.0,0.05,16400.0,41.8,58.2,0,89.3,43,25.9,1,0
APP005629,121100.0,1.134,18100.0,66.4,33.6,0,90.3,22,18.6,2,2
APP005630,28100.0,0.05,5100.0,44.4,55.6,0,98.4,25,21.5,2,0
APP005631,9600.0,0.05,7700.0,43.4,56.6,1,97.6,33,8.5,0,2
APP005632,51700.0,0.478,10100.0,37.1,62.9,0,78.9,37,30.4,1,2
APP005633,147800.0,0.396,37800.0,46.9,53.1,0,79.6,38,5.4,1,0
APP005634,21800.0,0.065,14600.0,51.0,49.0,0,99.4,30,38.0,1,0
APP005635,109100.0,0.081,18500.0,63.7,36.3,0,85.2,28,34.0,2,0
APP005636,77200.0,0.322,14900.0,69.7,30.3,0,74.1,29,11.3,3,0
APP005637,119700.0,0.171,22500.0,51.5,48.5,1,97.4,21,24.7,0,0
APP005638,33500.0,0.05,23500.0,57.6,42.4,0,98.4,40,23.9,2,0
APP005639,127500.0,0.073,19400.0,40.7,59.3,0,83.1,37,13.3,0,1
APP005640,37700.0,0.34,33400.0,37.9,62.1,0,85.6,27,9.3,0,1
APP005641,128600.0,0.05,48600.0,31.4,68.6,0,80.7,17,28.6,0,0
APP005642,80600.0,1.014,51800.0,56.5,43.5,0,93.2,20,5.6,0,0
APP005643,34600.0,0.051,12000.0,64.3,35.7,0,97.8,33,19.3,2,0
APP005644,277100.0,0.269,54900.0,58.5,41.5,0,94.0,27,9.6,0,0
APP005645,50700.0,1.154,25600.0,49.1,50.9,1,96.8,34,11.3,0,0
APP005646,86300.0,0.666,20700.0,37.1,62.9,0,80.1,20,33.0,2,0
APP005647,41600.0,0.091,42600.0,32.9,67.1,0,96.2,40,30.1,2,0
APP005648,109700.0,0.05,39700.0,41.9,58.1,0,76.4,29,16.7,2,0
APP005649,52600.0,0.098,29600.0,37.5,62.5,3,94.8,33,14.4,1,0
APP005650,131200.0,0.526,34700.0,58.2,41.8,2,74.2,20,11.9,1,0
APP005651,49400.0,0.776,28700.0,39.5,60.5,0,75.2,35,13.4,1,1
APP005652,48300.0,0.083,22200.0,66.1,33.9,2,96.6,24,33.8,2,3
APP005653,28200.0,0.19,18300.0,35.9,64.1,0,99.8,33,25.6,0,0
APP005654,65500.0,0.05,13700.0,36.0,64.0,0,79.6,26,30.8,3,0
APP005655,210700.0,0.149,38200.0,47.9,52.1,0,72.1,30,22.8,2,0
APP005656,164600.0,0.154,31200.0,39.1,60.9,2,75.4,33,23.8,0,0
APP005657,48100.0,0.05,25000.0,37.2,62.8,0,90.4,29,13.5,0,0
APP005658,124600.0,0.763,28000.0,49.3,50.7,0,84.4,29,18.6,0,4
APP005659,34700.0,0.149,10300.0,51.5,48.5,0,80.5,28,12.2,1,1
APP005660,58100.0,0.062,37700.0,36.9,63.1,1,87.6,28,22.2,1,0
APP005661,40800.0,0.235,21700.0,59.8,40.2,0,89.6,31,34.7,2,0
APP005662,57700.0,0.241,26200.0,65.6,34.4,0,75.2,37,23.6,1,0
APP005663,62000.0,0.838,20800.0,65.1,34.9,0,92.1,27,32.3,0,0
APP005664,40800.0,0.05,34500.0,52.9,47.1,0,80.3,32,6.7,0,0
APP005665,20000.0,0.657,7300.0,62.6,37.4,0,78.7,40,28.7,3,1
APP005666,20700.0,0.231,8500.0,68.8,31.2,0,78.9,22,36.2,1,0
APP005667,10700.0,0.682,6500.0,52.8,47.2,0,97.4,33,11.9,0,0
APP005668,62700.0,0.292,24500.0,58.8,41.2,0,94.4,30,25.1,0,1
APP005669,50300.0,0.512,14500.0,65.9,34.1,0,71.0,39,28.7,3,0
APP005670,19700.0,0.073,4800.0,62.7,37.3,0,75.0,27,7.6,2,0
APP005671,63300.0,0.096,14700.0,44.4,55.6,0,89.4,25,38.3,0,0
APP005672,24500.0,2.0,22800.0,47.6,52.4,0,73.0,43,18.3,1,0
APP005673,204200.0,0.065,42700.0,63.7,36.3,0,83.7,31,14.2,1,0
APP005674,56900.0,0.6,29900.0,56.4,43.6,0,76.2,30,26.6,2,0
APP005675,78600.0,0.509,15600.0,61.2,38.8,0,90.5,41,10.4,1,0
APP005676,54600.0,0.223,9000.0,62.3,37.7,0,80.2,32,16.0,2,0
APP005677,26900.0,0.099,12200.0,50.3,49.7,2,76.8,18,24.8,0,0
APP005678,126600.0,0.227,70400.0,32.5,67.5,0,70.5,36,29.0,0,0
APP005679,171500.0,0.228,31600.0,33.4,66.6,0,99.0,33,17.6,4,0
APP005680,35400.0,0.05,8600.0,63.4,36.6,1,88.7,26,27.5,2,0
APP005681,113300.0,0.559,20800.0,65.5,34.5,0,85.7,32,38.5,1,0
APP005682,76400.0,0.284,30000.0,65.4,34.6,0,82.9,29,32.9,2,0
APP005683,99300.0,0.328,47400.0,37.7,62.3,3,86.8,30,9.8,0,0
APP005684,195400.0,1.053,49800.0,35.2,64.8,0,97.7,35,13.6,0,1
APP005685,62500.0,0.373,15000.0,41.4,58.6,0,79.8,33,19.3,0,0
APP005686,32200.0,0.769,8700.0,62.6,37.4,0,88.6,29,37.9,2,0
APP005687,6100.0,0.091,5700.0,58.7,41.3,0,73.9,28,9.0,0,2
APP005688,56500.0,0.05,13700.0,44.5,55.5,0,74.5,36,32.6,1,1
APP005689,120800.0,0.857,57200.0,54.0,46.0,0,97.4,35,24.5,1,2
APP005690,75300.0,0.248,25400.0,64.0,36.0,0,78.7,35,7.3,0,0
APP005691,153600.0,0.285,32000.0,62.3,37.7,0,87.9,41,23.0,1,2
APP005692,73400.0,0.295,17100.0,31.3,68.7,2,89.2,30,32.3,1,0
APP005693,175800.0,0.53,23200.0,63.7,36.3,0,87.8,28,34.8,2,0
APP005694,50900.0,0.05,14900.0,50.7,49.3,2,97.4,24,15.2,0,0
APP005695,38400.0,0.227,15400.0,38.3,61.7,0,74.8,35,35.7,3,0
APP005696,92000.0,0.42,15400.0,56.3,43.7,0,96.4,25,5.8,1,1
APP005697,74500.0,0.298,31600.0,54.4,45.6,0,77.6,36,10.1,1,0
APP005698,56100.0,0.056,71600.0,57.2,42.8,1,92.3,31,38.0,3,0
APP005699,73400.0,0.05,14800.0,44.0,56.0,0,84.8,32,17.8,2,2
APP005700,37300.0,0.269,25800.0,55.3,44.7,0,94.3,34,27.7,0,4
APP005701,84600.0,0.314,21900.0,48.4,51.6,0,71.2,26,8.2,2,0
APP005702,345000.0,0.395,68700.0,68.8,31.2,2,70.3,27,19.8,2,0
APP005703,274200.0,0.348,65800.0,67.4,32.6,0,70.3,21,32.4,0,3
APP005704,49900.0,0.05,16900.0,57.0,43.0,2,78.6,33,18.6,1,0
APP005705,50500.0,0.064,16800.0,34.1,65.9,1,94.1,26,9.7,0,0
APP005706,174900.0,0.133,38600.0,65.2,34.8,0,76.1,28,19.1,0,1
APP005707,81000.0,0.579,31500.0,56.1,43.9,0,75.2,33,17.4,4,0
APP005708,51400.0,0.591,17100.0,51.7,48.3,0,98.3,23,36.6,0,1
APP005709,129500.0,0.703,16100.0,31.6,68.4,0,86.5,31,23.2,0,0
APP005710,10200.0,0.063,9100.0,57.6,42.4,0,78.3,31,16.0,1,0
APP005711,37200.0,0.703,14600.0,49.7,50.3,0,83.8,41,26.6,3,0
APP005712,118300.0,0.05,31300.0,67.3,32.7,0,86.3,29,35.0,1,1
APP005713,48900.0,0.08,12300.0,37.8,62.2,0,74.3,30,17.4,2,0
APP005714,116600.0,0.351,28600.0,49.9,50.1,0,80.2,33,27.7,0,0
APP005715,11900.0,0.192,16500.0,44.4,55.6,2,95.3,27,14.2,2,0
APP005716,150500.0,0.124,19700.0,33.2,66.8,1,77.6,29,29.4,0,1
APP005717,343300.0,0.05,46900.0,34.2,65.8,0,95.6,26,10.8,4,0
APP005718,38600.0,0.059,14400.0,67.2,32.8,3,76.5,30,27.0,0,0
APP005719,181000.0,0.432,57000.0,50.7,49.3,0,98.8,30,16.4,0,0
APP005720,247500.0,0.202,71400.0,34.1,65.9,0,73.1,34,9.9,3,0
APP005721,90300.0,0.281,30400.0,52.8,47.2,1,71.3,30,11.6,1,0
APP005722,22800.0,0.381,17600.0,46.8,53.2,0,91.0,36,31.1,1,0
APP005723,31700.0,0.173,5600.0,53.8,46.2,4,90.6,28,5.9,3,1
APP005724,51700.0,0.369,34700.0,64.4,35.6,0,93.9,32,25.0,2,0
APP005725,137600.0,0.05,22900.0,59.6,40.4,2,83.7,28,9.4,2,2
APP005726,84500.0,1.57,19500.0,69.8,30.2,4,71.9,35,21.5,1,0
APP005727,54600.0,0.595,28800.0,33.4,66.6,1,77.7,33,38.7,1,0
APP005728,56800.0,0.754,14200.0,41.6,58.4,0,98.1,25,17.0,2,0
APP005729,54200.0,0.084,15800.0,62.0,38.0,0,94.8,26,10.3,2,1
APP005730,36200.0,0.05,19900.0,35.7,64.3,0,95.8,21,11.9,0,0
APP005731,59700.0,0.127,22100.0,54.7,45.3,0,77.6,28,21.2,2,0
APP005732,24500.0,0.443,9400.0,48.9,51.1,3,80.7,31,14.5,0,1
APP005733,43500.0,0.491,29400.0,42.3,57.7,0,93.2,30,31.3,1,0
APP005734,65100.0,0.726,34200.0,69.6,30.4,0,90.9,34,28.6,1,0
APP005735,74100.0,0.138,11800.0,58.3,41.7,0,73.7,33,22.2,0,0
APP005736,106300.0,0.068,19900.0,45.3,54.7,3,83.2,30,12.7,1,2
APP005737,15100.0,0.358,3700.0,38.7,61.3,0,96.1,24,12.2,1,0
APP005738,173200.0,0.596,50100.0,43.6,56.4,1,84.8,31,37.9,2,0
APP005739,111500.0,0.236,29300.0,69.4,30.6,1,84.7,26,16.5,2,0
APP005740,381300.0,0.421,69500.0,36.5,63.5,1,80.0,27,39.9,2,0
APP005741,92800.0,0.112,42400.0,68.4,31.6,0,86.8,36,18.8,0,0
APP005742,65900.0,0.304,47700.0,44.8,55.2,0,77.0,23,24.6,1,0
APP005743,97500.0,0.363,25700.0,69.6,30.4,0,97.7,32,10.9,0,0
APP005744,19500.0,0.063,6800.0,58.0,42.0,0,95.6,35,20.6,1,0
APP005745,20600.0,0.34,15200.0,64.5,35.5,2,96.2,34,37.4,3,0
APP005746,21000.0,0.43,6600.0,65.4,34.6,2,82.8,28,36.5,0,0
APP005747,25700.0,0.117,16800.0,43.1,56.9,1,89.9,24,23.0,2,0
APP005748,113900.0,0.147,16900.0,36.6,63.4,0,95.0,30,34.2,5,0
APP005749,63900.0,0.06,16000.0,67.8,32.2,5,83.5,30,20.3,1,0
APP005750,44300.0,0.441,18300.0,50.9,49.1,0,72.4,27,25.3,1,0
APP005751,117400.0,0.096,51100.0,53.6,46.4,0,76.5,28,23.2,0,4
APP005752,102900.0,0.524,26500.0,47.9,52.1,0,88.7,38,37.3,3,0
APP005753,95500.0,0.323,37200.0,58.4,41.6,0,97.4,38,8.9,0,1
APP005754,179200.0,0.159,22300.0,64.0,36.0,0,72.4,32,16.7,1,0
APP005755,175600.0,0.283,32200.0,53.7,46.3,2,85.8,27,9.9,0,0
APP005756,198700.0,0.122,68300.0,53.4,46.6,1,96.5,39,29.8,0,0
APP005757,184000.0,0.299,40500.0,39.7,60.3,1,70.0,23,16.7,1,0
APP005758,104400.0,0.06,21900.0,56.2,43.8,3,94.8,34,7.2,1,0
APP005759,65700.0,1.102,48200.0,39.6,60.4,0,97.9,30,13.6,0,0
APP005760,75900.0,0.744,35500.0,37.9,62.1,0,98.2,33,15.3,0,1
APP005761,89800.0,0.062,13200.0,55.1,44.9,0,85.7,26,28.7,3,0
APP005762,115400.0,0.313,34800.0,49.6,50.4,0,75.5,34,9.1,0,0
APP005763,36000.0,0.06,7000.0,41.3,58.7,2,92.7,27,34.8,0,1
APP005764,153800.0,0.313,21500.0,59.6,40.4,0,92.1,30,30.5,0,3
APP005765,19600.0,0.265,20100.0,49.1,50.9,3,87.3,27,21.8,1,0
APP005766,151800.0,0.135,37000.0,42.1,57.9,0,90.7,33,28.7,0,0
APP005767,71100.0,0.084,38800.0,62.9,37.1,0,80.0,27,23.1,0,1
APP005768,13300.0,0.05,14300.0,48.3,51.7,0,86.1,25,17.1,0,0
APP005769,47800.0,0.607,23100.0,61.8,38.2,4,92.7,25,17.2,3,0
APP005770,48000.0,0.395,22600.0,40.0,60.0,3,87.5,30,36.4,3,0
APP005771,173000.0,0.384,44900.0,53.4,46.6,0,89.6,31,6.6,2,0
APP005772,256400.0,0.159,51600.0,58.6,41.4,0,71.3,32,11.4,2,0
APP005773,202400.0,0.086,56400.0,36.5,63.5,0,87.6,22,8.4,1,0
APP005774,67000.0,0.05,31200.0,59.3,40.7,0,83.8,26,9.8,1,0
APP005775,26700.0,0.524,15700.0,38.6,61.4,0,72.0,26,15.2,0,1
APP005776,19900.0,0.05,13000.0,59.5,40.5,0,70.0,39,28.1,0,0
APP005777,103000.0,0.221,53200.0,47.3,52.7,1,97.8,21,30.1,0,0
APP005778,48100.0,0.133,5700.0,51.3,48.7,0,83.5,34,19.4,3,0
APP005779,82200.0,1.218,19600.0,33.7,66.3,0,73.3,44,28.1,0,1
APP005780,120800.0,0.125,31900.0,64.6,35.4,1,92.1,25,7.7,1,1
APP005781,52100.0,0.323,15800.0,38.5,61.5,0,90.7,24,33.3,1,0
APP005782,69500.0,0.211,26800.0,31.3,68.7,0,82.7,32,31.8,1,1
APP005783,126600.0,0.393,41900.0,68.3,31.7,4,99.0,27,6.8,0,0
APP005784,74900.0,0.649,29500.0,37.8,62.2,1,88.3,39,14.9,0,1
APP005785,42700.0,0.644,7300.0,34.7,65.3,2,72.9,30,9.8,1,1
APP005786,34400.0,0.05,22100.0,52.0,48.0,5,84.0,30,12.5,0,0
APP005787,135500.0,0.334,20700.0,70.0,30.0,2,91.5,34,19.4,0,1
APP005788,35200.0,0.096,12100.0,67.4,32.6,0,82.4,28,35.3,3,0
APP005789,72800.0,0.083,37100.0,53.7,46.3,0,83.5,26,28.3,1,0
APP005790,55900.0,0.329,26500.0,30.1,69.9,0,93.4,32,16.9,1,1
APP005791,60800.0,0.473,13000.0,36.5,63.5,0,94.8,29,33.8,3,0
APP005792,36300.0,0.129,36200.0,30.8,69.2,0,70.7,34,38.7,0,1
APP005793,65800.0,0.523,29600.0,63.7,36.3,1,77.7,27,8.8,1,0
APP005794,89700.0,0.223,108700.0,46.0,54.0,0,96.4,29,30.4,0,0
APP005795,160200.0,0.724,24000.0,40.1,59.9,1,71.2,24,32.2,0,0
APP005796,38600.0,0.253,7600.0,51.8,48.2,0,89.1,26,17.2,1,0
APP005797,141900.0,0.085,24800.0,36.1,63.9,0,89.3,36,34.8,0,1
APP005798,99000.0,0.083,19800.0,66.8,33.2,1,84.3,29,19.5,1,2
APP005799,25400.0,0.05,19000.0,54.3,45.7,0,70.2,28,31.7,1,1
APP005800,13300.0,1.347,14700.0,34.9,65.1,1,96.0,30,14.2,1,0
APP005801,218800.0,1.596,28100.0,49.1,50.9,3,99.8,24,26.1,2,3
APP005802,74900.0,0.468,36200.0,37.0,63.0,0,93.8,34,37.8,0,1
APP005803,27900.0,0.064,12200.0,65.4,34.6,0,88.1,29,36.9,4,0
APP005804,57000.0,0.697,15500.0,53.4,46.6,0,80.7,25,7.9,0,0
APP005805,53000.0,0.098,21300.0,38.1,61.9,0,73.3,27,15.5,1,0
APP005806,177100.0,0.064,50500.0,67.3,32.7,5,88.5,30,17.1,1,2
APP005807,168200.0,0.17,35500.0,54.4,45.6,1,80.1,36,36.4,0,0
APP005808,81400.0,0.089,22500.0,33.2,66.8,1,71.8,28,5.8,1,0
APP005809,29500.0,0.238,3700.0,33.8,66.2,3,93.8,34,10.6,0,0
APP005810,131400.0,0.085,21800.0,30.1,69.9,1,78.4,29,17.5,2,0
APP005811,11500.0,0.206,4800.0,55.7,44.3,1,73.3,28,25.9,2,0
APP005812,19500.0,0.131,9400.0,50.4,49.6,2,98.6,31,24.7,2,0
APP005813,12000.0,0.144,5600.0,43.5,56.5,0,92.9,35,11.9,0,2
APP005814,64500.0,0.285,9900.0,53.5,46.5,0,90.2,32,30.7,0,0
APP005815,68300.0,0.251,32800.0,38.6,61.4,1,73.9,20,10.2,0,2
APP005816,91200.0,1.552,35900.0,32.2,67.8,0,87.7,36,20.5,1,0
APP005817,87300.0,0.209,23500.0,67.0,33.0,0,70.5,22,18.8,0,0
APP005818,24900.0,0.05,26400.0,58.0,42.0,0,75.7,44,10.5,2,0
APP005819,15600.0,0.05,17000.0,38.3,61.7,4,87.1,25,34.6,2,1
APP005820,130200.0,0.071,21800.0,67.5,32.5,0,91.8,23,8.7,2,0
APP005821,317300.0,0.05,76000.0,68.5,31.5,1,89.9,31,16.6,0,0
APP005822,210700.0,0.05,42700.0,41.0,59.0,0,95.4,31,35.0,0,0
APP005823,29900.0,0.057,22000.0,38.6,61.4,2,77.5,25,30.1,3,1
APP005824,112700.0,0.089,20200.0,47.1,52.9,1,72.6,29,6.5,0,0
APP005825,106600.0,0.05,18200.0,39.4,60.6,3,94.7,17,37.8,1,0
APP005826,22800.0,0.52,4900.0,56.6,43.4,0,82.3,27,40.0,1,0
APP005827,92600.0,0.309,24500.0,38.4,61.6,0,83.8,31,22.2,1,0
APP005828,76200.0,0.455,10300.0,48.5,51.5,0,95.5,31,39.1,1,1
APP005829,123600.0,0.497,37800.0,53.7,46.3,1,88.3,32,39.7,2,0
APP005830,169500.0,1.135,44300.0,51.2,48.8,5,87.2,26,36.2,1,1
APP005831,31600.0,0.445,11600.0,58.2,41.8,0,90.8,29,29.1,1,0
APP005832,113300.0,0.067,66300.0,55.0,45.0,3,92.0,29,15.9,1,1
APP005833,178100.0,0.093,25700.0,35.6,64.4,0,81.1,28,11.9,0,0
APP005834,25600.0,0.18,17900.0,36.4,63.6,1,82.7,29,26.4,3,1
APP005835,99200.0,0.56,27800.0,53.4,46.6,0,78.3,24,20.7,3,2
APP005836,35000.0,1.239,20000.0,59.1,40.9,1,75.2,29,39.1,0,0
APP005837,380800.0,0.299,55600.0,65.8,34.2,0,80.5,40,12.3,0,0
APP005838,124100.0,0.061,40100.0,37.0,63.0,0,83.4,23,19.0,2,0
APP005839,159600.0,0.05,51000.0,59.7,40.3,0,87.0,36,12.2,1,0
APP005840,143900.0,0.185,45100.0,35.3,64.7,0,86.8,26,38.2,0,1
APP005841,24100.0,0.407,7000.0,51.0,49.0,0,99.6,30,10.5,0,1
APP005842,64700.0,0.21,18300.0,56.3,43.7,1,88.5,30,10.1,0,0
APP005843,141000.0,0.099,49100.0,64.5,35.5,0,95.4,25,13.9,3,2
APP005844,100400.0,0.308,16900.0,56.7,43.3,0,94.7,29,32.8,1,1
APP005845,114200.0,0.659,13600.0,61.4,38.6,0,81.7,32,5.5,0,3
APP005846,60200.0,0.187,30800.0,48.9,51.1,0,74.3,27,33.5,0,1
APP005847,36200.0,0.157,40300.0,56.5,43.5,3,98.9,23,31.7,1,0
APP005848,100900.0,0.151,24900.0,52.5,47.5,0,79.7,33,20.0,0,2
APP005849,189000.0,1.112,61500.0,47.8,52.2,0,94.0,27,18.1,0,0
APP005850,117900.0,0.05,34600.0,35.8,64.2,0,95.7,28,21.6,0,0
APP005851,37500.0,0.856,17200.0,63.9,36.1,3,78.6,24,10.7,0,0
APP005852,76700.0,0.138,28900.0,64.5,35.5,0,78.8,22,22.3,4,0
APP005853,76500.0,0.9,34000.0,48.8,51.2,0,80.4,31,39.9,1,0
APP005854,51800.0,0.238,32900.0,45.5,54.5,0,90.4,29,33.0,0,1
APP005855,144100.0,0.517,41000.0,57.3,42.7,0,98.8,39,32.4,1,0
APP005856,42800.0,0.175,17300.0,50.7,49.3,0,85.4,39,29.7,1,0
APP005857,16400.0,0.05,12100.0,53.8,46.2,0,81.1,27,27.0,1,1
APP005858,28000.0,0.05,16000.0,66.1,33.9,0,87.2,19,29.3,2,0
APP005859,60500.0,0.05,20000.0,47.2,52.8,1,86.2,23,12.3,2,1
APP005860,58500.0,0.05,25400.0,41.5,58.5,0,86.0,35,17.4,1,0
APP005861,10700.0,0.235,5500.0,46.9,53.1,0,73.6,31,35.6,0,0
APP005862,222600.0,0.05,62700.0,42.3,57.7,2,93.0,31,22.2,0,2
APP005863,143500.0,0.05,37200.0,65.9,34.1,0,88.0,31,7.3,0,1
APP005864,180700.0,0.05,58000.0,34.8,65.2,2,83.1,28,29.8,0,0
APP005865,41400.0,0.607,14800.0,35.0,65.0,1,90.2,28,20.0,0,0
APP005866,25700.0,0.363,7400.0,42.9,57.1,0,84.3,34,23.4,2,2
APP005867,99400.0,0.05,25700.0,32.7,67.3,0,92.2,41,25.5,2,2
APP005868,32800.0,0.113,7400.0,67.8,32.2,2,82.5,27,20.3,0,0
APP005869,128700.0,0.05,25500.0,59.7,40.3,0,74.4,29,12.5,1,0
APP005870,16200.0,1.07,5600.0,46.1,53.9,0,92.1,24,25.3,0,0
APP005871,12800.0,0.379,3400.0,37.4,62.6,0,96.3,23,36.4,1,0
APP005872,111900.0,0.227,34000.0,53.3,46.7,0,92.9,28,17.4,2,0
APP005873,67700.0,0.599,25600.0,51.9,48.1,0,87.6,35,34.1,3,0
APP005874,45600.0,0.276,24100.0,56.4,43.6,3,81.2,27,7.3,1,0
APP005875,139500.0,0.736,26800.0,48.7,51.3,1,76.5,36,16.4,1,1
APP005876,238000.0,0.551,65600.0,46.5,53.5,0,91.1,25,13.8,0,1
APP005877,40000.0,0.502,15100.0,53.3,46.7,0,94.6,33,28.4,2,0
APP005878,59400.0,0.082,38600.0,53.9,46.1,3,91.1,40,27.6,2,0
APP005879,21400.0,0.237,10100.0,52.2,47.8,0,86.7,30,7.8,1,0
APP005880,31500.0,0.531,12800.0,58.7,41.3,0,85.8,41,19.8,0,0
APP005881,76600.0,0.087,20600.0,38.4,61.6,0,73.3,40,38.0,0,0
APP005882,61900.0,0.109,12200.0,41.3,58.7,0,93.0,29,15.0,1,0
APP005883,42200.0,0.518,6200.0,55.0,45.0,0,87.3,25,35.6,0,0
APP005884,79300.0,0.151,19000.0,47.1,52.9,0,97.4,26,18.3,0,0
APP005885,25900.0,0.067,17800.0,65.5,34.5,1,77.6,32,13.8,2,0
APP005886,82600.0,0.205,17200.0,52.8,47.2,4,96.9,25,36.4,0,0
APP005887,115400.0,0.066,39100.0,60.0,40.0,0,94.7,31,22.4,1,0
APP005888,90400.0,0.05,21800.0,58.8,41.2,0,80.5,24,39.4,0,0
APP005889,92000.0,0.143,30100.0,66.3,33.7,2,76.3,27,23.5,1,0
APP005890,89400.0,0.05,13200.0,37.3,62.7,4,95.9,23,12.9,1,0
APP005891,110400.0,0.242,21500.0,56.4,43.6,0,79.7,36,15.0,0,0
APP005892,192600.0,0.282,49000.0,51.8,48.2,0,85.9,30,34.9,2,1
APP005893,39400.0,0.399,25500.0,37.7,62.3,1,70.7,27,25.0,0,0
APP005894,43400.0,0.076,16100.0,52.3,47.7,0,87.2,27,37.3,0,0
APP005895,110000.0,0.458,25700.0,61.4,38.6,0,98.5,36,14.4,0,0
APP005896,65100.0,0.225,28800.0,46.9,53.1,2,91.5,30,22.1,1,2
APP005897,199900.0,0.121,44700.0,47.4,52.6,0,88.4,23,39.8,0,0
APP005898,75100.0,0.386,29200.0,56.8,43.2,0,91.0,28,25.2,0,0
APP005899,41800.0,0.388,25200.0,47.4,52.6,0,98.4,35,36.0,0,0
APP005900,27900.0,0.05,7400.0,64.5,35.5,0,87.8,28,34.8,1,0
APP005901,117000.0,0.406,21800.0,57.5,42.5,0,98.2,28,28.5,2,1
APP005902,37000.0,0.979,8800.0,60.4,39.6,0,94.3,25,10.6,0,0
APP005903,87300.0,0.05,14800.0,43.2,56.8,1,85.2,21,21.3,1,0
APP005904,37500.0,0.148,17600.0,43.1,56.9,2,71.8,35,39.1,1,0
APP005905,26500.0,0.409,10800.0,41.6,58.4,3,88.5,24,11.5,2,0
APP005906,40900.0,0.05,16100.0,47.4,52.6,0,99.3,24,9.1,0,1
APP005907,170700.0,0.472,29700.0,45.3,54.7,0,98.8,29,18.8,1,0
APP005908,46100.0,0.817,25200.0,30.3,69.7,0,87.3,32,38.5,0,0
APP005909,74700.0,0.483,27000.0,34.6,65.4,0,87.2,32,5.8,3,0
APP005910,40300.0,0.094,16400.0,40.5,59.5,0,96.2,29,14.3,1,1
APP005911,11200.0,0.05,9400.0,68.5,31.5,3,71.4,29,7.5,0,1
APP005912,66600.0,0.055,37000.0,47.1,52.9,0,98.7,38,26.7,2,0
APP005913,50200.0,0.05,21100.0,65.2,34.8,1,96.9,26,12.4,0,1
APP005914,116800.0,0.05,29900.0,31.1,68.9,0,87.7,39,23.3,1,1
APP005915,71600.0,0.05,16200.0,58.1,41.9,4,95.9,23,21.0,1,1
APP005916,89100.0,0.242,34900.0,63.8,36.2,0,93.2,25,8.7,0,0
APP005917,109400.0,0.235,22300.0,65.9,34.1,0,89.1,28,20.2,1,0
APP005918,56800.0,0.12,25000.0,35.3,64.7,0,85.7,29,18.6,0,0
APP005919,81400.0,0.204,16700.0,32.9,67.1,3,73.5,38,25.7,4,0
APP005920,28400.0,0.245,5900.0,30.0,70.0,0,96.7,37,32.8,0,1
APP005921,42600.0,0.202,7700.0,47.9,52.1,0,71.6,30,30.1,1,0
APP005922,48900.0,0.317,15000.0,69.4,30.6,0,98.1,31,15.8,0,0
APP005923,81400.0,0.992,34900.0,66.9,33.1,0,77.1,40,9.8,0,3
APP005924,186600.0,0.05,32700.0,41.1,58.9,0,93.6,31,8.8,1,0
APP005925,28900.0,0.24,20200.0,55.1,44.9,0,77.6,27,35.4,3,0
APP005926,78100.0,0.082,80600.0,45.8,54.2,1,77.0,32,22.3,4,0
APP005927,77600.0,0.131,12600.0,38.8,61.2,1,78.7,28,11.4,1,0
APP005928,158600.0,0.099,100500.0,42.5,57.5,0,84.2,31,20.1,0,1
APP005929,158100.0,0.423,41700.0,30.6,69.4,1,95.0,25,35.9,1,0
APP005930,45600.0,0.172,18700.0,43.2,56.8,0,97.0,34,10.6,1,0
APP005931,30400.0,0.106,14400.0,40.7,59.3,0,89.0,23,35.7,2,0
APP005932,20000.0,0.202,10200.0,43.5,56.5,0,76.0,25,21.1,1,1
APP005933,31200.0,1.262,25100.0,67.0,33.0,0,92.7,30,23.4,1,4
APP005934,41000.0,0.15,15200.0,65.2,34.8,0,93.7,21,31.5,0,0
APP005935,170200.0,0.514,48600.0,54.8,45.2,0,70.3,33,17.1,0,0
APP005936,69100.0,0.296,28800.0,38.0,62.0,0,77.2,27,11.6,1,0
APP005937,69000.0,0.118,12800.0,63.1,36.9,1,85.8,26,16.1,4,0
APP005938,91500.0,0.074,28600.0,56.8,43.2,0,72.9,33,18.6,2,0
APP005939,76600.0,0.05,17500.0,68.4,31.6,0,80.7,22,9.7,1,0
APP005940,37500.0,0.631,18000.0,36.1,63.9,0,91.6,27,10.6,2,0
APP005941,152700.0,0.073,25300.0,63.4,36.6,0,77.0,25,15.3,1,0
APP005942,92200.0,0.223,23700.0,38.5,61.5,1,78.3,25,33.5,1,0
APP005943,18400.0,0.519,15500.0,40.7,59.3,0,71.4,42,28.9,1,0
APP005944,40100.0,0.147,33400.0,60.2,39.8,0,72.1,39,24.9,0,0
APP005945,113000.0,0.05,28800.0,43.8,56.2,2,83.0,37,10.1,1,0
APP005946,200300.0,0.9,36900.0,63.8,36.2,1,79.0,28,12.0,0,0
APP005947,14000.0,1.27,3800.0,35.0,65.0,0,75.9,28,13.5,0,0
APP005948,23400.0,0.05,16600.0,55.3,44.7,0,89.4,28,33.7,1,0
APP005949,84700.0,1.075,31200.0,67.8,32.2,0,86.2,23,6.4,1,0
APP005950,25800.0,0.05,18600.0,61.3,38.7,0,70.6,36,32.6,0,0
APP005951,78500.0,1.049,46600.0,48.3,51.7,2,71.7,40,16.5,4,1
APP005952,93300.0,0.498,16200.0,60.0,40.0,0,76.1,30,38.8,0,0
APP005953,22600.0,0.094,12700.0,69.2,30.8,0,78.0,28,20.2,0,0
APP005954,97100.0,0.05,29400.0,69.6,30.4,0,76.0,22,37.0,2,2
APP005955,108800.0,0.266,21400.0,37.3,62.7,0,81.2,28,37.4,1,0
APP005956,58100.0,0.239,18000.0,39.9,60.1,0,87.8,26,20.2,1,0
APP005957,52000.0,0.129,25500.0,40.0,60.0,2,71.0,26,11.5,0,1
APP005958,50900.0,0.051,18300.0,37.9,62.1,1,95.6,30,27.3,0,0
APP005959,70500.0,1.224,41900.0,47.4,52.6,0,88.5,29,32.4,0,1
APP005960,85300.0,0.056,16200.0,34.3,65.7,0,83.0,27,16.1,1,1
APP005961,45300.0,0.483,24300.0,37.2,62.8,0,80.9,35,20.5,0,0
APP005962,51700.0,1.431,25300.0,50.4,49.6,0,99.6,21,18.0,3,2
APP005963,82000.0,1.501,28300.0,33.1,66.9,0,82.0,27,18.8,0,0
APP005964,102700.0,0.089,15100.0,32.3,67.7,3,97.0,50,19.5,0,0
APP005965,56200.0,0.504,21900.0,59.7,40.3,4,81.6,37,39.9,4,0
APP005966,92500.0,0.259,16100.0,48.3,51.7,0,88.9,42,14.8,1,0
APP005967,122800.0,0.1,24400.0,34.9,65.1,0,99.8,40,27.4,0,0
APP005968,66500.0,0.69,18000.0,42.0,58.0,0,71.5,28,13.2,0,3
APP005969,8900.0,0.383,6000.0,47.4,52.6,3,81.6,43,17.4,0,1
APP005970,63000.0,0.05,16700.0,47.7,52.3,0,74.1,24,31.6,0,0
APP005971,112000.0,0.211,14900.0,57.5,42.5,0,98.6,32,23.6,1,0
APP005972,96600.0,0.69,15400.0,52.5,47.5,0,97.4,30,37.7,0,1
APP005973,139100.0,0.638,28300.0,51.2,48.8,0,78.0,30,21.4,2,0
APP005974,36100.0,0.253,22000.0,44.4,55.6,2,87.3,36,17.6,1,0
APP005975,35900.0,0.533,10000.0,60.8,39.2,2,75.8,34,39.2,1,0
APP005976,52400.0,0.05,17200.0,58.6,41.4,0,93.2,26,8.3,1,0
APP005977,57000.0,0.261,13200.0,58.6,41.4,2,93.0,43,8.3,4,3
APP005978,296900.0,0.146,54100.0,48.0,52.0,0,77.0,31,36.7,2,0
APP005979,86600.0,0.207,59800.0,47.4,52.6,2,77.6,29,34.5,1,0
APP005980,42300.0,0.523,14200.0,46.9,53.1,1,71.7,30,26.1,0,0
APP005981,42300.0,1.091,10600.0,61.6,38.4,0,94.3,38,26.7,2,0
APP005982,59700.0,0.05,9300.0,65.0,35.0,0,98.4,33,28.7,0,0
APP005983,24400.0,0.05,14100.0,49.2,50.8,0,76.5,32,32.5,1,0
APP005984,155700.0,0.249,42200.0,42.5,57.5,0,81.4,32,14.5,0,0
APP005985,77500.0,0.53,13800.0,67.7,32.3,0,84.4,34,34.7,1,0
APP005986,118500.0,0.955,32100.0,57.1,42.9,0,79.8,42,36.7,0,0
APP005987,390400.0,0.499,75500.0,41.5,58.5,0,94.0,33,10.8,2,3
APP005988,79500.0,0.115,31000.0,38.1,61.9,0,91.8,36,30.2,0,0
APP005989,122400.0,0.288,40400.0,63.2,36.8,0,92.5,28,30.2,0,0
APP005990,39100.0,0.05,36400.0,61.1,38.9,0,87.7,25,35.7,0,0
APP005991,78900.0,0.608,38300.0,32.1,67.9,0,94.4,23,15.0,3,0
APP005992,26400.0,0.647,4900.0,67.3,32.7,2,90.8,23,9.8,1,0
APP005993,42200.0,0.068,40300.0,46.2,53.8,0,98.5,39,24.6,1,0
APP005994,81700.0,0.234,10400.0,65.7,34.3,1,76.2,36,8.1,1,0
APP005995,43000.0,0.316,11800.0,40.9,59.1,0,82.0,30,9.7,0,2
APP005996,41700.0,0.062,7200.0,50.4,49.6,2,94.0,30,37.5,0,2
APP005997,80700.0,0.17,21400.0,37.8,62.2,2,77.0,31,12.1,0,0
APP005998,29700.0,0.147,4200.0,32.6,67.4,0,81.4,28,21.7,1,1
APP005999,99600.0,0.171,19200.0,50.6,49.4,0,85.3,26,27.8,3,0
APP006000,64600.0,0.288,30700.0,35.1,64.9,0,75.3,33,27.1,1,2
APP006001,66600.0,0.422,29100.0,66.3,33.7,5,97.1,37,28.3,0,0
APP006002,60000.0,0.369,20700.0,66.5,33.5,0,71.1,22,37.9,1,1
APP006003,132500.0,0.05,39100.0,69.4,30.6,0,99.4,33,17.4,2,0
APP006004,34000.0,0.115,12400.0,46.9,53.1,0,77.2,25,7.8,3,0
APP006005,24200.0,0.536,23600.0,56.7,43.3,1,88.1,29,15.0,0,0
APP006006,107800.0,0.264,41600.0,50.4,49.6,0,86.4,25,14.1,0,1
APP006007,52600.0,0.05,12500.0,67.5,32.5,0,78.3,33,13.7,2,0
APP006008,23200.0,0.594,9200.0,33.1,66.9,0,94.7,33,19.9,0,0
APP006009,131300.0,0.427,60600.0,69.5,30.5,0,91.8,29,34.7,2,1
APP006010,102800.0,0.369,16900.0,66.2,33.8,0,99.9,29,21.0,1,0
APP006011,81100.0,0.271,18100.0,32.1,67.9,0,83.4,33,15.2,0,0
APP006012,127500.0,0.88,26100.0,38.0,62.0,0,98.9,34,21.4,1,0
APP006013,81200.0,0.361,25700.0,37.5,62.5,0,76.2,47,7.6,0,0
APP006014,72000.0,0.2,17700.0,30.7,69.3,1,90.4,31,21.1,0,0
APP006015,33300.0,0.109,12100.0,44.1,55.9,1,94.7,34,17.6,0,0
APP006016,11800.0,0.249,5800.0,37.9,62.1,0,91.5,24,23.4,2,0
APP006017,150100.0,0.208,31500.0,43.3,56.7,0,93.2,36,7.7,0,0
APP006018,14200.0,0.178,14200.0,52.5,47.5,3,78.5,22,24.3,0,1
APP006019,50100.0,0.173,14700.0,66.1,33.9,2,94.0,30,23.0,1,0
APP006020,47500.0,0.056,16000.0,65.0,35.0,0,90.4,25,18.3,1,1
APP006021,56800.0,0.334,30900.0,38.7,61.3,3,82.5,25,18.4,0,0
APP006022,126400.0,0.329,34500.0,57.3,42.7,2,78.8,35,12.6,0,1
APP006023,40800.0,0.05,23300.0,44.7,55.3,0,83.3,25,19.9,2,0
APP006024,92500.0,0.271,15500.0,62.2,37.8,0,87.8,26,31.6,0,1
APP006025,165800.0,0.05,35500.0,35.8,64.2,1,76.3,25,19.8,1,0
APP006026,12300.0,0.093,7500.0,51.5,48.5,0,99.2,21,10.1,2,0
APP006027,146600.0,0.322,49400.0,55.6,44.4,0,85.4,33,25.6,1,1
APP006028,53200.0,0.092,48400.0,60.5,39.5,1,86.1,28,34.6,1,0
APP006029,85600.0,0.586,44600.0,64.5,35.5,0,85.6,24,28.2,1,0
APP006030,33600.0,0.182,16000.0,33.0,67.0,0,99.3,42,12.7,0,1
APP006031,20900.0,0.396,7400.0,43.1,56.9,0,81.1,29,13.1,0,0
APP006032,125900.0,0.622,30800.0,51.2,48.8,0,86.2,32,32.1,0,1
APP006033,37000.0,0.091,38800.0,48.9,51.1,0,73.5,30,22.4,2,0
APP006034,54900.0,0.351,38400.0,66.1,33.9,0,82.8,38,23.0,1,2
APP006035,150500.0,1.054,43500.0,32.4,67.6,0,84.7,31,37.0,2,0
APP006036,144600.0,0.05,33700.0,40.8,59.2,1,95.6,19,17.5,1,1
APP006037,26700.0,0.054,7000.0,62.9,37.1,0,78.7,29,27.0,0,0
APP006038,221300.0,0.283,83600.0,32.0,68.0,0,80.4,35,9.9,2,0
APP006039,75800.0,0.248,24000.0,52.3,47.7,3,97.9,22,28.6,0,2
APP006040,26700.0,0.092,19400.0,48.9,51.1,1,93.1,31,36.4,1,0
APP006041,286400.0,0.221,47800.0,30.3,69.7,0,97.9,37,14.5,1,0
APP006042,89700.0,0.346,37400.0,61.1,38.9,0,87.1,45,30.2,0,0
APP006043,68200.0,0.839,12000.0,65.6,34.4,0,75.6,22,14.3,3,0
APP006044,40700.0,0.05,31500.0,45.1,54.9,0,85.7,29,39.6,1,2
APP006045,8100.0,0.061,3900.0,37.8,62.2,0,85.8,38,8.8,2,0
APP006046,76900.0,0.05,28700.0,37.1,62.9,4,74.6,32,32.8,0,0
APP006047,26000.0,0.148,14000.0,53.3,46.7,0,96.1,26,24.4,2,0
APP006048,156200.0,0.379,29400.0,48.4,51.6,2,94.1,25,31.2,1,0
APP006049,61200.0,0.071,26500.0,37.2,62.8,1,98.8,26,37.8,3,0
APP006050,160000.0,0.093,42300.0,39.8,60.2,1,91.9,26,14.5,3,0
APP006051,268300.0,0.411,68900.0,45.5,54.5,0,92.1,32,16.8,1,1
APP006052,83500.0,0.145,25400.0,61.7,38.3,0,87.6,28,29.1,1,0
APP006053,55800.0,0.169,31100.0,59.5,40.5,0,92.6,39,7.9,1,1
APP006054,50500.0,0.071,29100.0,68.3,31.7,2,79.1,35,29.5,0,1
APP006055,133800.0,0.375,47900.0,40.0,60.0,0,74.0,25,38.5,2,0
APP006056,55800.0,0.397,28700.0,64.6,35.4,2,84.3,23,18.7,0,2
APP006057,58000.0,0.098,16800.0,56.4,43.6,0,73.8,31,35.5,2,4
APP006058,59800.0,0.05,22700.0,67.6,32.4,0,98.8,31,20.3,1,2
APP006059,46800.0,0.115,14800.0,49.4,50.6,0,72.2,30,17.4,1,0
APP006060,92400.0,0.101,37600.0,44.0,56.0,2,88.5,29,18.2,1,1
APP006061,35600.0,0.05,23800.0,32.6,67.4,1,91.1,33,14.2,2,0
APP006062,70900.0,0.66,25000.0,52.5,47.5,0,82.6,33,14.1,1,0
APP006063,35800.0,0.05,23300.0,49.4,50.6,3,71.0,31,19.8,1,0
APP006064,83700.0,0.05,39800.0,44.8,55.2,0,74.2,32,15.1,0,0
APP006065,146200.0,0.111,20300.0,30.7,69.3,1,91.4,33,23.4,1,0
APP006066,170200.0,0.284,67300.0,68.0,32.0,0,77.4,30,15.9,0,1
APP006067,81500.0,0.05,21900.0,68.7,31.3,0,91.5,26,29.6,0,0
APP006068,29200.0,0.058,19000.0,38.3,61.7,0,72.4,32,8.1,0,0
APP006069,107600.0,0.107,23200.0,57.5,42.5,0,89.7,32,5.2,1,0
APP006070,92500.0,0.43,37500.0,40.6,59.4,0,80.6,39,27.0,0,0
APP006071,150400.0,0.089,33900.0,57.2,42.8,0,97.6,29,32.2,1,0
APP006072,87600.0,0.05,50400.0,46.2,53.8,1,88.5,34,8.9,0,0
APP006073,128500.0,0.112,21900.0,54.1,45.9,0,79.6,31,5.3,2,1
APP006074,75600.0,0.052,14100.0,67.8,32.2,0,85.4,26,33.6,0,0
APP006075,70400.0,0.64,15400.0,31.1,68.9,0,70.9,27,15.0,2,1
APP006076,109800.0,0.451,24000.0,51.9,48.1,1,100.0,27,39.8,0,1
APP006077,118100.0,0.287,40500.0,55.0,45.0,0,96.4,28,30.9,1,0
APP006078,107200.0,0.243,24200.0,30.4,69.6,0,98.3,29,29.1,2,0
APP006079,79400.0,0.154,18400.0,44.1,55.9,1,77.4,38,5.4,3,0
APP006080,26600.0,0.583,26100.0,61.0,39.0,0,81.3,23,36.8,1,3
APP006081,165300.0,0.319,36500.0,63.7,36.3,0,81.5,24,33.3,2,0
APP006082,36200.0,0.688,25600.0,46.1,53.9,0,74.5,28,14.0,0,0
APP006083,53100.0,0.289,35800.0,35.1,64.9,1,91.1,38,39.8,0,1
APP006084,125800.0,0.677,25400.0,38.9,61.1,2,83.0,28,32.6,0,0
APP006085,60100.0,0.277,43900.0,36.5,63.5,0,80.8,24,24.4,1,2
APP006086,50000.0,0.054,29800.0,58.2,41.8,1,95.2,26,27.1,1,1
APP006087,35500.0,0.382,23500.0,41.2,58.8,0,93.2,31,32.4,2,0
APP006088,40400.0,0.229,8300.0,35.7,64.3,1,85.1,34,17.2,3,0
APP006089,65400.0,0.318,13000.0,59.5,40.5,0,81.0,26,12.9,1,0
APP006090,7800.0,0.852,7400.0,41.4,58.6,3,88.3,34,21.5,0,0
APP006091,228300.0,0.741,49000.0,32.6,67.4,1,73.1,26,5.6,1,0
APP006092,27700.0,0.05,6900.0,46.1,53.9,5,82.4,27,34.2,0,0
APP006093,44400.0,0.132,16400.0,45.7,54.3,0,90.8,26,17.9,0,4
APP006094,81000.0,0.699,19600.0,56.8,43.2,0,83.4,31,12.0,1,0
APP006095,43200.0,0.638,11200.0,48.1,51.9,0,88.9,27,30.4,4,0
APP006096,118600.0,0.751,85100.0,45.5,54.5,1,76.2,31,36.5,0,0
APP006097,91200.0,0.064,33600.0,34.8,65.2,0,75.2,36,29.2,0,0
APP006098,105100.0,0.092,14300.0,40.2,59.8,0,98.5,24,22.4,2,0
APP006099,81700.0,0.111,68400.0,40.0,60.0,1,93.9,28,38.6,0,0
APP006100,67100.0,0.624,30700.0,69.3,30.7,1,74.8,42,6.2,0,0
APP006101,35300.0,0.649,14600.0,67.4,32.6,0,72.9,32,12.8,0,0
APP006102,64900.0,0.074,15700.0,30.7,69.3,0,97.5,23,38.7,0,1
APP006103,26200.0,0.318,20600.0,48.3,51.7,2,77.6,30,14.2,0,0
APP006104,81000.0,0.05,27400.0,39.7,60.3,3,83.0,32,23.8,0,0
APP006105,117000.0,0.161,32900.0,42.9,57.1,0,76.1,17,9.3,0,0
APP006106,24900.0,0.573,19500.0,47.0,53.0,0,98.7,41,39.7,1,0
APP006107,34900.0,0.05,12800.0,57.1,42.9,4,90.1,32,20.5,0,0
APP006108,155400.0,0.202,34500.0,42.0,58.0,1,87.9,27,24.3,3,4
APP006109,151700.0,0.657,38500.0,61.8,38.2,4,95.9,34,38.3,1,1
APP006110,8200.0,0.505,6600.0,31.2,68.8,0,95.3,28,26.4,2,0
APP006111,60700.0,0.05,21400.0,68.7,31.3,0,94.3,22,29.9,1,0
APP006112,151600.0,0.083,56400.0,59.3,40.7,0,71.7,33,34.1,3,0
APP006113,55200.0,0.626,20600.0,43.7,56.3,3,85.8,27,21.6,0,0
APP006114,48900.0,1.294,11000.0,57.9,42.1,2,81.5,28,28.9,0,1
APP006115,71800.0,0.217,20500.0,69.4,30.6,2,82.0,43,23.5,0,0
APP006116,181600.0,0.064,25500.0,37.1,62.9,0,76.9,33,21.1,2,0
APP006117,124100.0,0.166,24600.0,51.2,48.8,1,87.4,24,6.2,3,0
APP006118,37200.0,0.202,31300.0,50.6,49.4,0,73.2,25,5.9,1,1
APP006119,94900.0,1.025,23000.0,53.6,46.4,0,98.1,20,15.0,1,2
APP006120,270800.0,0.194,95600.0,55.8,44.2,5,93.4,29,20.7,1,0
APP006121,170400.0,0.463,44800.0,59.9,40.1,0,86.2,35,23.6,1,0
APP006122,132400.0,0.504,56900.0,54.8,45.2,0,89.1,29,12.2,1,0
APP006123,62500.0,0.254,28100.0,33.7,66.3,2,90.9,30,16.5,2,0
APP006124,45500.0,0.114,18300.0,62.4,37.6,3,70.8,33,28.5,2,0
APP006125,55400.0,0.172,10800.0,50.0,50.0,0,88.1,36,19.0,4,0
APP006126,94900.0,0.809,25400.0,35.7,64.3,1,77.4,36,5.8,1,0
APP006127,157400.0,0.186,41400.0,42.0,58.0,0,90.9,29,33.0,0,0
APP006128,80800.0,0.865,13400.0,39.4,60.6,0,77.0,31,38.8,1,0
APP006129,58200.0,0.566,32600.0,40.1,59.9,1,75.9,29,17.4,4,0
APP006130,29600.0,0.158,18300.0,51.5,48.5,0,91.7,25,26.8,0,0
APP006131,192100.0,1.027,30900.0,69.0,31.0,1,92.9,29,7.8,0,1
APP006132,155800.0,0.571,39500.0,47.6,52.4,0,74.6,28,9.8,1,0
APP006133,102300.0,0.392,44500.0,36.6,63.4,0,93.1,35,20.4,1,0
APP006134,185800.0,0.097,52800.0,45.0,55.0,0,99.2,45,19.6,0,0
APP006135,88000.0,0.182,39100.0,58.7,41.3,0,90.6,33,5.4,0,0
APP006136,72100.0,0.05,17800.0,64.8,35.2,0,84.0,27,13.0,1,4
APP006137,72600.0,1.034,47400.0,48.6,51.4,2,74.5,28,8.4,0,0
APP006138,51900.0,0.124,29400.0,48.7,51.3,0,75.4,34,39.2,2,0
APP006139,36300.0,0.464,45300.0,44.8,55.2,0,85.0,24,12.6,1,0
APP006140,29300.0,0.325,6500.0,55.5,44.5,0,84.2,28,32.1,0,0
APP006141,19800.0,0.525,20400.0,50.1,49.9,0,95.3,35,33.1,2,0
APP006142,31300.0,0.24,35900.0,42.1,57.9,0,85.3,29,29.5,0,0
APP006143,78700.0,0.506,15600.0,49.3,50.7,0,82.9,41,29.4,0,1
APP006144,114000.0,0.131,25000.0,30.8,69.2,0,73.9,35,6.2,0,3
APP006145,37600.0,0.481,27100.0,54.0,46.0,0,80.1,28,14.3,1,0
APP006146,184700.0,0.05,27600.0,54.4,45.6,0,78.6,32,23.4,1,0
APP006147,37300.0,0.623,17300.0,60.8,39.2,0,73.4,28,6.2,1,0
APP006148,147500.0,0.368,42100.0,65.6,34.4,0,83.6,32,16.2,0,1
APP006149,133200.0,1.375,50900.0,43.6,56.4,0,73.1,28,15.4,5,0
APP006150,43000.0,0.051,18400.0,32.4,67.6,0,90.0,31,39.6,1,0
APP006151,74800.0,0.091,13400.0,43.7,56.3,0,95.0,28,21.9,1,0
APP006152,111300.0,0.05,33700.0,67.9,32.1,0,96.5,19,12.6,1,2
APP006153,100800.0,0.165,31800.0,40.4,59.6,3,79.2,33,37.6,0,0
APP006154,40900.0,0.16,29700.0,55.7,44.3,2,79.1,37,29.4,0,0
APP006155,73600.0,0.114,19500.0,35.3,64.7,0,71.4,34,34.9,1,2
APP006156,10200.0,0.401,6000.0,46.5,53.5,0,97.7,26,23.4,0,1
APP006157,58000.0,0.725,17800.0,58.2,41.8,0,70.2,24,26.4,2,0
APP006158,38700.0,0.05,32500.0,46.3,53.7,0,85.1,28,7.7,2,0
APP006159,45900.0,0.267,13700.0,46.9,53.1,0,77.4,35,28.7,1,2
APP006160,53000.0,0.176,24600.0,36.1,63.9,0,85.6,33,20.7,1,0
APP006161,81700.0,0.273,19700.0,65.8,34.2,0,92.9,30,18.6,0,1
APP006162,104100.0,0.202,30000.0,41.5,58.5,0,87.6,31,26.7,0,0
APP006163,30200.0,0.395,10700.0,64.7,35.3,0,82.7,28,22.6,2,1
APP006164,47100.0,0.298,19400.0,37.9,62.1,0,94.6,23,33.2,1,0
APP006165,83800.0,0.591,52200.0,30.3,69.7,0,70.7,26,6.8,2,1
APP006166,170400.0,0.871,26200.0,61.6,38.4,0,72.0,28,23.8,3,0
APP006167,199400.0,0.198,29000.0,34.6,65.4,1,79.3,38,34.2,1,1
APP006168,109500.0,1.113,26400.0,46.3,53.7,0,74.4,19,37.9,2,0
APP006169,37000.0,0.05,6000.0,43.4,56.6,0,95.1,27,20.3,0,0
APP006170,53500.0,0.312,13200.0,44.1,55.9,0,93.5,32,39.6,0,0
APP006171,57200.0,0.05,13300.0,34.4,65.6,1,94.1,26,11.4,0,2
APP006172,38300.0,0.931,34000.0,41.3,58.7,0,82.5,40,18.3,2,0
APP006173,157900.0,0.838,31300.0,58.2,41.8,0,99.3,30,39.6,2,0
APP006174,92400.0,0.1,21000.0,66.9,33.1,2,89.9,30,12.7,0,0
APP006175,182200.0,0.474,43700.0,39.9,60.1,1,84.3,30,17.1,3,0
APP006176,99300.0,0.345,34800.0,34.2,65.8,0,99.5,26,33.5,2,0
APP006177,229600.0,0.179,27200.0,50.8,49.2,0,89.7,38,9.8,1,0
APP006178,119500.0,0.283,38800.0,47.8,52.2,0,99.9,40,25.2,2,2
APP006179,119000.0,0.174,43000.0,38.9,61.1,0,82.8,31,7.7,1,1
APP006180,32700.0,0.157,16100.0,40.9,59.1,0,82.0,35,39.7,1,0
APP006181,83300.0,0.184,36700.0,69.2,30.8,0,76.6,30,7.6,2,0
APP006182,167100.0,0.414,41100.0,51.0,49.0,1,76.3,25,11.2,2,1
APP006183,52000.0,0.287,23300.0,57.1,42.9,2,95.9,28,24.9,2,0
APP006184,124300.0,0.125,28100.0,59.2,40.8,1,98.5,32,32.0,1,0
APP006185,85300.0,0.138,10600.0,39.2,60.8,0,94.2,30,10.1,1,0
APP006186,34300.0,0.087,6400.0,62.7,37.3,3,85.1,24,27.4,2,0
APP006187,90900.0,0.119,14200.0,39.3,60.7,1,94.6,29,18.8,4,0
APP006188,5800.0,0.181,6900.0,43.4,56.6,2,79.8,32,20.6,2,0
APP006189,50100.0,1.235,22500.0,40.7,59.3,1,85.4,27,15.9,0,0
APP006190,95600.0,0.291,39200.0,31.9,68.1,0,78.9,26,33.0,1,0
APP006191,87100.0,0.167,49100.0,61.9,38.1,0,86.0,31,8.4,0,0
APP006192,47100.0,0.255,18500.0,53.2,46.8,0,95.5,23,28.1,0,0
APP006193,31000.0,0.14,6500.0,35.6,64.4,2,96.0,28,33.5,1,0
APP006194,77200.0,0.135,30400.0,63.8,36.2,1,82.6,34,24.9,0,0
APP006195,133500.0,0.156,16800.0,36.5,63.5,0,77.1,29,13.3,2,0
APP006196,106700.0,0.079,22900.0,31.6,68.4,0,74.6,18,25.6,1,1
APP006197,54600.0,0.292,28200.0,35.9,64.1,1,81.3,36,26.7,0,0
APP006198,21300.0,0.59,15200.0,51.3,48.7,0,71.0,28,16.5,0,0
APP006199,51200.0,0.05,11800.0,68.2,31.8,0,87.3,22,35.2,0,1
APP006200,35000.0,0.294,23600.0,52.9,47.1,0,86.1,31,11.1,1,0
APP006201,126100.0,0.302,19900.0,35.3,64.7,0,70.2,35,32.9,1,0
APP006202,126400.0,0.084,47100.0,69.2,30.8,0,97.0,27,19.2,0,1
APP006203,60800.0,0.127,27100.0,36.3,63.7,0,96.7,25,28.3,1,0
APP006204,17500.0,0.162,21000.0,50.9,49.1,2,80.1,27,10.1,1,1
APP006205,434600.0,0.126,71200.0,58.6,41.4,0,79.0,29,29.1,0,0
APP006206,195200.0,0.05,30800.0,54.9,45.1,0,86.5,23,10.0,0,0
APP006207,66300.0,0.256,15400.0,37.9,62.1,3,78.0,16,28.6,0,0
APP006208,251500.0,0.173,65100.0,37.6,62.4,0,98.5,25,34.6,2,0
APP006209,118000.0,0.05,38400.0,47.9,52.1,0,70.5,30,22.2,0,0
APP006210,86100.0,0.532,33200.0,53.2,46.8,2,75.9,24,16.4,0,1
APP006211,51400.0,0.05,13000.0,52.1,47.9,0,80.6,31,28.8,1,0
APP006212,46500.0,0.25,10800.0,34.7,65.3,0,91.8,30,25.1,3,1
APP006213,51100.0,0.489,56400.0,66.4,33.6,1,99.7,38,32.4,1,0
APP006214,142700.0,0.066,27400.0,51.5,48.5,0,76.4,25,37.6,0,1
APP006215,142500.0,0.05,20800.0,35.8,64.2,0,93.8,34,11.1,3,0
APP006216,49100.0,0.537,17900.0,47.3,52.7,0,90.1,34,37.7,1,0
APP006217,87600.0,0.384,17600.0,66.5,33.5,1,82.5,28,14.6,0,0
APP006218,137300.0,0.05,31300.0,44.4,55.6,0,86.2,37,22.4,1,0
APP006219,90300.0,0.304,46000.0,54.0,46.0,0,86.0,30,31.5,2,0
APP006220,57200.0,0.13,18600.0,32.3,67.7,2,89.7,32,28.2,3,0
APP006221,42100.0,0.41,14600.0,50.2,49.8,0,87.1,32,28.4,0,1
APP006222,27200.0,0.08,16000.0,33.3,66.7,0,75.3,24,19.7,2,0
APP006223,46400.0,0.05,11000.0,68.3,31.7,0,72.7,29,36.7,3,2
APP006224,41100.0,0.05,15500.0,39.1,60.9,0,84.5,31,14.4,2,0
APP006225,292800.0,0.075,58900.0,57.6,42.4,0,79.6,27,7.5,0,0
APP006226,69500.0,0.076,32600.0,51.5,48.5,0,85.3,31,22.1,1,0
APP006227,91100.0,0.4,21300.0,53.3,46.7,0,73.9,27,8.5,1,0
APP006228,17100.0,0.623,17000.0,50.5,49.5,1,72.8,40,19.7,0,0
APP006229,18000.0,0.05,10600.0,47.0,53.0,0,87.5,29,7.0,0,0
APP006230,62200.0,0.478,18600.0,41.9,58.1,0,87.7,29,20.5,0,1
APP006231,211900.0,0.051,95700.0,68.4,31.6,0,74.2,37,13.7,2,2
APP006232,101700.0,0.05,23500.0,53.3,46.7,0,79.8,35,34.7,2,0
APP006233,48300.0,0.05,24100.0,59.5,40.5,0,74.6,32,31.4,1,0
APP006234,68000.0,0.32,16800.0,59.4,40.6,0,71.0,30,28.7,1,0
APP006235,51500.0,0.136,15000.0,55.3,44.7,0,96.7,36,19.9,0,0
APP006236,92600.0,0.112,81400.0,69.3,30.7,0,98.8,25,13.8,0,0
APP006237,19000.0,0.633,13500.0,32.0,68.0,0,89.7,24,27.5,4,0
APP006238,101400.0,0.566,50100.0,54.4,45.6,0,97.4,31,14.4,0,0
APP006239,124600.0,0.05,22100.0,64.7,35.3,1,81.0,32,29.6,0,0
APP006240,324400.0,0.097,62100.0,46.0,54.0,0,73.8,40,17.5,2,0
APP006241,44100.0,0.18,25400.0,53.2,46.8,0,92.6,26,37.9,1,0
APP006242,161100.0,0.05,37300.0,50.9,49.1,0,91.1,32,20.0,2,0
APP006243,156900.0,0.638,19600.0,51.3,48.7,0,71.0,35,13.8,1,0
APP006244,18900.0,0.112,7300.0,47.5,52.5,0,77.0,44,5.2,1,0
APP006245,23500.0,0.368,12700.0,30.6,69.4,0,87.5,33,15.4,1,0
APP006246,100400.0,0.05,34800.0,55.4,44.6,0,77.8,36,8.2,2,3
APP006247,360600.0,0.179,69400.0,58.7,41.3,5,95.9,39,31.8,3,0
APP006248,312200.0,0.075,57400.0,45.7,54.3,0,71.4,35,11.5,0,0
APP006249,28200.0,0.097,23800.0,69.9,30.1,0,72.7,23,9.7,0,1
APP006250,421800.0,0.238,60600.0,69.0,31.0,1,90.6,25,37.1,1,0
APP006251,15900.0,0.05,8800.0,42.3,57.7,1,71.6,28,23.4,2,0
APP006252,86700.0,0.05,32200.0,35.0,65.0,2,73.6,32,9.0,2,0
APP006253,219100.0,0.105,44300.0,30.5,69.5,0,93.6,33,38.7,0,0
APP006254,103600.0,0.05,29400.0,32.3,67.7,0,82.7,33,34.8,0,0
APP006255,34000.0,0.256,15900.0,50.8,49.2,0,99.4,30,19.3,1,0
APP006256,73500.0,1.102,12400.0,31.4,68.6,0,80.3,27,7.4,0,0
APP006257,190700.0,0.065,76000.0,60.6,39.4,0,78.8,40,18.5,1,0
APP006258,182400.0,0.947,29800.0,38.7,61.3,0,82.4,33,7.7,0,1
APP006259,33300.0,0.923,12900.0,38.2,61.8,0,78.7,25,22.5,2,1
APP006260,111900.0,0.748,21400.0,54.6,45.4,0,83.7,39,26.7,0,2
APP006261,41800.0,0.169,10600.0,42.9,57.1,0,87.0,28,20.2,1,0
APP006262,149600.0,0.298,20900.0,34.1,65.9,0,99.1,25,17.8,2,0
APP006263,331600.0,0.408,96100.0,49.4,50.6,0,81.6,30,21.0,1,0
APP006264,43600.0,0.173,11000.0,59.1,40.9,1,98.5,26,20.1,1,0
APP006265,48800.0,0.701,23600.0,51.1,48.9,0,83.6,43,5.4,0,0
APP006266,27900.0,0.44,5600.0,43.8,56.2,0,94.4,30,9.0,0,0
APP006267,59300.0,1.135,15400.0,69.6,30.4,3,95.5,29,23.0,1,0
APP006268,112900.0,0.137,17200.0,51.2,48.8,1,75.5,36,38.0,0,0
APP006269,22800.0,0.291,16300.0,54.3,45.7,0,95.8,35,39.1,0,0
APP006270,153700.0,0.28,62500.0,63.5,36.5,0,98.6,21,31.5,1,0
APP006271,125400.0,0.712,29400.0,31.7,68.3,0,88.2,26,24.2,2,0
APP006272,113000.0,0.18,26300.0,51.9,48.1,0,98.4,32,34.0,0,0
APP006273,29700.0,0.386,15000.0,49.7,50.3,1,93.0,36,25.9,1,0
APP006274,24300.0,0.156,22100.0,55.8,44.2,2,98.5,27,38.3,1,0
APP006275,64500.0,0.106,23600.0,31.8,68.2,1,83.7,37,38.7,1,0
APP006276,71700.0,0.05,25400.0,36.3,63.7,1,72.1,26,39.2,1,0
APP006277,93200.0,0.386,27300.0,70.0,30.0,0,70.3,31,19.3,2,0
APP006278,170700.0,0.135,21900.0,40.7,59.3,0,85.8,23,9.3,0,0
APP006279,9400.0,0.105,8600.0,32.2,67.8,0,94.1,35,16.6,0,1
APP006280,80800.0,0.373,18600.0,68.1,31.9,3,90.5,21,18.6,2,0
APP006281,123400.0,0.061,30200.0,66.3,33.7,0,99.4,35,24.7,0,1
APP006282,62900.0,0.094,24200.0,44.0,56.0,1,79.8,38,11.7,1,0
APP006283,44900.0,0.3,23800.0,36.1,63.9,0,89.7,36,13.5,1,0
APP006284,23200.0,0.118,8800.0,62.6,37.4,2,81.1,41,9.2,1,0
APP006285,13700.0,0.069,10600.0,67.6,32.4,0,74.6,22,24.7,2,0
APP006286,21900.0,0.364,10700.0,39.1,60.9,0,72.3,34,5.1,5,1
APP006287,71400.0,0.05,16300.0,41.1,58.9,0,96.2,28,32.2,0,0
APP006288,26900.0,0.08,11900.0,38.9,61.1,1,91.6,40,37.4,0,0
APP006289,147000.0,0.189,30600.0,50.2,49.8,1,96.6,22,23.1,2,0
APP006290,31200.0,0.822,15700.0,51.6,48.4,0,72.8,33,15.7,3,1
APP006291,73000.0,0.109,57600.0,50.7,49.3,0,79.3,40,14.2,0,1
APP006292,61100.0,0.265,31500.0,35.4,64.6,0,86.6,26,15.4,1,0
APP006293,69800.0,0.177,20900.0,63.8,36.2,2,99.0,31,39.6,0,0
APP006294,95000.0,0.709,26600.0,45.4,54.6,0,88.8,16,31.8,0,1
APP006295,244900.0,0.473,31400.0,36.1,63.9,1,94.9,31,23.8,1,0
APP006296,12900.0,0.574,7300.0,56.3,43.7,1,97.7,27,18.3,1,2
APP006297,111000.0,0.196,20100.0,63.9,36.1,0,88.3,34,38.8,0,0
APP006298,159400.0,0.546,35100.0,47.5,52.5,5,82.1,25,34.7,1,1
APP006299,90700.0,0.121,14900.0,38.4,61.6,0,98.6,31,26.1,2,0
APP006300,139700.0,0.089,34500.0,55.3,44.7,2,99.3,28,36.2,0,1
APP006301,26600.0,0.05,18500.0,62.4,37.6,0,99.7,35,24.8,1,0
APP006302,58900.0,0.468,9700.0,44.6,55.4,0,95.9,29,10.8,1,0
APP006303,111100.0,0.084,46300.0,62.9,37.1,0,86.8,29,22.3,1,1
APP006304,315500.0,0.05,86600.0,53.8,46.2,3,92.1,26,25.8,0,1
APP006305,308300.0,0.069,65100.0,50.0,50.0,1,72.9,31,32.7,0,2
APP006306,22300.0,0.196,6100.0,66.3,33.7,0,76.2,27,8.8,0,3
APP006307,85300.0,0.297,19300.0,65.2,34.8,2,85.5,31,38.1,5,1
APP006308,41100.0,0.272,6900.0,62.4,37.6,1,85.6,27,6.9,3,1
APP006309,112700.0,0.061,29100.0,51.2,48.8,0,78.2,37,23.9,1,0
APP006310,17100.0,0.603,7800.0,65.3,34.7,1,88.0,33,39.0,1,0
APP006311,64000.0,0.32,12100.0,41.2,58.8,3,76.9,26,35.7,0,0
APP006312,42900.0,0.454,25600.0,55.7,44.3,0,94.7,38,13.5,2,0
APP006313,102100.0,0.666,29500.0,65.6,34.4,0,79.0,30,6.1,1,0
APP006314,96800.0,0.217,25500.0,65.7,34.3,0,77.1,39,33.4,1,0
APP006315,33200.0,0.084,33400.0,32.8,67.2,1,89.6,35,23.9,2,0
APP006316,78400.0,0.275,39400.0,40.2,59.8,0,92.3,31,7.5,0,0
APP006317,73400.0,0.672,38100.0,41.4,58.6,0,89.6,33,20.0,1,1
APP006318,62500.0,0.05,20400.0,33.2,66.8,0,88.9,31,26.6,0,0
APP006319,19600.0,0.771,17500.0,55.6,44.4,1,99.3,41,13.1,0,0
APP006320,50200.0,0.184,28800.0,67.8,32.2,2,81.7,42,5.2,0,0
APP006321,108800.0,0.613,28800.0,36.8,63.2,1,74.9,30,14.4,1,3
APP006322,135600.0,0.324,30900.0,54.6,45.4,0,91.2,26,18.1,0,0
APP006323,110600.0,0.884,33000.0,45.3,54.7,0,83.9,21,13.6,1,0
APP006324,10000.0,0.172,6200.0,67.5,32.5,0,85.8,18,39.8,1,1
APP006325,133600.0,0.05,25300.0,65.9,34.1,0,90.8,35,10.8,1,0
APP006326,162600.0,0.342,38800.0,37.2,62.8,1,79.0,31,10.1,2,0
APP006327,71900.0,0.36,21200.0,69.1,30.9,0,94.1,35,19.3,2,0
APP006328,28700.0,0.214,14600.0,53.3,46.7,0,85.8,22,32.4,2,0
APP006329,41400.0,1.017,7400.0,38.7,61.3,0,76.4,42,9.6,2,0
APP006330,64200.0,0.457,15000.0,69.0,31.0,0,79.5,32,16.4,2,0
APP006331,26600.0,0.172,12900.0,51.7,48.3,0,70.4,25,25.3,0,2
APP006332,127400.0,0.05,20800.0,48.1,51.9,2,87.9,24,10.8,3,0
APP006333,25800.0,0.723,5000.0,36.3,63.7,0,86.6,26,7.7,1,0
APP006334,38600.0,0.264,8000.0,62.3,37.7,0,95.3,24,34.5,3,0
APP006335,100300.0,0.682,27100.0,69.4,30.6,0,81.3,35,21.3,2,0
APP006336,105200.0,0.163,16500.0,50.8,49.2,0,76.0,36,26.5,1,2
APP006337,12500.0,0.161,6700.0,42.7,57.3,0,92.8,19,17.4,4,0
APP006338,30500.0,0.05,15500.0,62.7,37.3,1,78.7,35,16.8,0,0
APP006339,34100.0,0.503,14400.0,66.2,33.8,1,87.9,38,34.7,0,0
APP006340,35600.0,0.076,10600.0,39.0,61.0,0,93.8,26,30.8,0,0
APP006341,104200.0,0.349,20400.0,45.5,54.5,1,91.6,27,32.4,0,1
APP006342,91800.0,0.186,16700.0,34.3,65.7,0,71.9,35,25.8,1,0
APP006343,60100.0,0.095,11300.0,54.3,45.7,0,73.0,34,15.5,0,0
APP006344,127700.0,0.28,23800.0,31.6,68.4,0,80.0,34,8.7,3,1
APP006345,65700.0,0.811,15900.0,42.0,58.0,0,88.9,33,11.1,3,0
APP006346,141300.0,0.23,41800.0,67.4,32.6,1,87.2,32,35.9,3,0
APP006347,28400.0,0.062,5500.0,43.4,56.6,0,79.1,39,10.1,2,0
APP006348,126000.0,1.374,48500.0,58.5,41.5,0,76.7,31,7.7,3,0
APP006349,75800.0,0.38,18600.0,36.3,63.7,1,92.7,37,26.3,1,0
APP006350,117600.0,0.082,25700.0,37.8,62.2,0,81.4,32,25.4,1,0
APP006351,152000.0,0.088,22300.0,57.4,42.6,0,81.6,36,39.8,0,1
APP006352,45500.0,0.397,23300.0,68.4,31.6,0,87.1,32,30.4,1,0
APP006353,176800.0,0.067,22500.0,50.2,49.8,0,81.7,18,33.7,0,1
APP006354,105000.0,0.288,16800.0,43.8,56.2,0,96.8,28,24.2,1,0
APP006355,77300.0,0.095,28000.0,39.2,60.8,1,80.3,29,38.5,0,0
APP006356,144600.0,0.482,25900.0,63.6,36.4,0,78.4,29,10.0,1,0
APP006357,85300.0,0.797,17000.0,39.6,60.4,5,98.9,32,11.6,0,0
APP006358,183700.0,0.126,37400.0,52.4,47.6,1,94.3,25,31.6,2,1
APP006359,70000.0,0.101,37100.0,68.8,31.2,4,88.4,31,30.8,4,0
APP006360,19600.0,0.261,10000.0,56.6,43.4,0,91.5,29,21.0,3,0
APP006361,66000.0,0.374,13000.0,52.6,47.4,0,83.2,31,23.1,0,2
APP006362,175200.0,0.224,22100.0,52.6,47.4,0,83.4,27,10.6,0,1
APP006363,42800.0,0.157,15300.0,36.1,63.9,3,89.2,34,26.7,3,0
APP006364,37600.0,0.119,21500.0,61.8,38.2,1,90.8,31,15.5,0,1
APP006365,7700.0,0.148,5000.0,38.6,61.4,0,82.1,34,10.8,1,4
APP006366,39700.0,0.147,15300.0,32.1,67.9,0,98.0,18,20.1,1,1
APP006367,124100.0,0.553,26200.0,54.9,45.1,0,82.1,27,24.6,1,0
APP006368,104800.0,0.493,19200.0,36.7,63.3,0,74.5,27,20.7,0,0
APP006369,70300.0,0.245,14100.0,59.5,40.5,0,97.2,37,9.9,1,0
APP006370,8000.0,1.078,6400.0,43.5,56.5,0,88.7,30,28.9,2,0
APP006371,21000.0,0.054,17100.0,45.0,55.0,0,85.1,35,22.5,2,0
APP006372,75900.0,0.806,15600.0,34.6,65.4,0,77.9,32,26.8,1,2
APP006373,42600.0,0.239,7400.0,64.3,35.7,0,76.3,40,37.1,1,0
APP006374,39800.0,0.712,52900.0,63.3,36.7,0,86.9,32,31.4,2,0
APP006375,25700.0,0.41,4900.0,51.1,48.9,1,82.6,23,30.7,0,3
APP006376,158500.0,0.414,36200.0,49.5,50.5,0,78.2,34,21.1,2,0
APP006377,458700.0,0.148,116100.0,52.2,47.8,0,86.7,25,18.6,3,0
APP006378,13200.0,0.246,7900.0,31.5,68.5,0,71.3,30,27.9,3,2
APP006379,7700.0,0.383,7000.0,65.3,34.7,3,83.5,25,9.9,1,1
APP006380,116000.0,0.264,51300.0,68.1,31.9,4,77.2,24,5.3,1,0
APP006381,55200.0,0.061,15700.0,31.7,68.3,0,81.6,29,7.7,1,2
APP006382,19200.0,0.117,10900.0,66.3,33.7,0,87.3,27,27.2,0,0
APP006383,92200.0,0.311,30800.0,47.3,52.7,2,79.2,30,23.9,1,0
APP006384,85000.0,0.203,22100.0,40.7,59.3,0,93.4,32,24.3,0,0
APP006385,201500.0,0.087,57900.0,37.8,62.2,0,80.6,25,17.6,0,0
APP006386,89800.0,0.212,16600.0,66.4,33.6,0,74.1,33,7.5,0,0
APP006387,135800.0,0.992,20200.0,36.6,63.4,1,85.2,34,5.4,0,0
APP006388,89200.0,1.274,26100.0,64.5,35.5,3,73.1,17,36.9,1,0
APP006389,133500.0,0.227,50200.0,48.7,51.3,0,75.9,30,13.6,0,0
APP006390,67700.0,0.274,11800.0,42.0,58.0,0,75.2,28,25.1,0,0
APP006391,42700.0,0.751,7500.0,65.4,34.6,0,90.2,28,30.3,0,2
APP006392,44300.0,0.05,10700.0,39.9,60.1,0,92.6,30,8.0,0,0
APP006393,95700.0,1.435,31500.0,35.6,64.4,1,91.7,29,18.0,0,2
APP006394,30200.0,0.154,10600.0,51.3,48.7,1,71.4,24,25.0,1,1
APP006395,293400.0,0.06,95000.0,39.5,60.5,0,80.2,29,34.3,2,1
APP006396,169200.0,0.44,52500.0,49.3,50.7,0,92.8,29,9.5,3,0
APP006397,177500.0,0.347,34700.0,62.3,37.7,0,94.2,21,6.1,0,0
APP006398,89400.0,0.434,23300.0,45.6,54.4,2,74.5,30,18.9,0,0
APP006399,25400.0,0.239,31800.0,45.2,54.8,0,80.6,34,39.1,0,0
APP006400,141100.0,0.413,26200.0,53.6,46.4,0,73.6,29,32.4,1,0
APP006401,74600.0,0.241,23300.0,53.3,46.7,3,82.3,28,10.4,0,1
APP006402,34500.0,0.9,15700.0,51.3,48.7,0,91.0,29,25.5,2,0
APP006403,61200.0,0.05,17300.0,38.8,61.2,0,73.8,18,7.0,1,0
APP006404,56200.0,0.05,25300.0,62.3,37.7,0,89.0,26,28.7,1,0
APP006405,166400.0,0.397,20000.0,63.5,36.5,0,70.4,23,33.4,0,0
APP006406,140900.0,0.239,46400.0,69.1,30.9,1,85.0,17,7.8,0,0
APP006407,58300.0,0.075,20700.0,35.3,64.7,1,78.7,21,35.8,3,1
APP006408,97300.0,0.145,16700.0,32.9,67.1,1,82.9,39,34.4,0,2
APP006409,164600.0,0.157,31300.0,45.5,54.5,2,93.9,33,10.3,3,1
APP006410,189800.0,0.142,46200.0,38.6,61.4,0,98.4,39,5.1,0,1
APP006411,123200.0,0.443,24800.0,45.3,54.7,1,79.2,22,15.1,0,2
APP006412,315300.0,0.746,47000.0,49.3,50.7,0,84.1,24,30.4,2,1
APP006413,74500.0,0.105,18100.0,41.4,58.6,0,79.2,43,23.8,0,0
APP006414,46300.0,0.05,14200.0,48.3,51.7,0,97.1,18,20.7,0,0
APP006415,176800.0,0.351,39500.0,50.2,49.8,0,71.4,32,19.4,0,0
APP006416,56800.0,0.551,11600.0,59.3,40.7,0,73.2,33,5.1,0,0
APP006417,37000.0,0.114,16400.0,42.9,57.1,0,79.2,27,26.3,2,0
APP006418,28200.0,0.421,6000.0,51.9,48.1,0,75.2,35,39.6,0,0
APP006419,375700.0,0.421,74800.0,30.0,70.0,2,93.7,33,28.4,0,0
APP006420,38900.0,0.133,17300.0,56.4,43.6,0,74.2,29,8.3,2,0
APP006421,108100.0,0.743,21200.0,31.3,68.7,1,73.2,34,29.6,0,0
APP006422,65600.0,0.14,17100.0,42.9,57.1,0,73.7,31,22.4,0,1
APP006423,28000.0,0.05,7500.0,30.1,69.9,0,94.4,29,27.8,0,3
APP006424,12500.0,0.05,9800.0,31.1,68.9,0,95.4,23,38.5,2,0
APP006425,22100.0,0.3,6600.0,38.2,61.8,0,70.1,40,33.6,1,0
APP006426,185800.0,0.05,111200.0,68.4,31.6,3,71.2,38,38.7,1,0
APP006427,99500.0,0.332,27800.0,66.9,33.1,1,74.3,26,21.5,1,0
APP006428,200700.0,0.197,58200.0,41.8,58.2,0,98.5,32,30.1,1,0
APP006429,290100.0,0.719,52300.0,47.4,52.6,0,94.2,21,37.7,0,0
APP006430,75000.0,0.253,17300.0,53.7,46.3,0,74.0,34,5.3,2,1
APP006431,51200.0,1.583,18500.0,39.1,60.9,0,75.2,40,25.0,0,1
APP006432,110600.0,0.564,20500.0,38.1,61.9,0,99.1,28,18.4,1,0
APP006433,86900.0,0.05,12100.0,57.8,42.2,1,96.4,30,34.8,1,2
APP006434,113300.0,0.05,49800.0,56.7,43.3,2,98.1,41,25.5,1,0
APP006435,239200.0,0.345,44100.0,31.6,68.4,0,72.9,27,5.1,0,0
APP006436,79400.0,0.053,40400.0,70.0,30.0,0,71.0,33,30.5,1,0
APP006437,87800.0,0.922,15700.0,46.4,53.6,0,88.1,38,22.7,0,0
APP006438,105600.0,0.05,22000.0,53.3,46.7,2,93.1,34,25.9,0,0
APP006439,105300.0,0.523,116000.0,63.0,37.0,0,89.2,40,37.6,0,0
APP006440,87100.0,0.631,16400.0,68.6,31.4,1,77.5,28,8.8,0,0
APP006441,184400.0,0.325,55900.0,65.5,34.5,4,70.9,37,17.8,1,0
APP006442,73400.0,0.056,18500.0,39.4,60.6,0,78.9,23,24.6,0,0
APP006443,34900.0,0.05,11200.0,62.7,37.3,0,93.9,38,38.0,1,0
APP006444,137800.0,0.05,54300.0,55.3,44.7,1,78.6,22,11.6,3,0
APP006445,212100.0,0.273,33500.0,51.7,48.3,0,83.6,26,20.0,2,0
APP006446,73700.0,0.128,13000.0,40.6,59.4,0,90.0,28,33.0,1,0
APP006447,195800.0,0.215,39900.0,55.1,44.9,0,91.8,45,27.0,2,0
APP006448,18000.0,0.23,13400.0,69.9,30.1,2,80.5,25,30.0,0,0
APP006449,93700.0,0.323,19100.0,41.8,58.2,0,93.8,28,11.6,0,0
APP006450,92200.0,0.452,25000.0,40.2,59.8,0,89.2,38,17.5,0,1
APP006451,130100.0,0.061,40100.0,62.8,37.2,0,92.3,47,29.5,1,0
APP006452,106000.0,0.089,12800.0,39.9,60.1,0,92.1,25,6.2,0,0
APP006453,110500.0,0.491,20700.0,58.2,41.8,0,92.4,34,13.0,0,1
APP006454,80300.0,0.178,21300.0,44.8,55.2,0,91.3,26,11.1,0,2
APP006455,155500.0,0.083,22500.0,46.2,53.8,0,91.8,30,35.4,1,0
APP006456,73800.0,0.481,24000.0,55.5,44.5,1,99.6,35,13.9,0,0
APP006457,64100.0,0.262,24400.0,52.3,47.7,0,91.8,29,13.2,1,2
APP006458,42100.0,0.594,7600.0,30.6,69.4,0,92.0,22,10.6,2,2
APP006459,38000.0,0.101,24600.0,55.7,44.3,0,76.4,29,39.3,0,0
APP006460,102300.0,0.245,27600.0,34.7,65.3,4,77.8,29,15.7,2,1
APP006461,28700.0,0.741,10200.0,60.9,39.1,1,76.6,35,14.1,1,1
APP006462,46300.0,0.321,11400.0,42.5,57.5,0,73.8,30,29.5,0,2
APP006463,106600.0,0.187,45300.0,59.5,40.5,0,73.5,33,25.0,0,0
APP006464,80800.0,0.178,19300.0,38.7,61.3,1,87.3,29,39.7,1,0
APP006465,91600.0,0.807,24200.0,47.0,53.0,1,86.9,22,19.7,0,0
APP006466,28200.0,0.213,24400.0,61.1,38.9,0,92.4,34,14.4,0,1
APP006467,23600.0,0.631,12200.0,62.8,37.2,0,86.7,32,12.8,1,0
APP006468,410200.0,0.05,67500.0,61.6,38.4,1,89.3,17,9.2,2,0
APP006469,64600.0,0.05,24300.0,67.0,33.0,0,96.4,38,10.0,0,0
APP006470,109900.0,0.05,24800.0,38.5,61.5,0,90.0,30,8.5,1,2
APP006471,28100.0,0.252,15700.0,50.3,49.7,0,74.6,34,6.3,0,3
APP006472,45200.0,0.05,32700.0,64.2,35.8,2,89.2,32,10.8,1,3
APP006473,128100.0,0.111,42800.0,61.6,38.4,0,85.2,20,21.9,1,0
APP006474,94800.0,0.05,17400.0,49.9,50.1,0,91.8,29,14.9,0,0
APP006475,48600.0,0.05,11200.0,53.8,46.2,0,84.2,31,12.0,1,0
APP006476,136400.0,0.181,40700.0,53.5,46.5,1,97.0,31,7.4,4,0
APP006477,95700.0,0.328,21700.0,35.9,64.1,0,97.9,35,8.6,2,2
APP006478,95300.0,0.271,16100.0,36.6,63.4,0,86.6,33,36.1,0,0
APP006479,64000.0,0.36,14300.0,63.5,36.5,0,72.9,38,35.8,1,0
APP006480,32900.0,0.442,4600.0,36.5,63.5,0,73.1,31,5.8,1,0
APP006481,113800.0,0.096,29000.0,48.4,51.6,0,81.7,25,11.8,2,0
APP006482,18800.0,0.624,6100.0,30.4,69.6,0,89.7,34,18.4,1,0
APP006483,81400.0,1.424,19900.0,34.1,65.9,0,89.5,41,28.0,3,0
APP006484,138700.0,0.05,30200.0,69.2,30.8,0,86.6,31,36.4,0,0
APP006485,223700.0,0.05,39500.0,69.9,30.1,1,73.9,29,16.8,0,0
APP006486,191900.0,0.066,59100.0,50.0,50.0,0,99.9,27,37.7,1,0
APP006487,35900.0,0.941,8400.0,51.3,48.7,0,86.2,34,20.0,2,0
APP006488,91900.0,0.519,11400.0,42.8,57.2,1,89.8,27,23.8,0,4
APP006489,89500.0,0.868,30100.0,51.1,48.9,0,88.6,34,6.7,2,0
APP006490,71100.0,0.05,40600.0,41.0,59.0,0,88.3,26,20.1,1,0
APP006491,14600.0,0.113,16900.0,49.2,50.8,0,91.4,28,11.0,0,0
APP006492,208400.0,0.726,62200.0,30.7,69.3,0,98.7,35,32.6,1,1
APP006493,101000.0,0.128,17300.0,68.8,31.2,0,71.4,25,20.4,0,1
APP006494,28900.0,0.286,9700.0,56.2,43.8,0,90.6,23,37.6,1,1
APP006495,165600.0,0.435,31200.0,38.8,61.2,0,94.9,24,26.4,0,0
APP006496,82400.0,0.152,18200.0,62.5,37.5,0,83.2,40,14.0,0,1
APP006497,138700.0,0.443,79000.0,30.6,69.4,0,90.0,38,36.6,0,0
APP006498,60200.0,0.078,42100.0,38.8,61.2,2,71.6,33,40.0,2,0
APP006499,186700.0,0.131,31600.0,49.9,50.1,2,73.3,42,35.1,0,0
APP006500,165000.0,0.216,26600.0,33.3,66.7,0,95.9,32,11.9,1,0
APP006501,72600.0,0.261,22300.0,36.7,63.3,0,80.6,33,18.1,0,1
APP006502,84500.0,0.382,23200.0,50.4,49.6,0,74.3,26,28.4,1,0
APP006503,133200.0,0.449,20600.0,51.1,48.9,0,70.1,37,39.1,1,0
APP006504,208500.0,0.213,39300.0,60.0,40.0,0,98.5,27,18.5,1,0
APP006505,86600.0,0.305,14400.0,32.6,67.4,1,95.3,38,38.2,0,0
APP006506,29400.0,0.339,6200.0,32.9,67.1,3,89.0,31,5.5,1,0
APP006507,151600.0,0.217,35000.0,30.5,69.5,0,91.7,23,8.3,1,0
APP006508,21200.0,0.193,7300.0,40.0,60.0,0,93.7,41,6.1,1,0
APP006509,160300.0,0.05,111600.0,59.6,40.4,0,91.3,24,9.7,2,1
APP006510,28300.0,0.694,22900.0,57.7,42.3,1,83.3,24,39.4,1,0
APP006511,18700.0,0.702,7400.0,61.4,38.6,0,73.9,29,18.0,1,0
APP006512,69500.0,0.485,12200.0,32.8,67.2,0,98.8,27,18.2,0,0
APP006513,8000.0,0.129,5300.0,52.8,47.2,0,90.4,35,39.5,1,2
APP006514,19700.0,0.089,19000.0,54.8,45.2,0,71.2,15,14.3,1,0
APP006515,215500.0,0.09,40000.0,51.0,49.0,0,89.5,28,28.5,0,0
APP006516,112400.0,0.245,22800.0,66.3,33.7,1,86.8,23,15.3,1,4
APP006517,86900.0,0.16,54800.0,64.2,35.8,1,88.2,31,8.9,4,0
APP006518,269500.0,0.05,64500.0,66.4,33.6,0,71.7,39,8.1,1,0
APP006519,63300.0,0.412,28700.0,63.9,36.1,0,95.1,38,26.9,0,1
APP006520,15800.0,0.216,9900.0,50.9,49.1,0,96.2,27,24.3,1,1
APP006521,260800.0,1.046,54000.0,52.1,47.9,3,74.0,27,6.1,2,0
APP006522,521900.0,0.073,77400.0,64.3,35.7,0,73.8,36,36.6,1,0
APP006523,239500.0,0.188,60900.0,69.5,30.5,0,99.9,37,6.0,1,0
APP006524,80300.0,0.349,30600.0,66.4,33.6,0,72.2,40,22.9,0,0
APP006525,34900.0,0.427,13600.0,67.3,32.7,0,96.5,33,37.4,1,0
APP006526,77500.0,0.334,16700.0,38.1,61.9,0,90.9,35,12.6,0,0
APP006527,191700.0,0.336,66600.0,30.3,69.7,0,86.1,21,21.1,0,4
APP006528,128900.0,0.088,34300.0,31.3,68.7,1,75.1,32,36.1,0,0
APP006529,50200.0,0.05,29400.0,64.4,35.6,0,85.5,28,21.7,1,0
APP006530,99500.0,0.207,24400.0,45.4,54.6,1,80.2,19,31.1,0,0
APP006531,44700.0,0.105,18200.0,37.2,62.8,3,82.1,36,18.8,1,0
APP006532,72700.0,0.173,29600.0,34.6,65.4,0,92.7,44,31.8,2,0
APP006533,59500.0,0.428,26900.0,36.0,64.0,0,98.1,30,15.0,2,3
APP006534,180700.0,0.225,36300.0,46.9,53.1,3,89.4,41,14.6,2,0
APP006535,35700.0,0.118,11500.0,44.0,56.0,1,88.4,34,7.7,1,0
APP006536,116900.0,0.05,34500.0,69.3,30.7,0,77.5,24,17.2,1,0
APP006537,87600.0,0.05,28400.0,69.1,30.9,0,81.8,21,22.1,0,0
APP006538,36400.0,1.238,31100.0,58.6,41.4,1,74.5,33,22.8,3,0
APP006539,72500.0,0.293,21800.0,59.9,40.1,0,84.2,32,8.7,0,1
APP006540,77000.0,0.245,21200.0,53.5,46.5,0,92.6,33,6.6,2,0
APP006541,148200.0,0.05,58400.0,38.1,61.9,0,87.2,35,24.0,1,0
APP006542,30300.0,0.119,8700.0,57.6,42.4,1,80.2,29,31.4,0,0
APP006543,57500.0,1.057,12700.0,30.1,69.9,1,76.6,18,30.3,1,0
APP006544,22500.0,0.236,5200.0,63.3,36.7,1,96.5,29,6.1,3,3
APP006545,94000.0,0.201,16400.0,30.8,69.2,0,77.9,19,19.1,1,4
APP006546,101000.0,1.857,29300.0,63.1,36.9,0,76.8,38,15.0,1,0
APP006547,80300.0,0.112,21500.0,32.5,67.5,0,90.7,29,37.4,0,0
APP006548,61900.0,1.016,8700.0,37.1,62.9,0,90.0,19,21.8,1,0
APP006549,66500.0,0.406,25000.0,43.7,56.3,0,72.3,34,12.9,0,0
APP006550,137500.0,0.05,29600.0,55.3,44.7,1,81.4,36,31.5,1,0
APP006551,28200.0,0.339,7300.0,47.8,52.2,2,92.3,28,32.6,0,0
APP006552,48400.0,0.442,22900.0,56.4,43.6,0,75.5,27,13.8,1,0
APP006553,92500.0,0.221,30200.0,67.7,32.3,0,73.6,38,18.4,1,4
APP006554,44100.0,0.534,19300.0,42.2,57.8,0,88.8,30,16.8,3,0
APP006555,58700.0,0.514,18900.0,56.5,43.5,0,84.3,30,37.1,0,0
APP006556,320500.0,0.149,39300.0,30.2,69.8,0,73.7,29,39.1,0,0
APP006557,91800.0,1.419,21500.0,42.6,57.4,0,88.1,27,36.0,0,0
APP006558,122400.0,0.995,19400.0,46.4,53.6,0,79.2,23,19.0,3,1
APP006559,104700.0,0.454,36500.0,42.8,57.2,5,75.4,38,9.8,1,0
APP006560,35800.0,0.678,41100.0,46.4,53.6,0,85.6,26,34.4,0,0
APP006561,91300.0,0.134,90800.0,37.3,62.7,0,91.2,27,26.8,0,0
APP006562,115700.0,0.159,110600.0,44.3,55.7,0,91.7,28,20.2,2,3
APP006563,105100.0,0.887,45600.0,34.7,65.3,2,74.8,33,39.4,0,1
APP006564,74300.0,0.346,22300.0,64.3,35.7,0,85.9,27,6.6,2,0
APP006565,75100.0,0.05,23300.0,52.7,47.3,3,90.7,32,31.4,2,0
APP006566,62400.0,0.236,14100.0,55.2,44.8,1,85.6,41,34.3,2,0
APP006567,36300.0,0.256,20200.0,54.7,45.3,4,84.6,20,23.6,1,0
APP006568,10500.0,0.564,9700.0,45.9,54.1,0,76.2,27,14.1,0,0
APP006569,90900.0,0.215,22900.0,60.8,39.2,1,83.3,28,7.0,2,0
APP006570,35800.0,0.392,35100.0,38.9,61.1,1,70.5,24,14.1,0,0
APP006571,36300.0,0.822,14900.0,51.6,48.4,0,92.6,24,11.9,1,0
APP006572,119900.0,0.301,82900.0,48.8,51.2,0,96.3,26,30.7,2,0
APP006573,66100.0,0.228,28000.0,54.8,45.2,0,83.1,27,37.5,3,1
APP006574,59700.0,0.126,38700.0,63.0,37.0,1,86.2,33,33.0,0,1
APP006575,91800.0,0.534,37600.0,31.0,69.0,2,84.2,25,26.6,0,2
APP006576,48300.0,0.077,18000.0,63.9,36.1,0,89.0,25,29.6,0,1
APP006577,58900.0,0.32,45000.0,56.2,43.8,0,76.7,34,5.1,1,0
APP006578,184000.0,0.116,31600.0,65.4,34.6,0,98.9,30,21.0,1,0
APP006579,221600.0,0.058,46100.0,69.5,30.5,0,87.8,31,27.0,0,0
APP006580,16400.0,0.494,3600.0,64.2,35.8,0,96.4,39,22.7,4,0
APP006581,36300.0,0.115,13800.0,41.2,58.8,0,73.1,28,12.5,0,2
APP006582,29800.0,0.247,4800.0,69.2,30.8,0,95.8,31,12.9,1,0
APP006583,105800.0,0.928,12800.0,36.9,63.1,3,95.0,33,36.9,0,0
APP006584,32400.0,0.184,9900.0,32.4,67.6,2,92.3,35,12.5,1,0
APP006585,52900.0,0.287,15700.0,65.0,35.0,0,98.0,37,13.1,2,1
APP006586,16300.0,0.05,14400.0,31.0,69.0,2,83.2,23,17.8,1,0
APP006587,27100.0,0.05,4700.0,58.8,41.2,0,89.3,32,12.0,0,0
APP006588,103100.0,0.253,39100.0,53.8,46.2,0,87.7,33,33.6,2,0
APP006589,94600.0,0.795,21600.0,61.7,38.3,1,80.2,26,25.8,0,0
APP006590,5500.0,0.185,5500.0,54.6,45.4,0,81.5,23,39.7,3,1
APP006591,72500.0,0.148,17000.0,65.7,34.3,0,99.9,32,32.5,0,0
APP006592,77900.0,0.05,37200.0,49.4,50.6,0,85.2,35,14.2,2,2
APP006593,79600.0,0.132,15600.0,32.5,67.5,1,76.8,26,19.8,1,0
APP006594,84700.0,0.513,26900.0,50.3,49.7,0,76.8,26,18.2,1,0
APP006595,105600.0,0.192,30400.0,47.2,52.8,0,82.7,31,26.9,1,0
APP006596,16300.0,0.137,4700.0,33.3,66.7,0,82.3,27,36.8,2,0
APP006597,224500.0,0.276,40100.0,31.4,68.6,2,91.8,36,14.9,2,1
APP006598,49700.0,0.685,27700.0,38.2,61.8,0,92.0,38,17.7,0,1
APP006599,28100.0,0.859,17800.0,40.9,59.1,0,74.0,25,39.8,2,0
APP006600,198400.0,0.414,58100.0,36.3,63.7,0,72.4,34,36.2,1,0
APP006601,10900.0,0.152,4100.0,34.2,65.8,1,72.9,27,12.9,0,0
APP006602,140000.0,0.093,20300.0,58.6,41.4,0,71.2,34,14.0,3,1
APP006603,114300.0,0.05,24200.0,60.8,39.2,3,77.8,24,39.2,0,0
APP006604,125800.0,0.261,26000.0,42.0,58.0,0,96.0,22,6.2,2,0
APP006605,84400.0,0.133,21700.0,41.1,58.9,0,87.7,38,39.1,0,0
APP006606,92000.0,0.312,22500.0,31.6,68.4,0,95.8,19,18.1,0,0
APP006607,59100.0,0.05,21900.0,39.3,60.7,0,79.4,30,39.6,2,0
APP006608,22900.0,0.28,8200.0,42.8,57.2,2,87.3,28,8.6,1,0
APP006609,98000.0,0.295,21600.0,69.7,30.3,0,76.6,44,12.8,2,0
APP006610,36700.0,0.477,23500.0,66.0,34.0,0,96.3,43,10.2,1,0
APP006611,126600.0,0.242,44600.0,31.1,68.9,0,81.0,26,37.7,1,0
APP006612,109000.0,0.088,23200.0,50.0,50.0,0,83.6,32,27.8,1,0
APP006613,76800.0,0.323,16100.0,47.1,52.9,0,89.9,26,20.9,0,0
APP006614,8500.0,0.05,3900.0,65.8,34.2,0,98.3,37,34.6,4,0
APP006615,24900.0,0.05,11900.0,69.7,30.3,5,98.7,34,27.0,0,0
APP006616,99000.0,0.05,87000.0,67.3,32.7,0,85.1,30,17.5,2,0
APP006617,158900.0,0.434,30500.0,52.2,47.8,0,80.7,39,12.2,1,0
APP006618,26600.0,0.419,25200.0,42.7,57.3,5,96.2,31,39.3,0,0
APP006619,43400.0,0.148,36300.0,40.2,59.8,0,84.7,24,27.3,0,0
APP006620,166300.0,0.348,32200.0,69.7,30.3,0,98.8,26,20.2,1,0
APP006621,53800.0,0.133,11900.0,64.4,35.6,3,90.1,31,11.6,2,0
APP006622,308200.0,0.067,61300.0,60.2,39.8,0,90.6,37,5.1,0,0
APP006623,86000.0,0.05,50500.0,64.8,35.2,0,87.4,23,17.0,1,0
APP006624,137900.0,0.414,54700.0,56.3,43.7,0,84.0,29,34.1,0,0
APP006625,27300.0,0.23,5300.0,59.4,40.6,2,76.9,38,18.4,1,0
APP006626,118600.0,0.122,17900.0,54.5,45.5,0,93.8,26,16.4,2,3
APP006627,53700.0,1.058,22700.0,39.1,60.9,0,71.0,31,7.4,0,0
APP006628,114500.0,0.063,21700.0,64.2,35.8,2,87.4,26,29.3,1,0
APP006629,148700.0,0.127,44400.0,39.1,60.9,0,70.9,23,12.7,1,0
APP006630,55200.0,0.698,15600.0,40.5,59.5,0,81.9,31,11.7,2,0
APP006631,58000.0,0.295,67100.0,34.4,65.6,0,93.7,25,9.4,2,0
APP006632,45700.0,0.6,21000.0,40.8,59.2,2,88.8,38,16.1,0,0
APP006633,19000.0,0.258,10800.0,53.3,46.7,0,71.5,29,33.8,2,0
APP006634,28400.0,0.055,5900.0,60.5,39.5,0,98.9,30,7.2,3,1
APP006635,41100.0,0.469,28800.0,41.7,58.3,1,93.1,33,20.5,3,1
APP006636,94500.0,0.106,46000.0,44.4,55.6,0,76.1,35,36.0,0,0
APP006637,82700.0,0.759,36700.0,41.4,58.6,0,71.2,35,36.4,1,0
APP006638,70000.0,0.05,16500.0,36.5,63.5,0,87.9,35,34.0,0,0
APP006639,15100.0,0.217,8800.0,36.9,63.1,0,73.0,29,10.7,3,0
APP006640,38200.0,0.5,23300.0,65.6,34.4,0,88.5,23,18.1,1,1
APP006641,92400.0,0.283,32000.0,56.1,43.9,4,81.2,30,26.8,0,0
APP006642,38500.0,0.05,9000.0,49.1,50.9,0,75.8,31,35.2,0,0
APP006643,38300.0,0.128,8600.0,41.9,58.1,1,81.9,33,18.5,1,0
APP006644,28800.0,0.129,11600.0,43.6,56.4,0,93.9,31,28.2,0,0
APP006645,25100.0,0.087,8000.0,65.6,34.4,0,81.5,31,22.8,4,0
APP006646,24900.0,0.61,29300.0,37.2,62.8,0,86.2,32,22.6,1,0
APP006647,83100.0,0.381,33500.0,38.2,61.8,0,99.4,28,5.2,2,2
APP006648,36300.0,0.591,19000.0,61.2,38.8,0,98.6,36,10.0,0,0
APP006649,336900.0,0.207,90100.0,52.4,47.6,0,75.0,32,29.7,1,0
APP006650,46000.0,0.299,20000.0,56.1,43.9,1,70.6,27,27.8,2,0
APP006651,45600.0,0.527,28000.0,65.5,34.5,3,76.9,33,23.8,2,1
APP006652,23100.0,0.208,5200.0,55.3,44.7,1,87.0,30,18.8,2,0
APP006653,74700.0,0.155,8500.0,62.9,37.1,0,75.9,34,23.4,1,0
APP006654,160200.0,0.111,33500.0,44.9,55.1,1,86.8,25,5.5,1,1
APP006655,241300.0,0.463,103400.0,60.2,39.8,0,84.7,21,17.6,3,0
APP006656,92600.0,1.439,26400.0,57.4,42.6,0,88.8,27,17.7,0,0
APP006657,137900.0,0.664,32200.0,40.5,59.5,1,80.9,29,21.7,1,0
APP006658,146200.0,0.07,48500.0,44.3,55.7,0,89.2,25,21.3,1,0
APP006659,53600.0,0.074,25700.0,31.6,68.4,0,72.9,36,12.9,3,0
APP006660,29000.0,0.146,8600.0,64.8,35.2,0,84.1,32,28.0,3,0
APP006661,400800.0,0.05,53100.0,35.0,65.0,0,82.5,33,5.7,2,0
APP006662,163500.0,0.113,35400.0,69.5,30.5,0,94.8,37,11.8,1,0
APP006663,63000.0,0.164,13300.0,37.7,62.3,0,73.2,28,13.3,1,0
APP006664,37500.0,0.225,48200.0,57.3,42.7,0,72.7,28,38.3,1,0
APP006665,145100.0,0.086,27800.0,51.0,49.0,0,70.3,26,32.1,0,0
APP006666,48200.0,0.429,34600.0,54.2,45.8,0,84.4,23,10.1,1,0
APP006667,59300.0,0.054,22400.0,59.4,40.6,0,72.1,43,8.9,1,0
APP006668,106300.0,0.808,21700.0,45.6,54.4,0,88.0,27,20.6,1,0
APP006669,80000.0,0.173,23600.0,34.9,65.1,2,86.3,30,12.6,3,0
APP006670,38200.0,0.126,15500.0,52.8,47.2,1,81.1,29,29.6,1,0
APP006671,50000.0,0.166,21500.0,31.2,68.8,0,92.6,29,17.4,0,0
APP006672,107200.0,0.178,23700.0,63.6,36.4,0,90.3,25,8.5,2,0
APP006673,30600.0,0.05,29300.0,31.6,68.4,0,81.4,30,31.0,0,0
APP006674,18700.0,0.157,7300.0,55.8,44.2,0,76.0,25,11.2,0,0
APP006675,73300.0,0.122,16900.0,41.9,58.1,0,70.1,31,27.6,1,0
APP006676,92000.0,0.378,79300.0,63.4,36.6,0,97.2,28,12.2,0,0
APP006677,167500.0,0.135,81300.0,32.2,67.8,0,90.3,23,37.5,0,0
APP006678,91900.0,0.251,51600.0,45.4,54.6,0,88.2,30,10.5,0,0
APP006679,81600.0,0.169,22900.0,64.9,35.1,0,93.9,21,5.4,1,0
APP006680,117200.0,0.174,19700.0,66.7,33.3,3,78.3,26,35.0,2,0
APP006681,390800.0,0.825,55300.0,34.1,65.9,0,75.3,29,17.8,1,0
APP006682,82900.0,0.239,11300.0,54.2,45.8,0,97.5,26,21.5,2,0
APP006683,23600.0,1.23,6800.0,56.1,43.9,5,96.9,31,23.2,2,0
APP006684,10100.0,0.088,6600.0,49.5,50.5,0,70.6,25,21.2,2,0
APP006685,33100.0,0.239,8500.0,38.5,61.5,0,96.9,43,15.7,1,1
APP006686,56200.0,0.394,12800.0,43.8,56.2,0,96.7,30,30.4,3,0
APP006687,216900.0,0.142,34900.0,45.5,54.5,0,88.2,36,12.4,0,0
APP006688,128400.0,0.186,18500.0,30.7,69.3,0,86.7,25,21.8,1,0
APP006689,42300.0,0.111,8000.0,60.3,39.7,2,92.8,31,30.3,1,0
APP006690,58800.0,0.867,20000.0,50.8,49.2,0,78.7,39,32.4,1,0
APP006691,96800.0,0.212,20800.0,59.8,40.2,3,99.7,28,33.5,2,0
APP006692,101200.0,0.29,36400.0,36.7,63.3,0,81.9,25,26.4,3,0
APP006693,31300.0,0.666,17400.0,53.4,46.6,0,71.7,24,16.1,1,0
APP006694,44800.0,0.243,26900.0,34.0,66.0,0,80.7,26,38.8,0,0
APP006695,49400.0,0.212,21800.0,62.4,37.6,2,97.7,34,8.2,3,0
APP006696,51200.0,0.05,14600.0,53.7,46.3,0,80.2,30,11.9,0,0
APP006697,175400.0,0.697,26600.0,44.0,56.0,0,72.1,24,11.5,0,0
APP006698,93500.0,0.333,16900.0,65.9,34.1,0,73.8,31,39.7,0,0
APP006699,135200.0,0.068,34400.0,31.8,68.2,1,86.9,29,20.2,0,0
APP006700,20100.0,0.127,19500.0,58.1,41.9,0,96.3,20,12.1,0,0
APP006701,16200.0,0.715,12900.0,41.0,59.0,1,70.6,27,9.7,1,0
APP006702,15000.0,0.485,7100.0,60.9,39.1,0,70.3,31,36.5,0,1
APP006703,60900.0,0.346,11900.0,39.8,60.2,0,92.6,28,7.3,3,2
APP006704,94200.0,0.208,22800.0,53.6,46.4,0,77.9,29,17.0,1,0
APP006705,44100.0,0.135,21000.0,62.6,37.4,0,75.0,32,22.3,2,0
APP006706,81700.0,0.688,32500.0,68.4,31.6,0,94.6,25,32.2,1,0
APP006707,51800.0,0.445,17400.0,32.8,67.2,1,95.1,25,10.7,0,0
APP006708,93400.0,0.05,24800.0,42.4,57.6,0,91.9,34,37.8,4,0
APP006709,62900.0,0.403,15800.0,67.5,32.5,0,74.0,26,37.8,1,0
APP006710,89900.0,0.197,40200.0,45.2,54.8,0,79.3,31,27.6,1,0
APP006711,41500.0,0.063,14500.0,63.7,36.3,0,86.2,31,32.3,1,0
APP006712,48100.0,0.37,6800.0,52.5,47.5,0,88.0,29,36.1,1,0
APP006713,191800.0,0.483,36300.0,38.0,62.0,2,80.2,24,14.3,1,0
APP006714,52200.0,0.413,14000.0,30.5,69.5,2,94.9,37,34.1,0,0
APP006715,376500.0,1.045,55300.0,56.8,43.2,0,92.6,25,5.8,2,0
APP006716,267500.0,0.387,54300.0,45.4,54.6,0,70.7,27,5.5,1,1
APP006717,41400.0,0.145,19200.0,59.2,40.8,2,97.4,34,24.4,1,0
APP006718,104700.0,0.608,29200.0,56.0,44.0,0,93.6,38,27.8,2,0
APP006719,37700.0,0.077,15200.0,51.2,48.8,0,78.9,42,39.0,0,4
APP006720,66900.0,0.579,20900.0,57.4,42.6,0,71.1,21,37.0,0,2
APP006721,61600.0,0.314,16400.0,53.1,46.9,5,96.4,32,29.8,2,0
APP006722,121500.0,0.05,55100.0,69.8,30.2,0,89.8,34,34.8,0,0
APP006723,44500.0,0.05,21500.0,43.4,56.6,1,93.9,35,18.6,1,0
APP006724,22900.0,0.071,21300.0,30.3,69.7,0,94.9,24,28.8,3,0
APP006725,51600.0,0.059,52400.0,37.6,62.4,2,91.4,34,35.9,1,1
APP006726,91400.0,0.743,43100.0,46.4,53.6,2,73.0,37,14.1,1,2
APP006727,35000.0,0.618,18100.0,63.5,36.5,1,76.2,35,10.8,0,0
APP006728,88500.0,0.112,20100.0,55.4,44.6,0,73.0,33,5.6,1,0
APP006729,131700.0,0.336,37400.0,42.0,58.0,0,93.7,20,23.1,1,0
APP006730,23000.0,0.101,8700.0,45.2,54.8,1,72.9,23,25.4,0,0
APP006731,67400.0,0.094,15900.0,40.1,59.9,0,84.3,27,11.1,2,0
APP006732,37400.0,0.705,10900.0,52.9,47.1,0,91.8,28,23.5,0,4
APP006733,186000.0,0.105,39700.0,45.5,54.5,0,82.2,23,8.3,1,0
APP006734,38900.0,0.421,19400.0,49.6,50.4,0,89.9,33,5.9,1,0
APP006735,103900.0,1.194,16100.0,42.7,57.3,0,78.7,41,25.9,0,0
APP006736,193500.0,0.65,48700.0,66.7,33.3,0,85.3,29,34.1,3,0
APP006737,34600.0,0.909,28600.0,67.9,32.1,0,73.4,31,6.3,3,0
APP006738,116000.0,0.05,48200.0,49.5,50.5,2,73.6,24,16.8,2,0
APP006739,70800.0,0.418,24500.0,31.6,68.4,0,77.9,30,21.6,2,0
APP006740,101900.0,0.05,31600.0,54.7,45.3,1,95.8,34,12.3,2,0
APP006741,85100.0,0.444,25000.0,63.1,36.9,1,75.6,26,5.4,3,0
APP006742,78800.0,0.252,34100.0,43.7,56.3,3,75.4,37,5.6,1,4
APP006743,44500.0,0.344,13600.0,36.7,63.3,1,94.5,32,26.4,0,0
APP006744,33700.0,0.258,5300.0,45.5,54.5,2,92.9,26,12.3,0,0
APP006745,71700.0,0.42,15100.0,44.7,55.3,1,74.4,25,6.2,0,0
APP006746,59600.0,0.05,27500.0,31.6,68.4,2,98.8,40,22.9,2,0
APP006747,56200.0,0.199,22800.0,47.8,52.2,1,74.0,31,17.3,0,0
APP006748,49100.0,0.285,13400.0,44.8,55.2,0,88.4,22,25.0,1,0
APP006749,93600.0,0.699,27000.0,35.8,64.2,0,75.5,26,36.1,1,3
APP006750,56500.0,0.364,9600.0,57.4,42.6,2,75.7,31,36.8,2,0
APP006751,16700.0,0.139,18400.0,48.0,52.0,2,82.8,27,27.4,1,1
APP006752,36100.0,0.684,19300.0,38.9,61.1,0,89.0,27,10.1,1,0
APP006753,102200.0,0.094,30200.0,55.0,45.0,0,99.0,34,10.1,0,0
APP006754,28600.0,0.091,22600.0,55.7,44.3,0,73.6,28,19.3,1,0
APP006755,177500.0,0.74,59900.0,38.2,61.8,4,76.6,31,28.5,1,2
APP006756,91200.0,0.148,15400.0,43.2,56.8,3,97.5,25,38.6,3,0
APP006757,47600.0,0.45,20600.0,56.8,43.2,1,91.6,30,25.4,1,0
APP006758,119400.0,0.141,26900.0,34.0,66.0,0,78.4,34,27.2,3,0
APP006759,91700.0,0.566,15700.0,48.8,51.2,0,73.8,29,24.2,0,0
APP006760,117100.0,0.856,56200.0,30.6,69.4,0,94.0,33,26.4,1,1
APP006761,123400.0,0.397,55900.0,30.9,69.1,0,88.5,39,8.7,3,0
APP006762,60600.0,0.109,10900.0,56.7,43.3,0,97.1,28,38.5,1,2
APP006763,147400.0,0.409,23400.0,32.0,68.0,0,96.1,37,7.5,3,3
APP006764,91500.0,0.708,40000.0,32.8,67.2,0,98.5,31,15.9,1,0
APP006765,528600.0,0.308,88200.0,32.0,68.0,0,98.3,27,12.5,1,0
APP006766,12200.0,1.202,6200.0,46.0,54.0,0,91.1,27,39.6,1,0
APP006767,161200.0,0.592,37000.0,63.4,36.6,0,96.5,28,38.6,0,2
APP006768,115800.0,0.136,34800.0,47.9,52.1,2,90.5,34,9.3,2,0
APP006769,93200.0,0.262,34900.0,32.8,67.2,0,82.7,25,17.2,0,0
APP006770,39800.0,0.099,9600.0,36.1,63.9,1,94.1,26,24.9,2,0
APP006771,248500.0,0.285,101800.0,69.6,30.4,1,74.2,33,17.1,3,1
APP006772,28900.0,0.112,7200.0,53.5,46.5,0,79.3,25,15.3,0,0
APP006773,23800.0,0.05,20700.0,46.4,53.6,0,91.1,27,28.8,1,1
APP006774,13700.0,0.243,9700.0,53.2,46.8,0,99.8,29,22.6,1,0
APP006775,96300.0,0.621,27600.0,64.5,35.5,0,90.7,26,6.8,0,0
APP006776,37400.0,1.506,15800.0,46.3,53.7,0,78.8,26,36.0,0,0
APP006777,39300.0,0.409,16100.0,44.9,55.1,0,88.8,23,10.0,5,3
APP006778,165100.0,0.793,28800.0,53.3,46.7,0,73.9,39,27.9,1,0
APP006779,72500.0,0.387,19700.0,33.2,66.8,0,93.6,26,15.7,1,0
APP006780,66300.0,0.277,70300.0,52.6,47.4,0,77.0,30,5.5,1,0
APP006781,261800.0,0.09,50000.0,64.9,35.1,0,95.2,21,25.7,1,0
APP006782,171800.0,0.05,46500.0,50.6,49.4,0,96.6,20,16.9,1,1
APP006783,114600.0,0.129,23100.0,53.5,46.5,0,97.8,28,34.3,0,0
APP006784,71900.0,0.085,14300.0,64.0,36.0,0,99.5,30,32.9,2,0
APP006785,36300.0,0.611,20200.0,67.6,32.4,2,78.8,33,24.6,2,0
APP006786,107800.0,0.309,27100.0,62.0,38.0,0,93.8,32,36.8,2,1
APP006787,136900.0,0.473,40800.0,69.3,30.7,0,83.0,24,16.8,4,0
APP006788,58200.0,0.286,28100.0,68.1,31.9,0,83.7,42,31.5,3,1
APP006789,184000.0,0.211,50800.0,57.8,42.2,0,98.9,35,11.9,0,0
APP006790,13900.0,0.08,9900.0,44.0,56.0,0,77.1,31,37.4,2,0
APP006791,217500.0,0.05,87300.0,35.2,64.8,0,75.9,35,7.2,0,0
APP006792,121500.0,0.46,30300.0,56.1,43.9,0,94.3,31,37.8,1,0
APP006793,133400.0,0.701,22100.0,66.4,33.6,0,96.7,28,16.6,2,0
APP006794,323000.0,0.05,77400.0,52.7,47.3,0,92.4,31,36.0,0,0
APP006795,46200.0,0.08,27500.0,39.9,60.1,0,80.0,30,17.4,0,1
APP006796,60000.0,0.05,43500.0,43.2,56.8,2,81.7,29,31.2,2,0
APP006797,118400.0,0.248,30300.0,63.2,36.8,3,75.7,25,22.8,2,1
APP006798,27400.0,0.263,22700.0,66.5,33.5,3,97.0,32,21.5,1,0
APP006799,181200.0,0.061,80700.0,50.5,49.5,0,97.2,30,10.2,1,0
APP006800,32200.0,0.05,20500.0,41.8,58.2,2,79.9,25,6.7,1,0
APP006801,21100.0,0.449,6400.0,61.7,38.3,0,84.0,20,15.4,1,2
APP006802,92200.0,0.119,18500.0,32.2,67.8,0,81.4,27,26.8,1,0
APP006803,14700.0,0.06,20100.0,41.9,58.1,0,89.7,26,32.5,3,0
APP006804,49400.0,0.079,13300.0,68.0,32.0,0,76.3,36,35.6,1,0
APP006805,81500.0,0.367,31100.0,35.2,64.8,0,97.6,37,11.8,2,0
APP006806,90700.0,0.351,41700.0,42.1,57.9,0,75.8,27,34.9,1,0
APP006807,23200.0,0.05,3900.0,66.2,33.8,2,92.8,29,30.6,0,0
APP006808,96600.0,0.26,15200.0,34.6,65.4,1,98.0,33,22.0,2,0
APP006809,86700.0,0.05,19100.0,33.8,66.2,0,93.0,45,15.0,1,3
APP006810,45400.0,0.05,55200.0,61.7,38.3,0,87.5,22,26.7,0,0
APP006811,142300.0,0.511,25900.0,50.0,50.0,1,86.5,21,37.4,1,0
APP006812,114300.0,0.05,22900.0,45.7,54.3,0,95.0,36,9.9,0,1
APP006813,165200.0,0.426,28100.0,58.9,41.1,0,96.7,27,28.8,0,3
APP006814,62100.0,0.078,20600.0,63.8,36.2,0,80.0,33,24.0,3,0
APP006815,45100.0,0.296,19800.0,40.1,59.9,0,77.2,27,30.1,1,2
APP006816,46000.0,0.426,7700.0,35.3,64.7,0,72.4,20,13.1,2,0
APP006817,17400.0,0.133,6400.0,69.9,30.1,0,91.9,30,5.9,1,0
APP006818,51800.0,0.09,24800.0,68.0,32.0,1,98.2,35,15.8,0,1
APP006819,59600.0,0.05,19400.0,65.8,34.2,2,85.5,29,9.7,0,0
APP006820,42600.0,0.234,34900.0,61.2,38.8,0,85.9,32,9.0,1,0
APP006821,74400.0,0.05,26700.0,56.4,43.6,0,96.4,39,6.5,1,0
APP006822,94000.0,0.279,19700.0,47.3,52.7,0,70.4,28,8.0,3,0
APP006823,95500.0,0.55,36800.0,52.3,47.7,4,78.6,26,9.9,1,0
APP006824,97500.0,0.166,22200.0,37.4,62.6,5,88.8,30,12.1,0,3
APP006825,123200.0,0.116,46800.0,57.3,42.7,0,87.3,27,21.7,1,0
APP006826,155400.0,0.584,43100.0,34.2,65.8,0,70.4,23,39.2,2,0
APP006827,34700.0,0.161,14400.0,36.4,63.6,1,83.6,40,15.1,0,1
APP006828,89100.0,0.05,19800.0,55.3,44.7,0,81.6,35,35.2,0,1
APP006829,34700.0,0.695,47400.0,51.2,48.8,0,77.2,25,26.7,4,0
APP006830,197100.0,0.39,71400.0,38.6,61.4,0,95.2,30,26.8,1,0
APP006831,155800.0,0.797,39000.0,64.3,35.7,0,93.9,25,30.0,0,0
APP006832,85200.0,0.067,34200.0,44.4,55.6,2,84.6,23,5.9,1,2
APP006833,22400.0,0.05,12200.0,41.6,58.4,0,97.5,26,10.7,1,1
APP006834,224000.0,0.611,52500.0,42.0,58.0,0,78.8,28,30.9,2,0
APP006835,251700.0,0.309,60200.0,61.8,38.2,0,89.1,27,26.3,1,0
APP006836,45200.0,0.188,21800.0,40.7,59.3,0,94.0,34,18.7,1,0
APP006837,115700.0,0.418,32300.0,57.8,42.2,0,86.8,38,12.7,0,0
APP006838,74300.0,0.205,18500.0,52.5,47.5,0,88.4,28,21.5,0,0
APP006839,63600.0,0.078,16000.0,37.4,62.6,0,80.9,29,13.6,1,0
APP006840,252500.0,0.078,54100.0,57.5,42.5,0,72.7,24,19.8,1,0
APP006841,105400.0,0.176,23300.0,49.8,50.2,2,95.2,25,13.4,1,0
APP006842,14700.0,0.05,11700.0,38.0,62.0,0,83.9,23,18.5,2,0
APP006843,170500.0,0.166,65200.0,44.3,55.7,0,86.1,28,38.6,1,1
APP006844,35700.0,0.823,11700.0,53.9,46.1,0,81.1,24,22.3,0,1
APP006845,127300.0,0.116,22700.0,41.5,58.5,0,82.8,33,25.2,1,0
APP006846,93500.0,0.079,26200.0,65.9,34.1,3,80.0,29,35.4,2,0
APP006847,95000.0,0.956,31800.0,45.8,54.2,1,72.8,29,31.3,0,0
APP006848,47100.0,0.728,17200.0,40.4,59.6,0,77.7,32,7.0,0,0
APP006849,15700.0,0.05,20000.0,51.5,48.5,4,92.1,31,17.8,1,1
APP006850,166700.0,0.05,55600.0,45.3,54.7,0,98.7,32,20.7,3,0
APP006851,45600.0,0.138,22500.0,46.9,53.1,1,79.0,17,21.0,2,0
APP006852,23400.0,0.33,10900.0,62.3,37.7,1,79.6,33,12.1,0,1
APP006853,123600.0,0.476,24300.0,44.7,55.3,0,90.6,23,14.6,2,1
APP006854,123400.0,0.084,47400.0,38.8,61.2,0,72.3,34,21.9,0,0
APP006855,67800.0,1.085,19700.0,45.9,54.1,1,99.6,37,25.8,1,0
APP006856,34500.0,0.201,36700.0,47.8,52.2,0,81.8,36,33.6,3,2
APP006857,69400.0,0.058,39000.0,38.3,61.7,0,92.7,30,14.4,0,0
APP006858,182000.0,0.451,32100.0,46.1,53.9,0,80.4,32,31.0,1,0
APP006859,343500.0,0.206,52600.0,54.6,45.4,0,93.0,25,32.5,0,0
APP006860,19000.0,0.14,8200.0,49.5,50.5,0,87.0,37,18.9,1,0
APP006861,113800.0,0.452,21600.0,53.4,46.6,2,77.6,32,19.1,0,2
APP006862,18600.0,2.0,8300.0,54.1,45.9,0,70.6,32,22.5,1,0
APP006863,272200.0,0.817,83600.0,44.4,55.6,3,96.1,32,11.3,1,0
APP006864,235700.0,0.152,82600.0,30.3,69.7,0,80.6,29,15.1,2,1
APP006865,70200.0,0.352,21800.0,52.3,47.7,5,86.8,25,20.3,3,1
APP006866,152500.0,0.691,31600.0,55.7,44.3,0,76.3,34,28.9,1,1
APP006867,160100.0,0.05,84400.0,63.3,36.7,0,97.4,32,10.9,0,3
APP006868,32800.0,0.374,16000.0,55.4,44.6,2,72.5,32,22.1,0,0
APP006869,84900.0,0.106,22300.0,48.2,51.8,0,80.0,34,16.3,1,0
APP006870,141200.0,0.133,22400.0,38.8,61.2,2,80.1,22,7.1,2,0
APP006871,191600.0,0.062,54800.0,50.8,49.2,0,79.6,27,11.2,0,0
APP006872,21400.0,1.144,9200.0,59.8,40.2,1,79.0,32,35.8,0,0
APP006873,45800.0,0.087,24200.0,39.6,60.4,0,91.5,19,9.2,1,0
APP006874,91000.0,0.171,13400.0,56.6,43.4,0,96.4,25,29.4,0,2
APP006875,105400.0,0.107,41000.0,31.2,68.8,0,94.2,26,24.2,2,0
APP006876,227700.0,1.201,87000.0,50.7,49.3,1,82.5,23,34.6,1,0
APP006877,27700.0,0.279,9500.0,38.6,61.4,0,70.7,26,19.9,4,0
APP006878,62400.0,0.306,20000.0,43.2,56.8,0,77.8,28,35.1,2,1
APP006879,362300.0,1.242,81000.0,57.1,42.9,3,80.2,38,17.0,0,0
APP006880,48800.0,0.297,29900.0,64.0,36.0,1,99.6,24,25.5,0,0
APP006881,144000.0,0.118,47400.0,64.9,35.1,0,88.6,28,33.9,1,0
APP006882,50700.0,0.118,19000.0,34.0,66.0,0,79.8,27,19.7,1,0
APP006883,50900.0,0.05,30900.0,52.9,47.1,0,80.1,30,21.3,1,0
APP006884,70400.0,0.257,23500.0,58.5,41.5,0,76.9,23,24.2,0,0
APP006885,16400.0,0.066,4900.0,45.6,54.4,0,72.4,30,29.4,2,3
APP006886,185100.0,0.603,28900.0,62.3,37.7,1,82.5,23,37.9,2,0
APP006887,47800.0,0.215,40700.0,58.4,41.6,0,76.1,29,7.7,0,0
APP006888,86400.0,0.314,18300.0,60.1,39.9,0,82.1,36,21.3,0,0
APP006889,48600.0,0.186,12600.0,58.6,41.4,0,77.4,31,12.8,0,0
APP006890,60900.0,0.138,22400.0,57.6,42.4,0,99.7,35,36.8,0,2
APP006891,69000.0,0.236,10200.0,64.0,36.0,0,97.9,27,38.4,0,0
APP006892,52600.0,0.485,25400.0,33.3,66.7,2,82.6,28,13.0,1,0
APP006893,36600.0,0.143,22000.0,47.3,52.7,0,92.4,36,16.8,0,1
APP006894,132900.0,0.05,46800.0,46.8,53.2,0,85.0,30,22.6,1,1
APP006895,47900.0,0.1,6100.0,69.5,30.5,2,85.7,30,12.6,1,0
APP006896,29200.0,0.218,8400.0,55.1,44.9,0,83.8,31,25.5,1,0
APP006897,38800.0,0.67,31700.0,62.6,37.4,0,96.7,37,6.4,1,0
APP006898,185600.0,0.066,46500.0,42.7,57.3,0,99.6,26,23.2,0,0
APP006899,79100.0,0.094,27100.0,53.2,46.8,0,75.8,39,25.4,0,0
APP006900,61200.0,0.064,33000.0,37.4,62.6,0,90.1,36,32.2,1,0
APP006901,206900.0,0.05,61400.0,55.6,44.4,2,78.8,38,28.0,0,0
APP006902,207200.0,0.05,38700.0,48.8,51.2,0,86.3,27,37.1,1,0
APP006903,91600.0,0.156,23700.0,42.6,57.4,4,91.7,29,35.9,1,0
APP006904,330500.0,0.738,54100.0,59.6,40.4,0,74.8,20,7.9,0,0
APP006905,16100.0,0.096,9100.0,41.7,58.3,1,93.2,23,6.9,1,0
APP006906,267500.0,0.05,77400.0,53.1,46.9,0,90.1,25,12.3,3,1
APP006907,77800.0,0.326,21700.0,63.4,36.6,0,82.7,31,37.2,1,0
APP006908,18300.0,0.606,6100.0,37.9,62.1,0,79.6,32,26.0,1,0
APP006909,6400.0,0.05,6300.0,57.9,42.1,0,89.8,34,24.6,1,0
APP006910,38500.0,0.073,13400.0,61.6,38.4,0,78.9,28,17.9,0,0
APP006911,39500.0,0.788,22000.0,57.2,42.8,0,72.9,28,39.2,0,0
APP006912,125000.0,0.074,35500.0,30.5,69.5,2,74.5,27,22.1,1,1
APP006913,29300.0,0.241,9100.0,43.5,56.5,0,95.8,37,34.1,2,0
APP006914,62200.0,0.05,12500.0,64.6,35.4,4,71.0,30,36.6,5,0
APP006915,82700.0,0.274,33300.0,54.2,45.8,0,95.8,32,11.3,0,0
APP006916,34000.0,0.164,9900.0,33.3,66.7,0,85.7,26,5.3,2,0
APP006917,72900.0,0.079,15800.0,33.0,67.0,2,99.2,19,37.0,1,0
APP006918,257200.0,0.22,53700.0,59.6,40.4,5,83.4,25,5.0,1,1
APP006919,80100.0,0.72,10900.0,57.7,42.3,1,76.8,29,37.8,1,0
APP006920,134800.0,0.869,23700.0,66.8,33.2,0,93.9,39,22.2,0,0
APP006921,33100.0,0.084,23500.0,50.1,49.9,0,89.4,32,35.3,1,2
APP006922,67200.0,0.05,17000.0,37.4,62.6,0,96.9,26,38.9,2,0
APP006923,17400.0,0.05,15600.0,30.1,69.9,0,70.9,34,26.3,0,1
APP006924,24700.0,0.253,22500.0,30.9,69.1,1,97.9,23,10.2,1,2
APP006925,291200.0,0.226,74600.0,52.9,47.1,0,82.5,26,10.0,1,1
APP006926,31000.0,0.177,21900.0,61.4,38.6,0,83.0,35,20.8,1,0
APP006927,69900.0,0.05,24300.0,43.1,56.9,0,71.4,31,20.6,0,0
APP006928,59700.0,0.126,25900.0,46.5,53.5,2,98.2,35,9.1,1,3
APP006929,93600.0,0.05,51000.0,43.1,56.9,0,98.8,26,5.3,0,0
APP006930,295600.0,0.618,97000.0,67.3,32.7,0,86.8,28,23.2,0,0
APP006931,19500.0,0.227,8200.0,35.1,64.9,0,95.6,41,34.9,0,0
APP006932,161300.0,0.154,44200.0,41.5,58.5,0,93.2,27,31.7,0,1
APP006933,88900.0,0.227,46600.0,47.4,52.6,0,80.6,34,14.8,1,0
APP006934,135300.0,0.05,30100.0,33.4,66.6,0,99.6,32,8.3,0,0
APP006935,34900.0,0.095,5400.0,57.4,42.6,0,75.9,31,39.5,2,0
APP006936,123100.0,0.05,26600.0,43.5,56.5,0,78.7,23,16.0,1,0
APP006937,33800.0,0.612,20000.0,39.0,61.0,0,87.3,32,5.6,0,3
APP006938,204400.0,0.06,30700.0,53.2,46.8,0,81.8,28,11.2,1,0
APP006939,30000.0,0.076,21100.0,49.5,50.5,0,87.1,31,30.5,0,0
APP006940,66300.0,0.241,21000.0,57.9,42.1,2,88.3,17,9.7,1,1
APP006941,42200.0,0.72,10700.0,58.8,41.2,0,77.5,33,36.5,1,0
APP006942,217100.0,0.479,51100.0,65.6,34.4,0,88.6,25,7.5,0,0
APP006943,110100.0,0.1,19800.0,54.8,45.2,0,87.4,24,31.4,1,0
APP006944,18400.0,0.05,22600.0,61.9,38.1,1,92.0,26,7.9,1,0
APP006945,87900.0,1.125,30000.0,57.4,42.6,0,88.5,24,21.7,0,1
APP006946,40800.0,0.05,35300.0,37.9,62.1,0,76.0,27,35.4,1,0
APP006947,118500.0,0.143,18600.0,34.0,66.0,0,82.9,38,27.5,1,0
APP006948,124100.0,0.178,20800.0,61.9,38.1,2,99.3,34,24.8,1,0
APP006949,28900.0,0.374,4800.0,68.4,31.6,0,98.6,27,10.4,0,0
APP006950,10200.0,0.216,9600.0,46.2,53.8,0,82.6,28,29.6,1,0
APP006951,13300.0,0.092,4300.0,62.7,37.3,0,89.2,23,24.0,1,1
APP006952,27600.0,0.911,3900.0,40.3,59.7,4,99.8,27,5.2,1,0
APP006953,151300.0,0.05,42200.0,49.3,50.7,0,76.6,27,21.1,3,0
APP006954,36400.0,0.079,28900.0,38.5,61.5,0,82.7,34,38.7,1,0
APP006955,106400.0,0.275,84700.0,52.0,48.0,0,88.2,21,8.3,0,3
APP006956,75800.0,0.05,18500.0,40.8,59.2,0,70.7,38,8.1,0,0
APP006957,317700.0,0.086,86000.0,41.7,58.3,0,81.4,30,21.6,2,1
APP006958,101500.0,0.153,24800.0,57.5,42.5,0,86.7,30,12.8,1,0
APP006959,11500.0,0.151,6900.0,62.9,37.1,3,77.2,36,12.1,0,0
APP006960,78500.0,0.418,37800.0,57.8,42.2,2,73.8,23,13.5,2,0
APP006961,65200.0,0.413,13800.0,34.3,65.7,0,70.4,26,13.6,2,0
APP006962,78400.0,0.05,22400.0,44.9,55.1,0,71.7,39,15.5,1,0
APP006963,113200.0,0.312,27800.0,55.7,44.3,0,93.3,35,17.1,1,0
APP006964,22400.0,0.05,6100.0,57.8,42.2,0,86.7,23,14.7,0,0
APP006965,44500.0,0.336,23500.0,46.6,53.4,0,77.9,33,35.6,1,0
APP006966,129600.0,1.038,46200.0,36.9,63.1,0,80.2,22,17.1,2,0
APP006967,50700.0,0.069,16600.0,39.6,60.4,0,71.3,30,15.4,2,1
APP006968,220100.0,0.224,57200.0,41.1,58.9,1,91.9,27,6.0,1,0
APP006969,168500.0,0.135,23400.0,38.3,61.7,0,99.3,28,6.4,2,0
APP006970,22500.0,0.197,5400.0,69.7,30.3,0,82.5,20,5.3,2,2
APP006971,41800.0,2.0,16200.0,51.4,48.6,0,97.9,40,38.3,2,0
APP006972,116800.0,0.379,21900.0,43.8,56.2,0,94.3,29,27.9,1,0
APP006973,56300.0,0.396,12800.0,38.8,61.2,0,84.2,26,35.5,0,1
APP006974,67200.0,0.18,15300.0,37.8,62.2,0,98.8,23,25.1,0,0
APP006975,38200.0,0.16,16000.0,68.6,31.4,0,90.5,26,7.1,1,3
APP006976,143100.0,0.826,42800.0,48.0,52.0,4,79.3,32,25.9,1,0
APP006977,29300.0,0.05,14600.0,67.9,32.1,0,90.6,41,35.0,0,0
APP006978,44000.0,0.784,7800.0,62.6,37.4,1,85.2,32,13.3,2,0
APP006979,63100.0,0.888,9900.0,43.2,56.8,3,97.3,31,11.2,2,0
APP006980,94100.0,0.625,25500.0,55.6,44.4,1,95.8,30,7.1,2,0
APP006981,41100.0,0.134,20600.0,57.4,42.6,0,98.0,31,27.4,1,0
APP006982,136200.0,0.05,34700.0,56.3,43.7,0,78.3,35,8.6,1,0
APP006983,110400.0,0.148,25300.0,35.3,64.7,2,93.4,37,14.9,0,1
APP006984,12000.0,0.362,10800.0,63.6,36.4,1,90.1,29,24.2,4,0
APP006985,50600.0,0.05,9900.0,42.3,57.7,0,98.7,28,18.5,1,0
APP006986,84000.0,1.459,18600.0,32.3,67.7,1,82.9,45,18.1,2,0
APP006987,46400.0,0.169,25100.0,36.7,63.3,0,91.6,28,7.2,2,0
APP006988,38600.0,1.498,17600.0,57.4,42.6,0,86.2,34,27.5,0,0
APP006989,37200.0,0.812,8900.0,37.8,62.2,0,83.8,30,12.4,0,0
APP006990,35800.0,0.222,28500.0,30.3,69.7,1,85.7,24,20.2,0,0
APP006991,82600.0,0.334,42900.0,34.2,65.8,0,99.3,27,33.0,0,0
APP006992,90500.0,0.648,23700.0,30.0,70.0,0,97.8,30,9.0,2,1
APP006993,70500.0,0.107,27200.0,45.3,54.7,0,87.7,27,10.6,3,0
APP006994,42700.0,0.05,16700.0,41.0,59.0,0,75.7,35,16.1,0,0
APP006995,16800.0,0.05,7300.0,57.2,42.8,0,70.4,32,25.8,2,0
APP006996,125600.0,0.896,26900.0,45.4,54.6,0,70.5,23,24.8,0,0
APP006997,53700.0,0.399,21200.0,41.9,58.1,0,72.8,27,27.3,0,0
APP006998,423500.0,0.287,78200.0,42.6,57.4,1,93.6,39,15.8,1,0
APP006999,94700.0,0.162,28600.0,57.3,42.7,1,78.6,28,25.0,3,0
APP007000,27800.0,0.235,15900.0,57.5,42.5,0,88.7,32,7.7,3,0
APP007001,120600.0,0.246,16900.0,52.8,47.2,1,84.6,24,21.3,1,2
APP007002,86700.0,0.687,32500.0,50.4,49.6,2,99.3,39,33.5,1,0
APP007003,40300.0,0.554,33100.0,37.4,62.6,2,72.3,36,5.5,1,0
APP007004,97200.0,0.36,39900.0,33.4,66.6,0,88.6,37,24.8,1,0
APP007005,141900.0,1.606,24900.0,30.4,69.6,0,87.0,31,16.5,1,0
APP007006,130700.0,0.501,33300.0,67.1,32.9,0,74.3,25,13.1,1,0
APP007007,154000.0,0.158,55200.0,34.5,65.5,2,93.3,28,20.7,2,0
APP007008,38000.0,0.812,38700.0,69.7,30.3,0,95.3,39,31.2,0,2
APP007009,114800.0,0.435,37200.0,61.9,38.1,2,95.0,40,12.6,1,0
APP007010,81700.0,0.548,19400.0,45.5,54.5,1,79.1,29,7.2,2,1
APP007011,142600.0,0.139,39000.0,44.1,55.9,1,77.0,37,25.5,0,2
APP007012,56800.0,0.133,15100.0,59.3,40.7,0,98.5,27,11.8,1,1
APP007013,79900.0,0.092,22300.0,66.0,34.0,1,75.3,40,37.7,3,0
APP007014,36300.0,0.087,20100.0,50.5,49.5,0,91.7,36,10.9,1,0
APP007015,62600.0,0.05,16000.0,69.8,30.2,0,87.6,26,18.5,1,0
APP007016,135000.0,0.07,30600.0,68.3,31.7,0,96.4,46,18.6,1,0
APP007017,65900.0,0.598,22600.0,31.6,68.4,0,84.0,26,13.1,1,0
APP007018,30100.0,0.05,13700.0,56.9,43.1,1,96.5,30,20.3,0,1
APP007019,17800.0,0.406,3700.0,57.8,42.2,0,98.2,30,17.4,1,1
APP007020,21900.0,0.347,3300.0,38.8,61.2,2,88.3,28,9.3,2,0
APP007021,71100.0,0.093,14100.0,43.1,56.9,2,78.3,24,33.7,1,0
APP007022,96400.0,0.22,26800.0,30.2,69.8,0,98.5,18,33.0,4,1
APP007023,127000.0,0.612,38800.0,49.3,50.7,1,97.7,34,12.9,1,0
APP007024,78200.0,0.086,19200.0,47.1,52.9,0,95.4,24,10.5,2,0
APP007025,69600.0,0.05,22800.0,64.0,36.0,0,72.7,28,35.1,1,0
APP007026,235100.0,0.352,34000.0,48.2,51.8,0,95.0,29,6.6,0,0
APP007027,46700.0,0.117,14600.0,60.0,40.0,0,71.9,27,31.1,0,0
APP007028,61500.0,0.097,20500.0,52.9,47.1,1,87.4,29,22.7,1,0
APP007029,115700.0,0.247,16900.0,41.8,58.2,1,84.3,20,26.7,1,0
APP007030,38900.0,0.413,20600.0,33.3,66.7,0,92.1,28,26.2,0,1
APP007031,73100.0,0.338,11900.0,42.0,58.0,1,70.5,25,24.8,1,0
APP007032,75300.0,0.21,20200.0,58.3,41.7,1,74.5,26,30.7,1,0
APP007033,131700.0,0.165,18300.0,38.2,61.8,0,84.3,27,39.0,1,1
APP007034,42400.0,1.397,14600.0,58.7,41.3,4,91.1,40,19.8,4,0
APP007035,20600.0,0.088,5600.0,41.9,58.1,0,89.5,33,16.9,0,0
APP007036,79300.0,0.05,36700.0,53.8,46.2,1,77.4,36,16.7,1,0
APP007037,159900.0,0.05,42100.0,39.0,61.0,0,76.1,37,10.8,2,0
APP007038,87000.0,0.153,14000.0,38.6,61.4,2,86.2,31,17.2,3,0
APP007039,291600.0,0.178,99900.0,35.4,64.6,0,91.0,23,16.2,0,0
APP007040,95200.0,0.124,32200.0,49.4,50.6,1,98.4,29,23.4,1,0
APP007041,96900.0,0.05,25600.0,47.9,52.1,0,95.1,31,26.2,0,0
APP007042,33400.0,0.05,21300.0,52.6,47.4,2,95.3,31,17.9,1,1
APP007043,55500.0,0.137,11900.0,35.2,64.8,0,71.2,27,16.1,1,1
APP007044,53800.0,0.05,15500.0,64.1,35.9,1,91.9,22,23.8,1,0
APP007045,108800.0,0.144,46500.0,43.8,56.2,1,88.5,20,32.9,0,0
APP007046,63000.0,0.441,35800.0,63.3,36.7,0,79.5,32,26.9,0,0
APP007047,139200.0,0.139,48900.0,56.4,43.6,0,96.4,33,35.0,0,0
APP007048,195800.0,0.872,70900.0,51.6,48.4,0,85.8,28,31.5,2,2
APP007049,47300.0,0.393,32700.0,63.8,36.2,2,85.6,31,10.9,1,0
APP007050,97000.0,0.251,24100.0,40.3,59.7,1,90.8,19,9.8,0,0
APP007051,157300.0,0.328,26200.0,63.2,36.8,0,86.3,29,10.8,1,0
APP007052,40400.0,0.177,15700.0,60.2,39.8,3,82.5,42,24.5,2,0
APP007053,79200.0,0.469,9900.0,44.7,55.3,0,87.9,32,7.8,3,0
APP007054,89800.0,0.05,23200.0,49.4,50.6,0,90.5,34,9.5,0,0
APP007055,73700.0,0.645,17500.0,47.5,52.5,0,83.1,23,39.8,0,0
APP007056,117300.0,0.393,40100.0,57.5,42.5,0,80.5,30,29.0,5,0
APP007057,26100.0,0.069,13500.0,35.7,64.3,0,72.4,28,10.2,0,0
APP007058,90800.0,0.695,26400.0,35.5,64.5,0,98.2,33,13.2,1,1
APP007059,94400.0,0.244,40200.0,65.1,34.9,0,93.1,36,28.5,1,0
APP007060,144400.0,1.042,30100.0,69.1,30.9,0,84.8,27,28.7,1,0
APP007061,124300.0,0.284,32100.0,54.1,45.9,0,84.6,14,37.4,2,0
APP007062,143100.0,0.587,26700.0,66.4,33.6,1,77.7,27,8.4,0,0
APP007063,33100.0,0.285,15400.0,59.4,40.6,0,98.5,21,21.5,0,0
APP007064,61000.0,0.05,17900.0,60.7,39.3,3,87.0,22,34.0,1,0
APP007065,239900.0,0.05,45800.0,48.2,51.8,1,95.8,27,34.5,1,0
APP007066,41900.0,0.822,25700.0,38.8,61.2,0,70.5,32,7.1,3,0
APP007067,112200.0,0.075,24000.0,65.1,34.9,0,95.6,26,6.5,3,0
APP007068,73900.0,0.05,16800.0,52.0,48.0,1,79.5,32,15.8,1,0
APP007069,41300.0,0.435,15800.0,63.0,37.0,0,91.1,24,22.4,2,0
APP007070,99900.0,0.095,18300.0,55.4,44.6,0,85.5,24,18.7,0,0
APP007071,112800.0,0.103,63000.0,52.0,48.0,0,75.0,26,13.4,0,0
APP007072,143900.0,0.32,44800.0,32.0,68.0,0,93.5,33,9.4,1,0
APP007073,113800.0,0.644,15300.0,65.4,34.6,2,96.6,33,38.3,4,2
APP007074,204700.0,0.05,43700.0,51.1,48.9,0,81.0,29,8.1,2,0
APP007075,61600.0,0.784,12100.0,42.9,57.1,3,75.3,21,38.1,3,0
APP007076,112800.0,0.538,47300.0,47.1,52.9,0,79.1,28,12.8,0,0
APP007077,28000.0,0.05,18600.0,63.6,36.4,0,82.1,28,17.5,1,0
APP007078,175100.0,0.613,42900.0,44.8,55.2,0,77.1,32,10.0,0,1
APP007079,142300.0,0.076,112500.0,42.6,57.4,2,85.1,30,23.7,1,0
APP007080,41100.0,0.133,23300.0,55.0,45.0,0,81.3,14,31.8,3,0
APP007081,13600.0,0.05,10600.0,56.8,43.2,0,92.8,31,12.8,1,0
APP007082,36600.0,0.59,18400.0,37.0,63.0,0,80.7,32,18.4,1,0
APP007083,29500.0,0.292,6500.0,63.1,36.9,0,72.5,35,9.8,1,0
APP007084,89500.0,0.1,16700.0,59.0,41.0,0,79.9,24,10.2,3,0
APP007085,26700.0,0.05,16200.0,62.3,37.7,0,94.5,22,35.5,0,0
APP007086,90800.0,0.245,16600.0,47.6,52.4,1,97.3,30,36.5,0,0
APP007087,61800.0,0.421,25100.0,52.6,47.4,0,82.5,33,15.8,0,0
APP007088,38700.0,0.138,15500.0,45.2,54.8,2,94.4,21,34.1,0,0
APP007089,420200.0,0.112,72000.0,33.1,66.9,1,88.0,27,25.8,0,0
APP007090,48500.0,1.014,26000.0,30.7,69.3,0,85.4,26,24.1,2,0
APP007091,154200.0,0.11,62700.0,51.7,48.3,0,70.9,32,23.3,4,0
APP007092,38100.0,0.05,8400.0,54.2,45.8,1,84.7,32,27.7,2,1
APP007093,50700.0,0.378,23900.0,58.4,41.6,0,88.4,26,17.3,3,0
APP007094,25800.0,0.05,10500.0,43.4,56.6,0,76.0,30,26.9,0,1
APP007095,52300.0,0.084,18900.0,42.1,57.9,1,77.8,30,30.0,2,0
APP007096,82700.0,0.091,47800.0,33.6,66.4,0,77.6,30,39.1,0,2
APP007097,31500.0,0.345,11500.0,43.2,56.8,1,73.2,21,38.8,1,0
APP007098,39500.0,0.05,13900.0,34.3,65.7,1,72.4,23,16.1,0,0
APP007099,17400.0,0.348,12100.0,62.1,37.9,0,71.1,33,39.9,2,0
APP007100,56300.0,0.273,29400.0,48.9,51.1,1,85.4,26,9.5,0,0
APP007101,64700.0,0.2,14500.0,62.5,37.5,3,89.6,33,16.4,1,0
APP007102,50000.0,1.047,10300.0,48.8,51.2,0,87.2,30,6.6,1,2
APP007103,79600.0,0.268,37600.0,38.6,61.4,0,85.8,16,17.1,0,0
APP007104,17200.0,0.569,6400.0,53.0,47.0,2,73.0,36,15.0,2,1
APP007105,92400.0,0.512,24100.0,36.9,63.1,0,98.1,24,25.5,0,0
APP007106,55700.0,1.085,22900.0,61.2,38.8,2,97.2,34,27.0,1,0
APP007107,104500.0,0.177,25700.0,33.0,67.0,1,99.4,22,7.2,3,1
APP007108,31500.0,0.105,4300.0,64.3,35.7,0,86.8,32,13.5,1,0
APP007109,323200.0,0.568,66100.0,69.5,30.5,0,73.5,31,7.5,1,3
APP007110,33000.0,0.08,8100.0,52.3,47.7,0,98.7,27,25.3,3,1
APP007111,383500.0,1.082,90700.0,42.8,57.2,0,86.6,30,25.9,0,1
APP007112,41600.0,0.414,31200.0,31.3,68.7,0,78.0,25,37.2,2,0
APP007113,97100.0,0.074,23700.0,36.7,63.3,0,98.6,28,19.8,3,3
APP007114,34600.0,0.507,23200.0,41.5,58.5,0,75.4,28,38.1,0,0
APP007115,61200.0,0.05,17400.0,45.5,54.5,0,74.6,31,26.6,1,0
APP007116,150900.0,0.134,70000.0,39.0,61.0,0,86.4,29,35.3,0,0
APP007117,28000.0,0.351,18200.0,35.0,65.0,0,76.0,31,7.4,1,1
APP007118,130700.0,0.203,23300.0,60.6,39.4,0,98.6,27,9.2,2,0
APP007119,27000.0,0.109,35600.0,63.1,36.9,0,83.7,26,6.8,1,0
APP007120,8600.0,0.091,6100.0,37.5,62.5,0,89.2,28,33.2,2,0
APP007121,62500.0,0.429,12300.0,62.4,37.6,0,73.3,30,34.3,2,0
APP007122,92400.0,0.058,23900.0,66.3,33.7,0,86.1,25,11.3,0,0
APP007123,59200.0,0.239,40200.0,51.1,48.9,0,95.0,21,13.1,1,0
APP007124,74400.0,0.05,9700.0,53.1,46.9,0,70.3,30,13.3,1,1
APP007125,137600.0,0.65,17600.0,32.0,68.0,2,90.1,20,20.8,2,1
APP007126,86900.0,0.05,55600.0,56.5,43.5,1,90.4,41,27.1,0,0
APP007127,23100.0,0.173,14000.0,44.4,55.6,0,91.2,35,14.2,0,2
APP007128,106300.0,0.093,29900.0,56.4,43.6,0,81.8,27,26.9,0,0
APP007129,184000.0,0.137,32300.0,41.4,58.6,0,85.6,29,31.4,0,0
APP007130,16400.0,1.171,8900.0,34.8,65.2,1,80.3,29,30.2,0,1
APP007131,79800.0,0.05,30000.0,66.8,33.2,0,73.8,41,6.7,3,0
APP007132,43000.0,0.228,6600.0,36.5,63.5,0,96.5,29,32.5,1,0
APP007133,16900.0,0.097,4800.0,55.3,44.7,1,78.7,31,22.2,1,0
APP007134,41700.0,0.25,12300.0,30.2,69.8,0,96.6,41,24.5,2,0
APP007135,67500.0,0.467,24700.0,61.5,38.5,0,96.8,31,20.1,2,0
APP007136,33900.0,0.302,19100.0,57.7,42.3,1,89.8,20,19.5,1,0
APP007137,255800.0,0.609,41900.0,66.0,34.0,0,88.2,22,8.4,0,0
APP007138,105000.0,0.479,29100.0,62.2,37.8,0,99.3,37,28.4,1,2
APP007139,204900.0,0.521,31300.0,45.3,54.7,0,73.8,36,36.6,1,0
APP007140,102200.0,0.05,17300.0,62.1,37.9,1,91.0,34,33.3,1,0
APP007141,140200.0,0.07,100200.0,50.3,49.7,0,97.2,26,15.6,1,0
APP007142,262800.0,0.25,73700.0,49.1,50.9,0,89.9,23,34.8,0,0
APP007143,44000.0,0.414,15500.0,43.5,56.5,0,84.3,22,26.7,2,0
APP007144,116600.0,0.124,48000.0,66.7,33.3,0,96.4,25,36.9,2,0
APP007145,192000.0,0.101,47100.0,32.6,67.4,3,97.0,29,23.9,1,1
APP007146,24400.0,0.675,34400.0,41.1,58.9,0,98.5,34,10.5,2,0
APP007147,136100.0,0.05,24400.0,30.7,69.3,0,79.5,34,32.8,0,0
APP007148,36400.0,0.462,5800.0,62.0,38.0,1,76.9,24,38.1,1,0
APP007149,88000.0,0.185,13700.0,59.3,40.7,2,91.1,34,13.6,2,0
APP007150,207600.0,0.332,62600.0,53.9,46.1,0,86.1,34,16.2,2,3
APP007151,67900.0,0.133,16700.0,46.2,53.8,0,80.0,27,27.3,0,1
APP007152,72300.0,0.864,13200.0,47.7,52.3,0,97.0,29,39.9,2,0
APP007153,44300.0,0.055,17800.0,44.4,55.6,0,89.2,29,6.8,1,0
APP007154,199100.0,0.48,46200.0,62.5,37.5,0,90.8,26,20.5,0,0
APP007155,22700.0,0.313,9300.0,30.1,69.9,1,73.3,30,28.6,2,0
APP007156,68800.0,0.238,30600.0,39.2,60.8,0,82.5,39,19.5,0,0
APP007157,80500.0,0.835,32900.0,60.0,40.0,0,86.7,22,39.8,3,0
APP007158,46300.0,0.933,18500.0,51.8,48.2,0,74.9,30,17.4,2,1
APP007159,38700.0,0.146,26100.0,61.2,38.8,0,82.5,42,19.2,0,0
APP007160,285000.0,0.05,65400.0,57.4,42.6,0,70.9,29,20.7,2,0
APP007161,75000.0,0.603,16700.0,44.8,55.2,0,92.7,23,25.4,0,0
APP007162,32300.0,0.286,26100.0,32.3,67.7,2,88.6,25,30.9,0,0
APP007163,336300.0,0.05,96700.0,57.5,42.5,2,88.5,27,13.4,1,0
APP007164,97000.0,0.25,32900.0,51.7,48.3,0,88.4,24,31.3,0,0
APP007165,84600.0,0.336,17800.0,36.1,63.9,2,95.0,26,6.0,1,0
APP007166,24700.0,0.113,9200.0,69.6,30.4,1,85.4,28,38.5,3,0
APP007167,138900.0,0.412,26900.0,34.2,65.8,0,91.1,29,33.0,0,0
APP007168,68800.0,0.437,12000.0,40.3,59.7,0,78.8,39,22.8,1,0
APP007169,62900.0,0.083,28100.0,50.8,49.2,0,93.2,28,23.8,2,0
APP007170,158100.0,0.077,23400.0,48.1,51.9,1,93.0,36,38.8,0,0
APP007171,102900.0,0.336,72000.0,41.5,58.5,0,72.5,35,22.0,1,0
APP007172,50900.0,0.356,26100.0,50.8,49.2,0,95.5,23,13.2,5,0
APP007173,35900.0,0.83,15100.0,41.7,58.3,2,73.7,23,17.9,0,0
APP007174,176400.0,0.37,27600.0,37.8,62.2,1,93.3,32,7.7,1,1
APP007175,242400.0,0.333,51400.0,68.3,31.7,0,99.8,31,9.6,1,0
APP007176,211300.0,0.428,74800.0,38.9,61.1,2,94.2,31,20.0,0,0
APP007177,119800.0,0.62,35400.0,41.8,58.2,0,89.0,27,11.8,1,0
APP007178,67800.0,0.054,26800.0,31.7,68.3,0,96.7,29,27.7,0,0
APP007179,13400.0,0.335,10000.0,32.3,67.7,0,81.9,25,19.7,2,0
APP007180,90800.0,0.138,24100.0,32.3,67.7,0,88.5,21,26.9,1,2
APP007181,92800.0,0.199,25000.0,51.2,48.8,1,86.2,35,17.0,0,0
APP007182,169800.0,0.388,43300.0,63.5,36.5,0,71.3,21,29.8,0,0
APP007183,43500.0,0.05,7700.0,42.9,57.1,0,80.5,23,17.3,1,0
APP007184,87900.0,0.407,26900.0,32.6,67.4,2,89.7,19,29.7,0,0
APP007185,52300.0,0.05,24400.0,38.8,61.2,2,88.0,28,8.7,0,0
APP007186,81300.0,0.107,27700.0,59.8,40.2,0,97.1,28,14.9,0,1
APP007187,51600.0,0.05,18600.0,65.9,34.1,0,85.4,31,21.4,1,0
APP007188,36400.0,0.139,23800.0,68.1,31.9,0,84.0,33,35.4,0,1
APP007189,146100.0,0.531,20300.0,66.9,33.1,0,72.0,25,12.8,0,1
APP007190,21400.0,0.203,13100.0,52.3,47.7,2,87.7,28,20.8,0,0
APP007191,86800.0,0.299,45900.0,41.2,58.8,0,97.5,31,26.8,1,0
APP007192,88400.0,0.24,17100.0,51.6,48.4,0,74.5,19,9.9,1,0
APP007193,92400.0,0.201,14700.0,67.5,32.5,0,79.5,22,35.4,2,0
APP007194,328900.0,0.147,49000.0,67.4,32.6,0,77.4,34,20.3,1,2
APP007195,41300.0,0.139,20100.0,49.2,50.8,0,86.2,36,21.8,2,1
APP007196,176600.0,0.256,79400.0,53.4,46.6,0,75.5,27,9.6,0,0
APP007197,143800.0,0.682,26200.0,37.4,62.6,0,88.3,27,27.4,0,2
APP007198,166400.0,0.347,30400.0,57.5,42.5,1,97.4,30,5.8,2,0
APP007199,109100.0,0.117,19400.0,63.8,36.2,0,89.1,34,27.9,1,0
APP007200,66700.0,0.256,15000.0,63.9,36.1,0,93.3,30,27.1,2,2
APP007201,98800.0,0.859,24800.0,60.7,39.3,0,89.4,35,23.0,0,1
APP007202,12200.0,0.188,12400.0,35.2,64.8,0,71.5,27,21.2,1,0
APP007203,179100.0,0.062,29900.0,32.0,68.0,0,99.1,37,18.2,0,0
APP007204,216400.0,0.359,31700.0,36.1,63.9,0,91.2,22,36.1,2,0
APP007205,62700.0,0.241,16700.0,37.9,62.1,0,82.7,28,39.7,0,0
APP007206,31100.0,0.181,4500.0,49.8,50.2,0,95.8,22,33.5,2,0
APP007207,225800.0,0.372,75600.0,30.6,69.4,0,96.0,23,18.3,1,0
APP007208,96900.0,0.05,25700.0,42.4,57.6,0,96.9,30,19.3,0,0
APP007209,153400.0,0.527,62700.0,40.2,59.8,0,93.3,23,24.5,1,0
APP007210,65800.0,0.16,14500.0,39.9,60.1,0,98.9,26,8.0,1,1
APP007211,26100.0,0.05,5800.0,48.2,51.8,2,70.9,35,39.2,1,0
APP007212,75100.0,0.058,19400.0,35.8,64.2,3,86.7,31,35.7,1,1
APP007213,31000.0,0.377,6800.0,44.4,55.6,0,98.7,29,19.2,1,0
APP007214,63900.0,0.285,37600.0,39.9,60.1,0,92.7,29,7.1,1,0
APP007215,45000.0,0.05,57600.0,42.6,57.4,1,98.0,26,18.6,0,0
APP007216,89500.0,0.05,29600.0,39.4,60.6,0,78.5,30,15.8,0,0
APP007217,27500.0,0.051,9200.0,42.4,57.6,1,71.0,26,22.1,2,0
APP007218,62500.0,0.1,17400.0,52.5,47.5,2,96.4,32,6.4,1,0
APP007219,21200.0,0.357,3800.0,31.7,68.3,0,83.1,33,5.6,1,0
APP007220,28700.0,0.085,13800.0,31.6,68.4,0,83.5,34,6.1,1,0
APP007221,110600.0,0.277,42000.0,50.6,49.4,0,90.3,34,12.0,0,1
APP007222,36400.0,1.115,29300.0,58.9,41.1,0,75.8,33,6.6,4,2
APP007223,138700.0,0.05,63100.0,33.5,66.5,0,84.7,31,11.6,0,0
APP007224,8600.0,0.06,4400.0,62.1,37.9,1,77.1,26,7.2,1,0
APP007225,97900.0,0.05,48500.0,58.1,41.9,0,78.8,37,29.4,0,0
APP007226,25200.0,0.952,14400.0,48.7,51.3,0,71.3,30,23.2,1,0
APP007227,68600.0,0.088,16800.0,48.9,51.1,0,84.1,26,36.3,0,0
APP007228,109600.0,0.21,22600.0,64.8,35.2,0,78.5,34,30.3,1,0
APP007229,64900.0,0.241,15800.0,38.4,61.6,0,89.9,23,19.0,0,1
APP007230,12200.0,0.436,8300.0,56.3,43.7,0,74.6,26,39.1,2,0
APP007231,64500.0,0.242,28600.0,31.3,68.7,0,77.3,25,28.0,1,0
APP007232,60400.0,0.259,23300.0,58.0,42.0,0,70.2,40,16.8,2,0
APP007233,102300.0,0.247,31200.0,67.2,32.8,1,85.9,28,19.3,1,0
APP007234,105400.0,0.93,28000.0,60.8,39.2,0,75.7,34,25.7,2,1
APP007235,38800.0,0.513,31800.0,53.8,46.2,0,86.6,23,22.6,1,0
APP007236,116700.0,0.092,36700.0,51.5,48.5,0,74.2,28,12.1,1,0
APP007237,63600.0,1.252,23800.0,31.7,68.3,0,72.7,37,12.2,0,1
APP007238,50100.0,0.838,7700.0,51.6,48.4,2,73.2,31,8.4,2,0
APP007239,88500.0,0.084,45300.0,60.8,39.2,0,90.4,27,39.8,1,0
APP007240,156500.0,0.116,40100.0,52.9,47.1,1,80.1,25,31.0,2,0
APP007241,61300.0,0.097,11300.0,60.7,39.3,0,98.1,43,30.7,0,2
APP007242,38300.0,0.076,16000.0,44.5,55.5,0,90.3,23,10.0,1,0
APP007243,203900.0,0.472,52200.0,36.3,63.7,2,91.4,33,33.3,4,1
APP007244,46600.0,0.225,12100.0,51.8,48.2,0,96.8,22,22.1,2,1
APP007245,143800.0,0.111,35900.0,67.5,32.5,0,90.0,33,16.0,1,2
APP007246,150800.0,0.418,46800.0,60.2,39.8,0,99.9,33,34.4,0,0
APP007247,19400.0,0.298,3800.0,39.4,60.6,1,71.2,36,37.4,0,0
APP007248,149500.0,0.05,35900.0,35.7,64.3,0,99.7,30,27.8,1,0
APP007249,73800.0,0.05,15400.0,37.9,62.1,0,78.9,34,12.1,0,0
APP007250,33800.0,0.05,9700.0,44.8,55.2,1,94.2,35,11.7,2,2
APP007251,46300.0,0.05,19100.0,35.4,64.6,0,73.1,32,19.0,0,0
APP007252,107900.0,0.22,45400.0,43.0,57.0,0,90.1,34,9.7,2,0
APP007253,65000.0,0.624,25900.0,64.0,36.0,0,83.9,34,18.5,0,1
APP007254,87200.0,0.436,15400.0,54.0,46.0,0,95.2,42,27.8,0,2
APP007255,116300.0,0.914,27800.0,58.6,41.4,0,93.8,24,40.0,1,1
APP007256,48900.0,0.452,19300.0,37.9,62.1,1,73.7,30,13.4,2,0
APP007257,12100.0,0.05,10900.0,33.7,66.3,3,95.1,38,16.4,1,1
APP007258,46700.0,0.23,14000.0,42.0,58.0,0,90.9,25,32.5,0,0
APP007259,39900.0,0.688,21900.0,33.3,66.7,0,77.7,33,27.2,1,0
APP007260,158800.0,0.055,54800.0,37.0,63.0,0,89.8,26,31.2,1,1
APP007261,92500.0,0.085,17200.0,41.1,58.9,0,77.7,29,25.4,1,0
APP007262,94100.0,0.097,17300.0,35.1,64.9,1,75.1,27,30.8,0,0
APP007263,52000.0,0.05,11800.0,41.2,58.8,1,95.4,25,10.1,0,0
APP007264,254700.0,0.313,62500.0,43.3,56.7,0,77.5,22,34.0,0,2
APP007265,109100.0,0.05,28100.0,50.9,49.1,0,92.9,27,23.7,0,2
APP007266,10400.0,0.156,8400.0,52.1,47.9,0,96.0,37,17.7,2,0
APP007267,17500.0,0.113,9000.0,52.8,47.2,2,78.9,27,13.5,2,0
APP007268,79600.0,0.05,29300.0,69.2,30.8,0,77.4,29,20.2,1,0
APP007269,82800.0,0.05,27100.0,45.2,54.8,0,98.5,29,24.6,1,0
APP007270,74400.0,0.063,44100.0,55.7,44.3,0,95.4,31,30.8,0,0
APP007271,78500.0,0.353,13500.0,30.3,69.7,1,74.8,21,15.9,0,0
APP007272,21200.0,0.328,6100.0,30.3,69.7,0,81.6,28,22.1,0,0
APP007273,92500.0,0.096,23400.0,57.0,43.0,0,80.2,29,21.3,0,0
APP007274,42300.0,0.05,16900.0,51.2,48.8,1,88.0,26,15.3,2,0
APP007275,118800.0,0.05,25100.0,64.3,35.7,0,76.3,27,34.2,0,0
APP007276,83100.0,0.557,15000.0,54.4,45.6,0,97.3,19,13.7,2,0
APP007277,98700.0,0.126,18200.0,35.4,64.6,0,93.7,22,11.7,2,0
APP007278,57700.0,0.093,17900.0,61.4,38.6,0,96.9,24,28.8,0,0
APP007279,27100.0,0.05,3400.0,42.0,58.0,0,96.3,35,31.2,0,0
APP007280,72200.0,0.158,21400.0,31.8,68.2,0,94.3,32,38.2,0,0
APP007281,55900.0,0.225,43400.0,62.2,37.8,1,100.0,28,17.8,1,0
APP007282,50700.0,0.941,13300.0,42.5,57.5,1,80.1,20,18.8,1,0
APP007283,21900.0,0.215,3600.0,39.6,60.4,0,70.2,41,26.5,1,0
APP007284,95800.0,0.227,29600.0,33.1,66.9,0,88.4,33,10.4,0,0
APP007285,82800.0,0.157,26200.0,35.8,64.2,0,81.4,34,15.2,1,1
APP007286,19500.0,0.05,6600.0,58.3,41.7,0,77.8,29,31.5,3,1
APP007287,52600.0,0.072,29400.0,52.0,48.0,0,97.8,36,20.8,0,0
APP007288,110200.0,0.05,31500.0,60.7,39.3,0,98.9,36,37.0,0,0
APP007289,47800.0,0.356,23700.0,30.4,69.6,0,82.6,35,20.3,1,0
APP007290,99700.0,0.073,16400.0,66.0,34.0,1,93.2,34,23.0,3,3
APP007291,123300.0,0.437,36200.0,39.2,60.8,0,75.0,27,15.0,1,0
APP007292,29000.0,0.287,10600.0,64.6,35.4,0,94.1,18,11.4,0,1
APP007293,53400.0,0.05,23900.0,41.4,58.6,1,98.7,39,27.2,1,0
APP007294,173100.0,0.496,46000.0,53.1,46.9,4,76.0,29,18.1,0,0
APP007295,13600.0,0.06,6700.0,36.7,63.3,1,71.9,24,19.4,1,2
APP007296,67600.0,0.337,24100.0,45.8,54.2,2,74.4,24,13.3,1,0
APP007297,224900.0,0.325,49000.0,58.5,41.5,1,99.4,30,32.2,1,0
APP007298,31200.0,0.598,10000.0,33.9,66.1,2,84.4,27,23.0,2,0
APP007299,34200.0,0.082,23200.0,48.7,51.3,1,74.6,22,25.6,2,1
APP007300,167400.0,0.054,51700.0,60.7,39.3,0,76.9,24,24.3,3,0
APP007301,44900.0,0.188,7700.0,45.0,55.0,0,72.9,27,12.6,0,0
APP007302,45600.0,0.05,43200.0,38.5,61.5,2,76.3,32,20.1,2,0
APP007303,154500.0,0.637,39100.0,66.0,34.0,0,82.9,31,26.4,0,0
APP007304,81300.0,0.457,22800.0,42.9,57.1,0,80.9,37,5.5,2,0
APP007305,19300.0,0.105,4400.0,51.1,48.9,0,83.4,31,11.9,0,0
APP007306,116800.0,0.772,24900.0,51.6,48.4,1,74.7,35,9.3,0,0
APP007307,6900.0,0.05,5600.0,42.7,57.3,0,80.4,32,34.4,0,0
APP007308,12200.0,0.13,5900.0,34.4,65.6,0,82.0,33,26.2,1,0
APP007309,47700.0,0.25,16200.0,50.3,49.7,4,93.8,31,12.2,1,0
APP007310,34000.0,0.594,17100.0,42.2,57.8,1,92.0,33,9.9,1,0
APP007311,17300.0,0.05,7600.0,66.0,34.0,0,85.8,26,37.1,0,0
APP007312,119200.0,0.529,42300.0,33.6,66.4,5,71.6,15,25.5,2,0
APP007313,61100.0,0.148,15300.0,41.0,59.0,0,83.2,22,10.0,0,0
APP007314,108300.0,0.206,21600.0,35.2,64.8,1,85.5,30,30.6,0,0
APP007315,76100.0,0.587,44700.0,50.1,49.9,0,88.2,29,13.5,1,0
APP007316,29500.0,0.242,6300.0,34.4,65.6,0,91.7,24,28.0,1,0
APP007317,39400.0,0.197,22300.0,31.7,68.3,0,99.4,32,34.3,2,0
APP007318,78700.0,0.123,33600.0,40.0,60.0,0,83.7,35,17.5,1,0
APP007319,18100.0,0.16,9700.0,35.1,64.9,0,89.1,31,10.2,1,0
APP007320,102100.0,0.291,29300.0,51.2,48.8,1,86.2,36,29.0,3,0
APP007321,109000.0,0.228,38500.0,34.3,65.7,0,84.9,33,16.7,0,0
APP007322,142900.0,0.073,36900.0,67.3,32.7,0,76.0,25,37.8,3,1
APP007323,70900.0,0.05,41200.0,41.3,58.7,0,93.0,31,25.3,2,1
APP007324,35800.0,0.05,42700.0,56.9,43.1,0,79.9,36,34.3,1,0
APP007325,196800.0,0.428,67400.0,48.5,51.5,0,71.5,32,38.0,1,0
APP007326,26300.0,0.646,22200.0,50.7,49.3,0,98.1,29,22.3,0,0
APP007327,22000.0,0.183,8300.0,42.0,58.0,0,88.8,45,13.8,2,0
APP007328,53000.0,0.164,24300.0,49.8,50.2,0,99.5,28,23.2,1,0
APP007329,112500.0,0.23,25400.0,58.6,41.4,0,71.2,29,5.3,1,0
APP007330,103500.0,0.141,27100.0,37.2,62.8,2,97.9,22,6.1,1,1
APP007331,365000.0,0.474,114400.0,35.3,64.7,0,96.5,26,23.0,0,1
APP007332,101000.0,0.326,26100.0,30.1,69.9,0,92.9,25,29.4,0,1
APP007333,34100.0,0.057,17300.0,43.3,56.7,4,72.5,31,7.5,3,2
APP007334,28600.0,0.11,4600.0,42.7,57.3,2,75.1,40,37.9,2,0
APP007335,55300.0,0.495,17700.0,37.1,62.9,0,91.3,32,25.6,1,0
APP007336,69600.0,0.05,36000.0,67.1,32.9,0,81.1,40,20.1,0,0
APP007337,66100.0,0.082,32800.0,35.8,64.2,0,80.9,22,30.8,1,0
APP007338,180200.0,0.084,61600.0,45.2,54.8,0,87.5,24,12.3,2,0
APP007339,61500.0,0.05,37200.0,68.5,31.5,0,86.3,39,22.9,0,1
APP007340,141800.0,0.05,34400.0,41.8,58.2,0,77.6,31,7.6,1,0
APP007341,69900.0,0.379,13500.0,39.4,60.6,0,89.4,27,15.1,0,0
APP007342,95600.0,0.103,25600.0,49.8,50.2,0,74.4,39,38.8,1,0
APP007343,60700.0,0.265,25500.0,69.9,30.1,0,81.0,32,9.8,2,0
APP007344,115100.0,0.497,38600.0,58.7,41.3,0,96.0,27,5.1,0,0
APP007345,105200.0,0.185,26600.0,42.3,57.7,0,92.1,27,8.6,1,0
APP007346,397100.0,0.05,62900.0,32.2,67.8,0,90.1,17,5.4,2,0
APP007347,37500.0,0.481,12800.0,54.1,45.9,0,96.9,34,17.8,1,0
APP007348,106500.0,0.201,22700.0,35.7,64.3,0,95.4,26,20.6,1,0
APP007349,140800.0,0.369,33300.0,49.0,51.0,0,70.3,38,20.4,0,0
APP007350,30700.0,0.185,5500.0,47.7,52.3,1,95.1,40,5.6,0,0
APP007351,145300.0,0.198,38900.0,44.7,55.3,1,82.7,21,24.6,1,2
APP007352,64600.0,0.21,9100.0,39.1,60.9,0,76.9,36,34.2,1,0
APP007353,47600.0,0.263,11900.0,57.4,42.6,0,90.7,35,22.8,2,0
APP007354,280600.0,0.05,64700.0,59.4,40.6,0,84.1,32,29.0,1,0
APP007355,25600.0,0.132,12600.0,60.6,39.4,5,80.4,29,26.9,2,0
APP007356,115200.0,0.383,40000.0,55.5,44.5,2,74.3,28,12.0,1,0
APP007357,26800.0,0.204,13700.0,35.0,65.0,0,99.5,32,38.9,1,0
APP007358,13400.0,0.174,3600.0,41.4,58.6,3,94.9,39,16.5,1,0
APP007359,69000.0,0.05,24400.0,56.0,44.0,0,88.7,17,37.5,1,1
APP007360,55400.0,0.302,26300.0,50.8,49.2,0,80.0,25,37.2,3,0
APP007361,43600.0,0.131,31100.0,36.1,63.9,0,71.0,28,26.3,0,0
APP007362,8700.0,0.246,4600.0,50.1,49.9,0,74.2,25,37.9,3,0
APP007363,87500.0,0.125,27100.0,30.2,69.8,0,95.4,28,14.1,1,1
APP007364,81800.0,0.684,14300.0,32.5,67.5,2,90.7,32,12.1,0,0
APP007365,122000.0,0.34,29300.0,45.1,54.9,0,74.5,32,37.8,0,0
APP007366,130700.0,0.251,25400.0,51.8,48.2,0,97.8,29,36.6,2,0
APP007367,83300.0,0.695,39800.0,56.2,43.8,2,95.6,35,12.9,0,0
APP007368,39200.0,0.05,26200.0,42.3,57.7,0,90.4,36,20.4,0,2
APP007369,123300.0,0.361,29800.0,48.0,52.0,0,74.8,34,13.1,1,0
APP007370,54100.0,0.05,16400.0,46.5,53.5,0,95.1,30,8.2,2,0
APP007371,14900.0,0.163,7000.0,47.9,52.1,0,77.6,28,30.8,0,0
APP007372,209300.0,0.146,60800.0,30.3,69.7,0,78.3,23,21.6,2,0
APP007373,56800.0,0.378,18500.0,42.8,57.2,0,95.9,28,26.3,1,0
APP007374,121900.0,0.37,62400.0,35.4,64.6,1,79.9,27,15.4,0,0
APP007375,53900.0,0.504,21400.0,31.4,68.6,2,74.4,27,22.7,1,0
APP007376,82200.0,0.183,17800.0,60.6,39.4,0,95.8,28,18.4,1,0
APP007377,25100.0,0.331,4500.0,39.5,60.5,0,76.6,26,6.6,2,2
APP007378,45600.0,0.343,42700.0,58.9,41.1,0,99.2,35,39.4,1,0
APP007379,144800.0,0.076,23900.0,67.3,32.7,0,75.8,40,13.2,3,1
APP007380,38800.0,0.179,9200.0,47.8,52.2,2,79.8,38,32.5,0,1
APP007381,67600.0,0.398,14000.0,41.8,58.2,1,84.6,29,39.8,3,3
APP007382,52900.0,0.05,20600.0,40.3,59.7,0,82.8,38,16.7,0,0
APP007383,77400.0,0.158,26400.0,55.1,44.9,0,93.4,24,15.3,0,0
APP007384,32900.0,0.238,18900.0,39.8,60.2,0,86.8,24,25.3,0,0
APP007385,34600.0,0.174,35200.0,44.1,55.9,1,95.3,30,6.8,1,1
APP007386,51800.0,0.154,19300.0,36.8,63.2,0,79.1,33,16.6,1,0
APP007387,105500.0,0.348,31500.0,65.9,34.1,0,82.5,37,32.0,1,0
APP007388,37400.0,0.14,17700.0,47.9,52.1,1,78.3,30,8.5,1,0
APP007389,157200.0,0.347,33600.0,65.8,34.2,1,79.9,23,28.1,1,0
APP007390,31100.0,0.353,27900.0,56.7,43.3,0,78.5,26,35.1,0,0
APP007391,101200.0,1.36,21300.0,46.2,53.8,0,71.7,18,34.2,0,1
APP007392,262700.0,0.05,83100.0,67.0,33.0,2,75.7,27,17.8,0,1
APP007393,54600.0,0.301,24700.0,63.9,36.1,0,97.3,31,35.9,5,1
APP007394,84300.0,0.065,15200.0,69.6,30.4,0,88.1,31,11.8,0,0
APP007395,44200.0,0.217,26300.0,68.5,31.5,1,91.6,26,39.5,1,0
APP007396,292200.0,0.311,40200.0,42.3,57.7,3,77.5,35,7.3,1,0
APP007397,104900.0,0.606,34700.0,41.0,59.0,1,95.3,26,30.7,2,0
APP007398,58900.0,0.331,17400.0,51.0,49.0,1,85.7,30,9.1,2,0
APP007399,123400.0,0.574,42600.0,37.6,62.4,0,72.5,35,20.7,1,0
APP007400,114100.0,0.356,14400.0,51.7,48.3,0,82.1,33,12.4,0,0
APP007401,59900.0,0.377,14800.0,62.5,37.5,1,97.5,27,8.4,0,2
APP007402,284900.0,0.267,38600.0,69.5,30.5,0,74.8,36,20.4,0,0
APP007403,28200.0,0.308,5300.0,41.4,58.6,0,98.3,45,34.7,1,0
APP007404,74000.0,0.76,37900.0,54.1,45.9,0,90.7,34,16.4,2,0
APP007405,42600.0,0.05,56900.0,30.8,69.2,0,79.2,27,28.2,1,0
APP007406,45800.0,0.454,21000.0,44.5,55.5,0,75.0,31,12.9,1,0
APP007407,45800.0,0.622,29000.0,51.6,48.4,0,97.4,27,23.1,2,0
APP007408,34300.0,0.325,13500.0,41.7,58.3,0,83.3,41,31.1,3,0
APP007409,77500.0,0.092,29100.0,69.6,30.4,0,77.9,26,16.4,0,1
APP007410,26700.0,0.12,6200.0,55.0,45.0,3,74.7,27,35.6,0,0
APP007411,20100.0,0.05,10000.0,68.0,32.0,0,78.4,27,21.2,2,0
APP007412,122000.0,0.514,19200.0,44.8,55.2,1,86.3,37,9.5,3,3
APP007413,27600.0,0.573,36500.0,45.4,54.6,0,82.5,26,22.0,1,0
APP007414,55400.0,0.099,18800.0,47.5,52.5,0,80.3,24,5.1,0,0
APP007415,335900.0,0.285,96700.0,69.9,30.1,0,73.9,26,20.3,0,2
APP007416,60300.0,0.157,16900.0,41.8,58.2,0,85.3,20,13.1,5,1
APP007417,69200.0,0.05,11600.0,58.1,41.9,2,70.3,28,39.1,0,0
APP007418,127200.0,0.109,27300.0,66.4,33.6,0,82.9,35,18.6,0,1
APP007419,221800.0,0.09,43000.0,34.3,65.7,0,82.9,20,24.7,1,1
APP007420,85000.0,0.363,20400.0,68.1,31.9,2,84.1,23,39.9,1,0
APP007421,306800.0,0.05,66700.0,46.9,53.1,1,76.8,23,17.4,2,0
APP007422,79100.0,0.124,24300.0,55.4,44.6,0,88.3,24,35.3,1,0
APP007423,25900.0,0.434,17200.0,45.7,54.3,2,70.3,29,24.0,1,0
APP007424,94200.0,0.327,21200.0,39.1,60.9,0,75.8,37,31.1,2,0
APP007425,49100.0,0.224,29500.0,54.6,45.4,0,87.6,40,38.3,1,0
APP007426,72100.0,0.822,10400.0,56.1,43.9,0,72.5,26,38.5,1,1
APP007427,78300.0,0.584,12700.0,61.4,38.6,3,86.8,19,37.2,0,0
APP007428,31200.0,0.052,26000.0,60.1,39.9,0,95.5,32,22.5,0,0
APP007429,41400.0,0.419,28300.0,41.3,58.7,2,79.6,26,31.2,0,0
APP007430,220300.0,0.33,58400.0,40.6,59.4,0,72.4,28,38.3,0,0
APP007431,10500.0,0.583,7500.0,52.5,47.5,0,77.4,29,20.2,0,0
APP007432,61600.0,0.05,31700.0,55.9,44.1,0,96.8,28,9.4,1,0
APP007433,53400.0,0.068,8400.0,40.0,60.0,0,92.7,38,20.4,1,0
APP007434,62800.0,0.399,39800.0,63.6,36.4,0,88.6,22,25.8,0,3
APP007435,39400.0,1.093,33200.0,65.9,34.1,0,77.5,33,20.5,1,0
APP007436,40400.0,0.606,17100.0,58.4,41.6,1,80.2,33,36.9,2,0
APP007437,41300.0,0.311,12600.0,54.6,45.4,0,88.3,36,16.6,0,0
APP007438,256300.0,0.393,54700.0,65.1,34.9,0,80.6,32,20.7,0,0
APP007439,106200.0,0.053,61500.0,69.1,30.9,0,87.6,32,33.8,1,0
APP007440,55700.0,0.277,18400.0,38.2,61.8,0,82.3,35,30.0,1,0
APP007441,38900.0,0.472,20400.0,57.0,43.0,0,98.1,27,30.1,2,0
APP007442,36000.0,0.373,8200.0,68.3,31.7,0,86.8,26,9.0,2,0
APP007443,88200.0,0.241,35700.0,40.6,59.4,1,87.6,33,7.1,2,0
APP007444,88300.0,0.24,17000.0,56.5,43.5,0,72.7,35,37.6,2,2
APP007445,98800.0,0.502,23000.0,46.6,53.4,0,90.4,32,19.0,0,0
APP007446,129900.0,0.064,36200.0,46.4,53.6,1,85.3,30,21.3,1,0
APP007447,149700.0,0.278,18200.0,53.9,46.1,0,93.0,17,8.5,0,0
APP007448,67900.0,0.212,18500.0,42.0,58.0,2,96.9,39,15.6,0,0
APP007449,87700.0,0.224,13800.0,42.7,57.3,1,78.9,24,34.7,0,1
APP007450,96700.0,0.249,23300.0,61.6,38.4,0,83.7,31,18.8,2,0
APP007451,48800.0,0.201,30400.0,41.1,58.9,0,77.7,28,13.1,3,0
APP007452,40700.0,0.05,31800.0,39.7,60.3,3,78.3,28,38.8,1,0
APP007453,45900.0,0.674,13000.0,58.4,41.6,0,93.5,41,39.3,1,0
APP007454,68900.0,0.102,14100.0,58.0,42.0,0,84.3,22,14.0,1,0
APP007455,126100.0,0.214,22000.0,45.3,54.7,0,82.3,21,37.6,1,0
APP007456,63100.0,0.05,10300.0,36.8,63.2,0,89.6,35,16.6,2,0
APP007457,84800.0,0.074,25800.0,40.1,59.9,1,83.6,35,9.0,1,0
APP007458,49800.0,0.05,8600.0,30.0,70.0,0,77.0,31,10.4,1,0
APP007459,29100.0,0.05,22700.0,46.3,53.7,0,99.0,29,28.5,0,2
APP007460,78100.0,0.193,28900.0,41.5,58.5,0,98.5,25,21.3,2,0
APP007461,103900.0,0.477,20700.0,49.8,50.2,0,82.2,36,9.8,1,1
APP007462,16200.0,0.05,9500.0,51.3,48.7,0,99.7,24,10.5,1,0
APP007463,108000.0,0.216,42900.0,44.6,55.4,3,89.2,31,20.2,0,0
APP007464,63300.0,0.221,28700.0,46.1,53.9,2,86.5,23,8.6,1,0
APP007465,83000.0,0.489,18800.0,46.4,53.6,0,95.1,34,7.8,1,0
APP007466,89700.0,0.28,31600.0,52.8,47.2,0,85.5,27,12.8,1,0
APP007467,45700.0,0.05,25400.0,32.8,67.2,0,76.4,34,25.2,1,0
APP007468,66600.0,0.2,14500.0,68.3,31.7,0,84.2,32,29.2,3,0
APP007469,145700.0,0.05,45200.0,32.7,67.3,0,70.0,30,34.7,4,0
APP007470,31100.0,0.456,8900.0,37.5,62.5,1,78.8,24,11.8,0,0
APP007471,49900.0,0.413,17500.0,59.6,40.4,0,77.4,24,16.5,1,0
APP007472,84300.0,0.094,18300.0,67.6,32.4,1,85.4,37,13.5,1,0
APP007473,35200.0,0.686,8800.0,45.4,54.6,0,73.7,40,32.8,0,2
APP007474,19100.0,0.199,3700.0,30.9,69.1,1,84.0,31,26.7,1,0
APP007475,121700.0,0.05,36200.0,30.1,69.9,0,82.1,36,12.2,0,0
APP007476,107700.0,0.495,29300.0,62.3,37.7,1,87.1,29,35.6,1,1
APP007477,416700.0,0.27,50400.0,69.1,30.9,0,83.3,31,36.8,0,0
APP007478,21400.0,0.257,7900.0,43.2,56.8,2,78.1,34,32.8,1,1
APP007479,182500.0,0.268,49000.0,57.7,42.3,0,96.6,27,36.1,1,0
APP007480,30600.0,0.163,21700.0,46.9,53.1,0,86.8,30,33.7,1,1
APP007481,52400.0,0.394,16100.0,59.0,41.0,5,73.4,26,16.2,3,2
APP007482,25000.0,0.05,16800.0,49.9,50.1,0,71.1,30,35.2,1,0
APP007483,176900.0,0.158,44000.0,43.2,56.8,0,94.4,30,14.7,0,0
APP007484,17900.0,1.134,5800.0,67.3,32.7,0,90.2,30,24.9,0,0
APP007485,57400.0,0.201,56600.0,33.6,66.4,0,80.6,28,36.1,2,0
APP007486,77000.0,0.489,26200.0,68.0,32.0,1,78.5,27,34.2,0,1
APP007487,94600.0,0.228,26100.0,69.3,30.7,0,73.8,35,11.1,0,0
APP007488,97300.0,0.605,31200.0,33.7,66.3,4,92.9,34,24.6,3,0
APP007489,103100.0,1.044,25500.0,69.5,30.5,0,82.8,21,10.9,0,0
APP007490,12400.0,0.05,10700.0,52.7,47.3,0,84.6,31,7.7,0,3
APP007491,65200.0,0.355,24100.0,46.6,53.4,1,83.4,20,29.3,0,1
APP007492,66500.0,0.345,24700.0,66.4,33.6,0,98.8,23,29.5,3,0
APP007493,179700.0,0.385,59200.0,42.8,57.2,0,88.6,36,31.2,2,2
APP007494,129600.0,0.561,26400.0,67.9,32.1,1,84.8,34,32.6,0,0
APP007495,31700.0,0.4,28100.0,52.5,47.5,0,88.6,30,18.4,1,0
APP007496,34500.0,0.138,13600.0,69.8,30.2,2,100.0,18,31.9,1,0
APP007497,53100.0,0.153,11300.0,60.3,39.7,0,77.9,44,20.5,0,0
APP007498,46900.0,0.551,26800.0,66.4,33.6,1,95.9,33,29.7,0,0
APP007499,124100.0,0.402,24600.0,32.9,67.1,0,78.3,28,13.8,0,0
APP007500,28700.0,0.088,15800.0,39.4,60.6,0,79.5,32,21.9,2,0
APP007501,171100.0,0.31,87400.0,35.0,65.0,1,73.9,21,17.1,3,1
APP007502,197900.0,0.05,74400.0,44.6,55.4,0,76.5,21,12.5,1,0
APP007503,36800.0,0.135,10100.0,30.7,69.3,0,77.1,24,6.7,0,0
APP007504,131400.0,0.486,53200.0,67.9,32.1,3,95.6,39,17.0,0,1
APP007505,77500.0,0.465,29400.0,58.8,41.2,0,88.3,30,38.9,1,1
APP007506,73000.0,0.092,41300.0,51.2,48.8,0,72.2,31,6.9,3,0
APP007507,121400.0,0.164,28200.0,31.6,68.4,0,76.9,37,12.8,0,0
APP007508,48300.0,0.361,20700.0,42.7,57.3,0,81.4,24,27.1,2,0
APP007509,75500.0,1.034,15700.0,40.5,59.5,0,84.7,40,12.3,0,0
APP007510,30200.0,0.456,28200.0,65.1,34.9,2,91.2,44,36.9,0,0
APP007511,87800.0,0.05,24200.0,61.4,38.6,0,74.5,36,21.1,2,0
APP007512,75000.0,0.108,14600.0,69.0,31.0,0,76.7,24,23.6,4,0
APP007513,91500.0,0.314,18100.0,36.0,64.0,2,79.1,28,27.0,1,0
APP007514,96600.0,0.188,29600.0,37.6,62.4,0,73.3,25,11.5,2,2
APP007515,12000.0,0.088,3500.0,69.2,30.8,1,70.3,24,36.2,1,0
APP007516,71400.0,0.416,14600.0,66.9,33.1,0,99.7,19,35.2,0,0
APP007517,97100.0,0.304,30000.0,46.5,53.5,0,80.0,33,35.3,3,0
APP007518,26200.0,0.579,9700.0,57.6,42.4,0,85.0,33,25.8,0,1
APP007519,91500.0,0.113,35600.0,63.1,36.9,0,84.4,27,34.3,0,0
APP007520,27700.0,0.126,14300.0,37.0,63.0,0,84.8,25,23.4,2,2
APP007521,35800.0,0.25,30400.0,51.8,48.2,3,84.0,39,13.5,2,0
APP007522,33100.0,0.475,15100.0,38.3,61.7,0,76.3,30,38.0,1,3
APP007523,70500.0,0.152,36900.0,69.3,30.7,0,93.7,43,37.8,1,0
APP007524,42100.0,0.05,18100.0,31.5,68.5,0,98.5,38,9.1,0,0
APP007525,213900.0,0.05,32100.0,38.8,61.2,2,83.7,23,5.8,2,0
APP007526,45100.0,0.05,18100.0,47.7,52.3,1,87.8,33,16.5,2,0
APP007527,153000.0,0.099,34200.0,30.1,69.9,0,83.4,34,23.4,0,3
APP007528,164000.0,1.331,35700.0,39.3,60.7,5,95.5,28,25.3,0,0
APP007529,163900.0,0.136,37800.0,30.8,69.2,0,87.6,29,39.7,2,0
APP007530,43500.0,0.449,7000.0,46.2,53.8,0,91.0,29,18.6,0,0
APP007531,64300.0,0.853,23400.0,52.7,47.3,0,94.2,25,17.1,3,0
APP007532,17200.0,0.05,16800.0,38.1,61.9,3,77.2,25,7.9,2,1
APP007533,55700.0,0.072,9500.0,57.1,42.9,1,82.7,21,22.2,0,1
APP007534,48000.0,0.321,43200.0,51.9,48.1,0,84.1,31,21.8,1,0
APP007535,143700.0,0.573,23700.0,52.1,47.9,0,86.5,27,24.5,0,1
APP007536,61400.0,0.229,12700.0,65.0,35.0,0,82.2,29,31.4,0,0
APP007537,27100.0,0.356,11100.0,65.6,34.4,2,94.6,44,5.1,2,0
APP007538,56100.0,0.103,25500.0,69.8,30.2,2,75.7,38,13.5,0,2
APP007539,64200.0,0.445,11800.0,60.6,39.4,0,87.8,30,9.7,0,0
APP007540,152200.0,0.081,35100.0,65.4,34.6,1,77.1,26,28.3,1,0
APP007541,95700.0,0.291,32400.0,53.6,46.4,0,71.7,30,34.8,0,0
APP007542,83900.0,0.158,19100.0,69.3,30.7,0,95.2,26,5.9,0,0
APP007543,82400.0,0.23,25000.0,45.0,55.0,0,74.4,28,30.8,2,0
APP007544,77300.0,0.258,59300.0,58.8,41.2,0,84.7,31,36.5,2,1
APP007545,191000.0,0.092,51900.0,42.1,57.9,0,74.1,21,29.7,0,0
APP007546,176600.0,0.245,39200.0,46.3,53.7,0,78.7,30,31.9,0,0
APP007547,99800.0,0.396,91400.0,32.7,67.3,1,76.9,24,21.5,1,0
APP007548,77000.0,0.156,35100.0,51.8,48.2,1,74.7,25,23.4,4,0
APP007549,114400.0,0.821,25200.0,66.6,33.4,1,98.6,28,39.3,1,0
APP007550,40700.0,0.05,10200.0,48.3,51.7,1,87.6,30,16.7,4,1
APP007551,43800.0,0.271,14800.0,46.3,53.7,1,71.8,25,20.6,0,0
APP007552,91200.0,0.139,25500.0,54.7,45.3,0,83.9,27,36.8,1,0
APP007553,128600.0,0.223,53000.0,51.0,49.0,0,73.8,28,36.7,3,2
APP007554,70400.0,0.999,13700.0,48.0,52.0,0,95.6,29,28.2,0,0
APP007555,29800.0,0.05,28000.0,31.3,68.7,0,74.8,27,21.9,0,1
APP007556,25500.0,0.498,8400.0,51.9,48.1,0,87.6,34,32.1,0,0
APP007557,39700.0,0.051,9100.0,58.3,41.7,0,94.3,22,17.3,1,0
APP007558,211800.0,0.82,63900.0,37.7,62.3,0,77.8,19,30.2,0,0
APP007559,226100.0,0.36,36700.0,63.4,36.6,0,87.6,23,22.5,2,0
APP007560,32700.0,0.575,20600.0,54.3,45.7,0,94.5,32,13.0,2,0
APP007561,145300.0,0.05,40800.0,30.3,69.7,0,75.6,33,28.0,0,0
APP007562,102300.0,0.428,35200.0,59.3,40.7,0,75.8,33,22.0,2,0
APP007563,145600.0,0.605,19300.0,65.8,34.2,0,77.8,27,29.7,2,0
APP007564,5800.0,0.305,5400.0,45.3,54.7,1,88.3,23,24.3,3,1
APP007565,56400.0,0.05,53600.0,46.9,53.1,3,82.8,33,26.1,0,0
APP007566,79700.0,0.05,20800.0,34.1,65.9,1,95.7,30,22.8,1,0
APP007567,33800.0,0.359,12200.0,50.1,49.9,2,95.8,42,34.8,1,0
APP007568,36600.0,0.745,34100.0,64.8,35.2,0,93.5,42,13.7,2,0
APP007569,25700.0,0.335,6300.0,42.9,57.1,0,87.2,32,32.5,0,1
APP007570,222400.0,0.078,99900.0,33.7,66.3,3,81.4,30,7.2,0,1
APP007571,54800.0,0.142,7600.0,40.0,60.0,0,73.3,41,37.8,1,0
APP007572,18300.0,0.132,6300.0,40.5,59.5,2,82.2,22,12.1,1,0
APP007573,75000.0,0.231,29500.0,34.4,65.6,1,79.2,28,32.2,1,0
APP007574,50800.0,0.05,11300.0,60.9,39.1,0,88.3,29,24.5,1,0
APP007575,64400.0,0.087,18600.0,41.9,58.1,0,73.7,38,13.4,0,0
APP007576,135400.0,0.192,37400.0,35.4,64.6,1,96.9,28,15.3,3,0
APP007577,37800.0,0.05,25200.0,66.3,33.7,0,84.3,29,5.0,3,0
APP007578,36300.0,0.06,25900.0,66.0,34.0,0,71.5,43,21.4,0,0
APP007579,36900.0,0.359,16300.0,65.3,34.7,0,80.0,32,31.3,0,2
APP007580,17200.0,0.151,12700.0,39.1,60.9,0,86.5,28,25.6,1,0
APP007581,71600.0,0.05,20200.0,69.7,30.3,2,79.5,32,29.6,1,0
APP007582,89200.0,0.076,57200.0,69.1,30.9,1,70.7,30,21.3,1,0
APP007583,77700.0,0.187,37900.0,56.6,43.4,0,76.2,28,37.9,1,0
APP007584,92500.0,0.05,16800.0,37.0,63.0,0,80.3,31,38.8,1,1
APP007585,78200.0,0.05,29300.0,63.3,36.7,2,73.2,34,16.9,2,0
APP007586,42400.0,0.161,12500.0,51.6,48.4,0,78.1,31,15.0,2,0
APP007587,27800.0,0.067,13800.0,68.6,31.4,0,88.3,29,33.1,3,0
APP007588,10100.0,0.358,6700.0,40.9,59.1,3,80.4,18,30.3,1,3
APP007589,114300.0,0.359,37000.0,38.7,61.3,0,81.7,31,8.7,2,0
APP007590,142500.0,0.773,31600.0,31.6,68.4,1,77.7,29,16.9,1,2
APP007591,52800.0,0.406,14800.0,42.7,57.3,0,96.0,38,19.9,1,0
APP007592,127400.0,0.131,61300.0,53.3,46.7,0,80.7,29,37.5,1,0
APP007593,244000.0,0.355,109900.0,48.9,51.1,0,97.6,32,15.2,1,1
APP007594,55300.0,0.228,18400.0,47.1,52.9,0,92.8,26,26.1,3,0
APP007595,38500.0,0.184,6000.0,57.9,42.1,0,87.7,39,8.4,0,0
APP007596,104500.0,0.158,32600.0,50.2,49.8,1,81.1,24,9.7,0,0
APP007597,49600.0,0.363,66100.0,51.7,48.3,5,70.4,32,24.1,2,0
APP007598,63100.0,0.203,21100.0,45.8,54.2,0,94.2,34,19.8,0,0
APP007599,237000.0,0.452,76500.0,65.1,34.9,0,88.0,25,21.1,2,0
APP007600,24100.0,1.029,26600.0,55.1,44.9,0,95.9,26,8.8,1,0
APP007601,102600.0,0.237,33200.0,44.1,55.9,1,77.1,30,38.5,0,1
APP007602,65500.0,0.05,26000.0,57.7,42.3,2,71.5,36,15.6,1,2
APP007603,42100.0,0.257,11400.0,49.0,51.0,0,78.0,26,10.7,0,0
APP007604,15300.0,0.192,10900.0,41.3,58.7,0,91.2,31,18.1,1,0
APP007605,78200.0,0.134,13800.0,59.1,40.9,0,87.9,30,19.9,2,0
APP007606,18800.0,0.142,11800.0,30.6,69.4,0,86.3,35,8.8,5,0
APP007607,28500.0,0.321,12600.0,41.9,58.1,0,75.8,40,36.1,0,1
APP007608,27600.0,0.073,29700.0,31.7,68.3,0,72.2,38,12.3,2,3
APP007609,28100.0,0.418,9800.0,55.1,44.9,1,80.5,27,21.3,1,0
APP007610,27600.0,0.326,3800.0,61.0,39.0,0,88.1,30,20.4,3,0
APP007611,130700.0,0.14,35200.0,69.1,30.9,0,97.8,28,24.3,0,1
APP007612,216700.0,0.308,28900.0,43.3,56.7,0,88.1,32,6.6,0,1
APP007613,93700.0,0.195,16700.0,35.5,64.5,0,88.1,34,6.5,0,0
APP007614,34200.0,0.171,32600.0,57.4,42.6,1,96.2,27,27.8,0,1
APP007615,163000.0,1.026,31200.0,46.4,53.6,0,98.5,37,6.1,1,1
APP007616,115100.0,0.449,46900.0,52.3,47.7,0,82.8,31,21.9,0,0
APP007617,64200.0,0.096,17100.0,58.0,42.0,0,95.2,27,8.5,3,4
APP007618,286800.0,0.178,74600.0,60.5,39.5,0,99.6,36,34.2,0,0
APP007619,143600.0,0.161,20400.0,48.6,51.4,0,77.5,31,37.2,1,0
APP007620,121700.0,0.075,35400.0,30.7,69.3,1,85.7,27,20.4,3,0
APP007621,23800.0,1.017,23300.0,56.2,43.8,1,87.3,32,25.4,2,0
APP007622,24000.0,0.189,28900.0,47.1,52.9,0,96.4,28,26.9,0,0
APP007623,22800.0,0.064,14300.0,43.1,56.9,1,88.0,34,39.6,1,3
APP007624,48000.0,0.05,41000.0,33.2,66.8,1,73.1,37,13.7,3,0
APP007625,233900.0,0.228,71000.0,45.1,54.9,0,74.2,29,32.6,2,0
APP007626,33000.0,0.353,30200.0,39.6,60.4,0,94.9,29,17.7,3,0
APP007627,298800.0,1.134,88900.0,67.8,32.2,0,85.5,25,7.5,1,1
APP007628,23000.0,0.352,8400.0,52.4,47.6,0,87.0,29,15.6,1,0
APP007629,112300.0,0.077,27400.0,38.4,61.6,2,89.6,34,23.6,1,0
APP007630,155500.0,1.044,26200.0,69.2,30.8,0,97.0,19,7.2,1,0
APP007631,54200.0,0.613,8100.0,50.9,49.1,0,85.9,27,11.7,3,0
APP007632,107300.0,0.074,73900.0,62.9,37.1,0,83.5,35,10.7,1,0
APP007633,47000.0,0.87,13100.0,34.8,65.2,0,96.4,39,10.7,0,0
APP007634,72400.0,0.236,19500.0,48.5,51.5,0,83.1,32,14.0,0,0
APP007635,20600.0,0.799,22700.0,54.4,45.6,2,84.3,24,23.6,0,0
APP007636,72800.0,0.136,13600.0,69.8,30.2,0,75.0,28,16.8,1,1
APP007637,30800.0,0.196,15000.0,59.5,40.5,0,77.0,35,38.4,1,0
APP007638,46400.0,0.05,42600.0,67.0,33.0,1,94.3,19,34.8,2,1
APP007639,66600.0,0.158,25300.0,31.9,68.1,0,85.0,24,11.8,0,0
APP007640,61600.0,0.05,33800.0,48.9,51.1,0,82.6,24,21.3,0,0
APP007641,157800.0,0.261,62500.0,70.0,30.0,0,77.0,30,11.8,1,0
APP007642,82700.0,0.176,34200.0,59.1,40.9,4,81.4,38,9.5,0,0
APP007643,11300.0,0.16,7200.0,36.2,63.8,3,96.1,24,16.1,1,0
APP007644,49700.0,1.11,31500.0,40.2,59.8,0,88.6,36,35.7,1,0
APP007645,147000.0,0.336,43900.0,42.7,57.3,0,93.9,27,28.2,1,0
APP007646,89400.0,0.233,18400.0,67.0,33.0,0,76.0,28,29.2,1,1
APP007647,54600.0,0.087,35900.0,45.6,54.4,0,94.4,32,32.1,1,0
APP007648,58000.0,0.573,15600.0,57.7,42.3,0,99.2,33,25.1,1,0
APP007649,55300.0,0.215,22500.0,44.8,55.2,0,86.9,30,24.5,1,0
APP007650,115700.0,0.05,30300.0,42.3,57.7,0,97.8,23,17.0,1,0
APP007651,269400.0,0.05,30700.0,43.8,56.2,0,89.9,34,38.3,1,0
APP007652,24700.0,0.153,32200.0,57.3,42.7,0,74.1,32,11.7,1,0
APP007653,54000.0,0.315,19300.0,58.9,41.1,0,96.7,23,16.2,0,1
APP007654,244400.0,0.05,80500.0,30.8,69.2,0,72.1,39,19.6,2,0
APP007655,13300.0,0.656,7100.0,60.9,39.1,0,75.5,24,14.1,0,0
APP007656,62200.0,0.062,25600.0,52.5,47.5,4,82.9,27,32.6,1,0
APP007657,53000.0,0.597,16500.0,33.0,67.0,3,75.3,30,28.3,1,2
APP007658,256400.0,0.114,41900.0,39.2,60.8,0,74.2,35,32.4,0,0
APP007659,7000.0,0.325,6400.0,34.0,66.0,0,81.0,21,20.2,1,0
APP007660,23900.0,0.107,31100.0,58.1,41.9,0,74.9,36,39.0,0,2
APP007661,33300.0,0.051,17200.0,45.0,55.0,0,76.9,32,21.6,2,0
APP007662,63400.0,0.425,29000.0,50.7,49.3,0,78.7,37,6.6,2,1
APP007663,71100.0,0.162,14200.0,68.7,31.3,0,76.7,37,29.9,0,0
APP007664,62900.0,0.05,18800.0,34.9,65.1,2,73.9,18,38.6,3,1
APP007665,148400.0,0.05,62000.0,67.7,32.3,0,87.4,28,30.3,2,0
APP007666,22000.0,0.294,4000.0,39.5,60.5,1,94.7,41,30.7,1,0
APP007667,75900.0,0.059,41700.0,57.6,42.4,0,72.8,30,38.0,0,1
APP007668,40400.0,0.231,26000.0,68.3,31.7,0,74.6,29,28.0,0,1
APP007669,30300.0,1.206,36200.0,63.1,36.9,0,84.3,32,23.9,1,0
APP007670,126400.0,0.179,46100.0,47.2,52.8,0,71.0,24,17.3,2,0
APP007671,114500.0,0.485,19500.0,33.2,66.8,3,97.2,28,25.8,1,0
APP007672,36700.0,0.08,15600.0,57.2,42.8,2,94.6,23,15.9,2,0
APP007673,57900.0,0.094,21600.0,46.2,53.8,0,85.8,27,12.3,0,0
APP007674,68900.0,0.264,20200.0,50.3,49.7,2,91.2,35,35.7,1,2
APP007675,40200.0,2.0,18200.0,44.7,55.3,2,99.4,29,26.1,1,0
APP007676,126900.0,0.298,30900.0,62.3,37.7,0,84.4,20,6.7,2,1
APP007677,52000.0,0.437,32300.0,39.8,60.2,0,97.4,24,32.5,0,1
APP007678,119500.0,1.075,62300.0,36.8,63.2,0,83.7,30,10.4,0,0
APP007679,82500.0,0.162,30600.0,59.3,40.7,5,85.6,28,38.6,2,0
APP007680,55500.0,0.798,15800.0,41.0,59.0,0,78.3,29,17.9,1,1
APP007681,178800.0,0.543,35100.0,66.5,33.5,0,82.3,34,12.1,3,0
APP007682,16900.0,0.182,11700.0,50.9,49.1,1,81.6,29,9.3,0,1
APP007683,50000.0,0.05,13600.0,69.9,30.1,0,77.3,27,26.6,1,0
APP007684,51500.0,0.217,40700.0,46.3,53.7,1,76.8,34,13.5,3,0
APP007685,61900.0,0.14,15600.0,64.9,35.1,1,88.6,27,24.4,1,0
APP007686,55200.0,0.207,13100.0,49.8,50.2,0,81.3,35,6.6,1,0
APP007687,93100.0,0.305,18800.0,62.4,37.6,0,81.2,29,30.0,3,0
APP007688,91100.0,0.298,24200.0,49.3,50.7,1,98.8,35,31.4,1,0
APP007689,141100.0,0.05,63600.0,43.3,56.7,1,84.2,23,37.1,0,4
APP007690,139000.0,0.244,33100.0,56.6,43.4,0,81.7,25,30.7,0,0
APP007691,41800.0,0.05,7100.0,49.9,50.1,0,71.8,32,19.5,0,4
APP007692,45900.0,0.216,26100.0,63.3,36.7,1,73.3,36,22.7,1,2
APP007693,95400.0,0.337,25300.0,61.1,38.9,0,92.8,28,24.1,0,0
APP007694,38000.0,0.289,12700.0,55.0,45.0,0,84.8,27,25.6,2,1
APP007695,18100.0,0.05,13100.0,46.3,53.7,2,84.7,24,10.8,2,4
APP007696,49900.0,0.05,15300.0,57.1,42.9,0,70.9,33,33.3,0,0
APP007697,52400.0,0.806,42300.0,31.8,68.2,0,89.1,25,13.1,1,0
APP007698,38100.0,0.469,18400.0,44.5,55.5,0,99.7,28,15.2,1,0
APP007699,28200.0,0.189,3900.0,32.1,67.9,3,85.9,30,19.7,1,0
APP007700,49600.0,0.55,10900.0,60.8,39.2,4,88.2,39,6.6,0,0
APP007701,63400.0,0.084,27400.0,36.2,63.8,0,90.9,32,8.0,0,0
APP007702,17700.0,0.266,5200.0,50.7,49.3,0,74.2,29,28.5,2,1
APP007703,22700.0,0.271,14700.0,67.7,32.3,0,92.3,34,26.3,2,0
APP007704,42100.0,0.064,21800.0,61.2,38.8,0,78.0,33,36.4,0,4
APP007705,87900.0,0.098,90200.0,44.9,55.1,0,80.4,32,24.0,0,0
APP007706,104400.0,0.322,28300.0,59.0,41.0,0,89.9,33,30.5,0,0
APP007707,32400.0,0.101,45700.0,54.7,45.3,1,95.7,23,17.7,1,1
APP007708,16600.0,0.05,4000.0,67.9,32.1,3,84.3,27,39.2,1,3
APP007709,59200.0,0.072,10200.0,66.6,33.4,0,74.8,29,32.5,0,0
APP007710,104000.0,0.112,26800.0,55.2,44.8,0,79.4,35,28.2,2,0
APP007711,28800.0,0.284,20000.0,55.1,44.9,0,76.1,33,25.0,2,0
APP007712,142400.0,0.3,26300.0,34.0,66.0,0,72.5,28,19.3,0,0
APP007713,100500.0,0.05,30500.0,42.0,58.0,0,93.0,29,25.1,0,0
APP007714,55900.0,0.599,23100.0,62.2,37.8,0,86.1,31,19.1,0,0
APP007715,71900.0,0.137,26300.0,39.2,60.8,0,88.8,24,32.4,1,0
APP007716,31800.0,0.143,21600.0,69.1,30.9,0,79.1,30,8.0,0,2
APP007717,71600.0,0.339,16600.0,62.7,37.3,0,79.9,29,39.9,1,0
APP007718,108600.0,0.299,40000.0,56.9,43.1,1,92.3,29,11.8,1,0
APP007719,128100.0,1.03,19700.0,45.7,54.3,0,70.6,31,31.9,2,0
APP007720,119400.0,1.225,23100.0,68.5,31.5,1,75.2,38,16.0,0,0
APP007721,66200.0,0.284,16400.0,69.4,30.6,0,95.9,38,20.0,2,0
APP007722,19900.0,0.378,18700.0,55.2,44.8,0,82.6,36,7.9,0,0
APP007723,66600.0,0.05,17000.0,54.4,45.6,0,76.4,36,24.5,0,0
APP007724,37100.0,0.137,7500.0,47.8,52.2,1,80.6,39,37.0,2,0
APP007725,79800.0,0.057,10800.0,48.4,51.6,0,72.7,23,23.6,1,0
APP007726,27300.0,0.239,14500.0,37.0,63.0,0,80.7,39,10.1,1,0
APP007727,30400.0,0.626,28000.0,40.7,59.3,0,80.4,27,23.3,1,0
APP007728,27700.0,0.332,18700.0,45.2,54.8,0,86.1,27,37.9,2,0
APP007729,428900.0,0.068,121800.0,38.0,62.0,0,96.7,28,32.7,0,0
APP007730,46100.0,0.145,31100.0,58.6,41.4,0,94.1,43,30.5,4,2
APP007731,128400.0,0.176,24200.0,61.5,38.5,0,76.7,33,29.0,0,1
APP007732,16600.0,0.05,9000.0,63.9,36.1,0,90.6,29,12.8,0,1
APP007733,62200.0,0.323,21200.0,61.4,38.6,0,99.2,34,12.6,1,1
APP007734,133300.0,0.162,27800.0,57.9,42.1,0,96.3,29,9.8,0,2
APP007735,35100.0,0.251,16400.0,57.3,42.7,0,96.9,29,28.5,1,0
APP007736,68300.0,0.05,27000.0,60.6,39.4,0,88.3,28,16.9,0,0
APP007737,34300.0,0.05,23700.0,69.2,30.8,1,88.5,34,23.0,0,0
APP007738,71000.0,0.069,18200.0,30.5,69.5,0,78.5,33,25.8,1,0
APP007739,61000.0,0.953,8600.0,63.8,36.2,0,81.5,34,5.2,1,0
APP007740,133100.0,0.442,54100.0,55.1,44.9,0,90.0,33,10.7,0,0
APP007741,87600.0,0.364,21300.0,44.2,55.8,0,85.4,42,19.8,1,0
APP007742,54600.0,0.098,23400.0,41.5,58.5,0,72.3,36,5.5,2,0
APP007743,36300.0,0.096,31500.0,37.9,62.1,0,99.6,28,17.1,1,1
APP007744,19600.0,0.164,7100.0,69.7,30.3,1,91.6,32,22.6,0,1
APP007745,180300.0,1.276,38900.0,69.5,30.5,0,81.5,40,9.5,0,0
APP007746,130100.0,0.05,50900.0,37.3,62.7,2,75.6,21,29.0,1,1
APP007747,15500.0,0.123,8500.0,54.2,45.8,0,79.3,34,10.5,1,2
APP007748,31600.0,0.422,22400.0,50.6,49.4,0,71.8,31,27.3,0,0
APP007749,155000.0,0.766,35100.0,66.0,34.0,0,95.1,30,38.7,1,0
APP007750,54100.0,0.121,14600.0,69.2,30.8,0,75.9,26,15.7,0,0
APP007751,72300.0,0.331,63600.0,54.4,45.6,0,77.0,23,31.1,0,0
APP007752,300200.0,0.197,44100.0,60.7,39.3,1,95.5,34,18.5,1,1
APP007753,19700.0,0.554,15800.0,59.8,40.2,0,71.4,31,36.9,2,1
APP007754,169400.0,0.311,58200.0,52.4,47.6,0,80.8,31,27.1,0,1
APP007755,57500.0,0.442,8900.0,34.0,66.0,1,83.3,26,14.5,0,2
APP007756,76400.0,0.355,32700.0,67.7,32.3,0,73.4,28,35.0,1,0
APP007757,97600.0,0.05,17600.0,43.5,56.5,0,78.8,30,24.3,1,0
APP007758,55300.0,0.156,29200.0,57.5,42.5,0,71.0,28,28.4,0,1
APP007759,75400.0,0.073,17400.0,66.4,33.6,0,75.6,31,17.1,0,2
APP007760,66300.0,0.2,20600.0,48.2,51.8,2,77.4,32,35.6,0,0
APP007761,40900.0,0.551,6300.0,45.2,54.8,0,78.7,29,12.6,0,1
APP007762,66400.0,0.512,9700.0,34.2,65.8,0,74.7,24,38.5,0,4
APP007763,32300.0,0.051,20400.0,50.9,49.1,1,78.0,29,10.9,0,0
APP007764,76200.0,0.05,22800.0,30.3,69.7,0,88.5,29,37.1,0,0
APP007765,106500.0,0.351,25100.0,55.0,45.0,0,75.3,33,18.8,3,0
APP007766,88400.0,0.068,45700.0,65.9,34.1,0,100.0,21,7.2,1,0
APP007767,28500.0,0.358,28600.0,38.0,62.0,0,90.9,27,11.2,4,2
APP007768,145500.0,0.209,28100.0,61.2,38.8,2,76.4,31,6.2,0,0
APP007769,19300.0,1.302,13500.0,66.7,33.3,0,86.6,37,10.3,1,0
APP007770,51800.0,0.434,11200.0,34.1,65.9,2,96.1,29,17.9,2,0
APP007771,111800.0,0.144,38800.0,50.9,49.1,0,82.9,30,28.2,0,0
APP007772,74200.0,0.101,15100.0,43.4,56.6,0,85.5,36,32.0,0,0
APP007773,134300.0,0.694,37100.0,64.5,35.5,1,74.8,33,19.4,1,0
APP007774,77400.0,0.242,36300.0,34.3,65.7,0,88.4,25,11.3,0,0
APP007775,61500.0,1.205,19800.0,39.9,60.1,0,73.2,36,35.7,0,0
APP007776,86100.0,0.149,20000.0,52.7,47.3,0,86.5,31,10.0,1,1
APP007777,13300.0,0.05,8300.0,60.9,39.1,0,88.2,30,9.5,0,0
APP007778,93000.0,0.565,16000.0,36.7,63.3,0,95.8,24,10.8,0,0
APP007779,51400.0,0.699,6800.0,63.9,36.1,2,86.8,32,34.7,1,0
APP007780,30500.0,0.096,22800.0,50.8,49.2,0,78.4,36,21.7,2,0
APP007781,114300.0,0.16,21700.0,59.1,40.9,0,97.0,28,36.4,1,0
APP007782,116900.0,0.209,47700.0,47.1,52.9,0,77.4,35,5.4,3,2
APP007783,62400.0,0.093,21000.0,46.1,53.9,2,91.1,28,21.9,1,2
APP007784,24100.0,0.307,5800.0,30.5,69.5,1,99.7,31,20.8,4,0
APP007785,115600.0,0.895,22900.0,34.5,65.5,0,71.4,29,37.5,0,0
APP007786,64300.0,0.346,13700.0,67.4,32.6,0,82.4,32,8.4,0,0
APP007787,28400.0,0.273,17600.0,53.9,46.1,0,85.0,32,28.0,0,1
APP007788,87200.0,0.251,20000.0,57.6,42.4,0,94.3,30,35.5,3,0
APP007789,49900.0,0.11,11000.0,55.1,44.9,0,73.4,31,9.8,0,0
APP007790,140500.0,0.368,35200.0,37.2,62.8,0,98.2,24,19.5,0,0
APP007791,81300.0,0.376,14900.0,45.6,54.4,0,97.6,34,34.6,0,0
APP007792,89700.0,0.23,19000.0,45.9,54.1,0,72.5,39,21.1,3,0
APP007793,69300.0,0.05,30000.0,58.7,41.3,0,96.1,26,7.2,3,0
APP007794,67100.0,0.441,23000.0,61.4,38.6,1,83.5,29,23.3,0,0
APP007795,116500.0,0.149,17000.0,61.1,38.9,0,90.6,26,9.6,2,0
APP007796,17600.0,0.185,12900.0,51.9,48.1,0,99.0,30,16.8,1,1
APP007797,196600.0,0.05,48700.0,68.0,32.0,0,74.5,38,29.2,0,0
APP007798,231200.0,0.885,58400.0,63.3,36.7,0,79.9,28,15.7,0,0
APP007799,40400.0,0.85,21200.0,51.6,48.4,0,73.2,31,26.1,1,0
APP007800,237300.0,0.142,36200.0,56.0,44.0,1,76.7,33,33.3,0,1
APP007801,117200.0,0.05,29500.0,31.0,69.0,0,70.6,30,17.8,0,0
APP007802,123300.0,0.09,17300.0,41.6,58.4,0,85.6,27,39.0,4,0
APP007803,107300.0,0.382,20400.0,44.6,55.4,0,72.4,28,28.4,1,0
APP007804,68400.0,0.05,44900.0,61.8,38.2,1,89.2,48,5.1,2,0
APP007805,240000.0,0.05,87100.0,53.2,46.8,0,90.5,24,6.9,1,0
APP007806,210600.0,0.521,80200.0,42.3,57.7,0,99.8,31,34.4,1,0
APP007807,95900.0,0.288,29000.0,60.3,39.7,0,87.3,28,28.3,0,0
APP007808,328200.0,1.089,60000.0,51.4,48.6,0,70.5,26,5.0,1,0
APP007809,272200.0,0.209,76600.0,40.5,59.5,0,81.8,24,14.1,1,0
APP007810,207100.0,0.5,47500.0,61.8,38.2,0,79.7,34,12.9,0,0
APP007811,28500.0,0.05,22400.0,43.0,57.0,0,85.2,25,14.0,4,0
APP007812,21100.0,0.147,12900.0,34.9,65.1,0,93.0,28,9.9,1,0
APP007813,169400.0,0.088,51700.0,48.2,51.8,1,87.8,26,35.1,0,0
APP007814,147800.0,0.114,21400.0,54.7,45.3,0,83.8,32,36.2,1,0
APP007815,125900.0,0.052,19600.0,65.7,34.3,0,88.3,38,6.6,1,0
APP007816,21000.0,0.05,11700.0,30.1,69.9,1,80.9,27,26.2,0,0
APP007817,30600.0,0.573,12100.0,37.2,62.8,3,78.3,23,6.7,1,1
APP007818,96100.0,0.169,14800.0,62.4,37.6,0,78.7,34,37.0,2,0
APP007819,146200.0,0.182,33400.0,47.9,52.1,0,98.5,24,29.7,3,0
APP007820,48600.0,1.136,31700.0,32.1,67.9,0,97.5,24,28.3,1,0
APP007821,116000.0,0.069,14000.0,50.0,50.0,0,70.3,36,14.4,1,0
APP007822,165800.0,0.092,45400.0,39.0,61.0,0,85.2,35,33.4,1,3
APP007823,218900.0,0.05,48800.0,34.7,65.3,0,84.8,41,20.1,1,0
APP007824,97500.0,0.278,27900.0,55.1,44.9,0,95.9,25,29.7,0,0
APP007825,194900.0,0.153,58000.0,38.2,61.8,0,77.8,26,20.9,0,0
APP007826,76200.0,0.05,11300.0,34.8,65.2,1,93.3,25,34.3,0,2
APP007827,110900.0,0.47,38300.0,64.1,35.9,0,93.4,34,14.8,3,0
APP007828,43400.0,0.073,16300.0,66.0,34.0,0,90.1,23,36.1,2,0
APP007829,80000.0,0.117,23200.0,30.7,69.3,0,95.4,37,19.7,0,0
APP007830,108400.0,0.05,22100.0,60.9,39.1,1,94.4,38,24.6,1,0
APP007831,23000.0,0.062,3600.0,69.0,31.0,2,94.2,35,11.4,2,3
APP007832,7000.0,0.202,7200.0,56.8,43.2,1,85.7,30,10.4,0,2
APP007833,42500.0,0.328,10700.0,41.6,58.4,0,79.9,28,30.0,0,0
APP007834,342600.0,0.087,63700.0,32.4,67.6,0,98.9,23,8.0,3,0
APP007835,74000.0,0.793,21300.0,44.7,55.3,0,81.7,42,34.3,2,1
APP007836,24400.0,0.236,24800.0,58.8,41.2,0,76.1,26,24.2,0,1
APP007837,39400.0,0.15,11000.0,45.5,54.5,1,81.8,33,25.5,1,0
APP007838,131400.0,0.609,15600.0,33.3,66.7,1,76.2,30,33.5,2,2
APP007839,25900.0,0.206,27500.0,69.0,31.0,0,85.6,26,15.1,0,0
APP007840,34600.0,0.05,6900.0,56.8,43.2,1,79.2,24,23.1,3,0
APP007841,86700.0,0.601,71200.0,42.7,57.3,0,96.2,21,38.7,0,0
APP007842,48500.0,0.078,13200.0,42.1,57.9,0,97.9,27,7.4,0,0
APP007843,59100.0,0.245,17900.0,57.0,43.0,0,90.4,34,39.9,1,0
APP007844,262400.0,0.162,94600.0,53.8,46.2,1,97.4,29,29.5,0,0
APP007845,27100.0,0.055,11600.0,64.9,35.1,0,96.0,28,11.7,1,0
APP007846,85900.0,0.05,21000.0,63.9,36.1,0,77.7,31,32.5,1,0
APP007847,58500.0,0.272,31900.0,63.6,36.4,0,85.6,28,33.8,2,0
APP007848,30800.0,0.05,12200.0,39.1,60.9,0,87.4,40,16.6,1,0
APP007849,69200.0,0.468,25100.0,50.2,49.8,0,91.0,27,11.9,2,1
APP007850,7400.0,0.145,7400.0,30.0,70.0,0,73.5,37,8.0,0,0
APP007851,102200.0,0.23,28400.0,35.8,64.2,0,72.1,29,35.7,1,2
APP007852,133900.0,0.136,25300.0,59.9,40.1,0,80.7,27,10.2,2,0
APP007853,97100.0,0.081,27200.0,46.7,53.3,0,86.1,38,31.7,1,1
APP007854,77100.0,0.087,21000.0,34.2,65.8,0,93.7,31,13.9,1,0
APP007855,73400.0,0.083,19100.0,61.6,38.4,0,74.9,27,11.1,1,2
APP007856,89400.0,0.116,30000.0,37.5,62.5,0,76.6,30,26.4,0,0
APP007857,54600.0,0.152,14700.0,62.4,37.6,1,93.7,26,39.1,0,0
APP007858,96100.0,0.209,58100.0,38.8,61.2,0,80.7,28,29.7,0,1
APP007859,52300.0,0.079,20500.0,50.0,50.0,0,81.8,35,8.5,0,1
APP007860,62500.0,0.332,28300.0,57.6,42.4,0,73.5,33,36.2,0,0
APP007861,308500.0,0.759,65800.0,51.7,48.3,0,71.8,28,26.0,1,0
APP007862,51400.0,0.695,25900.0,31.8,68.2,0,71.4,30,15.7,0,1
APP007863,15200.0,0.636,7800.0,42.1,57.9,1,78.2,25,39.2,0,0
APP007864,17700.0,0.986,3600.0,47.5,52.5,0,95.0,27,22.9,1,0
APP007865,42900.0,0.36,12800.0,57.5,42.5,0,72.8,20,5.5,1,0
APP007866,47200.0,0.243,9100.0,36.4,63.6,0,99.1,25,14.1,2,0
APP007867,70700.0,0.264,27600.0,56.0,44.0,0,77.1,37,34.6,0,0
APP007868,236400.0,0.05,102800.0,46.8,53.2,0,88.2,41,18.7,3,2
APP007869,28700.0,0.76,24600.0,49.0,51.0,1,84.9,32,25.7,1,4
APP007870,105600.0,0.762,50800.0,40.3,59.7,0,76.9,22,21.5,3,0
APP007871,63700.0,0.676,13100.0,41.8,58.2,0,74.9,29,35.5,0,0
APP007872,158900.0,0.122,52100.0,47.2,52.8,2,96.6,28,21.4,1,0
APP007873,96300.0,0.103,20500.0,56.5,43.5,0,86.4,34,14.8,0,0
APP007874,150000.0,0.191,78500.0,69.9,30.1,1,70.0,29,14.0,0,0
APP007875,85700.0,0.05,27500.0,63.4,36.6,1,91.8,22,27.8,2,0
APP007876,32600.0,0.05,13500.0,63.1,36.9,0,87.8,25,14.3,0,0
APP007877,44200.0,0.903,10800.0,52.0,48.0,0,79.9,26,6.9,0,1
APP007878,42300.0,0.105,10600.0,66.1,33.9,1,71.1,37,26.1,1,0
APP007879,41600.0,0.05,31000.0,34.7,65.3,1,71.7,29,36.8,1,0
APP007880,75700.0,0.05,99600.0,58.9,41.1,0,73.7,26,11.5,0,3
APP007881,55900.0,0.713,30400.0,39.5,60.5,0,79.3,34,21.1,0,1
APP007882,87400.0,1.801,37500.0,65.3,34.7,2,77.3,28,11.8,1,3
APP007883,25500.0,0.06,20100.0,56.0,44.0,0,78.3,33,10.1,0,0
APP007884,25300.0,0.199,14400.0,62.5,37.5,0,79.5,31,10.2,1,0
APP007885,75900.0,0.05,10400.0,38.9,61.1,1,78.4,32,27.3,1,0
APP007886,52700.0,0.14,6900.0,36.8,63.2,2,86.9,34,31.8,1,0
APP007887,34700.0,0.05,12600.0,42.9,57.1,3,92.7,34,35.1,0,0
APP007888,55400.0,0.1,17900.0,36.4,63.6,0,77.0,32,6.8,0,0
APP007889,117800.0,0.05,30300.0,65.8,34.2,0,71.3,34,27.0,1,0
APP007890,46600.0,0.316,15000.0,63.4,36.6,0,91.6,29,26.1,0,0
APP007891,38600.0,0.061,21800.0,41.7,58.3,0,97.7,31,30.5,0,0
APP007892,110000.0,0.647,16000.0,36.1,63.9,0,70.3,30,37.4,3,0
APP007893,26900.0,0.457,7200.0,65.5,34.5,0,82.5,33,7.7,2,0
APP007894,90500.0,0.475,20800.0,46.9,53.1,0,86.6,31,39.8,0,2
APP007895,53900.0,0.05,39000.0,67.7,32.3,0,72.4,24,18.1,4,2
APP007896,43800.0,0.119,9500.0,67.5,32.5,2,88.1,30,23.1,2,1
APP007897,142800.0,0.071,112300.0,57.9,42.1,0,97.5,32,12.0,1,0
APP007898,76200.0,0.318,22500.0,68.7,31.3,2,71.2,50,16.2,1,0
APP007899,106700.0,0.05,62000.0,41.7,58.3,1,98.4,30,39.4,0,0
APP007900,135600.0,0.115,39900.0,36.5,63.5,0,88.6,30,37.5,1,0
APP007901,57100.0,0.561,14700.0,38.0,62.0,1,72.9,31,34.9,3,0
APP007902,23700.0,0.225,10900.0,52.6,47.4,0,79.2,26,19.7,0,0
APP007903,33000.0,0.32,13900.0,44.4,55.6,0,78.6,26,36.4,1,0
APP007904,177000.0,0.244,58900.0,32.5,67.5,0,70.2,32,13.6,2,0
APP007905,49700.0,0.218,18800.0,50.7,49.3,1,92.3,31,15.0,0,0
APP007906,58700.0,0.595,29700.0,64.3,35.7,1,73.3,22,16.4,1,0
APP007907,27600.0,0.05,23100.0,37.1,62.9,0,97.5,28,20.9,0,0
APP007908,75500.0,0.05,16900.0,60.8,39.2,0,94.4,30,31.3,1,0
APP007909,69800.0,0.911,38000.0,56.6,43.4,3,91.8,30,29.0,0,0
APP007910,71900.0,0.05,20500.0,40.4,59.6,1,82.3,29,9.5,0,1
APP007911,58700.0,0.05,16500.0,49.8,50.2,0,84.7,39,36.1,2,3
APP007912,353200.0,0.458,53400.0,36.0,64.0,0,82.0,29,36.6,1,0
APP007913,48000.0,0.05,10800.0,52.4,47.6,0,74.2,32,27.8,2,0
APP007914,334300.0,0.165,46900.0,66.0,34.0,0,85.6,23,16.4,0,1
APP007915,156600.0,0.13,31600.0,60.1,39.9,2,70.1,21,25.3,0,0
APP007916,50100.0,0.108,25500.0,46.7,53.3,0,87.2,24,6.7,2,0
APP007917,87900.0,0.05,17000.0,60.6,39.4,1,78.8,33,14.6,0,0
APP007918,36700.0,0.073,24900.0,61.0,39.0,0,77.8,24,19.0,0,0
APP007919,32000.0,0.231,5700.0,52.0,48.0,0,72.0,32,21.6,1,0
APP007920,122300.0,0.729,32500.0,46.4,53.6,0,73.2,23,36.6,1,0
APP007921,28200.0,0.68,29200.0,35.4,64.6,1,70.6,33,28.3,0,2
APP007922,52400.0,0.5,14200.0,56.6,43.4,0,83.8,38,10.3,4,0
APP007923,36700.0,0.778,9500.0,66.5,33.5,2,99.7,32,30.0,0,0
APP007924,159900.0,1.423,36300.0,40.4,59.6,0,78.8,39,17.1,1,0
APP007925,51900.0,0.226,35800.0,61.1,38.9,0,93.3,28,32.2,2,0
APP007926,107300.0,0.05,41000.0,64.1,35.9,0,77.9,22,24.8,2,0
APP007927,32300.0,0.428,32000.0,43.2,56.8,0,81.9,33,27.5,2,0
APP007928,86100.0,0.101,17400.0,56.6,43.4,0,70.4,27,38.6,3,0
APP007929,80100.0,0.431,15900.0,51.5,48.5,0,90.5,26,11.1,1,0
APP007930,68600.0,0.198,50300.0,63.4,36.6,0,95.6,29,29.8,1,2
APP007931,128000.0,0.188,26500.0,60.1,39.9,0,81.1,40,29.5,2,0
APP007932,137300.0,0.382,40600.0,49.6,50.4,0,75.1,28,37.6,3,0
APP007933,147900.0,0.212,25200.0,63.2,36.8,0,87.3,41,16.3,0,0
APP007934,73100.0,0.05,28300.0,47.2,52.8,2,94.0,27,9.5,1,1
APP007935,94000.0,0.099,15700.0,41.3,58.7,2,82.0,23,22.1,1,0
APP007936,118800.0,0.656,28600.0,62.8,37.2,0,78.4,37,15.9,1,0
APP007937,33900.0,0.111,14400.0,66.6,33.4,2,90.9,26,34.6,0,2
APP007938,115600.0,0.081,31300.0,35.4,64.6,1,85.3,31,34.6,1,0
APP007939,101900.0,0.341,70500.0,36.6,63.4,0,93.7,34,20.4,0,0
APP007940,130500.0,0.297,18600.0,66.0,34.0,0,87.0,25,11.9,0,0
APP007941,246300.0,0.436,95600.0,54.6,45.4,0,86.2,32,8.7,1,0
APP007942,35500.0,0.05,36000.0,43.7,56.3,0,93.7,31,34.8,0,0
APP007943,27500.0,1.197,28800.0,60.6,39.4,0,91.3,37,34.0,1,0
APP007944,72100.0,0.171,17600.0,67.0,33.0,0,83.2,24,15.2,1,0
APP007945,25600.0,0.975,5300.0,48.2,51.8,0,98.5,27,40.0,0,0
APP007946,79000.0,0.209,24500.0,32.7,67.3,0,87.2,30,15.2,1,0
APP007947,139800.0,0.689,26700.0,58.2,41.8,1,74.9,38,24.1,1,0
APP007948,48400.0,0.05,26800.0,45.2,54.8,0,70.6,30,21.5,2,0
APP007949,51800.0,0.13,15500.0,34.7,65.3,0,78.0,28,25.8,2,0
APP007950,398200.0,0.054,76600.0,38.6,61.4,2,74.6,33,7.7,1,0
APP007951,65800.0,0.301,18100.0,40.7,59.3,0,83.2,32,13.3,2,0
APP007952,91400.0,0.05,24700.0,33.6,66.4,0,86.6,26,14.5,0,0
APP007953,32700.0,0.338,21100.0,68.4,31.6,0,91.0,24,27.4,1,1
APP007954,57300.0,0.358,15500.0,44.7,55.3,0,99.5,28,21.6,1,0
APP007955,12700.0,0.219,4700.0,69.5,30.5,0,70.8,30,17.7,0,0
APP007956,83500.0,0.27,19400.0,44.5,55.5,1,83.6,33,18.5,0,2
APP007957,53500.0,0.104,19200.0,49.5,50.5,3,82.5,32,7.7,2,0
APP007958,29200.0,0.713,9200.0,43.0,57.0,1,85.8,33,21.4,2,1
APP007959,51600.0,0.064,21800.0,62.0,38.0,0,85.1,26,21.9,0,0
APP007960,43300.0,0.29,34300.0,45.1,54.9,0,93.9,31,35.2,0,0
APP007961,41700.0,0.202,25100.0,48.4,51.6,0,84.1,29,36.3,0,0
APP007962,116400.0,0.05,23500.0,35.8,64.2,0,98.2,25,26.2,0,0
APP007963,105400.0,0.897,41400.0,40.0,60.0,0,78.0,23,17.3,0,0
APP007964,152300.0,0.05,22900.0,47.5,52.5,1,94.4,31,14.8,1,0
APP007965,97700.0,0.164,43600.0,33.1,66.9,1,94.2,22,26.8,0,0
APP007966,62300.0,0.05,19100.0,43.6,56.4,0,77.2,28,23.4,4,2
APP007967,349100.0,0.154,116600.0,33.2,66.8,0,95.4,30,9.4,2,0
APP007968,179400.0,0.603,35900.0,38.3,61.7,0,77.6,32,23.3,0,2
APP007969,113200.0,0.165,25600.0,48.3,51.7,2,75.0,27,18.0,0,0
APP007970,31600.0,0.394,13500.0,35.6,64.4,0,88.2,23,11.3,0,1
APP007971,14300.0,0.132,4300.0,57.7,42.3,1,92.5,38,5.3,0,0
APP007972,51500.0,0.166,9400.0,62.3,37.7,0,71.5,37,30.5,2,0
APP007973,72500.0,0.05,11500.0,54.6,45.4,5,76.6,26,5.2,1,0
APP007974,396100.0,0.407,79600.0,67.6,32.4,0,70.6,28,14.6,0,0
APP007975,59400.0,0.226,47800.0,49.0,51.0,2,88.2,35,25.9,0,0
APP007976,71900.0,0.454,27100.0,59.7,40.3,0,83.4,28,20.4,1,0
APP007977,122600.0,0.41,47300.0,46.7,53.3,0,76.3,28,8.4,2,1
APP007978,39400.0,0.05,13100.0,42.7,57.3,0,85.2,34,29.9,2,0
APP007979,19300.0,0.368,4000.0,38.9,61.1,0,88.3,34,25.7,1,1
APP007980,20200.0,0.156,14900.0,61.4,38.6,0,70.9,35,32.1,0,0
APP007981,62700.0,0.188,35300.0,36.6,63.4,0,80.2,34,5.5,0,1
APP007982,28100.0,0.414,19000.0,49.1,50.9,2,81.4,28,21.8,2,0
APP007983,73400.0,0.05,35800.0,43.8,56.2,0,90.9,28,32.6,2,0
APP007984,71300.0,0.618,30200.0,46.8,53.2,0,91.5,33,17.5,3,0
APP007985,43400.0,0.333,9400.0,64.8,35.2,3,88.5,33,34.9,1,3
APP007986,26800.0,0.237,21400.0,51.2,48.8,0,74.6,35,24.1,1,0
APP007987,57300.0,0.474,25000.0,31.1,68.9,1,78.2,34,16.4,0,3
APP007988,157100.0,0.05,28300.0,50.7,49.3,2,89.6,30,22.8,1,0
APP007989,47500.0,0.057,8500.0,56.8,43.2,2,74.2,30,24.5,2,0
APP007990,119200.0,0.077,97100.0,63.5,36.5,0,74.1,32,25.9,1,1
APP007991,53500.0,0.05,8500.0,58.1,41.9,0,76.4,21,15.4,1,1
APP007992,84600.0,0.678,12700.0,53.3,46.7,0,98.3,35,14.4,1,0
APP007993,36300.0,0.691,10400.0,48.4,51.6,3,99.4,36,36.6,0,0
APP007994,51300.0,0.05,38500.0,34.7,65.3,0,92.2,32,19.6,2,0
APP007995,16100.0,0.247,7300.0,58.1,41.9,0,85.9,32,10.0,0,0
APP007996,70300.0,0.467,18600.0,68.3,31.7,0,91.6,36,15.2,2,0
APP007997,67700.0,0.162,32600.0,44.0,56.0,0,91.2,31,29.9,0,0
APP007998,33200.0,0.128,17500.0,60.1,39.9,1,79.0,24,9.6,2,0
APP007999,49800.0,0.118,52500.0,49.5,50.5,0,79.9,29,36.6,0,0
APP008000,105300.0,0.092,51000.0,60.9,39.1,0,87.7,32,9.2,0,0
APP008001,103300.0,0.075,26600.0,43.0,57.0,0,91.9,32,10.7,0,1
APP008002,98100.0,0.688,21300.0,38.4,61.6,4,94.9,25,9.8,0,0
APP008003,92200.0,0.05,12700.0,43.5,56.5,0,80.0,39,32.1,2,0
APP008004,136000.0,0.91,45000.0,66.9,33.1,1,97.6,25,12.7,0,0
APP008005,66900.0,0.113,63900.0,65.2,34.8,2,70.8,37,38.1,2,0
APP008006,94000.0,0.103,26300.0,55.9,44.1,0,77.4,27,18.9,2,1
APP008007,117000.0,1.041,18100.0,48.9,51.1,0,86.5,27,19.3,1,0
APP008008,25200.0,0.409,6100.0,44.3,55.7,0,86.3,35,14.4,1,0
APP008009,68800.0,0.206,18700.0,53.3,46.7,1,83.2,34,33.8,2,0
APP008010,97000.0,0.176,19100.0,56.6,43.4,0,96.6,23,30.7,1,0
APP008011,216800.0,0.053,49100.0,51.2,48.8,0,89.6,35,15.3,0,0
APP008012,153000.0,0.316,37700.0,42.6,57.4,2,91.3,40,8.2,0,0
APP008013,232900.0,0.115,38000.0,63.1,36.9,0,81.4,25,19.5,3,0
APP008014,11400.0,0.292,8900.0,56.7,43.3,0,85.8,29,11.6,1,0
APP008015,45400.0,0.2,14500.0,67.6,32.4,0,71.2,29,8.2,0,0
APP008016,68000.0,0.145,19600.0,64.3,35.7,0,97.3,30,19.1,2,0
APP008017,145200.0,0.189,21200.0,67.3,32.7,1,73.0,33,22.3,3,1
APP008018,180400.0,0.132,51900.0,48.3,51.7,0,89.1,36,8.3,3,0
APP008019,40100.0,0.329,11200.0,32.1,67.9,0,72.4,31,25.2,0,1
APP008020,50400.0,0.064,48700.0,62.0,38.0,0,90.0,32,21.3,1,0
APP008021,15500.0,0.05,18300.0,64.7,35.3,1,87.7,35,8.3,2,0
APP008022,109100.0,0.288,27600.0,53.5,46.5,3,97.1,34,20.8,1,0
APP008023,38800.0,0.05,16800.0,35.8,64.2,0,96.0,31,22.8,1,1
APP008024,48900.0,0.074,13700.0,62.4,37.6,0,77.0,27,28.2,1,0
APP008025,91400.0,0.05,31200.0,36.6,63.4,0,86.0,23,28.5,1,0
APP008026,213600.0,0.05,61200.0,35.6,64.4,1,90.3,33,5.3,0,0
APP008027,83500.0,0.05,12400.0,50.9,49.1,0,95.1,31,26.7,0,2
APP008028,41100.0,0.133,26800.0,61.0,39.0,0,93.6,28,5.7,1,0
APP008029,184300.0,0.639,112600.0,54.1,45.9,0,71.5,32,22.1,1,1
APP008030,30900.0,0.49,7800.0,59.5,40.5,0,77.5,22,37.6,0,1
APP008031,25700.0,0.81,4000.0,65.0,35.0,0,79.6,38,10.1,0,0
APP008032,30600.0,0.569,13000.0,46.4,53.6,0,97.5,34,29.1,1,0
APP008033,67100.0,0.556,24400.0,67.9,32.1,0,97.1,30,27.0,1,2
APP008034,26800.0,0.08,3700.0,37.7,62.3,0,71.9,26,26.2,1,1
APP008035,266400.0,0.127,36500.0,39.7,60.3,0,73.7,33,20.0,1,0
APP008036,20200.0,0.404,4500.0,44.5,55.5,0,87.4,36,23.7,0,0
APP008037,52900.0,0.507,29700.0,35.0,65.0,0,97.1,37,23.8,0,0
APP008038,115700.0,0.235,32000.0,48.4,51.6,0,83.2,35,22.3,3,2
APP008039,55200.0,0.48,49700.0,46.9,53.1,0,75.9,27,16.7,0,0
APP008040,31600.0,0.612,41600.0,30.5,69.5,1,90.0,22,16.3,1,0
APP008041,292900.0,0.068,50200.0,33.7,66.3,0,77.5,31,25.8,2,4
APP008042,94100.0,0.235,23100.0,63.3,36.7,0,97.0,38,7.7,1,0
APP008043,88100.0,0.056,15700.0,60.2,39.8,0,98.5,36,20.5,3,0
APP008044,70500.0,0.245,27300.0,57.4,42.6,0,74.8,34,31.1,1,1
APP008045,116300.0,0.245,18100.0,54.2,45.8,0,99.3,33,34.1,2,0
APP008046,101400.0,0.05,20400.0,41.3,58.7,0,81.6,36,23.4,1,2
APP008047,103700.0,0.907,28200.0,31.4,68.6,0,80.4,32,35.5,1,0
APP008048,135900.0,0.168,24400.0,40.5,59.5,3,71.2,33,23.1,3,0
APP008049,145600.0,0.221,35000.0,69.1,30.9,1,75.1,32,36.0,1,0
APP008050,90200.0,0.506,14600.0,60.1,39.9,0,90.4,41,25.6,0,0
APP008051,33700.0,0.177,14400.0,52.9,47.1,1,92.4,24,10.1,1,3
APP008052,345200.0,0.499,79700.0,51.8,48.2,0,90.2,31,6.3,3,0
APP008053,282700.0,0.429,71400.0,62.4,37.6,0,94.9,28,5.8,0,3
APP008054,103900.0,0.05,35100.0,45.2,54.8,0,96.9,21,30.9,3,0
APP008055,75200.0,0.06,19800.0,46.1,53.9,0,88.9,31,29.4,1,3
APP008056,30600.0,0.386,22000.0,56.6,43.4,0,75.3,25,30.9,3,0
APP008057,48400.0,1.128,11400.0,35.3,64.7,0,71.2,40,14.3,0,1
APP008058,143500.0,0.258,48100.0,69.7,30.3,0,91.1,36,29.6,0,0
APP008059,113000.0,0.125,21600.0,32.6,67.4,1,99.3,24,26.1,0,0
APP008060,33300.0,0.059,29700.0,51.7,48.3,0,76.3,33,22.3,1,0
APP008061,58200.0,0.335,16900.0,32.1,67.9,0,83.1,27,23.3,1,0
APP008062,20100.0,1.078,6800.0,31.4,68.6,0,81.3,30,23.0,2,0
APP008063,47300.0,0.325,19400.0,67.2,32.8,0,72.1,36,37.7,1,0
APP008064,58000.0,0.207,20800.0,38.2,61.8,0,92.4,32,32.5,0,0
APP008065,81300.0,0.05,14300.0,52.8,47.2,0,71.2,27,32.3,1,0
APP008066,521400.0,0.05,130200.0,60.6,39.4,0,82.2,29,10.8,1,2
APP008067,328400.0,0.421,67700.0,53.3,46.7,0,83.4,19,6.7,1,0
APP008068,41000.0,0.163,27600.0,66.0,34.0,1,99.2,37,5.1,0,0
APP008069,90500.0,0.525,35200.0,60.7,39.3,1,74.0,27,37.8,3,0
APP008070,17600.0,0.159,12800.0,34.7,65.3,0,71.6,27,18.9,1,0
APP008071,161100.0,0.073,21100.0,42.3,57.7,0,83.4,34,22.1,1,1
APP008072,153600.0,0.524,47900.0,61.8,38.2,1,97.5,35,12.2,0,1
APP008073,50000.0,0.338,14400.0,39.3,60.7,0,88.0,25,15.5,2,0
APP008074,158700.0,0.337,37600.0,49.7,50.3,1,99.5,39,12.9,2,0
APP008075,55300.0,0.181,14400.0,32.6,67.4,2,72.0,31,17.2,1,1
APP008076,91200.0,0.123,34800.0,59.2,40.8,0,87.2,27,21.0,1,0
APP008077,356100.0,0.062,71100.0,58.0,42.0,0,99.7,21,24.4,0,0
APP008078,109800.0,0.066,35500.0,67.8,32.2,0,77.8,28,10.3,0,0
APP008079,31000.0,0.264,15200.0,41.6,58.4,1,78.9,33,19.7,0,2
APP008080,43700.0,0.237,45700.0,45.1,54.9,1,90.8,30,9.0,2,0
APP008081,135500.0,0.133,29900.0,63.1,36.9,0,93.0,29,21.4,3,0
APP008082,67800.0,0.069,12100.0,34.5,65.5,1,89.8,30,18.4,0,0
APP008083,105500.0,0.05,25100.0,34.1,65.9,0,77.3,27,11.5,1,0
APP008084,55400.0,0.325,24500.0,61.9,38.1,0,99.8,31,19.3,0,0
APP008085,59000.0,0.307,20000.0,42.2,57.8,0,96.0,24,23.2,1,2
APP008086,81300.0,0.226,21900.0,68.2,31.8,0,98.9,32,39.2,1,1
APP008087,177800.0,0.065,22100.0,69.2,30.8,0,75.7,31,34.2,1,0
APP008088,24100.0,0.601,4200.0,68.4,31.6,0,72.8,31,12.0,1,0
APP008089,239400.0,0.354,38500.0,66.8,33.2,0,73.8,27,14.2,3,0
APP008090,78700.0,0.085,27200.0,60.5,39.5,0,91.7,35,23.5,1,2
APP008091,61700.0,0.425,20600.0,59.2,40.8,0,70.7,29,35.5,0,1
APP008092,53700.0,0.783,39600.0,62.5,37.5,1,75.3,30,11.7,0,0
APP008093,53100.0,0.096,17400.0,41.8,58.2,0,83.5,28,11.2,1,0
APP008094,153500.0,0.333,55000.0,37.3,62.7,0,72.7,27,29.6,2,0
APP008095,99500.0,0.348,48600.0,58.7,41.3,0,75.0,25,23.9,1,0
APP008096,48300.0,0.099,13900.0,48.1,51.9,0,75.8,31,17.9,1,1
APP008097,43700.0,0.161,20900.0,55.4,44.6,0,75.2,29,29.4,0,0
APP008098,68000.0,0.64,15400.0,55.6,44.4,1,81.3,35,8.5,1,4
APP008099,275900.0,0.46,70000.0,35.2,64.8,3,98.5,30,6.9,0,0
APP008100,80800.0,0.343,24300.0,34.2,65.8,0,87.1,30,13.2,1,0
APP008101,49400.0,1.409,31100.0,58.2,41.8,1,89.6,33,22.1,0,0
APP008102,95100.0,0.404,23500.0,66.7,33.3,0,78.7,25,29.0,1,0
APP008103,62600.0,0.205,12700.0,33.6,66.4,0,95.5,31,24.3,3,1
APP008104,28500.0,0.05,7200.0,56.6,43.4,0,82.8,27,9.6,0,0
APP008105,214300.0,0.05,52000.0,46.2,53.8,0,77.5,32,34.2,1,0
APP008106,81800.0,0.099,26200.0,59.7,40.3,0,93.0,29,25.3,1,0
APP008107,107800.0,0.2,26000.0,48.6,51.4,2,87.8,36,14.6,0,0
APP008108,99300.0,0.581,22500.0,30.5,69.5,0,75.4,35,34.9,1,0
APP008109,30900.0,0.057,22900.0,57.8,42.2,1,88.6,31,28.3,0,1
APP008110,103600.0,0.131,24700.0,30.4,69.6,0,80.7,31,15.3,0,0
APP008111,26100.0,0.569,6000.0,51.0,49.0,1,90.5,23,36.7,1,0
APP008112,87600.0,0.05,27300.0,38.8,61.2,0,94.2,23,10.4,1,2
APP008113,188600.0,0.146,41000.0,37.5,62.5,2,86.5,38,9.0,0,0
APP008114,91200.0,0.48,65000.0,47.8,52.2,0,83.4,40,7.8,0,2
APP008115,174400.0,0.05,44400.0,45.3,54.7,0,73.1,31,33.0,0,0
APP008116,27300.0,0.05,26200.0,48.2,51.8,0,93.0,33,29.4,1,0
APP008117,48500.0,0.091,26100.0,48.4,51.6,0,91.8,29,28.0,1,1
APP008118,194400.0,0.05,52800.0,55.6,44.4,0,78.5,21,15.3,1,1
APP008119,34500.0,0.313,38100.0,30.9,69.1,0,83.6,31,11.0,1,0
APP008120,52500.0,0.484,17100.0,33.9,66.1,0,80.7,28,16.2,0,0
APP008121,45200.0,0.426,20700.0,40.9,59.1,0,75.3,29,17.9,1,0
APP008122,145800.0,0.295,20200.0,58.4,41.6,0,95.0,29,32.7,0,0
APP008123,114400.0,0.324,44600.0,43.6,56.4,3,85.1,32,33.5,0,0
APP008124,352200.0,0.358,102000.0,47.8,52.2,0,99.5,33,28.9,0,0
APP008125,205900.0,0.063,24300.0,53.2,46.8,2,98.1,24,22.3,3,0
APP008126,37000.0,0.096,29800.0,59.1,40.9,0,95.0,31,5.5,0,0
APP008127,6300.0,0.691,7800.0,58.9,41.1,0,77.1,26,13.9,1,1
APP008128,56000.0,0.05,21100.0,65.0,35.0,0,78.7,35,13.1,2,0
APP008129,52300.0,0.277,13500.0,61.5,38.5,0,71.7,29,39.9,4,1
APP008130,95900.0,0.075,19000.0,49.9,50.1,0,78.2,46,9.4,2,0
APP008131,36800.0,0.086,18300.0,33.2,66.8,0,84.2,29,36.9,3,1
APP008132,15900.0,0.367,18100.0,55.1,44.9,4,71.0,26,6.7,1,3
APP008133,56600.0,0.421,26400.0,65.4,34.6,1,71.2,28,16.0,0,0
APP008134,57200.0,0.119,20100.0,66.5,33.5,3,92.6,37,29.9,2,0
APP008135,135400.0,0.141,16700.0,30.8,69.2,0,99.3,40,8.9,0,0
APP008136,167200.0,0.05,46500.0,43.8,56.2,0,74.2,28,15.4,2,0
APP008137,51200.0,0.272,23500.0,61.1,38.9,2,87.2,35,11.1,0,1
APP008138,100000.0,0.078,37500.0,33.6,66.4,1,74.2,25,39.6,2,0
APP008139,93200.0,0.168,29400.0,68.5,31.5,0,93.6,19,24.4,1,0
APP008140,48500.0,0.05,12800.0,48.5,51.5,0,99.5,27,21.0,2,1
APP008141,113200.0,0.745,27600.0,44.6,55.4,0,88.0,34,21.3,1,0
APP008142,257800.0,0.05,49200.0,38.0,62.0,0,91.9,26,30.0,2,0
APP008143,27500.0,0.07,18500.0,62.3,37.7,0,80.6,25,29.9,0,0
APP008144,83700.0,0.161,46400.0,54.5,45.5,1,94.5,41,39.4,2,1
APP008145,84900.0,0.084,60000.0,47.1,52.9,1,90.4,33,37.4,1,0
APP008146,108200.0,0.468,46900.0,66.0,34.0,0,70.3,23,6.2,1,0
APP008147,289300.0,0.167,49600.0,51.4,48.6,0,79.4,37,36.8,1,0
APP008148,119200.0,0.137,30400.0,41.8,58.2,0,83.9,34,36.2,1,0
APP008149,116500.0,0.271,40700.0,48.9,51.1,5,96.1,27,9.7,0,0
APP008150,26100.0,0.222,5800.0,61.0,39.0,2,71.8,40,23.0,0,0
APP008151,44500.0,0.23,19000.0,69.6,30.4,0,95.8,31,27.9,0,0
APP008152,105000.0,0.335,15000.0,69.7,30.3,0,96.3,27,14.7,2,0
APP008153,49500.0,1.042,14900.0,56.2,43.8,0,83.0,29,9.5,1,0
APP008154,28100.0,0.05,21200.0,57.4,42.6,0,96.8,18,8.2,0,1
APP008155,34800.0,0.18,6700.0,62.7,37.3,0,83.8,26,32.7,1,0
APP008156,52400.0,0.538,18000.0,32.6,67.4,2,73.7,34,22.7,0,0
APP008157,63900.0,0.067,14200.0,66.2,33.8,0,78.9,27,39.0,1,0
APP008158,117900.0,0.217,18300.0,56.0,44.0,0,98.4,23,7.4,1,0
APP008159,9000.0,0.332,7700.0,62.1,37.9,2,83.4,22,37.0,2,0
APP008160,147200.0,1.122,34300.0,57.8,42.2,0,89.7,30,22.6,3,2
APP008161,57700.0,0.17,33900.0,61.1,38.9,0,96.5,25,21.7,0,0
APP008162,49900.0,0.076,24300.0,33.6,66.4,0,78.5,36,31.9,0,0
APP008163,121500.0,0.483,40000.0,65.5,34.5,0,95.3,31,13.0,1,0
APP008164,29500.0,0.654,15400.0,51.5,48.5,0,87.0,33,14.6,0,1
APP008165,54400.0,0.153,19400.0,59.2,40.8,0,89.3,20,35.4,0,0
APP008166,124300.0,0.131,17600.0,59.6,40.4,0,83.8,36,32.0,2,1
APP008167,35400.0,0.146,32100.0,69.2,30.8,0,97.1,31,6.4,1,0
APP008168,121500.0,0.05,31600.0,45.8,54.2,1,78.9,36,37.3,0,1
APP008169,138800.0,0.097,31700.0,53.5,46.5,0,85.7,29,27.6,2,3
APP008170,72000.0,0.212,28500.0,31.5,68.5,1,84.5,29,31.1,1,0
APP008171,212200.0,0.05,48800.0,66.7,33.3,3,85.7,26,10.5,0,0
APP008172,95700.0,0.659,33900.0,69.4,30.6,0,87.4,31,25.4,2,2
APP008173,48700.0,0.253,20300.0,66.1,33.9,2,91.0,44,20.6,2,0
APP008174,38500.0,0.211,31900.0,35.0,65.0,0,85.1,30,12.3,2,0
APP008175,96000.0,0.305,32600.0,32.6,67.4,0,97.9,19,16.5,1,2
APP008176,309400.0,0.123,62800.0,65.3,34.7,0,91.0,33,28.4,1,0
APP008177,30000.0,0.394,13500.0,41.4,58.6,0,92.5,30,27.5,1,0
APP008178,21600.0,0.076,5100.0,61.6,38.4,0,92.9,30,5.5,1,1
APP008179,120600.0,0.077,66100.0,32.3,67.7,0,79.0,34,28.9,0,0
APP008180,71200.0,0.05,11300.0,41.3,58.7,0,71.3,37,22.1,1,0
APP008181,29700.0,0.283,6300.0,63.5,36.5,0,76.9,32,9.5,1,0
APP008182,28600.0,0.121,23700.0,35.6,64.4,0,98.8,32,30.3,1,0
APP008183,48700.0,0.229,21700.0,64.5,35.5,0,92.8,31,30.5,2,2
APP008184,29500.0,0.763,16500.0,66.9,33.1,0,73.7,31,30.3,0,0
APP008185,80700.0,0.226,11100.0,61.3,38.7,0,81.2,31,22.0,1,0
APP008186,93900.0,0.458,17500.0,54.6,45.4,0,81.3,27,30.4,0,0
APP008187,109700.0,0.211,24400.0,53.9,46.1,3,70.2,38,29.4,0,0
APP008188,52700.0,0.233,13400.0,51.8,48.2,2,77.7,26,9.1,1,1
APP008189,28800.0,0.182,14200.0,43.7,56.3,1,77.4,30,25.0,2,0
APP008190,132600.0,0.164,19000.0,60.4,39.6,2,85.7,31,36.1,1,0
APP008191,106000.0,0.11,25400.0,49.8,50.2,1,78.7,27,33.2,2,0
APP008192,49400.0,0.232,9500.0,43.4,56.6,0,87.8,25,27.9,1,2
APP008193,261300.0,0.404,83600.0,40.8,59.2,0,84.3,29,7.7,2,0
APP008194,24500.0,0.357,22300.0,53.2,46.8,0,89.2,35,30.4,3,0
APP008195,38000.0,0.359,11400.0,52.0,48.0,3,97.3,40,10.8,2,2
APP008196,37500.0,0.184,41500.0,62.1,37.9,0,78.9,32,26.7,0,2
APP008197,31100.0,0.385,11800.0,44.0,56.0,0,85.3,32,8.7,0,0
APP008198,72100.0,0.073,46000.0,60.1,39.9,0,79.6,31,25.2,5,0
APP008199,128900.0,0.399,52500.0,65.3,34.7,1,76.9,39,34.9,2,0
APP008200,41900.0,0.636,17000.0,46.4,53.6,1,72.4,42,15.4,3,0
APP008201,70200.0,0.133,38200.0,62.1,37.9,0,77.6,28,15.7,0,0
APP008202,89700.0,0.23,22600.0,40.4,59.6,0,80.0,24,12.6,1,0
APP008203,118900.0,0.05,26200.0,65.2,34.8,0,89.7,29,37.3,0,0
APP008204,58600.0,0.05,28500.0,65.5,34.5,1,91.4,32,32.3,0,0
APP008205,22900.0,0.476,10800.0,38.3,61.7,0,88.0,24,14.2,1,0
APP008206,77000.0,0.065,16300.0,41.6,58.4,0,70.5,23,33.4,1,0
APP008207,104500.0,0.401,38500.0,65.3,34.7,0,91.1,31,8.9,2,0
APP008208,138500.0,0.05,36500.0,59.3,40.7,0,74.1,30,16.6,1,3
APP008209,21600.0,0.294,17300.0,59.5,40.5,0,92.0,25,5.6,1,0
APP008210,201400.0,0.633,65400.0,50.3,49.7,0,75.2,26,9.5,1,0
APP008211,61500.0,0.05,21400.0,57.4,42.6,0,98.2,40,32.6,2,0
APP008212,87700.0,0.05,19900.0,45.8,54.2,0,75.2,24,27.0,0,0
APP008213,41300.0,0.483,20800.0,41.4,58.6,0,79.2,31,20.7,0,0
APP008214,117400.0,0.125,50600.0,45.2,54.8,0,71.3,31,26.6,1,0
APP008215,76500.0,0.181,29900.0,46.5,53.5,0,72.3,31,29.2,3,0
APP008216,27100.0,0.231,21400.0,44.0,56.0,0,84.5,33,14.4,0,1
APP008217,13400.0,0.254,12800.0,33.9,66.1,0,89.0,36,13.6,1,0
APP008218,40600.0,0.193,34800.0,67.0,33.0,0,70.1,38,36.0,0,2
APP008219,60200.0,0.254,14900.0,48.3,51.7,2,72.6,28,8.6,0,1
APP008220,47600.0,0.066,31100.0,61.5,38.5,0,77.5,38,34.2,2,2
APP008221,108200.0,0.4,16400.0,50.1,49.9,0,97.5,34,10.3,4,0
APP008222,106500.0,0.234,27600.0,40.2,59.8,2,91.7,32,11.6,0,2
APP008223,31300.0,0.062,20100.0,44.7,55.3,1,78.8,29,18.6,0,0
APP008224,61300.0,0.05,17900.0,65.8,34.2,1,78.1,25,9.5,0,0
APP008225,11300.0,0.197,7400.0,43.9,56.1,1,75.6,39,37.1,2,0
APP008226,103900.0,0.05,36200.0,32.2,67.8,0,89.0,44,33.6,1,1
APP008227,104800.0,0.627,19700.0,48.4,51.6,0,85.6,29,35.8,1,0
APP008228,47700.0,0.05,23300.0,32.8,67.2,0,84.7,26,35.5,1,0
APP008229,86100.0,0.42,36900.0,44.7,55.3,2,96.2,15,22.2,0,0
APP008230,146700.0,0.05,49900.0,42.4,57.6,0,70.8,26,11.1,2,0
APP008231,110600.0,0.078,27500.0,53.9,46.1,0,73.0,29,18.0,0,0
APP008232,171700.0,0.151,54200.0,40.8,59.2,0,97.4,25,31.1,0,0
APP008233,105600.0,0.161,25100.0,38.3,61.7,0,92.8,24,32.8,1,0
APP008234,104500.0,0.05,23800.0,67.8,32.2,0,77.6,27,18.3,0,0
APP008235,25100.0,0.256,10500.0,43.3,56.7,0,85.8,34,34.2,2,0
APP008236,58800.0,0.112,72600.0,30.6,69.4,2,89.9,33,40.0,0,2
APP008237,90300.0,0.05,31000.0,47.5,52.5,0,83.1,42,38.5,0,0
APP008238,37700.0,0.856,5600.0,61.6,38.4,0,87.6,30,12.5,1,0
APP008239,21400.0,0.436,3500.0,61.0,39.0,0,72.5,27,27.0,2,0
APP008240,23000.0,0.24,14300.0,54.1,45.9,0,82.2,42,33.5,1,0
APP008241,102400.0,0.253,24600.0,67.9,32.1,0,83.3,37,16.3,0,1
APP008242,63500.0,0.05,28600.0,36.8,63.2,0,94.9,28,28.9,3,3
APP008243,141400.0,0.337,36200.0,53.3,46.7,1,87.5,24,6.9,1,0
APP008244,160000.0,0.069,50700.0,49.0,51.0,0,89.1,31,38.1,1,0
APP008245,17000.0,0.182,7700.0,36.7,63.3,0,81.5,22,13.4,2,1
APP008246,33900.0,0.087,13600.0,68.4,31.6,0,96.3,34,6.9,2,0
APP008247,216600.0,1.214,46900.0,30.5,69.5,0,73.9,36,16.3,0,2
APP008248,36800.0,0.319,17800.0,43.4,56.6,0,77.8,27,38.5,0,0
APP008249,113900.0,0.188,30300.0,36.9,63.1,0,84.1,35,23.6,1,4
APP008250,56600.0,0.57,13500.0,39.8,60.2,1,86.7,29,29.4,0,1
APP008251,82300.0,0.607,15300.0,32.3,67.7,0,77.2,28,11.5,0,0
APP008252,40400.0,0.05,20800.0,55.7,44.3,5,83.1,28,28.2,1,0
APP008253,100300.0,0.224,58900.0,67.4,32.6,0,78.8,28,26.0,1,0
APP008254,129100.0,0.334,26500.0,60.9,39.1,1,86.1,28,14.4,1,0
APP008255,52900.0,0.072,21500.0,69.3,30.7,0,71.3,38,28.6,2,0
APP008256,185300.0,0.191,51400.0,43.6,56.4,0,96.9,33,13.4,1,0
APP008257,76000.0,0.376,31400.0,62.8,37.2,0,96.8,32,8.6,1,1
APP008258,45500.0,0.664,13700.0,57.9,42.1,0,80.1,28,31.7,1,0
APP008259,13200.0,0.05,7800.0,65.0,35.0,0,79.8,33,11.2,1,0
APP008260,166000.0,1.173,42500.0,47.9,52.1,0,99.6,25,19.6,4,0
APP008261,24200.0,0.076,22200.0,31.6,68.4,0,74.9,41,30.0,1,0
APP008262,106200.0,0.926,29800.0,55.1,44.9,0,80.8,27,14.6,0,0
APP008263,132600.0,0.791,31000.0,49.2,50.8,0,71.7,26,20.6,1,1
APP008264,49700.0,0.124,21100.0,67.9,32.1,0,78.8,39,35.0,2,1
APP008265,56000.0,0.344,26000.0,33.1,66.9,0,98.0,33,13.4,0,0
APP008266,34600.0,0.263,27500.0,60.2,39.8,0,85.9,34,11.1,1,0
APP008267,58900.0,0.05,29600.0,35.1,64.9,2,85.7,31,15.6,1,0
APP008268,184200.0,0.227,57800.0,65.0,35.0,0,89.2,32,31.2,0,0
APP008269,127000.0,0.497,23500.0,63.7,36.3,1,94.8,35,28.5,4,1
APP008270,60900.0,0.05,28600.0,47.0,53.0,0,85.7,33,17.9,0,0
APP008271,131600.0,0.342,34300.0,69.8,30.2,1,80.6,39,36.0,1,0
APP008272,221500.0,0.725,58200.0,68.0,32.0,0,85.1,35,34.6,0,0
APP008273,129000.0,0.225,36300.0,69.8,30.2,0,76.1,32,5.8,1,0
APP008274,99800.0,0.805,30800.0,67.4,32.6,0,84.0,32,33.8,2,0
APP008275,57000.0,0.415,19700.0,52.0,48.0,0,76.3,29,25.0,0,1
APP008276,221200.0,0.632,34200.0,66.0,34.0,2,77.8,37,25.6,3,0
APP008277,54100.0,0.074,16200.0,40.3,59.7,0,97.5,21,9.7,0,1
APP008278,13100.0,0.068,7500.0,56.6,43.4,0,86.8,23,22.1,0,0
APP008279,131400.0,0.915,35100.0,62.3,37.7,1,76.7,26,32.3,2,0
APP008280,287000.0,0.08,71700.0,58.1,41.9,0,79.9,28,39.7,2,1
APP008281,90500.0,0.05,21200.0,31.0,69.0,2,81.2,22,19.5,0,2
APP008282,65400.0,0.111,16800.0,46.7,53.3,0,99.3,42,31.6,0,0
APP008283,83500.0,0.41,15300.0,53.9,46.1,1,81.7,29,32.7,2,0
APP008284,111200.0,0.05,28500.0,70.0,30.0,0,73.2,33,8.2,4,0
APP008285,122200.0,0.163,24500.0,40.2,59.8,2,74.2,38,34.7,0,0
APP008286,94500.0,0.361,40600.0,68.0,32.0,1,97.1,40,16.8,0,3
APP008287,40500.0,0.05,14800.0,65.8,34.2,2,82.3,34,34.8,2,0
APP008288,71200.0,0.138,17200.0,68.1,31.9,0,99.2,25,37.7,0,0
APP008289,15700.0,0.149,9200.0,54.5,45.5,0,76.0,26,35.9,2,1
APP008290,47800.0,0.363,16100.0,40.5,59.5,1,97.7,32,6.4,1,0
APP008291,25900.0,1.017,9000.0,41.9,58.1,0,77.2,38,28.9,2,0
APP008292,162400.0,0.185,20800.0,56.6,43.4,0,81.7,28,17.6,1,0
APP008293,130800.0,0.076,29200.0,56.4,43.6,0,89.9,28,6.3,0,1
APP008294,5900.0,0.508,4200.0,51.3,48.7,0,99.9,27,25.5,3,0
APP008295,90500.0,0.059,22000.0,60.9,39.1,0,95.9,22,20.5,1,2
APP008296,16400.0,0.3,8400.0,64.1,35.9,0,72.9,32,6.8,0,0
APP008297,134800.0,0.218,28900.0,67.3,32.7,0,97.5,26,23.2,0,1
APP008298,13000.0,0.378,6900.0,31.2,68.8,0,73.6,23,25.1,1,0
APP008299,75200.0,0.05,20700.0,53.5,46.5,3,71.1,26,13.1,4,0
APP008300,346500.0,0.395,53300.0,65.3,34.7,0,87.1,32,34.9,0,0
APP008301,29200.0,0.068,10100.0,41.9,58.1,1,83.9,32,27.5,0,1
APP008302,86100.0,0.301,13800.0,62.9,37.1,0,90.1,22,12.9,1,0
APP008303,80400.0,0.394,20300.0,39.0,61.0,0,73.1,26,22.3,0,0
APP008304,218700.0,0.271,46400.0,54.6,45.4,0,81.9,32,28.2,1,2
APP008305,13600.0,0.609,7100.0,39.8,60.2,0,72.3,31,22.0,2,0
APP008306,84700.0,0.564,14600.0,65.2,34.8,0,99.3,35,17.3,1,0
APP008307,100200.0,0.05,29200.0,53.8,46.2,0,82.3,28,37.5,2,1
APP008308,75600.0,0.345,34000.0,66.2,33.8,0,88.0,31,17.2,3,1
APP008309,79100.0,0.682,18600.0,66.7,33.3,0,79.4,38,35.9,0,0
APP008310,42700.0,0.052,11800.0,66.1,33.9,0,83.4,25,19.9,1,0
APP008311,44800.0,0.201,31900.0,47.7,52.3,0,74.5,39,6.4,2,0
APP008312,78100.0,0.05,23100.0,35.4,64.6,0,71.2,30,33.5,0,0
APP008313,96200.0,0.208,30000.0,52.0,48.0,0,82.9,24,9.8,3,0
APP008314,40800.0,0.339,15900.0,48.3,51.7,0,73.8,29,6.8,0,0
APP008315,109800.0,0.251,30300.0,54.8,45.2,0,80.4,31,12.7,0,0
APP008316,32800.0,0.064,31400.0,63.9,36.1,0,91.3,21,8.5,0,1
APP008317,21300.0,0.792,8900.0,50.4,49.6,0,97.9,26,32.9,0,0
APP008318,38000.0,0.493,14800.0,58.7,41.3,1,83.7,32,27.9,0,3
APP008319,59700.0,0.102,9800.0,58.8,41.2,0,72.6,21,26.0,2,0
APP008320,29300.0,0.05,11000.0,49.0,51.0,0,89.0,32,34.3,0,0
APP008321,48000.0,0.387,25000.0,64.1,35.9,0,89.4,28,19.9,0,0
APP008322,138600.0,0.05,37700.0,58.3,41.7,0,74.9,26,20.5,1,0
APP008323,157600.0,1.024,33200.0,45.5,54.5,0,99.9,31,10.5,0,0
APP008324,52600.0,0.064,37000.0,54.3,45.7,1,95.2,23,26.4,2,1
APP008325,41700.0,0.187,21500.0,59.5,40.5,0,91.3,27,20.6,1,0
APP008326,18600.0,0.205,5000.0,30.9,69.1,2,77.0,24,38.3,0,2
APP008327,11600.0,0.249,9300.0,39.2,60.8,0,83.9,37,6.9,1,0
APP008328,150400.0,0.615,46000.0,63.7,36.3,0,84.7,38,28.9,1,0
APP008329,68600.0,0.363,28200.0,58.6,41.4,0,94.6,29,10.4,0,1
APP008330,116100.0,0.454,17000.0,35.8,64.2,1,77.2,35,30.0,1,0
APP008331,88800.0,0.126,18400.0,55.7,44.3,0,71.1,22,14.5,0,0
APP008332,57100.0,0.118,25600.0,59.2,40.8,0,96.1,24,34.2,2,0
APP008333,160700.0,0.061,35300.0,45.6,54.4,1,95.8,28,31.2,1,0
APP008334,53800.0,0.05,16000.0,50.4,49.6,1,86.7,28,35.9,1,0
APP008335,58300.0,0.074,18900.0,49.5,50.5,1,70.8,45,21.5,3,3
APP008336,120800.0,0.393,23000.0,45.9,54.1,0,72.9,37,35.4,3,0
APP008337,20800.0,0.257,4600.0,32.5,67.5,0,99.0,32,9.0,0,0
APP008338,18900.0,0.07,11200.0,32.4,67.6,0,70.7,27,24.5,1,0
APP008339,94300.0,0.116,22000.0,55.3,44.7,0,89.3,41,5.8,1,0
APP008340,19100.0,0.519,21600.0,40.7,59.3,1,94.5,32,26.3,0,0
APP008341,58700.0,0.619,15600.0,38.7,61.3,1,75.7,34,6.1,0,0
APP008342,49300.0,0.189,25000.0,53.6,46.4,5,78.5,23,20.8,1,0
APP008343,81100.0,0.314,15500.0,44.3,55.7,0,99.5,33,22.1,2,0
APP008344,106000.0,0.457,13200.0,49.8,50.2,0,77.2,23,26.7,1,0
APP008345,262900.0,0.248,58600.0,32.6,67.4,3,72.6,26,7.6,0,0
APP008346,124800.0,0.373,35400.0,58.5,41.5,0,99.0,33,23.7,1,0
APP008347,138400.0,0.636,34200.0,63.5,36.5,1,99.3,39,5.5,1,0
APP008348,178300.0,0.87,41300.0,46.1,53.9,0,80.5,35,7.4,0,0
APP008349,55400.0,0.05,17700.0,41.0,59.0,1,97.8,24,39.5,3,0
APP008350,204500.0,0.05,53600.0,58.1,41.9,2,95.8,27,22.4,2,0
APP008351,106100.0,1.186,18600.0,40.4,59.6,0,91.6,33,34.8,0,0
APP008352,65300.0,0.222,21800.0,43.1,56.9,2,99.8,19,25.8,2,0
APP008353,98700.0,0.24,26400.0,57.1,42.9,1,82.8,33,20.9,1,0
APP008354,9700.0,0.334,4000.0,48.0,52.0,0,88.4,32,32.3,1,0
APP008355,108000.0,0.312,48800.0,57.0,43.0,0,83.0,25,23.6,2,0
APP008356,303700.0,2.0,86200.0,44.2,55.8,0,82.0,45,11.8,0,1
APP008357,186300.0,0.05,22400.0,63.3,36.7,0,76.4,31,28.7,1,1
APP008358,144100.0,0.29,31500.0,59.9,40.1,0,98.5,26,24.0,0,0
APP008359,84400.0,0.612,28500.0,55.9,44.1,1,92.4,28,26.3,0,0
APP008360,24700.0,0.05,6900.0,61.6,38.4,1,79.6,34,39.5,0,2
APP008361,53900.0,0.164,24200.0,48.3,51.7,2,95.3,30,27.6,2,0
APP008362,35400.0,0.222,15800.0,54.7,45.3,0,75.8,23,30.4,0,0
APP008363,105700.0,0.258,24600.0,35.0,65.0,0,81.4,36,37.6,2,0
APP008364,72800.0,0.845,25200.0,69.0,31.0,1,93.2,28,34.8,1,1
APP008365,170900.0,0.129,28100.0,50.4,49.6,1,99.0,30,35.1,1,1
APP008366,59300.0,0.055,20300.0,65.2,34.8,1,93.4,24,29.9,2,1
APP008367,153500.0,0.101,20400.0,64.4,35.6,2,91.2,35,10.2,1,0
APP008368,49500.0,0.482,31800.0,48.2,51.8,0,99.4,33,36.9,1,0
APP008369,41000.0,0.185,29800.0,40.5,59.5,0,71.4,31,26.6,0,1
APP008370,17500.0,0.382,21900.0,54.1,45.9,2,97.9,31,22.3,0,2
APP008371,166200.0,0.051,31500.0,69.3,30.7,0,98.7,41,6.2,2,0
APP008372,167100.0,0.341,42000.0,45.6,54.4,1,93.7,35,22.6,3,0
APP008373,48000.0,0.05,30800.0,46.5,53.5,1,85.3,32,12.7,2,0
APP008374,171300.0,0.153,21400.0,61.0,39.0,0,86.7,25,5.9,0,0
APP008375,72500.0,0.512,22900.0,39.3,60.7,0,88.3,36,16.1,1,0
APP008376,16400.0,0.05,15100.0,65.6,34.4,0,80.7,28,18.8,1,0
APP008377,28500.0,0.05,5200.0,40.8,59.2,0,86.3,39,18.8,1,0
APP008378,30500.0,0.509,15600.0,56.4,43.6,0,76.9,31,35.3,0,1
APP008379,88900.0,0.304,16400.0,41.8,58.2,0,78.6,33,24.3,3,0
APP008380,86800.0,0.782,22100.0,47.9,52.1,0,86.4,38,18.3,2,0
APP008381,74000.0,1.892,31600.0,62.1,37.9,2,85.3,30,25.9,1,0
APP008382,38200.0,0.609,11400.0,48.4,51.6,0,93.7,34,27.7,1,0
APP008383,50300.0,0.62,40100.0,46.1,53.9,0,96.2,23,34.0,0,0
APP008384,92400.0,0.05,15000.0,66.8,33.2,0,85.8,30,12.8,1,2
APP008385,32600.0,0.225,7600.0,45.3,54.7,0,80.8,31,21.9,3,2
APP008386,53300.0,0.381,18600.0,30.1,69.9,0,72.6,28,27.6,0,0
APP008387,33200.0,0.511,8100.0,44.9,55.1,0,80.5,19,34.4,4,4
APP008388,22200.0,0.139,11600.0,36.1,63.9,1,77.1,36,13.6,3,0
APP008389,58400.0,0.225,23400.0,50.7,49.3,1,95.3,24,8.8,2,0
APP008390,60800.0,0.212,14800.0,30.3,69.7,0,71.1,31,17.7,0,2
APP008391,73000.0,0.698,17700.0,54.7,45.3,0,72.4,30,10.7,0,1
APP008392,90300.0,0.189,24200.0,30.5,69.5,0,85.2,27,8.1,0,0
APP008393,29100.0,0.135,24200.0,34.4,65.6,0,97.5,21,25.5,1,0
APP008394,61600.0,0.05,26700.0,38.0,62.0,0,79.3,30,36.3,2,0
APP008395,227200.0,0.202,124900.0,40.4,59.6,0,87.5,21,33.5,2,0
APP008396,42100.0,0.113,13600.0,40.0,60.0,0,71.9,32,27.7,0,1
APP008397,139200.0,0.05,31800.0,63.8,36.2,1,79.3,30,33.2,1,0
APP008398,166400.0,1.11,22500.0,34.8,65.2,2,90.3,28,21.8,0,0
APP008399,44000.0,0.093,22800.0,65.6,34.4,0,79.2,37,20.9,1,0
APP008400,75000.0,0.102,14500.0,30.3,69.7,1,82.4,26,19.8,2,0
APP008401,10600.0,0.789,5300.0,34.8,65.2,1,77.9,31,38.8,0,1
APP008402,50700.0,0.231,20100.0,37.4,62.6,0,70.9,32,16.0,1,0
APP008403,195900.0,0.138,46600.0,68.3,31.7,1,81.0,26,13.8,2,0
APP008404,272500.0,0.1,83000.0,33.2,66.8,0,83.5,28,23.0,0,0
APP008405,54400.0,0.055,10400.0,64.2,35.8,1,91.6,31,15.5,1,1
APP008406,112700.0,0.553,21100.0,52.8,47.2,0,72.8,30,8.3,0,0
APP008407,56200.0,1.091,17400.0,45.2,54.8,2,75.7,30,27.5,2,0
APP008408,140000.0,0.597,37400.0,45.2,54.8,1,80.2,35,22.9,0,0
APP008409,61400.0,0.087,11900.0,56.7,43.3,0,88.2,36,20.9,2,0
APP008410,17200.0,0.621,9200.0,52.3,47.7,3,96.1,32,9.3,1,2
APP008411,12500.0,1.2,6300.0,62.7,37.3,2,90.6,26,6.1,0,0
APP008412,87400.0,0.416,44500.0,41.4,58.6,0,99.7,21,15.4,0,0
APP008413,56800.0,0.089,27800.0,64.4,35.6,2,74.4,30,32.8,0,0
APP008414,86700.0,0.661,22900.0,55.3,44.7,0,73.2,28,21.3,0,0
APP008415,50900.0,0.863,40600.0,68.2,31.8,0,94.3,29,26.5,1,0
APP008416,26300.0,0.051,21100.0,32.6,67.4,3,87.3,19,36.0,0,1
APP008417,38200.0,0.514,22700.0,60.1,39.9,0,83.1,29,27.2,1,0
APP008418,15700.0,0.1,13500.0,57.7,42.3,0,74.2,29,31.8,1,0
APP008419,59000.0,0.05,27700.0,47.5,52.5,4,95.0,31,14.0,0,0
APP008420,47700.0,0.901,29100.0,45.1,54.9,0,81.0,31,33.3,2,1
APP008421,34500.0,0.475,17000.0,30.2,69.8,1,75.1,43,23.7,1,0
APP008422,14500.0,0.056,6800.0,67.8,32.2,0,88.7,40,35.4,0,0
APP008423,104500.0,0.079,24500.0,34.8,65.2,0,97.4,29,20.9,0,0
APP008424,99600.0,0.201,22200.0,37.6,62.4,0,79.5,30,31.6,1,0
APP008425,421500.0,0.783,53100.0,65.4,34.6,1,77.8,38,22.0,1,0
APP008426,86700.0,0.489,30900.0,53.5,46.5,1,76.0,28,34.7,0,0
APP008427,91500.0,0.289,17400.0,50.3,49.7,1,71.2,41,36.9,7,0
APP008428,29200.0,0.8,13900.0,51.0,49.0,1,99.6,28,16.4,2,0
APP008429,255800.0,0.05,44000.0,65.9,34.1,3,81.9,35,14.3,0,0
APP008430,34000.0,0.707,36100.0,68.7,31.3,0,97.1,20,12.7,0,0
APP008431,417800.0,1.391,91300.0,45.7,54.3,0,87.9,37,21.4,0,0
APP008432,151400.0,0.152,32500.0,56.6,43.4,0,88.6,41,16.3,3,0
APP008433,12800.0,0.05,8000.0,51.6,48.4,0,97.8,22,28.0,1,0
APP008434,192200.0,0.076,47300.0,49.0,51.0,0,99.9,23,30.4,1,1
APP008435,338900.0,0.098,80400.0,67.4,32.6,0,77.7,34,27.8,1,0
APP008436,100300.0,0.05,19900.0,33.1,66.9,0,80.3,29,8.6,4,0
APP008437,52600.0,0.166,18000.0,36.1,63.9,0,74.8,40,28.9,1,0
APP008438,37300.0,0.05,20900.0,38.6,61.4,0,79.7,38,33.2,2,0
APP008439,29800.0,0.173,21000.0,51.6,48.4,0,85.9,28,26.4,0,1
APP008440,122600.0,0.05,38700.0,36.1,63.9,0,85.7,29,24.1,0,0
APP008441,19700.0,0.358,4700.0,50.5,49.5,2,95.5,22,21.3,2,0
APP008442,21800.0,0.552,4300.0,50.7,49.3,0,95.8,31,35.7,1,0
APP008443,92400.0,0.114,21600.0,62.0,38.0,5,95.2,25,23.4,0,0
APP008444,58300.0,0.216,33200.0,54.0,46.0,2,88.6,25,8.6,2,0
APP008445,104700.0,0.555,30900.0,64.1,35.9,2,81.6,36,34.5,2,1
APP008446,159100.0,0.058,28400.0,67.4,32.6,0,80.8,35,22.5,0,0
APP008447,157200.0,0.378,24600.0,52.4,47.6,0,73.5,24,11.0,0,1
APP008448,31100.0,0.977,13700.0,51.6,48.4,0,80.3,35,25.9,0,0
APP008449,114000.0,0.196,42800.0,46.2,53.8,0,76.4,31,38.5,0,0
APP008450,94600.0,0.525,35000.0,56.6,43.4,3,72.8,32,5.1,1,0
APP008451,85700.0,0.364,12900.0,44.2,55.8,0,72.6,30,8.4,0,0
APP008452,23800.0,0.05,17500.0,58.3,41.7,0,76.8,31,37.4,2,0
APP008453,140400.0,0.05,31300.0,63.2,36.8,0,81.0,26,35.7,2,0
APP008454,71300.0,0.404,12400.0,42.0,58.0,0,92.2,27,16.1,0,0
APP008455,158400.0,0.07,41700.0,65.1,34.9,0,74.6,24,11.1,2,0
APP008456,93200.0,0.498,37100.0,48.4,51.6,0,96.5,40,34.0,0,0
APP008457,339900.0,0.611,87900.0,50.6,49.4,0,80.8,21,37.0,0,0
APP008458,323000.0,0.206,85600.0,58.4,41.6,0,92.5,26,10.0,2,0
APP008459,136500.0,0.575,19700.0,47.5,52.5,0,76.4,38,20.5,1,2
APP008460,55100.0,0.244,28100.0,56.5,43.5,0,73.0,28,26.5,0,0
APP008461,166500.0,0.09,45600.0,56.2,43.8,3,73.3,29,13.5,0,1
APP008462,91000.0,0.406,28100.0,41.6,58.4,2,82.3,32,27.2,2,0
APP008463,56600.0,0.388,14800.0,66.8,33.2,2,97.1,29,30.5,2,1
APP008464,33100.0,0.085,15600.0,40.5,59.5,0,80.0,38,37.5,0,0
APP008465,77600.0,0.289,48200.0,68.4,31.6,0,99.8,30,7.0,3,0
APP008466,148600.0,0.376,40700.0,62.2,37.8,2,95.8,36,18.0,1,0
APP008467,42900.0,0.105,30800.0,56.8,43.2,0,81.7,30,15.0,1,0
APP008468,47400.0,0.143,27800.0,39.4,60.6,2,70.1,34,24.6,0,1
APP008469,19200.0,0.919,21900.0,44.4,55.6,0,77.9,32,38.7,2,0
APP008470,172100.0,0.051,29700.0,64.8,35.2,1,72.3,35,8.9,0,0
APP008471,74300.0,0.05,30100.0,39.9,60.1,0,73.8,34,9.5,1,1
APP008472,67500.0,0.317,16600.0,42.8,57.2,1,89.4,32,14.6,3,0
APP008473,40500.0,1.15,16700.0,43.3,56.7,0,95.4,30,28.2,1,0
APP008474,88000.0,0.396,36700.0,55.7,44.3,0,99.7,35,32.5,1,1
APP008475,139300.0,0.883,37300.0,44.1,55.9,0,84.8,34,12.4,2,0
APP008476,240500.0,0.181,49400.0,54.8,45.2,0,99.5,34,32.6,3,0
APP008477,65000.0,0.842,19900.0,61.7,38.3,0,78.0,34,30.0,0,0
APP008478,124200.0,0.05,28600.0,69.6,30.4,0,85.8,15,12.1,1,0
APP008479,117200.0,0.424,32800.0,67.8,32.2,0,88.2,32,7.4,1,0
APP008480,147700.0,0.77,25100.0,37.6,62.4,0,70.1,38,7.3,2,0
APP008481,32000.0,0.785,34200.0,65.8,34.2,0,83.8,29,12.0,0,1
APP008482,101100.0,1.348,23900.0,37.3,62.7,4,94.6,25,38.9,1,0
APP008483,21100.0,0.077,7300.0,30.6,69.4,0,94.6,23,16.1,1,0
APP008484,92300.0,0.153,35000.0,43.4,56.6,0,74.8,37,6.0,0,0
APP008485,263700.0,0.05,67500.0,42.0,58.0,3,75.1,32,19.2,3,2
APP008486,56600.0,0.168,30400.0,45.2,54.8,0,78.6,24,15.3,1,0
APP008487,75700.0,0.05,43700.0,69.3,30.7,0,92.9,26,16.0,1,0
APP008488,250500.0,0.219,85000.0,55.1,44.9,0,95.1,31,39.5,2,0
APP008489,121200.0,0.179,19100.0,33.4,66.6,0,87.8,37,19.7,1,0
APP008490,55000.0,0.05,12800.0,66.1,33.9,4,94.4,31,8.3,1,0
APP008491,20200.0,0.289,12600.0,60.5,39.5,1,75.2,32,14.4,2,0
APP008492,59000.0,0.174,18000.0,52.7,47.3,0,88.3,27,25.7,0,0
APP008493,227800.0,0.34,48200.0,48.4,51.6,0,83.5,33,18.4,0,0
APP008494,260600.0,0.336,79400.0,57.2,42.8,0,88.5,31,31.5,2,0
APP008495,418500.0,0.801,67500.0,39.7,60.3,0,73.8,26,23.9,1,0
APP008496,18700.0,0.315,21100.0,63.5,36.5,1,81.1,31,27.9,1,0
APP008497,51200.0,0.396,18800.0,53.3,46.7,1,78.9,32,33.7,2,0
APP008498,43500.0,0.272,11100.0,49.9,50.1,0,95.1,30,20.9,1,0
APP008499,88900.0,0.282,32500.0,45.4,54.6,1,78.6,30,20.6,2,2
APP008500,16500.0,0.218,5300.0,58.8,41.2,1,78.3,23,37.2,1,0
APP008501,66100.0,0.05,20200.0,43.1,56.9,0,96.8,32,37.0,1,0
APP008502,48400.0,0.437,21900.0,50.6,49.4,0,82.5,34,28.4,1,2
APP008503,117600.0,0.221,17700.0,35.1,64.9,0,85.6,35,10.4,2,2
APP008504,202800.0,0.136,39800.0,61.4,38.6,0,73.8,28,22.4,1,2
APP008505,79300.0,0.605,30100.0,67.1,32.9,0,94.0,26,5.1,0,0
APP008506,27700.0,0.069,10400.0,38.7,61.3,0,92.5,30,14.6,1,0
APP008507,89700.0,0.099,16100.0,32.2,67.8,0,82.7,35,6.1,1,0
APP008508,147800.0,0.364,21300.0,64.5,35.5,2,93.4,25,31.1,3,0
APP008509,41800.0,0.166,21600.0,49.0,51.0,0,97.4,30,9.4,0,0
APP008510,90800.0,0.177,19700.0,63.9,36.1,0,96.7,35,23.6,1,0
APP008511,47500.0,0.056,12700.0,44.7,55.3,0,72.3,39,38.2,1,1
APP008512,79600.0,0.388,24700.0,36.1,63.9,0,81.2,21,19.3,1,0
APP008513,90400.0,0.129,40900.0,58.4,41.6,0,88.2,23,12.2,1,0
APP008514,72100.0,0.498,41900.0,67.2,32.8,0,81.2,33,33.2,2,0
APP008515,105600.0,0.05,30000.0,34.2,65.8,0,92.2,32,11.8,0,2
APP008516,123100.0,0.145,77400.0,37.4,62.6,0,73.9,18,21.8,3,0
APP008517,107300.0,0.117,25100.0,36.9,63.1,0,87.5,31,28.0,0,0
APP008518,52900.0,0.05,29500.0,30.9,69.1,0,96.2,33,29.9,1,1
APP008519,143800.0,0.154,20700.0,68.3,31.7,3,84.1,27,26.5,0,0
APP008520,18400.0,0.072,11400.0,36.9,63.1,0,91.5,21,11.9,0,0
APP008521,97100.0,0.284,19000.0,52.7,47.3,1,77.1,32,28.0,1,0
APP008522,77100.0,0.35,17700.0,63.2,36.8,0,99.6,26,28.8,2,1
APP008523,111400.0,0.159,20500.0,51.4,48.6,0,87.2,39,30.4,1,3
APP008524,15700.0,0.302,13200.0,52.1,47.9,0,90.5,30,38.6,1,1
APP008525,42100.0,0.59,12700.0,53.2,46.8,0,79.7,22,5.3,0,0
APP008526,121500.0,1.251,71400.0,68.6,31.4,0,77.6,28,9.0,1,1
APP008527,50200.0,0.172,12800.0,37.0,63.0,0,85.0,19,32.5,0,0
APP008528,29400.0,0.05,5900.0,47.5,52.5,2,77.4,23,5.9,0,0
APP008529,61300.0,0.189,22300.0,56.8,43.2,0,76.2,35,39.2,1,0
APP008530,160700.0,0.348,30100.0,39.6,60.4,0,96.3,31,30.8,1,0
APP008531,39200.0,1.253,11300.0,38.1,61.9,0,73.1,33,31.3,2,0
APP008532,64000.0,0.581,8800.0,48.5,51.5,3,93.4,32,16.4,1,1
APP008533,198000.0,0.314,31300.0,30.2,69.8,0,82.7,35,24.5,0,0
APP008534,119600.0,0.088,24800.0,34.9,65.1,0,93.7,30,34.0,1,0
APP008535,41500.0,0.05,29100.0,46.4,53.6,0,95.1,29,19.8,0,0
APP008536,29800.0,1.183,18100.0,39.6,60.4,0,87.5,36,5.7,1,0
APP008537,80900.0,0.309,25600.0,30.8,69.2,0,89.9,31,37.1,0,0
APP008538,40500.0,0.06,24400.0,41.2,58.8,0,87.2,30,20.8,1,0
APP008539,24200.0,0.062,21600.0,69.8,30.2,0,94.3,37,7.0,1,0
APP008540,13000.0,0.05,16200.0,47.4,52.6,0,74.0,30,13.7,0,0
APP008541,44000.0,0.37,36100.0,36.6,63.4,0,86.1,29,8.7,0,0
APP008542,243700.0,0.365,76600.0,33.1,66.9,1,86.7,26,28.1,1,0
APP008543,91000.0,0.05,33600.0,32.3,67.7,0,93.7,29,6.9,1,0
APP008544,42300.0,0.365,15800.0,42.1,57.9,0,94.0,23,6.1,3,0
APP008545,61200.0,0.27,14200.0,65.6,34.4,1,73.8,26,32.4,1,0
APP008546,48300.0,0.277,20400.0,59.5,40.5,0,77.0,36,17.0,1,0
APP008547,150900.0,0.2,60900.0,45.3,54.7,0,92.6,40,36.7,0,2
APP008548,49900.0,1.412,33500.0,55.7,44.3,0,72.7,30,17.8,1,1
APP008549,68300.0,0.136,23500.0,36.1,63.9,0,86.5,28,37.2,1,0
APP008550,139200.0,0.215,37300.0,40.4,59.6,0,71.0,32,22.4,0,1
APP008551,34300.0,0.05,24900.0,63.2,36.8,0,90.3,33,13.6,1,1
APP008552,118100.0,0.05,31600.0,48.5,51.5,0,72.3,22,39.0,0,0
APP008553,49500.0,0.211,11500.0,45.6,54.4,0,92.4,29,24.0,1,0
APP008554,109000.0,0.05,57300.0,54.4,45.6,1,70.0,28,27.9,0,0
APP008555,187500.0,0.318,42100.0,50.1,49.9,2,93.1,32,20.9,1,0
APP008556,80500.0,0.05,17800.0,48.4,51.6,4,76.4,32,25.7,2,1
APP008557,36200.0,0.301,34500.0,47.6,52.4,0,88.3,20,8.9,1,0
APP008558,94300.0,0.05,31500.0,40.9,59.1,0,83.1,28,6.2,2,0
APP008559,85700.0,0.475,29200.0,53.2,46.8,0,88.5,36,18.9,1,0
APP008560,70800.0,0.457,34700.0,66.0,34.0,0,92.5,37,8.3,1,0
APP008561,208000.0,0.051,65400.0,61.7,38.3,0,75.5,23,25.7,2,0
APP008562,56100.0,0.134,22300.0,44.5,55.5,0,89.3,20,29.1,1,0
APP008563,44400.0,0.455,11600.0,54.7,45.3,0,82.0,32,26.6,1,0
APP008564,101200.0,0.477,77500.0,56.6,43.4,3,73.8,35,18.0,1,0
APP008565,65400.0,0.2,20100.0,68.7,31.3,4,96.6,36,13.3,0,1
APP008566,15800.0,0.088,9800.0,69.1,30.9,2,98.6,28,24.6,2,0
APP008567,54800.0,0.057,19200.0,44.0,56.0,0,96.7,25,33.6,1,2
APP008568,10200.0,0.347,10500.0,66.9,33.1,2,90.1,35,8.5,0,0
APP008569,63300.0,0.159,94400.0,64.9,35.1,0,77.8,20,23.6,2,0
APP008570,59100.0,0.161,23400.0,47.4,52.6,1,84.2,27,37.2,0,0
APP008571,17400.0,0.05,10900.0,67.6,32.4,0,71.0,35,37.1,3,0
APP008572,230100.0,0.218,80300.0,56.9,43.1,0,80.7,40,10.9,1,0
APP008573,11700.0,0.438,6100.0,54.8,45.2,1,89.4,41,30.8,0,0
APP008574,160500.0,0.5,30200.0,33.0,67.0,0,95.7,36,27.7,0,0
APP008575,530000.0,0.05,161400.0,48.8,51.2,0,97.0,33,15.1,2,0
APP008576,93000.0,0.208,38400.0,56.5,43.5,0,84.1,34,8.4,0,0
APP008577,45000.0,0.15,16300.0,63.8,36.2,0,94.6,27,11.1,0,0
APP008578,174200.0,0.05,41500.0,43.1,56.9,0,90.4,23,5.9,1,0
APP008579,79000.0,0.266,32200.0,52.7,47.3,0,86.4,33,22.5,1,0
APP008580,60300.0,0.05,19600.0,39.8,60.2,0,83.1,30,14.6,3,0
APP008581,56100.0,0.05,9300.0,35.1,64.9,1,89.6,30,24.4,0,0
APP008582,132600.0,0.281,33200.0,57.3,42.7,2,71.6,29,39.6,1,0
APP008583,114200.0,0.089,21100.0,39.5,60.5,0,74.8,27,8.2,1,2
APP008584,117300.0,0.405,28900.0,39.0,61.0,1,77.0,28,26.9,0,2
APP008585,133800.0,0.301,35900.0,50.2,49.8,0,74.3,23,38.4,1,0
APP008586,82700.0,0.54,27400.0,64.9,35.1,0,94.4,31,8.5,0,4
APP008587,42400.0,0.628,23700.0,59.9,40.1,0,73.6,20,29.7,0,2
APP008588,125400.0,0.05,32200.0,35.0,65.0,0,81.8,34,31.8,2,0
APP008589,51000.0,0.411,42100.0,57.2,42.8,0,85.1,30,31.3,0,1
APP008590,31200.0,0.083,15100.0,32.0,68.0,0,70.1,33,22.9,1,0
APP008591,56700.0,1.186,25300.0,50.0,50.0,1,87.3,36,32.9,0,0
APP008592,135100.0,0.265,15700.0,53.1,46.9,0,89.4,29,20.4,1,0
APP008593,8300.0,0.05,11300.0,41.8,58.2,0,79.9,31,31.9,2,3
APP008594,55200.0,0.504,21900.0,56.5,43.5,2,91.7,30,12.4,0,1
APP008595,133200.0,1.082,30700.0,43.9,56.1,0,85.1,35,27.0,0,0
APP008596,97300.0,0.429,29000.0,38.4,61.6,0,93.6,32,39.8,3,0
APP008597,70700.0,0.204,27200.0,51.6,48.4,0,83.6,35,6.6,2,1
APP008598,21400.0,0.144,17700.0,61.1,38.9,0,95.2,38,14.3,2,0
APP008599,48100.0,0.403,36700.0,52.6,47.4,1,86.1,37,8.5,2,0
APP008600,214500.0,0.05,67300.0,56.1,43.9,3,83.4,34,22.1,0,0
APP008601,147200.0,0.05,26000.0,54.1,45.9,2,74.8,32,22.8,0,0
APP008602,108900.0,0.221,17500.0,66.6,33.4,0,81.5,26,17.9,2,0
APP008603,26500.0,0.621,3900.0,48.8,51.2,0,83.5,25,18.2,1,0
APP008604,14300.0,0.079,12500.0,48.0,52.0,0,96.2,31,37.5,0,0
APP008605,120800.0,0.068,28800.0,62.3,37.7,0,94.4,35,9.9,0,0
APP008606,66300.0,0.05,27600.0,30.5,69.5,2,82.9,31,16.5,0,0
APP008607,149000.0,0.05,75500.0,48.2,51.8,0,79.8,33,9.7,1,2
APP008608,59200.0,0.469,15400.0,38.3,61.7,0,71.1,30,13.3,0,1
APP008609,120600.0,0.05,44900.0,49.1,50.9,0,83.1,23,36.2,1,2
APP008610,13700.0,1.282,7500.0,57.5,42.5,2,71.3,36,35.6,2,4
APP008611,99900.0,0.233,23000.0,34.1,65.9,3,81.0,31,26.7,2,0
APP008612,104200.0,0.921,16600.0,34.1,65.9,0,74.4,19,37.8,2,0
APP008613,80800.0,0.551,44400.0,65.3,34.7,0,91.0,38,13.4,0,0
APP008614,77000.0,0.137,12200.0,36.2,63.8,2,93.8,35,16.1,0,0
APP008615,60000.0,0.229,28100.0,68.8,31.2,0,89.9,31,31.6,0,0
APP008616,54200.0,0.482,11800.0,60.6,39.4,1,89.7,36,21.6,1,1
APP008617,32600.0,0.369,12600.0,69.4,30.6,3,79.9,32,5.6,1,0
APP008618,69400.0,0.115,10300.0,55.9,44.1,0,90.0,30,5.9,4,0
APP008619,106900.0,1.771,22100.0,42.0,58.0,0,80.9,34,6.8,3,0
APP008620,107800.0,0.204,19000.0,66.8,33.2,2,77.0,34,8.6,2,0
APP008621,82600.0,0.724,34600.0,33.1,66.9,0,88.5,27,19.3,1,0
APP008622,58000.0,0.275,16300.0,35.8,64.2,0,70.9,22,19.7,1,1
APP008623,173300.0,0.095,66800.0,41.9,58.1,0,84.5,26,8.1,1,0
APP008624,142200.0,0.143,29400.0,58.4,41.6,0,92.0,25,34.6,1,0
APP008625,353000.0,1.101,76500.0,64.8,35.2,1,92.6,35,31.7,1,0
APP008626,36400.0,0.209,25500.0,39.3,60.7,0,86.0,39,27.6,2,0
APP008627,39700.0,0.256,8300.0,31.2,68.8,0,90.2,30,36.2,2,2
APP008628,27600.0,0.112,3500.0,33.0,67.0,4,83.8,31,35.5,1,1
APP008629,106900.0,0.229,23300.0,63.0,37.0,0,76.3,20,12.0,1,0
APP008630,32300.0,0.129,15400.0,36.3,63.7,1,77.3,30,34.7,0,0
APP008631,60300.0,0.192,7400.0,39.8,60.2,5,77.2,32,21.1,0,0
APP008632,62800.0,0.192,32400.0,57.7,42.3,4,93.2,29,15.9,1,0
APP008633,130300.0,0.453,40900.0,62.4,37.6,0,92.5,28,7.6,1,0
APP008634,63000.0,0.05,18600.0,63.1,36.9,0,90.0,35,14.4,1,0
APP008635,135500.0,0.089,30700.0,45.1,54.9,0,76.7,29,27.2,1,0
APP008636,107700.0,0.05,16700.0,67.5,32.5,0,80.9,32,32.7,1,1
APP008637,50200.0,0.091,38400.0,65.1,34.9,3,83.3,30,9.4,1,0
APP008638,36800.0,0.237,19100.0,56.8,43.2,0,79.2,41,19.7,1,0
APP008639,268000.0,0.05,87600.0,49.7,50.3,1,94.0,43,20.3,0,0
APP008640,87700.0,1.373,33000.0,32.8,67.2,2,79.4,34,13.5,0,0
APP008641,22700.0,0.324,15400.0,59.4,40.6,0,86.8,26,35.8,1,0
APP008642,40000.0,0.089,12900.0,63.8,36.2,0,88.5,29,30.0,0,1
APP008643,29600.0,0.13,6200.0,41.6,58.4,0,78.9,27,35.3,2,0
APP008644,22000.0,0.226,15800.0,67.2,32.8,0,80.1,29,14.6,0,0
APP008645,94800.0,0.22,15000.0,32.2,67.8,0,94.4,20,10.1,2,1
APP008646,34200.0,0.144,32600.0,43.7,56.3,0,91.9,28,19.7,0,0
APP008647,75400.0,0.565,42200.0,41.0,59.0,0,89.6,38,39.0,0,0
APP008648,117900.0,0.05,23400.0,60.6,39.4,0,79.5,22,5.8,2,0
APP008649,126700.0,0.249,18300.0,67.2,32.8,0,71.2,31,35.3,1,2
APP008650,29300.0,0.05,5600.0,61.4,38.6,0,78.1,32,13.5,4,2
APP008651,35100.0,0.2,15600.0,67.3,32.7,0,95.1,25,9.4,1,0
APP008652,28700.0,0.408,21600.0,41.1,58.9,1,91.1,30,32.5,2,0
APP008653,18800.0,0.234,12200.0,46.8,53.2,0,89.4,28,22.8,2,0
APP008654,10300.0,0.05,10000.0,69.6,30.4,0,94.0,32,17.1,4,2
APP008655,32300.0,0.05,18400.0,65.6,34.4,0,80.5,33,31.0,2,0
APP008656,58100.0,0.134,16600.0,44.9,55.1,0,77.4,30,20.8,0,0
APP008657,61300.0,0.352,15700.0,51.3,48.7,1,90.2,31,20.9,4,0
APP008658,76700.0,0.05,29800.0,50.5,49.5,5,83.0,31,27.3,0,0
APP008659,75500.0,0.961,22100.0,35.8,64.2,1,94.2,28,20.7,0,0
APP008660,35400.0,0.98,20500.0,64.1,35.9,0,97.4,26,10.4,2,0
APP008661,137800.0,0.123,27400.0,65.2,34.8,0,89.9,31,18.0,1,0
APP008662,111200.0,0.05,94400.0,46.1,53.9,0,85.3,21,27.3,0,1
APP008663,37500.0,0.05,12000.0,65.3,34.7,0,76.0,35,31.7,2,0
APP008664,32300.0,0.46,7100.0,32.8,67.2,0,77.9,34,33.2,1,0
APP008665,27900.0,0.072,33400.0,61.6,38.4,0,98.9,28,28.0,2,0
APP008666,107600.0,0.274,24300.0,31.6,68.4,0,87.5,31,8.2,0,0
APP008667,82800.0,0.353,30800.0,30.2,69.8,1,86.6,20,5.7,0,0
APP008668,84400.0,0.4,24100.0,45.8,54.2,1,99.0,20,30.5,0,0
APP008669,89200.0,0.138,28100.0,62.6,37.4,0,77.3,29,9.3,2,1
APP008670,238100.0,0.054,49300.0,31.7,68.3,1,73.9,20,7.2,1,0
APP008671,16200.0,0.805,6100.0,31.5,68.5,0,95.8,42,22.9,2,0
APP008672,28100.0,1.313,18500.0,68.8,31.2,0,82.5,23,30.8,0,0
APP008673,16700.0,0.757,6800.0,43.8,56.2,0,94.3,25,18.2,0,0
APP008674,88000.0,0.542,14800.0,58.8,41.2,2,72.6,31,26.5,3,1
APP008675,66500.0,0.05,40800.0,30.8,69.2,0,86.4,24,6.8,1,1
APP008676,29200.0,0.051,15700.0,40.6,59.4,0,72.0,25,7.5,1,0
APP008677,49600.0,0.519,33600.0,60.6,39.4,0,94.3,28,20.8,1,2
APP008678,59300.0,0.833,15400.0,56.3,43.7,1,73.2,30,7.9,0,0
APP008679,26400.0,1.037,4300.0,51.6,48.4,4,97.9,32,30.1,0,0
APP008680,108800.0,0.068,32400.0,55.4,44.6,0,79.8,39,24.8,1,0
APP008681,17700.0,0.101,12200.0,33.4,66.6,0,75.6,39,35.2,1,0
APP008682,15700.0,0.05,13600.0,53.5,46.5,0,95.2,32,24.8,1,0
APP008683,55800.0,0.211,25500.0,38.6,61.4,3,88.6,26,24.4,0,0
APP008684,207300.0,0.775,29200.0,50.0,50.0,0,95.4,27,16.0,2,0
APP008685,172100.0,0.283,29600.0,41.6,58.4,0,71.9,35,24.1,1,0
APP008686,70100.0,0.05,26500.0,63.4,36.6,0,78.0,28,23.7,2,1
APP008687,128000.0,2.0,29100.0,40.8,59.2,0,70.7,27,32.8,1,0
APP008688,78100.0,0.59,36700.0,44.2,55.8,0,87.4,25,19.9,1,0
APP008689,55900.0,0.666,21600.0,46.3,53.7,0,97.2,26,31.3,0,2
APP008690,187400.0,0.205,32600.0,69.0,31.0,0,85.5,26,29.3,1,0
APP008691,24400.0,0.055,8500.0,58.9,41.1,0,82.3,31,37.4,0,0
APP008692,73400.0,0.113,22100.0,65.3,34.7,1,97.7,30,18.8,1,3
APP008693,23400.0,0.238,9500.0,48.2,51.8,0,99.1,25,16.3,1,0
APP008694,42100.0,0.127,9300.0,41.7,58.3,0,87.4,31,12.0,1,0
APP008695,80300.0,0.237,20200.0,67.4,32.6,0,85.1,20,14.8,3,0
APP008696,46300.0,0.288,29700.0,65.9,34.1,0,70.6,31,22.5,2,0
APP008697,11200.0,0.27,5700.0,63.9,36.1,0,76.7,27,35.5,0,0
APP008698,98700.0,0.05,16500.0,30.5,69.5,0,72.6,28,18.7,0,0
APP008699,19300.0,0.92,11600.0,45.1,54.9,0,93.5,32,19.6,2,1
APP008700,117900.0,0.193,32300.0,68.2,31.8,0,75.0,32,23.4,2,1
APP008701,17700.0,0.05,3400.0,66.6,33.4,0,79.4,16,6.2,1,2
APP008702,138700.0,0.248,41800.0,50.5,49.5,0,77.9,31,20.1,1,0
APP008703,19600.0,0.05,11800.0,59.5,40.5,0,93.4,34,18.5,2,0
APP008704,31200.0,0.1,20200.0,60.5,39.5,0,85.4,37,17.7,2,1
APP008705,5100.0,0.376,7100.0,63.1,36.9,3,94.1,38,12.2,0,0
APP008706,45700.0,0.48,20800.0,37.9,62.1,0,77.1,29,26.0,1,0
APP008707,198800.0,0.499,31400.0,46.6,53.4,0,85.2,33,21.4,1,0
APP008708,121500.0,0.26,33000.0,63.6,36.4,0,89.2,28,37.7,4,1
APP008709,49300.0,0.375,14800.0,54.5,45.5,0,70.9,21,36.8,1,0
APP008710,98600.0,0.288,13900.0,32.6,67.4,0,88.4,29,6.0,1,0
APP008711,55000.0,0.05,14800.0,44.3,55.7,0,89.0,21,9.8,4,0
APP008712,48300.0,0.184,13900.0,68.1,31.9,0,88.9,29,15.2,0,1
APP008713,61200.0,0.05,15000.0,46.1,53.9,3,99.4,35,30.5,0,0
APP008714,112000.0,0.05,22200.0,45.9,54.1,0,76.1,25,27.0,3,0
APP008715,49700.0,0.428,19700.0,34.7,65.3,0,81.7,37,13.4,3,0
APP008716,120400.0,0.05,44200.0,46.0,54.0,0,85.4,28,21.0,2,0
APP008717,85500.0,0.076,33200.0,34.1,65.9,1,94.7,31,21.2,0,0
APP008718,155000.0,0.109,40100.0,33.8,66.2,0,85.1,30,32.7,0,1
APP008719,179800.0,0.169,29900.0,33.0,67.0,0,92.4,33,21.8,1,0
APP008720,26200.0,0.05,5400.0,41.9,58.1,2,70.3,32,9.4,0,3
APP008721,173600.0,0.571,31100.0,40.0,60.0,0,80.7,22,11.9,0,0
APP008722,177800.0,0.698,51600.0,50.5,49.5,1,95.9,26,26.7,0,0
APP008723,99400.0,0.05,48800.0,50.5,49.5,0,75.5,29,22.7,1,0
APP008724,176700.0,0.095,43800.0,64.7,35.3,1,79.8,25,29.1,0,1
APP008725,91800.0,0.301,22800.0,30.4,69.6,2,77.9,28,37.4,1,0
APP008726,98300.0,0.159,29300.0,48.9,51.1,0,71.3,31,5.4,0,0
APP008727,46300.0,0.055,18800.0,50.6,49.4,0,72.9,35,15.1,0,3
APP008728,6600.0,0.05,5500.0,63.6,36.4,0,94.0,31,39.4,2,0
APP008729,57000.0,0.653,27700.0,40.4,59.6,0,93.2,32,19.0,0,3
APP008730,51000.0,0.565,13000.0,43.1,56.9,3,89.4,29,23.4,1,0
APP008731,115300.0,0.441,29500.0,61.9,38.1,0,86.0,28,7.9,1,0
APP008732,37900.0,0.186,7400.0,51.6,48.4,2,88.2,30,22.1,2,0
APP008733,364900.0,0.303,90600.0,48.9,51.1,2,99.1,40,17.9,1,0
APP008734,44700.0,0.05,26800.0,68.3,31.7,1,88.8,31,12.7,0,0
APP008735,36100.0,0.591,6400.0,68.7,31.3,4,89.3,24,28.8,2,3
APP008736,52400.0,0.05,21800.0,38.7,61.3,0,94.8,40,31.2,1,1
APP008737,305100.0,0.216,75800.0,50.5,49.5,1,91.8,24,33.4,2,1
APP008738,32900.0,0.27,23900.0,45.9,54.1,0,82.5,38,5.6,0,2
APP008739,34900.0,0.299,21000.0,30.3,69.7,1,77.1,27,18.2,1,0
APP008740,49600.0,0.112,16600.0,37.6,62.4,0,92.1,31,18.4,3,0
APP008741,53900.0,1.075,23600.0,68.9,31.1,0,79.4,43,5.6,0,1
APP008742,60900.0,0.185,10500.0,68.8,31.2,0,94.7,25,28.6,1,1
APP008743,159100.0,0.516,57600.0,44.8,55.2,0,80.3,28,18.1,4,2
APP008744,29600.0,0.05,25500.0,51.8,48.2,0,86.2,30,35.6,1,1
APP008745,79900.0,0.621,14200.0,30.4,69.6,0,73.7,31,9.2,3,0
APP008746,21800.0,0.05,4400.0,38.6,61.4,0,73.4,25,38.3,1,0
APP008747,178400.0,0.566,31700.0,52.3,47.7,0,72.4,31,26.8,0,0
APP008748,117700.0,0.47,30800.0,57.7,42.3,0,96.4,34,16.6,0,0
APP008749,145300.0,0.36,39900.0,69.2,30.8,0,75.2,33,35.6,3,0
APP008750,90200.0,0.74,12600.0,56.2,43.8,0,88.5,26,34.4,1,0
APP008751,69900.0,0.052,23400.0,63.9,36.1,0,78.1,30,6.1,1,4
APP008752,91000.0,0.293,20400.0,44.4,55.6,0,93.6,21,32.0,0,1
APP008753,104800.0,0.05,26100.0,41.6,58.4,0,72.4,33,27.7,0,0
APP008754,62400.0,0.08,16900.0,49.6,50.4,0,81.4,35,6.3,1,3
APP008755,98000.0,0.39,27000.0,69.2,30.8,0,87.9,26,9.1,1,2
APP008756,23700.0,0.376,4200.0,40.6,59.4,2,95.2,30,12.9,1,0
APP008757,70200.0,0.272,33400.0,61.6,38.4,0,79.5,23,30.6,1,0
APP008758,63300.0,0.276,13100.0,65.2,34.8,0,90.9,25,14.0,0,0
APP008759,30000.0,0.05,20500.0,38.2,61.8,0,89.2,24,34.5,0,0
APP008760,19800.0,0.29,3400.0,31.9,68.1,1,71.8,36,25.8,1,0
APP008761,32000.0,0.283,29100.0,69.0,31.0,0,77.0,28,5.4,1,0
APP008762,60400.0,0.474,23900.0,33.9,66.1,3,90.1,33,28.8,3,0
APP008763,59900.0,0.084,26400.0,42.6,57.4,0,81.5,33,39.2,2,0
APP008764,47600.0,0.155,21000.0,49.9,50.1,0,92.5,31,22.9,1,0
APP008765,32100.0,0.05,18800.0,64.7,35.3,0,88.8,28,17.3,1,0
APP008766,40700.0,0.896,23600.0,36.9,63.1,0,95.7,39,6.8,0,1
APP008767,42300.0,1.177,19400.0,42.2,57.8,0,95.2,32,16.8,0,0
APP008768,52800.0,0.05,28000.0,45.2,54.8,0,77.5,35,34.6,0,0
APP008769,10100.0,1.071,10300.0,40.3,59.7,0,96.4,30,14.7,2,0
APP008770,70000.0,0.05,24500.0,48.9,51.1,0,86.0,30,30.0,2,0
APP008771,65800.0,0.227,15800.0,69.6,30.4,1,76.9,31,22.7,1,2
APP008772,24000.0,0.076,6400.0,61.5,38.5,0,88.5,26,31.3,3,1
APP008773,60800.0,0.317,15500.0,52.3,47.7,0,99.3,31,30.1,0,0
APP008774,210400.0,0.05,65800.0,44.2,55.8,1,76.1,38,30.5,0,1
APP008775,17100.0,0.975,8800.0,67.4,32.6,2,82.0,36,36.2,0,0
APP008776,151000.0,0.05,22200.0,67.0,33.0,0,75.3,26,26.8,0,0
APP008777,100700.0,0.088,22200.0,59.2,40.8,2,78.7,36,19.1,1,1
APP008778,20100.0,0.185,13200.0,59.9,40.1,0,87.6,33,30.9,1,0
APP008779,20500.0,0.178,25600.0,39.5,60.5,0,95.5,24,37.7,0,2
APP008780,132200.0,0.051,28500.0,51.7,48.3,2,81.2,35,34.0,0,0
APP008781,100200.0,0.137,26200.0,41.6,58.4,0,82.8,23,11.5,2,0
APP008782,136600.0,0.221,27900.0,44.9,55.1,0,96.9,41,37.5,1,0
APP008783,185200.0,0.284,49200.0,53.0,47.0,0,80.5,40,32.7,0,0
APP008784,167700.0,0.178,24800.0,53.0,47.0,1,85.9,32,27.5,2,0
APP008785,23300.0,0.157,13400.0,48.3,51.7,1,87.5,30,36.1,0,0
APP008786,73900.0,0.209,18900.0,30.5,69.5,0,81.5,29,31.5,0,1
APP008787,254200.0,0.168,41100.0,40.2,59.8,2,93.9,24,37.2,1,0
APP008788,67300.0,0.848,23100.0,37.7,62.3,0,92.6,29,28.6,1,3
APP008789,73200.0,0.095,40400.0,47.3,52.7,0,71.5,32,23.6,2,0
APP008790,144600.0,0.885,44100.0,65.9,34.1,0,72.3,36,24.2,1,0
APP008791,53900.0,0.078,9000.0,35.3,64.7,3,80.6,30,24.6,1,0
APP008792,49600.0,0.069,39400.0,54.8,45.2,0,91.9,22,35.0,2,0
APP008793,284200.0,0.447,65300.0,69.4,30.6,1,93.5,27,22.5,0,0
APP008794,121300.0,0.114,28800.0,33.1,66.9,0,89.6,24,16.0,1,0
APP008795,36000.0,0.07,11200.0,36.9,63.1,0,78.5,22,18.3,2,0
APP008796,75900.0,0.187,34600.0,50.4,49.6,0,82.3,29,9.6,1,0
APP008797,63200.0,0.144,23000.0,67.5,32.5,0,91.5,24,8.2,1,0
APP008798,88900.0,0.095,21900.0,40.4,59.6,0,75.1,31,10.0,0,2
APP008799,104400.0,0.339,31300.0,60.8,39.2,3,76.1,29,23.8,0,0
APP008800,128400.0,0.426,23000.0,33.4,66.6,0,84.1,27,27.7,0,0
APP008801,117000.0,0.164,26700.0,43.6,56.4,1,77.6,27,12.6,2,0
APP008802,9800.0,0.349,6300.0,32.2,67.8,2,71.8,20,14.7,3,0
APP008803,46800.0,0.05,43400.0,62.1,37.9,2,96.6,31,16.7,1,0
APP008804,36800.0,0.227,24000.0,43.5,56.5,0,95.4,33,27.4,1,0
APP008805,122700.0,0.463,32600.0,39.2,60.8,4,76.5,25,23.6,1,0
APP008806,43000.0,0.14,14600.0,57.5,42.5,0,92.4,30,36.5,0,0
APP008807,331400.0,0.116,54800.0,30.4,69.6,0,90.1,31,36.3,2,0
APP008808,34200.0,0.06,16900.0,55.4,44.6,1,87.3,32,16.6,1,0
APP008809,113200.0,0.63,13800.0,42.5,57.5,0,76.9,30,6.9,2,0
APP008810,52900.0,0.06,38900.0,43.9,56.1,0,77.3,22,33.9,0,1
APP008811,104900.0,0.212,67500.0,62.7,37.3,0,92.8,38,15.3,0,0
APP008812,129900.0,0.171,49100.0,42.6,57.4,0,94.0,36,5.2,1,1
APP008813,52100.0,0.05,20200.0,32.8,67.2,0,74.3,27,32.9,0,0
APP008814,118500.0,0.383,24800.0,60.8,39.2,0,77.0,26,12.9,2,0
APP008815,7500.0,0.05,7000.0,59.5,40.5,0,75.1,31,38.3,1,0
APP008816,119800.0,0.443,18800.0,36.0,64.0,0,77.1,25,22.9,0,0
APP008817,321400.0,0.294,61800.0,47.0,53.0,0,78.0,32,34.0,1,0
APP008818,166700.0,0.05,46400.0,59.7,40.3,3,87.0,34,8.9,3,2
APP008819,22700.0,0.322,8800.0,67.2,32.8,0,76.9,30,23.3,0,0
APP008820,78700.0,0.05,32400.0,31.2,68.8,0,80.0,40,33.7,1,2
APP008821,16000.0,0.476,11500.0,31.4,68.6,0,79.6,31,18.0,0,0
APP008822,20600.0,0.186,16700.0,41.9,58.1,0,90.0,29,27.1,0,0
APP008823,93100.0,0.69,15300.0,55.0,45.0,0,92.0,21,14.3,0,0
APP008824,230400.0,0.084,54800.0,69.7,30.3,1,91.1,37,22.8,0,1
APP008825,38300.0,0.053,19800.0,61.3,38.7,0,93.2,34,34.6,0,0
APP008826,333100.0,0.429,48800.0,64.3,35.7,0,73.4,31,24.9,0,0
APP008827,59200.0,0.357,10300.0,36.4,63.6,0,91.9,32,34.8,0,1
APP008828,140200.0,0.05,29700.0,31.6,68.4,0,85.7,28,28.2,0,0
APP008829,14100.0,0.278,9200.0,35.4,64.6,0,84.8,26,25.4,1,0
APP008830,112400.0,0.369,22600.0,50.1,49.9,0,98.5,30,26.7,0,0
APP008831,24900.0,0.625,17500.0,36.6,63.4,0,80.7,32,14.6,0,0
APP008832,144400.0,0.363,36200.0,59.8,40.2,0,85.7,30,31.3,2,3
APP008833,153300.0,0.388,44500.0,33.2,66.8,0,78.1,26,35.1,2,0
APP008834,43900.0,0.437,34900.0,63.7,36.3,1,85.2,28,25.4,1,0
APP008835,36800.0,0.175,6700.0,59.8,40.2,1,73.7,31,8.2,3,2
APP008836,42500.0,0.261,12100.0,69.9,30.1,0,75.1,24,24.4,0,0
APP008837,55600.0,0.237,11500.0,36.6,63.4,0,89.2,37,30.7,1,0
APP008838,235700.0,0.279,46000.0,42.1,57.9,0,80.1,35,11.9,1,0
APP008839,129500.0,0.05,29300.0,31.5,68.5,0,73.7,38,19.3,2,0
APP008840,60700.0,0.566,13900.0,32.1,67.9,0,97.3,28,7.8,1,1
APP008841,52000.0,0.115,12300.0,39.6,60.4,1,90.5,21,39.3,0,2
APP008842,42100.0,0.097,35700.0,52.6,47.4,0,73.7,32,25.2,0,0
APP008843,132200.0,0.234,38600.0,30.7,69.3,3,78.3,30,16.4,1,0
APP008844,18400.0,0.13,3700.0,50.1,49.9,2,79.7,30,33.6,3,3
APP008845,128800.0,0.141,42900.0,62.9,37.1,0,82.3,30,38.8,1,0
APP008846,49800.0,0.1,34800.0,59.6,40.4,1,91.4,20,34.5,1,0
APP008847,25300.0,0.117,16300.0,54.0,46.0,0,92.4,25,11.4,0,0
APP008848,81400.0,0.203,86800.0,39.1,60.9,0,83.8,32,18.8,1,1
APP008849,132400.0,0.067,30100.0,68.4,31.6,0,87.5,37,22.8,0,0
APP008850,149600.0,0.165,36400.0,30.5,69.5,0,76.4,25,12.8,0,1
APP008851,52500.0,0.05,28400.0,34.6,65.4,0,76.2,28,14.6,0,0
APP008852,73000.0,0.05,19300.0,37.1,62.9,0,79.4,46,20.4,0,0
APP008853,78200.0,0.242,32500.0,30.2,69.8,3,95.1,29,34.5,1,1
APP008854,31200.0,0.099,7100.0,55.7,44.3,1,91.1,23,17.1,2,1
APP008855,58200.0,0.465,49400.0,49.0,51.0,0,88.4,34,36.5,0,0
APP008856,49800.0,0.05,11900.0,61.7,38.3,0,89.1,18,31.6,0,0
APP008857,14800.0,0.63,10900.0,36.3,63.7,0,75.6,28,29.3,1,0
APP008858,156400.0,0.248,56300.0,42.9,57.1,0,98.4,35,7.3,2,0
APP008859,151600.0,0.111,39700.0,67.7,32.3,0,89.9,23,37.7,0,0
APP008860,20200.0,0.278,9700.0,56.5,43.5,0,96.7,39,23.3,0,0
APP008861,134800.0,0.172,34800.0,53.5,46.5,0,88.7,23,31.0,0,0
APP008862,200400.0,0.05,29400.0,67.7,32.3,2,99.5,29,39.8,1,0
APP008863,12900.0,0.294,15200.0,51.2,48.8,0,95.8,22,29.3,0,4
APP008864,88800.0,0.18,19100.0,64.1,35.9,0,73.3,24,19.8,0,1
APP008865,73500.0,0.05,13000.0,31.9,68.1,0,73.3,24,6.3,0,0
APP008866,43200.0,0.201,15700.0,39.5,60.5,1,73.5,21,8.2,0,0
APP008867,232400.0,0.309,73200.0,35.4,64.6,0,76.0,28,34.6,0,0
APP008868,31400.0,0.188,37300.0,58.9,41.1,0,96.3,20,30.8,0,0
APP008869,102500.0,0.418,29800.0,33.5,66.5,0,86.3,26,20.7,0,0
APP008870,28000.0,0.262,17700.0,31.5,68.5,2,83.7,34,16.4,1,0
APP008871,10500.0,0.84,8800.0,30.1,69.9,1,88.2,32,19.1,0,0
APP008872,81400.0,0.722,21600.0,64.6,35.4,0,80.2,26,15.9,1,0
APP008873,72700.0,0.058,19900.0,46.4,53.6,0,98.2,34,35.2,1,0
APP008874,133600.0,0.227,31500.0,41.1,58.9,0,87.2,27,30.6,1,0
APP008875,28400.0,0.05,7800.0,48.6,51.4,1,87.8,31,14.3,2,0
APP008876,32700.0,0.697,35800.0,58.3,41.7,0,99.6,30,36.4,0,0
APP008877,12100.0,0.454,14700.0,38.5,61.5,0,90.5,24,20.1,0,0
APP008878,67700.0,0.057,22900.0,36.7,63.3,0,72.5,34,6.1,1,0
APP008879,42700.0,0.058,24900.0,37.2,62.8,4,80.9,30,36.3,0,0
APP008880,29600.0,1.853,7500.0,69.1,30.9,0,85.6,25,19.4,0,0
APP008881,37100.0,0.71,25900.0,31.4,68.6,0,75.6,26,28.9,2,0
APP008882,115600.0,0.184,38700.0,60.9,39.1,0,77.0,24,32.4,1,0
APP008883,51900.0,0.506,27500.0,49.3,50.7,0,79.5,30,30.9,3,1
APP008884,81000.0,0.283,47400.0,45.2,54.8,0,72.1,18,22.9,0,0
APP008885,157300.0,0.388,50500.0,63.8,36.2,0,90.0,28,28.8,0,0
APP008886,67700.0,0.202,65800.0,36.9,63.1,0,72.0,26,8.5,3,0
APP008887,26300.0,0.064,6500.0,46.7,53.3,0,73.2,53,15.9,3,0
APP008888,154800.0,0.854,68100.0,45.9,54.1,2,90.3,31,12.1,0,0
APP008889,12200.0,0.21,5200.0,43.8,56.2,0,72.7,38,15.8,2,2
APP008890,33400.0,0.05,15300.0,46.2,53.8,0,82.9,31,18.5,2,1
APP008891,158700.0,0.33,24900.0,43.4,56.6,0,70.5,35,16.8,0,0
APP008892,109700.0,0.44,16600.0,42.7,57.3,0,70.1,30,18.6,0,1
APP008893,23600.0,0.05,15200.0,40.3,59.7,0,76.1,31,19.6,2,0
APP008894,63000.0,0.35,22600.0,67.7,32.3,3,80.2,34,38.8,2,0
APP008895,63600.0,0.081,18500.0,54.8,45.2,1,96.1,29,6.1,2,0
APP008896,88900.0,0.577,37000.0,42.1,57.9,0,73.6,28,27.3,2,0
APP008897,90400.0,0.05,25400.0,39.8,60.2,0,84.9,29,36.2,0,1
APP008898,90800.0,0.285,48300.0,39.2,60.8,0,95.6,27,36.4,1,0
APP008899,54600.0,0.296,19800.0,41.7,58.3,1,92.2,25,33.4,2,3
APP008900,64100.0,0.305,19800.0,48.3,51.7,0,92.7,22,31.5,1,0
APP008901,81600.0,0.211,17600.0,63.2,36.8,0,77.9,23,13.1,0,3
APP008902,17000.0,0.213,8200.0,39.8,60.2,5,98.2,15,36.8,1,3
APP008903,16400.0,0.271,17000.0,62.1,37.9,0,82.3,26,35.8,0,1
APP008904,65700.0,0.156,31900.0,32.6,67.4,0,82.6,26,35.7,1,0
APP008905,118800.0,0.125,19500.0,58.0,42.0,0,74.9,35,33.3,2,0
APP008906,56100.0,0.247,13500.0,59.6,40.4,0,73.8,36,8.1,0,0
APP008907,19600.0,0.05,19600.0,50.0,50.0,0,88.1,30,30.0,0,0
APP008908,105200.0,0.05,25200.0,59.6,40.4,0,77.8,28,18.1,3,0
APP008909,62400.0,0.3,16100.0,49.3,50.7,1,78.5,27,30.9,1,0
APP008910,124900.0,0.407,31500.0,31.1,68.9,0,76.7,41,38.5,0,0
APP008911,65700.0,0.05,11300.0,67.4,32.6,0,71.3,29,19.6,0,0
APP008912,159300.0,0.278,33600.0,41.8,58.2,1,95.7,38,18.2,4,0
APP008913,306400.0,0.351,77400.0,39.0,61.0,0,75.9,28,20.2,1,0
APP008914,39100.0,0.106,17600.0,32.9,67.1,0,81.3,38,8.7,1,0
APP008915,57300.0,0.05,24400.0,47.6,52.4,0,81.6,24,5.2,0,0
APP008916,91700.0,0.05,60900.0,46.9,53.1,0,97.6,35,12.5,1,0
APP008917,38900.0,0.099,19300.0,66.2,33.8,0,74.2,25,29.5,1,0
APP008918,56800.0,0.324,21000.0,46.2,53.8,0,84.8,26,13.7,0,1
APP008919,37300.0,0.401,14400.0,66.8,33.2,1,72.4,37,31.9,1,2
APP008920,146100.0,0.235,32000.0,68.6,31.4,0,93.2,31,15.3,1,0
APP008921,97100.0,0.141,11800.0,44.6,55.4,0,75.1,29,22.5,2,0
APP008922,17500.0,0.463,5800.0,59.2,40.8,0,83.5,27,6.3,0,0
APP008923,178600.0,0.341,77100.0,39.7,60.3,0,72.1,30,23.5,0,0
APP008924,78500.0,0.05,42600.0,42.5,57.5,1,80.5,25,6.1,3,0
APP008925,101300.0,0.641,26400.0,52.9,47.1,0,92.0,26,28.8,0,1
APP008926,62600.0,0.05,16300.0,46.5,53.5,0,87.8,29,20.7,1,0
APP008927,34000.0,0.259,15500.0,59.3,40.7,0,96.3,36,11.6,0,0
APP008928,53400.0,0.101,46800.0,35.1,64.9,0,94.6,23,9.8,1,1
APP008929,41600.0,0.05,20500.0,52.1,47.9,1,71.5,22,35.2,2,1
APP008930,67100.0,0.217,12100.0,67.8,32.2,0,77.7,42,28.6,0,0
APP008931,104200.0,1.325,44900.0,65.6,34.4,0,88.1,29,25.7,1,1
APP008932,330100.0,0.201,107000.0,67.6,32.4,0,95.8,27,39.2,4,0
APP008933,42000.0,0.05,16500.0,37.9,62.1,1,79.2,27,6.6,0,0
APP008934,304100.0,0.05,65700.0,30.9,69.1,0,71.7,38,24.1,0,1
APP008935,110800.0,0.297,25900.0,31.0,69.0,2,92.0,28,21.2,1,0
APP008936,55300.0,0.411,17000.0,42.0,58.0,0,85.0,34,26.5,1,0
APP008937,75300.0,0.05,16700.0,57.7,42.3,0,96.4,29,36.9,2,0
APP008938,10400.0,0.281,5300.0,53.4,46.6,2,77.6,18,14.2,0,0
APP008939,93200.0,0.05,24000.0,65.4,34.6,0,70.3,29,8.6,4,1
APP008940,48600.0,0.291,14600.0,58.5,41.5,0,85.3,37,38.5,1,1
APP008941,138700.0,0.151,35800.0,35.3,64.7,1,91.0,31,30.9,0,0
APP008942,24400.0,0.663,21500.0,62.6,37.4,0,97.7,22,29.2,1,0
APP008943,31700.0,0.05,11800.0,49.8,50.2,0,75.3,34,22.6,0,1
APP008944,32100.0,0.109,7600.0,66.3,33.7,0,84.6,29,9.1,0,0
APP008945,10700.0,0.05,6100.0,45.8,54.2,1,98.7,25,15.3,0,0
APP008946,37500.0,0.815,14900.0,36.4,63.6,0,74.0,37,20.2,2,3
APP008947,41000.0,0.35,7500.0,54.7,45.3,0,73.2,27,6.5,1,2
APP008948,61000.0,0.464,19200.0,63.9,36.1,0,99.9,29,22.2,0,0
APP008949,75700.0,0.157,15200.0,65.0,35.0,0,98.8,26,27.6,3,4
APP008950,15200.0,0.05,4500.0,43.4,56.6,0,79.6,32,26.5,5,0
APP008951,40100.0,0.215,32700.0,66.5,33.5,0,82.9,31,29.7,0,2
APP008952,86200.0,0.521,14500.0,47.8,52.2,2,90.7,37,25.2,2,1
APP008953,144100.0,0.62,42000.0,46.4,53.6,0,81.1,32,37.8,0,2
APP008954,76300.0,0.058,29000.0,52.9,47.1,4,85.9,21,18.7,2,2
APP008955,119600.0,0.324,35300.0,52.3,47.7,0,97.2,32,28.5,5,0
APP008956,68100.0,0.174,17300.0,41.2,58.8,0,75.1,28,23.7,0,0
APP008957,64800.0,0.235,30100.0,43.2,56.8,0,84.2,38,25.8,1,1
APP008958,49400.0,0.218,11300.0,66.4,33.6,2,79.1,31,34.0,1,0
APP008959,15600.0,0.244,6300.0,39.6,60.4,1,91.7,28,32.0,1,1
APP008960,13400.0,0.05,3500.0,65.0,35.0,5,90.2,38,23.1,0,0
APP008961,25700.0,0.05,5700.0,59.5,40.5,0,81.7,31,33.9,0,0
APP008962,27800.0,0.564,16500.0,55.8,44.2,0,83.8,16,6.3,1,0
APP008963,101100.0,0.453,22400.0,46.8,53.2,0,90.8,34,6.1,2,0
APP008964,254400.0,0.574,51300.0,57.0,43.0,0,73.4,26,26.8,1,0
APP008965,60600.0,0.102,12900.0,44.0,56.0,0,92.7,32,18.7,2,0
APP008966,58000.0,0.05,41600.0,53.8,46.2,0,92.8,30,12.4,3,0
APP008967,51300.0,0.314,17900.0,43.4,56.6,0,87.8,21,21.4,0,0
APP008968,98400.0,0.05,22600.0,54.5,45.5,0,85.1,27,28.1,1,4
APP008969,38800.0,0.304,37300.0,30.9,69.1,0,89.6,35,25.9,0,0
APP008970,73600.0,0.909,19900.0,63.8,36.2,0,83.6,24,7.5,1,0
APP008971,129500.0,0.134,26200.0,58.1,41.9,0,87.1,41,5.9,1,1
APP008972,124200.0,1.158,24400.0,62.6,37.4,0,98.0,28,13.4,0,0
APP008973,327300.0,0.256,42100.0,51.8,48.2,0,71.1,20,39.5,2,0
APP008974,55300.0,0.495,49400.0,60.3,39.7,0,90.5,26,33.9,0,0
APP008975,94000.0,0.091,28500.0,39.4,60.6,0,89.3,37,10.0,1,0
APP008976,55600.0,1.566,33200.0,46.6,53.4,0,99.8,26,38.5,0,0
APP008977,77700.0,0.581,13600.0,50.2,49.8,1,77.7,38,27.1,0,1
APP008978,24300.0,0.174,15600.0,36.2,63.8,0,81.7,32,24.1,1,1
APP008979,40200.0,0.388,14600.0,48.5,51.5,0,90.1,29,39.9,1,0
APP008980,5900.0,0.419,6300.0,37.2,62.8,0,82.0,27,35.2,3,0
APP008981,72500.0,0.077,33400.0,38.5,61.5,3,82.5,34,39.3,1,2
APP008982,76800.0,0.14,28700.0,65.9,34.1,0,85.9,25,7.7,1,0
APP008983,127000.0,0.518,26000.0,44.4,55.6,0,89.6,26,21.2,1,0
APP008984,120600.0,0.904,41100.0,53.8,46.2,0,92.4,27,38.0,0,1
APP008985,99800.0,0.253,34300.0,31.6,68.4,0,94.9,25,34.6,0,0
APP008986,36000.0,0.095,10500.0,60.2,39.8,0,75.1,27,37.5,0,0
APP008987,108600.0,0.098,19000.0,56.6,43.4,1,92.2,41,25.5,0,0
APP008988,73600.0,0.694,47400.0,55.3,44.7,0,95.2,29,26.6,2,0
APP008989,133800.0,0.239,19200.0,62.4,37.6,1,77.0,30,9.6,2,0
APP008990,42200.0,0.05,11800.0,62.2,37.8,0,91.8,28,25.9,1,0
APP008991,37900.0,0.132,31700.0,49.1,50.9,0,92.1,27,5.1,1,0
APP008992,90300.0,0.422,16600.0,31.6,68.4,0,87.4,32,21.0,1,0
APP008993,132000.0,0.854,26200.0,62.4,37.6,0,81.4,26,31.8,0,0
APP008994,24500.0,1.141,4700.0,43.9,56.1,2,96.5,31,36.7,0,0
APP008995,26100.0,0.655,11500.0,55.0,45.0,0,78.0,36,14.3,1,2
APP008996,23700.0,0.591,8800.0,45.4,54.6,0,84.9,24,16.8,1,0
APP008997,63300.0,1.219,13200.0,53.4,46.6,1,97.6,38,7.2,0,0
APP008998,92500.0,0.438,38400.0,65.8,34.2,0,80.6,21,31.1,0,0
APP008999,67100.0,0.05,20900.0,39.5,60.5,0,74.3,32,25.2,0,0
APP009000,48700.0,0.58,12900.0,39.0,61.0,1,82.7,26,27.3,1,0
APP009001,20400.0,1.568,5600.0,33.3,66.7,0,89.6,31,6.0,1,0
APP009002,84900.0,0.902,27100.0,52.1,47.9,2,73.7,39,36.2,1,0
APP009003,66000.0,0.05,24200.0,56.5,43.5,2,91.1,30,16.0,1,1
APP009004,65900.0,0.196,42200.0,58.7,41.3,3,98.4,34,30.5,0,0
APP009005,34000.0,0.05,15700.0,67.7,32.3,0,83.1,25,12.6,2,0
APP009006,48400.0,0.627,16200.0,68.8,31.2,0,84.1,28,20.5,0,0
APP009007,49800.0,0.05,21800.0,59.6,40.4,3,79.0,32,22.1,2,0
APP009008,31600.0,0.432,11500.0,66.6,33.4,0,84.2,28,11.1,3,0
APP009009,277300.0,0.052,78000.0,36.0,64.0,0,94.9,27,35.2,1,0
APP009010,45300.0,0.35,12600.0,56.2,43.8,0,99.4,45,37.2,0,0
APP009011,43900.0,0.05,23700.0,69.6,30.4,0,84.6,28,34.1,2,0
APP009012,94200.0,0.378,27500.0,40.3,59.7,0,84.1,29,10.3,0,0
APP009013,120300.0,0.317,60200.0,30.4,69.6,0,84.0,32,12.5,1,0
APP009014,122600.0,0.74,30400.0,40.0,60.0,0,76.1,28,8.9,0,2
APP009015,284200.0,0.094,60500.0,62.2,37.8,0,79.9,28,36.1,0,1
APP009016,13000.0,0.262,6900.0,50.6,49.4,0,93.0,31,8.4,1,0
APP009017,104100.0,0.05,18700.0,45.2,54.8,0,93.9,34,17.2,2,1
APP009018,130400.0,0.26,36100.0,53.5,46.5,0,77.2,40,22.1,0,0
APP009019,33400.0,0.129,24700.0,62.0,38.0,0,88.6,32,23.8,2,0
APP009020,66400.0,0.206,9400.0,61.1,38.9,1,77.3,34,14.6,0,1
APP009021,131300.0,0.098,32300.0,53.6,46.4,0,90.1,26,12.3,1,0
APP009022,158300.0,1.134,21400.0,31.7,68.3,0,79.1,31,27.4,1,0
APP009023,40900.0,0.618,18000.0,45.6,54.4,2,81.9,35,10.6,2,0
APP009024,122100.0,0.874,26300.0,36.6,63.4,0,90.2,25,14.6,5,0
APP009025,37700.0,0.194,17400.0,68.0,32.0,0,78.0,29,19.4,2,0
APP009026,128300.0,0.191,16600.0,63.7,36.3,0,76.7,28,31.9,1,0
APP009027,73800.0,0.236,14400.0,46.8,53.2,0,98.3,23,38.7,1,0
APP009028,33600.0,0.116,21200.0,64.8,35.2,0,75.1,33,23.9,1,0
APP009029,51900.0,0.138,10000.0,40.5,59.5,0,89.7,30,16.6,1,0
APP009030,149900.0,0.407,82000.0,46.0,54.0,0,81.6,29,6.3,0,0
APP009031,111900.0,0.098,18000.0,47.8,52.2,0,90.1,24,28.2,0,0
APP009032,89100.0,1.043,40800.0,59.6,40.4,0,79.4,36,27.3,1,1
APP009033,71500.0,0.432,22100.0,44.5,55.5,0,95.0,33,7.6,0,0
APP009034,23600.0,0.088,7400.0,41.4,58.6,1,97.1,30,25.1,2,0
APP009035,48200.0,0.119,27900.0,66.2,33.8,0,77.8,27,18.7,1,2
APP009036,164100.0,0.067,58300.0,54.9,45.1,0,90.2,28,10.5,2,0
APP009037,162800.0,0.573,34700.0,58.4,41.6,1,99.3,35,6.9,0,0
APP009038,126600.0,0.418,32800.0,41.2,58.8,1,76.2,24,11.6,0,1
APP009039,180200.0,0.067,52500.0,57.9,42.1,0,74.7,30,8.7,1,2
APP009040,43300.0,0.299,14900.0,45.7,54.3,0,73.0,17,15.3,0,0
APP009041,23200.0,0.168,28300.0,37.9,62.1,2,84.1,34,11.8,1,0
APP009042,200800.0,0.169,42800.0,55.5,44.5,3,85.6,32,12.5,1,0
APP009043,53600.0,0.559,49700.0,68.5,31.5,2,76.4,36,32.7,4,0
APP009044,73900.0,0.05,25100.0,30.3,69.7,0,90.4,36,22.5,4,0
APP009045,89000.0,0.059,11600.0,63.3,36.7,1,90.0,17,32.9,0,1
APP009046,22200.0,0.321,16300.0,49.2,50.8,4,71.8,31,24.9,1,3
APP009047,52700.0,0.666,18700.0,60.3,39.7,4,87.7,38,39.4,1,0
APP009048,209100.0,0.281,53700.0,69.7,30.3,0,82.2,39,19.5,3,1
APP009049,21100.0,1.657,5200.0,56.2,43.8,0,74.0,24,14.6,2,0
APP009050,174000.0,1.029,52800.0,65.5,34.5,0,74.0,22,34.8,1,0
APP009051,145000.0,0.05,34900.0,67.9,32.1,2,92.1,31,25.0,0,0
APP009052,145700.0,0.05,28000.0,49.7,50.3,0,92.8,26,32.4,1,2
APP009053,45900.0,0.229,32900.0,63.5,36.5,0,72.4,26,16.3,2,0
APP009054,21200.0,0.05,24500.0,48.0,52.0,0,81.0,34,31.9,0,0
APP009055,23600.0,0.714,5300.0,38.7,61.3,0,92.6,27,13.8,1,0
APP009056,14400.0,0.05,12800.0,43.2,56.8,0,81.1,30,11.1,1,0
APP009057,45400.0,0.198,11500.0,66.7,33.3,0,86.7,24,35.7,1,0
APP009058,48800.0,0.511,9300.0,52.3,47.7,1,83.8,28,16.1,2,3
APP009059,101700.0,0.277,37700.0,37.6,62.4,0,78.2,24,13.0,0,2
APP009060,46100.0,0.743,20200.0,52.1,47.9,0,97.5,36,14.4,1,1
APP009061,131900.0,0.13,41300.0,52.1,47.9,0,88.4,28,24.5,1,0
APP009062,93000.0,0.146,21100.0,55.0,45.0,0,87.8,27,7.5,1,0
APP009063,175500.0,0.185,48500.0,55.9,44.1,0,91.6,37,20.8,0,1
APP009064,8600.0,0.638,4200.0,44.7,55.3,0,80.5,29,32.0,0,0
APP009065,102900.0,0.05,27500.0,42.9,57.1,0,86.0,17,30.3,0,0
APP009066,31000.0,0.321,4900.0,69.8,30.2,0,97.1,29,9.3,0,1
APP009067,80000.0,0.112,29000.0,61.4,38.6,1,95.3,37,34.6,3,0
APP009068,31500.0,0.184,20700.0,30.5,69.5,0,92.2,26,39.5,1,0
APP009069,21600.0,1.723,8700.0,30.1,69.9,0,74.9,26,26.0,0,0
APP009070,45600.0,0.067,20900.0,43.6,56.4,2,79.0,35,26.2,0,2
APP009071,121800.0,0.188,23700.0,63.4,36.6,0,80.7,35,31.5,0,0
APP009072,123900.0,0.734,70500.0,66.2,33.8,0,97.7,26,8.5,1,1
APP009073,98200.0,0.501,31400.0,63.4,36.6,0,76.1,33,24.8,1,0
APP009074,25400.0,0.129,14300.0,39.6,60.4,0,99.9,41,31.1,0,0
APP009075,22700.0,0.061,10000.0,34.6,65.4,0,72.9,23,32.7,0,0
APP009076,48800.0,0.119,14400.0,46.1,53.9,0,98.3,29,30.8,0,0
APP009077,56300.0,0.112,8700.0,61.9,38.1,0,90.5,27,7.4,3,0
APP009078,102700.0,0.88,26500.0,67.3,32.7,0,95.2,23,10.5,0,0
APP009079,38500.0,0.842,18700.0,44.4,55.6,0,87.3,29,26.3,0,0
APP009080,114700.0,0.05,18900.0,54.0,46.0,0,81.5,30,36.3,0,0
APP009081,292500.0,0.305,38600.0,33.2,66.8,0,72.4,23,22.4,0,0
APP009082,41300.0,0.075,11500.0,69.8,30.2,0,96.4,37,26.0,0,2
APP009083,108500.0,1.242,20900.0,34.5,65.5,1,87.1,34,5.5,1,1
APP009084,90000.0,0.422,29600.0,49.7,50.3,0,86.1,26,16.8,0,1
APP009085,43400.0,0.235,34400.0,42.6,57.4,0,96.0,26,33.0,1,0
APP009086,112500.0,0.348,42100.0,33.4,66.6,0,96.0,31,13.0,1,0
APP009087,39700.0,0.05,19900.0,38.7,61.3,0,99.9,32,8.5,0,0
APP009088,240200.0,0.05,52400.0,33.4,66.6,2,71.5,29,23.9,1,0
APP009089,105700.0,0.064,20100.0,37.5,62.5,0,75.8,21,27.8,0,0
APP009090,67900.0,0.879,43600.0,51.4,48.6,0,98.7,31,29.1,1,0
APP009091,19000.0,0.05,7400.0,61.3,38.7,0,79.3,26,37.5,1,0
APP009092,22100.0,0.462,26800.0,44.1,55.9,0,95.1,27,18.1,1,3
APP009093,72100.0,0.187,30700.0,60.0,40.0,1,97.7,23,16.2,0,1
APP009094,115500.0,0.05,56100.0,67.9,32.1,0,92.1,30,38.9,0,0
APP009095,51900.0,0.05,17100.0,31.0,69.0,3,96.8,29,6.5,1,0
APP009096,146900.0,0.233,54000.0,55.8,44.2,2,97.6,34,8.4,1,0
APP009097,17600.0,0.264,4800.0,55.0,45.0,0,87.4,31,5.5,1,0
APP009098,73000.0,0.618,19200.0,64.3,35.7,0,82.4,31,19.3,2,0
APP009099,26100.0,0.16,17000.0,38.2,61.8,0,72.5,31,33.2,0,1
APP009100,78300.0,0.16,25800.0,63.8,36.2,0,97.8,32,6.0,0,0
APP009101,100900.0,0.393,26200.0,63.7,36.3,0,89.8,39,37.9,2,0
APP009102,23200.0,0.569,25400.0,59.8,40.2,0,99.1,27,10.2,1,1
APP009103,11300.0,0.05,6300.0,49.9,50.1,1,89.2,39,14.0,1,1
APP009104,93300.0,0.05,13400.0,36.7,63.3,2,73.5,34,9.6,2,0
APP009105,26100.0,0.05,4100.0,49.9,50.1,0,80.7,23,27.6,0,0
APP009106,56100.0,1.085,31600.0,37.0,63.0,0,70.7,39,33.5,1,0
APP009107,61300.0,0.186,31500.0,55.8,44.2,0,95.1,29,30.0,0,0
APP009108,30400.0,0.882,9200.0,65.4,34.6,2,89.0,32,5.5,0,0
APP009109,7700.0,0.05,7300.0,45.0,55.0,0,90.4,41,22.9,0,0
APP009110,69500.0,0.964,29000.0,53.5,46.5,4,74.4,26,8.9,0,0
APP009111,59100.0,0.761,12800.0,38.4,61.6,3,74.5,30,10.4,1,0
APP009112,102300.0,0.15,38100.0,60.7,39.3,0,92.5,30,36.6,0,0
APP009113,86800.0,0.139,24000.0,66.6,33.4,0,85.0,26,34.4,0,0
APP009114,63700.0,0.317,17700.0,49.7,50.3,0,84.2,35,22.6,1,0
APP009115,67400.0,0.225,13800.0,39.9,60.1,2,96.6,32,38.1,1,0
APP009116,233900.0,0.502,32200.0,45.0,55.0,0,86.1,27,33.3,1,0
APP009117,75200.0,0.129,18400.0,37.8,62.2,0,94.8,30,35.9,0,0
APP009118,31600.0,0.05,32100.0,42.1,57.9,0,93.9,26,7.5,1,0
APP009119,81500.0,0.761,13000.0,35.3,64.7,0,93.8,26,6.2,0,3
APP009120,67700.0,0.205,24500.0,55.9,44.1,0,83.5,36,19.6,0,3
APP009121,146400.0,0.342,47600.0,32.2,67.8,0,74.8,26,19.2,0,0
APP009122,142400.0,0.424,36800.0,64.1,35.9,0,96.4,22,9.1,0,0
APP009123,88500.0,0.102,78000.0,35.1,64.9,2,87.9,29,33.2,1,0
APP009124,77300.0,0.294,14400.0,61.4,38.6,0,94.0,32,11.7,3,0
APP009125,179100.0,0.201,58300.0,48.9,51.1,2,79.4,30,11.8,0,0
APP009126,15100.0,0.112,4500.0,32.5,67.5,0,96.3,31,28.7,2,0
APP009127,133900.0,0.05,22600.0,67.5,32.5,0,72.9,26,22.9,0,1
APP009128,28200.0,0.188,21100.0,43.6,56.4,3,85.6,24,36.4,0,0
APP009129,139100.0,0.513,36900.0,32.1,67.9,0,79.7,36,24.3,0,3
APP009130,72300.0,0.149,30800.0,33.3,66.7,0,98.1,28,5.5,1,1
APP009131,82300.0,0.05,43300.0,54.3,45.7,0,88.4,35,9.3,2,0
APP009132,96100.0,0.209,16800.0,52.9,47.1,0,92.7,29,34.2,0,0
APP009133,114800.0,0.085,49500.0,50.6,49.4,3,85.7,26,9.5,0,0
APP009134,111500.0,0.211,35600.0,31.8,68.2,0,90.3,18,15.1,2,2
APP009135,54400.0,0.482,34700.0,35.4,64.6,1,80.1,31,6.0,2,0
APP009136,26600.0,0.183,8300.0,46.6,53.4,0,83.6,27,7.4,1,0
APP009137,103100.0,0.265,17200.0,52.8,47.2,2,87.8,24,34.0,0,0
APP009138,19200.0,0.267,5900.0,67.8,32.2,0,71.0,32,34.0,2,3
APP009139,81900.0,0.905,36200.0,62.5,37.5,0,91.5,32,25.6,0,1
APP009140,76500.0,0.065,20800.0,68.8,31.2,0,75.5,31,32.7,2,0
APP009141,43200.0,0.05,41700.0,56.9,43.1,0,89.1,33,13.4,2,0
APP009142,34700.0,0.252,7900.0,49.8,50.2,0,81.4,40,32.4,1,1
APP009143,63900.0,0.205,16000.0,57.3,42.7,0,79.7,36,16.0,2,0
APP009144,90600.0,0.205,15300.0,42.1,57.9,0,81.2,30,23.9,0,1
APP009145,47400.0,0.341,17900.0,49.6,50.4,0,91.7,32,8.8,3,1
APP009146,29500.0,0.243,23400.0,44.6,55.4,0,80.2,16,5.9,0,1
APP009147,27700.0,0.065,5400.0,38.7,61.3,0,99.6,18,5.8,1,0
APP009148,145100.0,0.294,35700.0,33.5,66.5,0,84.9,40,31.6,1,0
APP009149,246000.0,0.05,40000.0,45.6,54.4,0,86.9,16,14.7,0,0
APP009150,45000.0,0.591,8900.0,30.6,69.4,0,78.8,41,18.2,1,0
APP009151,207200.0,0.482,43200.0,56.9,43.1,1,96.2,28,32.1,0,1
APP009152,40000.0,0.238,32200.0,63.1,36.9,0,89.3,26,16.1,2,0
APP009153,443100.0,0.522,94300.0,69.3,30.7,0,92.8,20,34.1,0,0
APP009154,62700.0,0.05,63000.0,45.3,54.7,2,92.3,29,28.5,1,0
APP009155,55800.0,0.081,16000.0,65.2,34.8,0,97.9,25,11.6,0,0
APP009156,204500.0,0.05,69000.0,32.5,67.5,0,75.5,30,11.8,1,1
APP009157,18900.0,0.269,15100.0,59.3,40.7,0,85.8,29,33.8,1,0
APP009158,392500.0,0.351,54300.0,56.5,43.5,1,85.6,32,25.1,1,0
APP009159,21700.0,0.628,10900.0,68.0,32.0,1,94.5,33,35.0,1,0
APP009160,93000.0,0.093,28400.0,49.8,50.2,0,78.4,37,6.5,1,0
APP009161,65000.0,1.457,11200.0,52.7,47.3,0,70.2,32,12.3,1,3
APP009162,18800.0,0.05,20600.0,54.3,45.7,1,82.3,29,16.9,3,0
APP009163,106600.0,0.315,30400.0,59.5,40.5,0,72.7,30,14.5,1,0
APP009164,80700.0,0.306,18100.0,43.3,56.7,0,80.1,35,31.1,0,1
APP009165,235100.0,0.093,54400.0,57.6,42.4,1,73.8,20,25.4,0,2
APP009166,51000.0,0.059,23600.0,62.2,37.8,0,85.4,30,35.9,1,0
APP009167,265300.0,0.507,49400.0,66.5,33.5,0,84.9,25,10.9,1,0
APP009168,35100.0,0.187,19400.0,69.4,30.6,2,92.5,31,17.2,2,0
APP009169,78800.0,0.778,22400.0,52.8,47.2,1,95.3,28,15.8,5,0
APP009170,20300.0,0.05,24800.0,38.1,61.9,0,93.6,24,36.7,0,0
APP009171,53000.0,0.087,39000.0,36.4,63.6,0,97.5,32,7.6,3,2
APP009172,148800.0,0.051,71300.0,62.6,37.4,0,91.0,22,18.2,0,0
APP009173,94500.0,0.315,19300.0,36.5,63.5,0,77.9,24,11.3,3,1
APP009174,72200.0,0.096,18300.0,44.2,55.8,0,76.3,33,37.3,1,0
APP009175,100000.0,0.172,34800.0,53.1,46.9,0,89.1,26,39.5,1,1
APP009176,55300.0,1.102,35600.0,62.5,37.5,0,89.1,23,21.5,1,0
APP009177,88500.0,0.072,12400.0,58.5,41.5,0,77.9,32,23.6,2,1
APP009178,214700.0,0.05,51600.0,40.7,59.3,2,74.6,38,18.8,0,4
APP009179,58300.0,0.155,38800.0,55.5,44.5,1,88.5,25,26.6,2,1
APP009180,125500.0,0.057,27200.0,67.7,32.3,5,83.3,33,34.5,0,0
APP009181,23500.0,0.122,26700.0,31.1,68.9,0,83.3,35,35.6,1,0
APP009182,80100.0,0.131,26200.0,38.6,61.4,0,91.0,28,5.3,1,0
APP009183,28500.0,0.05,8500.0,38.0,62.0,2,83.2,32,38.4,1,0
APP009184,18600.0,0.66,19600.0,61.8,38.2,0,90.8,31,24.1,0,0
APP009185,115700.0,0.323,26800.0,38.4,61.6,3,77.7,25,18.2,0,0
APP009186,14100.0,0.064,8500.0,54.5,45.5,0,91.6,31,30.4,1,0
APP009187,51500.0,0.345,8600.0,58.9,41.1,0,81.5,24,32.5,0,0
APP009188,184500.0,0.111,44700.0,62.2,37.8,1,74.0,32,11.5,0,1
APP009189,170200.0,0.138,29000.0,60.7,39.3,0,91.9,29,17.4,1,2
APP009190,22800.0,0.084,12000.0,48.8,51.2,0,93.3,25,34.9,0,0
APP009191,22100.0,0.204,19800.0,30.5,69.5,0,71.7,43,9.6,1,0
APP009192,53900.0,0.106,32100.0,30.1,69.9,3,99.3,31,16.1,2,0
APP009193,29800.0,0.234,14000.0,41.4,58.6,0,91.5,38,21.5,2,1
APP009194,83200.0,0.05,21300.0,59.0,41.0,0,92.7,21,30.4,1,1
APP009195,187100.0,0.116,55000.0,68.2,31.8,0,92.1,39,22.4,0,0
APP009196,42300.0,0.293,20200.0,65.0,35.0,0,89.8,24,38.4,1,1
APP009197,45300.0,0.238,10700.0,55.1,44.9,1,85.0,25,35.7,0,0
APP009198,19800.0,0.111,19600.0,65.9,34.1,0,93.5,33,34.5,2,0
APP009199,60300.0,0.051,19700.0,66.9,33.1,0,99.1,21,38.0,1,1
APP009200,39800.0,0.05,18500.0,62.8,37.2,0,88.0,33,17.2,0,1
APP009201,60900.0,0.23,10600.0,49.4,50.6,1,88.2,24,6.7,2,0
APP009202,139200.0,1.103,31200.0,69.9,30.1,0,91.7,33,5.3,0,0
APP009203,70000.0,0.749,23400.0,68.1,31.9,0,71.8,32,11.2,2,0
APP009204,59700.0,0.387,27400.0,47.9,52.1,0,76.4,19,34.1,1,1
APP009205,81600.0,0.155,21900.0,35.5,64.5,1,81.3,27,12.1,0,2
APP009206,171700.0,0.17,33000.0,56.9,43.1,0,81.7,26,16.3,2,0
APP009207,223900.0,0.152,53100.0,59.4,40.6,1,97.9,34,11.2,0,1
APP009208,101200.0,0.418,80400.0,35.0,65.0,3,79.0,28,36.8,2,0
APP009209,43100.0,0.564,50100.0,30.3,69.7,0,93.9,25,27.0,0,0
APP009210,272000.0,0.381,93200.0,57.0,43.0,2,81.2,26,34.4,1,4
APP009211,72600.0,0.195,23700.0,41.1,58.9,1,88.8,47,38.1,2,0
APP009212,22700.0,0.572,7800.0,69.9,30.1,0,82.4,37,28.5,1,0
APP009213,171600.0,0.05,64600.0,56.6,43.4,1,96.1,31,18.5,2,1
APP009214,28900.0,0.432,21600.0,31.2,68.8,0,75.7,25,34.5,1,1
APP009215,106400.0,0.05,23800.0,36.8,63.2,0,89.7,26,21.5,2,0
APP009216,79600.0,0.195,18200.0,45.3,54.7,0,95.2,25,9.4,0,0
APP009217,50200.0,0.196,25300.0,64.3,35.7,4,85.4,27,25.5,0,1
APP009218,190600.0,0.077,51100.0,45.3,54.7,0,93.5,27,18.4,2,3
APP009219,74900.0,0.07,19600.0,69.6,30.4,0,92.6,30,21.1,0,0
APP009220,75600.0,0.05,27800.0,41.8,58.2,2,80.9,40,26.0,3,0
APP009221,68000.0,0.663,35800.0,30.3,69.7,0,92.6,29,14.8,1,0
APP009222,116700.0,0.147,22500.0,53.3,46.7,0,91.1,33,17.1,0,0
APP009223,144800.0,0.103,30500.0,61.5,38.5,0,91.0,19,11.6,2,0
APP009224,68800.0,0.05,23600.0,35.3,64.7,2,90.6,46,36.4,0,0
APP009225,95600.0,0.373,15400.0,38.1,61.9,0,76.3,46,35.2,1,0
APP009226,49400.0,0.114,35300.0,35.4,64.6,0,93.4,28,38.9,0,0
APP009227,44300.0,0.132,19700.0,67.2,32.8,4,77.6,30,31.0,0,0
APP009228,56200.0,0.082,14200.0,63.8,36.2,0,95.6,21,15.2,2,0
APP009229,13700.0,0.437,16200.0,34.0,66.0,0,96.9,39,24.0,0,1
APP009230,55400.0,0.403,17100.0,35.2,64.8,0,73.8,32,34.6,0,0
APP009231,63100.0,0.794,25800.0,42.2,57.8,0,94.9,39,37.4,2,2
APP009232,56600.0,0.336,10700.0,40.3,59.7,0,77.7,24,33.7,0,0
APP009233,22100.0,0.529,28000.0,32.9,67.1,0,93.3,31,21.1,0,0
APP009234,74300.0,0.05,34400.0,48.6,51.4,0,70.8,21,6.4,3,4
APP009235,30900.0,1.927,7000.0,33.5,66.5,0,72.9,27,12.0,0,0
APP009236,27700.0,0.079,7200.0,40.9,59.1,0,90.9,28,32.9,0,0
APP009237,16600.0,0.128,7300.0,33.7,66.3,1,94.1,28,20.7,2,0
APP009238,31100.0,0.119,12100.0,32.6,67.4,0,93.5,25,32.6,1,0
APP009239,21500.0,0.557,4000.0,39.1,60.9,0,97.2,24,20.2,3,0
APP009240,127500.0,0.05,35100.0,35.2,64.8,0,91.5,27,36.9,0,4
APP009241,66600.0,0.377,11700.0,59.5,40.5,0,97.8,27,21.5,1,0
APP009242,42300.0,0.138,18600.0,66.6,33.4,0,84.8,24,27.2,0,0
APP009243,132600.0,1.212,24800.0,33.1,66.9,0,93.7,28,21.8,0,0
APP009244,50800.0,0.546,20800.0,62.5,37.5,0,95.9,31,35.9,0,1
APP009245,133000.0,0.3,24200.0,52.9,47.1,0,80.5,32,6.5,1,2
APP009246,165300.0,0.223,35000.0,58.7,41.3,0,75.7,23,21.0,1,0
APP009247,34500.0,0.197,32000.0,55.8,44.2,0,90.6,33,11.8,1,3
APP009248,18000.0,0.162,5500.0,33.9,66.1,0,83.9,31,12.3,0,0
APP009249,40500.0,0.544,9800.0,42.7,57.3,1,99.2,27,11.1,0,0
APP009250,135000.0,0.182,46200.0,68.2,31.8,0,72.0,29,21.8,1,0
APP009251,83900.0,0.521,12900.0,59.5,40.5,3,71.1,28,31.7,2,0
APP009252,133700.0,0.163,39300.0,58.8,41.2,0,82.3,31,32.0,0,0
APP009253,70900.0,0.375,13600.0,57.9,42.1,0,86.2,31,30.8,1,0
APP009254,29200.0,0.911,10200.0,58.7,41.3,0,85.1,36,34.1,2,0
APP009255,45700.0,0.546,32700.0,66.0,34.0,0,75.9,37,30.6,0,0
APP009256,142100.0,0.05,29500.0,42.8,57.2,2,82.6,20,6.0,0,0
APP009257,284900.0,0.088,83500.0,30.9,69.1,0,94.0,30,25.0,0,1
APP009258,11500.0,0.786,8900.0,69.4,30.6,0,82.4,38,7.3,0,0
APP009259,333300.0,0.064,96600.0,54.3,45.7,0,92.6,27,6.4,2,0
APP009260,226000.0,0.05,120700.0,34.1,65.9,0,89.0,36,27.7,2,2
APP009261,9000.0,0.149,5800.0,37.9,62.1,2,87.9,27,31.1,1,2
APP009262,165300.0,0.106,56300.0,67.1,32.9,0,71.5,18,9.5,0,0
APP009263,93200.0,0.2,18300.0,39.4,60.6,0,76.7,24,10.9,1,1
APP009264,125500.0,0.374,23600.0,60.5,39.5,0,85.9,35,21.2,0,0
APP009265,96600.0,0.566,34000.0,62.6,37.4,1,89.2,29,26.7,0,0
APP009266,76700.0,0.487,14800.0,36.5,63.5,0,99.1,32,19.5,0,1
APP009267,90600.0,0.499,17200.0,50.9,49.1,0,96.1,31,39.0,2,0
APP009268,65100.0,0.05,20000.0,62.6,37.4,0,70.7,31,19.1,0,0
APP009269,14500.0,0.05,5700.0,35.0,65.0,3,80.4,26,36.0,0,0
APP009270,106100.0,0.05,26500.0,56.0,44.0,2,79.5,32,10.0,1,0
APP009271,181500.0,0.177,32700.0,59.8,40.2,0,76.1,37,28.1,1,1
APP009272,76500.0,0.241,23000.0,59.8,40.2,5,77.7,32,7.4,1,0
APP009273,32100.0,0.264,12300.0,62.1,37.9,3,76.1,36,34.6,1,2
APP009274,67100.0,0.106,22400.0,44.1,55.9,1,77.8,33,14.4,0,0
APP009275,20600.0,0.614,22000.0,48.3,51.7,0,83.4,36,7.7,1,0
APP009276,27300.0,0.21,12200.0,56.7,43.3,2,84.2,36,12.5,0,0
APP009277,122900.0,0.108,15700.0,48.7,51.3,0,74.6,27,10.4,1,0
APP009278,61400.0,0.299,15000.0,66.8,33.2,0,82.0,28,27.0,1,0
APP009279,100600.0,0.105,20500.0,54.9,45.1,0,95.7,36,10.7,0,0
APP009280,75200.0,0.05,18500.0,65.2,34.8,0,82.5,32,11.4,0,0
APP009281,9100.0,0.05,8000.0,47.4,52.6,0,74.4,36,31.0,1,0
APP009282,32400.0,0.05,25500.0,59.6,40.4,0,92.4,27,14.5,3,3
APP009283,42700.0,0.346,22500.0,45.6,54.4,0,93.8,22,26.5,0,0
APP009284,126700.0,0.242,22100.0,32.2,67.8,1,76.6,30,7.7,0,3
APP009285,112300.0,0.992,30500.0,48.9,51.1,2,96.9,29,23.9,3,0
APP009286,60100.0,0.05,28700.0,35.9,64.1,0,81.1,19,17.9,1,0
APP009287,10400.0,0.05,6900.0,36.9,63.1,2,89.9,36,22.1,0,0
APP009288,72300.0,0.651,17100.0,33.0,67.0,0,88.3,35,37.2,1,0
APP009289,80400.0,0.07,36600.0,60.7,39.3,2,85.6,32,27.0,0,3
APP009290,26400.0,0.696,21500.0,64.3,35.7,0,87.0,27,30.2,1,0
APP009291,36200.0,0.373,15800.0,32.8,67.2,0,72.7,22,35.5,2,0
APP009292,51000.0,0.243,10300.0,61.2,38.8,0,76.7,29,24.5,0,2
APP009293,60300.0,1.732,19500.0,57.5,42.5,0,78.1,32,25.3,1,2
APP009294,68100.0,0.357,32900.0,31.1,68.9,1,87.8,31,25.1,2,0
APP009295,71400.0,0.222,62300.0,60.6,39.4,0,74.3,28,15.8,2,0
APP009296,60400.0,0.05,31900.0,54.2,45.8,1,92.5,31,15.6,2,0
APP009297,93800.0,0.05,24100.0,48.6,51.4,0,91.8,30,26.1,0,0
APP009298,52600.0,0.211,28500.0,65.7,34.3,0,90.8,26,10.8,2,1
APP009299,28500.0,0.05,4200.0,67.7,32.3,1,72.5,20,33.9,1,0
APP009300,7500.0,0.065,4300.0,59.7,40.3,0,91.1,36,11.8,0,0
APP009301,46300.0,0.172,42000.0,55.7,44.3,1,95.3,27,18.7,0,0
APP009302,63400.0,0.05,38400.0,63.3,36.7,0,97.7,24,15.7,0,0
APP009303,193100.0,0.289,77500.0,65.1,34.9,0,98.2,29,5.2,2,0
APP009304,86200.0,0.575,30100.0,39.5,60.5,0,85.4,30,12.7,1,0
APP009305,103500.0,0.445,76100.0,32.9,67.1,0,78.1,26,19.6,1,0
APP009306,13700.0,0.327,7200.0,46.5,53.5,3,75.5,26,10.4,0,0
APP009307,32400.0,0.05,8500.0,40.7,59.3,0,71.8,23,14.4,1,0
APP009308,370200.0,0.05,47500.0,47.5,52.5,0,81.0,37,22.1,1,0
APP009309,44000.0,0.217,20700.0,45.1,54.9,0,71.7,37,34.4,0,0
APP009310,46400.0,0.502,27600.0,40.3,59.7,2,97.6,28,34.2,1,0
APP009311,20000.0,0.195,17600.0,68.7,31.3,2,81.3,33,10.6,2,0
APP009312,151100.0,0.05,71800.0,61.4,38.6,2,85.4,33,17.7,2,0
APP009313,19700.0,0.075,10000.0,55.5,44.5,1,95.3,42,8.8,2,0
APP009314,102500.0,0.261,29600.0,32.4,67.6,0,71.2,22,32.1,1,0
APP009315,26100.0,0.101,25900.0,30.9,69.1,2,90.9,23,26.1,1,0
APP009316,22400.0,0.422,7300.0,69.5,30.5,1,88.7,25,20.0,0,0
APP009317,33400.0,1.07,30500.0,50.7,49.3,0,86.2,27,17.3,2,0
APP009318,85200.0,0.124,14400.0,68.1,31.9,0,80.2,33,37.0,0,0
APP009319,63700.0,0.239,28900.0,58.2,41.8,0,93.7,34,36.3,1,0
APP009320,37500.0,0.314,21500.0,63.2,36.8,0,90.4,34,24.3,0,1
APP009321,29900.0,0.05,7000.0,45.4,54.6,0,90.3,30,19.1,3,0
APP009322,27300.0,0.355,31800.0,36.7,63.3,0,99.1,41,23.7,3,1
APP009323,206500.0,0.127,39300.0,31.0,69.0,0,76.9,30,7.9,2,0
APP009324,315300.0,0.192,78000.0,53.1,46.9,0,92.3,24,28.7,1,1
APP009325,103100.0,0.234,42300.0,33.5,66.5,0,74.3,24,31.1,1,0
APP009326,87300.0,0.24,21800.0,67.6,32.4,3,91.6,34,20.8,2,0
APP009327,127700.0,0.067,34700.0,49.3,50.7,0,96.8,27,12.2,1,0
APP009328,52800.0,0.285,44200.0,65.2,34.8,1,94.4,21,15.0,0,0
APP009329,20400.0,0.063,17100.0,37.2,62.8,1,84.0,24,19.9,1,2
APP009330,95500.0,0.373,22400.0,47.2,52.8,0,70.2,19,5.3,1,0
APP009331,71600.0,0.069,16500.0,31.8,68.2,0,70.4,30,19.9,1,0
APP009332,12800.0,0.206,5600.0,40.5,59.5,0,92.7,22,11.3,2,0
APP009333,75800.0,0.3,33200.0,30.2,69.8,1,83.9,34,21.1,2,0
APP009334,15800.0,0.085,11200.0,52.6,47.4,0,76.7,30,15.4,1,1
APP009335,87500.0,1.031,26300.0,45.5,54.5,0,95.0,27,27.3,3,1
APP009336,133000.0,0.05,24500.0,36.3,63.7,1,71.4,38,5.2,0,1
APP009337,28200.0,0.256,13700.0,32.5,67.5,0,94.5,39,13.6,0,0
APP009338,55000.0,0.252,14100.0,64.9,35.1,0,72.3,31,20.7,2,0
APP009339,77000.0,0.427,45100.0,38.8,61.2,1,87.1,35,6.9,0,0
APP009340,39700.0,0.05,6500.0,54.7,45.3,1,73.7,33,6.6,1,0
APP009341,55900.0,0.406,23800.0,62.4,37.6,0,97.2,28,23.9,2,0
APP009342,42700.0,0.25,12400.0,43.3,56.7,1,94.3,22,36.9,2,4
APP009343,127100.0,0.05,21200.0,69.9,30.1,0,96.6,36,8.4,2,0
APP009344,39000.0,0.108,46900.0,67.5,32.5,0,80.9,32,17.5,0,0
APP009345,64200.0,0.554,40900.0,44.8,55.2,0,88.3,39,15.8,4,0
APP009346,123300.0,0.05,24600.0,65.7,34.3,0,84.0,30,39.5,1,3
APP009347,61900.0,0.517,26900.0,50.2,49.8,0,72.7,48,23.2,2,0
APP009348,64000.0,0.345,34800.0,63.4,36.6,0,99.0,20,20.3,1,0
APP009349,27000.0,0.085,30000.0,66.5,33.5,1,83.4,27,21.4,2,0
APP009350,18400.0,0.631,14500.0,56.7,43.3,0,89.9,36,5.1,0,0
APP009351,54500.0,0.161,15200.0,68.0,32.0,0,90.9,42,8.3,2,0
APP009352,29700.0,0.499,7700.0,32.0,68.0,0,81.4,25,21.0,0,0
APP009353,76400.0,0.62,65600.0,60.0,40.0,0,75.8,24,22.7,2,0
APP009354,26000.0,0.05,23700.0,67.5,32.5,0,91.4,37,11.0,3,0
APP009355,125200.0,0.275,32100.0,39.0,61.0,0,81.6,34,37.6,1,1
APP009356,172500.0,0.08,20400.0,57.6,42.4,0,73.2,18,19.0,1,0
APP009357,103900.0,0.52,17000.0,33.5,66.5,2,98.7,29,25.4,0,0
APP009358,127300.0,0.827,22900.0,65.9,34.1,0,90.9,27,11.9,1,0
APP009359,136900.0,0.05,36000.0,59.3,40.7,0,75.8,31,15.1,1,2
APP009360,14900.0,1.659,9900.0,35.7,64.3,4,98.1,36,13.5,0,0
APP009361,70700.0,0.087,61700.0,42.1,57.9,0,71.0,29,22.2,1,2
APP009362,92800.0,0.186,22700.0,32.6,67.4,3,71.1,28,11.5,0,2
APP009363,75700.0,0.355,26300.0,67.0,33.0,1,72.2,38,17.9,1,3
APP009364,108000.0,0.07,28700.0,35.2,64.8,0,87.8,29,33.9,1,0
APP009365,82100.0,0.239,30800.0,47.5,52.5,0,76.4,24,24.2,2,0
APP009366,21300.0,0.138,4900.0,67.9,32.1,3,97.7,28,13.6,3,0
APP009367,222300.0,0.098,73600.0,62.5,37.5,0,93.0,22,13.6,3,0
APP009368,48300.0,0.333,16900.0,60.6,39.4,0,83.4,35,34.2,4,1
APP009369,12400.0,0.382,4000.0,32.4,67.6,0,80.9,40,15.0,0,0
APP009370,111800.0,0.529,27200.0,61.2,38.8,1,77.8,24,12.9,1,3
APP009371,109400.0,1.036,23200.0,41.3,58.7,3,94.4,40,36.2,1,2
APP009372,44700.0,0.187,21900.0,63.1,36.9,0,77.7,43,23.1,2,0
APP009373,72000.0,0.726,24500.0,45.4,54.6,1,99.6,32,10.8,2,0
APP009374,46900.0,0.524,20500.0,67.0,33.0,0,87.2,31,33.9,0,0
APP009375,179300.0,0.05,67100.0,51.8,48.2,0,87.5,33,7.8,0,0
APP009376,55900.0,0.367,21700.0,53.0,47.0,0,97.6,26,11.7,2,0
APP009377,19600.0,0.195,3400.0,39.9,60.1,0,75.4,28,38.6,0,0
APP009378,50100.0,0.588,21000.0,60.2,39.8,1,92.1,29,8.3,0,0
APP009379,50500.0,0.05,28300.0,61.6,38.4,0,92.9,28,24.4,2,0
APP009380,41600.0,0.468,18000.0,52.3,47.7,0,70.3,21,23.1,0,0
APP009381,62700.0,0.325,32500.0,51.0,49.0,0,93.8,37,7.3,1,0
APP009382,20100.0,0.164,8900.0,56.2,43.8,0,87.9,32,25.9,2,2
APP009383,69600.0,0.288,37500.0,50.5,49.5,0,82.5,31,19.9,1,0
APP009384,31800.0,0.413,11900.0,44.6,55.4,0,95.4,35,29.2,1,1
APP009385,59400.0,0.487,18500.0,68.9,31.1,0,70.6,34,15.3,2,0
APP009386,109200.0,0.129,22500.0,64.9,35.1,0,77.4,32,27.0,2,2
APP009387,219900.0,0.132,81800.0,41.4,58.6,0,70.8,30,12.7,0,0
APP009388,72000.0,0.05,29900.0,48.0,52.0,1,77.0,28,34.9,2,0
APP009389,70900.0,0.223,19300.0,35.7,64.3,0,78.0,34,28.6,2,0
APP009390,178300.0,0.254,55200.0,41.8,58.2,0,93.0,38,35.8,0,1
APP009391,88300.0,0.237,18800.0,53.6,46.4,0,73.2,36,6.2,3,0
APP009392,120100.0,0.075,27500.0,30.7,69.3,0,80.3,34,31.7,0,0
APP009393,135700.0,0.05,30300.0,64.1,35.9,0,72.8,35,6.0,5,1
APP009394,112200.0,0.783,18000.0,33.3,66.7,0,95.4,27,6.3,0,0
APP009395,83300.0,1.331,44200.0,43.7,56.3,0,76.3,34,20.9,2,0
APP009396,75800.0,0.05,17400.0,54.6,45.4,0,96.7,29,31.2,2,0
APP009397,260900.0,0.05,64700.0,60.8,39.2,0,96.5,30,6.8,0,0
APP009398,84800.0,0.384,16000.0,30.4,69.6,0,83.0,23,39.9,0,0
APP009399,49700.0,0.163,32100.0,63.3,36.7,0,89.8,30,38.9,1,0
APP009400,25100.0,0.123,17700.0,40.8,59.2,0,82.5,27,10.8,0,0
APP009401,84000.0,0.056,16300.0,62.0,38.0,0,86.6,21,16.0,0,1
APP009402,40500.0,0.138,31200.0,41.0,59.0,3,74.7,32,20.5,0,0
APP009403,81800.0,0.389,15700.0,63.8,36.2,5,87.4,31,31.2,0,0
APP009404,148200.0,0.05,61700.0,62.9,37.1,0,94.2,28,37.4,1,0
APP009405,130400.0,0.339,25800.0,50.9,49.1,0,95.0,31,34.4,2,0
APP009406,27800.0,0.158,20200.0,30.6,69.4,0,98.1,39,20.4,1,0
APP009407,148700.0,0.232,33100.0,57.1,42.9,0,80.5,36,11.5,1,0
APP009408,103000.0,0.102,28000.0,69.2,30.8,0,78.1,29,39.6,2,0
APP009409,54400.0,0.122,16600.0,54.5,45.5,0,73.3,43,21.4,1,0
APP009410,24100.0,0.313,9600.0,39.2,60.8,2,90.0,37,26.8,2,0
APP009411,55300.0,0.277,12200.0,42.5,57.5,0,99.6,32,23.4,3,0
APP009412,261500.0,0.202,41400.0,51.5,48.5,0,70.2,33,13.0,4,0
APP009413,177800.0,0.447,42300.0,57.3,42.7,0,83.5,24,15.1,1,0
APP009414,37300.0,0.329,28600.0,34.7,65.3,2,83.7,34,35.0,2,0
APP009415,67000.0,0.052,26300.0,31.0,69.0,1,87.2,38,6.3,0,3
APP009416,123300.0,0.175,53400.0,51.4,48.6,0,98.8,28,26.6,2,0
APP009417,27900.0,0.372,6900.0,49.7,50.3,0,73.6,31,23.0,0,1
APP009418,599000.0,0.184,130400.0,61.9,38.1,0,72.2,29,34.4,5,0
APP009419,47700.0,0.311,15600.0,34.1,65.9,0,78.6,25,10.8,0,0
APP009420,20900.0,0.098,11400.0,37.1,62.9,0,82.1,30,35.7,1,0
APP009421,111700.0,0.053,30600.0,64.9,35.1,0,96.0,46,12.9,2,0
APP009422,148800.0,0.265,44500.0,51.3,48.7,3,95.0,19,11.4,1,0
APP009423,161300.0,0.732,38800.0,48.8,51.2,0,91.3,33,27.6,1,0
APP009424,267800.0,0.49,54600.0,49.2,50.8,0,91.0,28,27.9,0,0
APP009425,26200.0,0.088,6200.0,67.9,32.1,2,77.0,21,17.1,0,0
APP009426,30300.0,0.764,32300.0,60.4,39.6,0,93.6,36,26.3,1,0
APP009427,157000.0,0.182,36700.0,69.4,30.6,0,93.3,42,30.0,0,0
APP009428,167700.0,0.05,37400.0,65.5,34.5,3,87.8,20,31.1,0,0
APP009429,145800.0,0.05,28900.0,47.9,52.1,2,73.3,24,7.2,0,2
APP009430,212700.0,0.05,57200.0,39.9,60.1,0,77.4,24,8.3,2,3
APP009431,38400.0,0.632,26700.0,53.9,46.1,4,99.0,26,21.2,1,1
APP009432,35800.0,0.076,33200.0,39.6,60.4,0,75.4,32,26.9,2,0
APP009433,80300.0,0.534,17600.0,55.7,44.3,0,79.6,34,37.6,0,0
APP009434,132700.0,0.19,27000.0,50.4,49.6,0,91.5,21,21.5,1,0
APP009435,32600.0,0.659,29100.0,59.9,40.1,0,98.3,28,33.3,1,0
APP009436,55300.0,0.234,17600.0,53.1,46.9,0,93.8,31,22.4,0,0
APP009437,85300.0,0.352,24800.0,50.0,50.0,2,88.6,24,16.8,2,0
APP009438,42400.0,0.15,14500.0,48.7,51.3,0,84.2,22,5.5,1,0
APP009439,26600.0,0.468,24900.0,59.8,40.2,0,79.1,24,31.7,2,0
APP009440,52400.0,0.05,27700.0,53.8,46.2,1,76.1,22,25.0,1,2
APP009441,78700.0,0.073,13400.0,65.2,34.8,1,85.7,30,8.1,0,4
APP009442,33800.0,0.231,10000.0,46.6,53.4,0,70.3,22,11.3,1,0
APP009443,58300.0,0.186,13000.0,52.3,47.7,0,96.4,34,23.8,1,0
APP009444,48600.0,0.143,15300.0,51.0,49.0,0,93.2,38,34.5,1,2
APP009445,81500.0,0.387,19700.0,34.7,65.3,0,77.5,31,12.2,3,0
APP009446,46000.0,0.239,36200.0,49.7,50.3,0,74.4,26,37.2,1,3
APP009447,34800.0,0.734,12500.0,64.0,36.0,0,90.7,23,38.3,4,0
APP009448,86900.0,0.278,23200.0,36.3,63.7,0,96.9,27,19.6,1,0
APP009449,55700.0,0.888,25200.0,62.3,37.7,0,97.0,25,17.4,1,0
APP009450,75700.0,0.786,22400.0,55.8,44.2,1,75.7,29,19.2,0,0
APP009451,73300.0,0.448,25600.0,43.1,56.9,0,80.4,30,32.7,1,0
APP009452,18300.0,0.132,6900.0,69.5,30.5,0,76.8,42,26.9,1,2
APP009453,89100.0,0.05,22100.0,65.7,34.3,0,73.5,26,20.0,1,0
APP009454,22200.0,0.623,24400.0,39.7,60.3,0,79.8,36,15.2,1,1
APP009455,70300.0,0.095,10400.0,65.6,34.4,2,97.0,33,37.6,2,0
APP009456,52100.0,0.538,23500.0,55.7,44.3,0,81.7,34,36.7,1,0
APP009457,11100.0,0.101,4900.0,49.2,50.8,1,92.7,32,24.2,3,0
APP009458,46500.0,0.26,39000.0,39.5,60.5,0,86.5,27,16.9,1,0
APP009459,51600.0,0.801,31200.0,33.6,66.4,2,87.1,27,30.2,1,2
APP009460,14100.0,0.05,7200.0,49.1,50.9,0,79.0,34,18.1,1,3
APP009461,267900.0,0.329,74200.0,32.2,67.8,0,81.6,23,8.6,0,0
APP009462,95800.0,0.424,14100.0,62.9,37.1,0,70.8,35,27.7,0,0
APP009463,56600.0,0.476,11700.0,33.2,66.8,0,82.2,35,19.6,1,0
APP009464,50500.0,0.059,27900.0,31.4,68.6,0,84.4,22,20.0,1,0
APP009465,28700.0,0.629,24700.0,37.7,62.3,0,71.5,31,19.5,3,4
APP009466,84300.0,0.358,24700.0,33.2,66.8,0,81.0,30,30.1,0,0
APP009467,33700.0,0.547,15400.0,48.3,51.7,0,89.3,32,26.5,0,1
APP009468,102100.0,0.149,39900.0,66.7,33.3,0,79.3,22,5.4,1,1
APP009469,83400.0,0.085,11700.0,55.9,44.1,0,87.5,30,6.0,1,1
APP009470,66800.0,0.272,53900.0,58.6,41.4,0,71.8,36,22.2,0,1
APP009471,54800.0,0.405,9700.0,61.2,38.8,0,84.5,29,39.1,2,0
APP009472,91900.0,1.003,13600.0,40.8,59.2,0,86.4,46,27.2,1,0
APP009473,63800.0,0.543,9500.0,37.8,62.2,2,95.6,15,35.7,0,0
APP009474,258300.0,0.096,59900.0,50.1,49.9,0,81.0,32,9.9,1,0
APP009475,73500.0,0.159,24600.0,58.5,41.5,0,77.6,42,21.5,2,0
APP009476,76800.0,0.059,52600.0,43.4,56.6,0,92.1,29,36.8,0,0
APP009477,74000.0,0.05,26900.0,67.5,32.5,0,79.4,21,28.9,1,0
APP009478,165800.0,0.149,25900.0,44.3,55.7,0,88.6,31,15.3,2,0
APP009479,94600.0,0.085,24200.0,41.0,59.0,0,90.1,26,32.7,2,0
APP009480,40700.0,0.215,19400.0,59.4,40.6,2,72.3,35,10.8,1,0
APP009481,84400.0,0.176,32400.0,38.1,61.9,0,70.6,20,21.0,0,0
APP009482,27900.0,0.053,17900.0,41.9,58.1,0,83.1,32,8.5,2,0
APP009483,57000.0,0.05,28000.0,43.9,56.1,0,71.0,22,33.4,1,0
APP009484,95400.0,0.106,42800.0,44.1,55.9,1,91.3,33,15.2,3,0
APP009485,76600.0,0.917,43900.0,46.6,53.4,0,90.9,29,9.2,0,0
APP009486,53600.0,0.069,13900.0,33.5,66.5,0,95.2,27,19.3,0,0
APP009487,100200.0,0.174,27400.0,69.4,30.6,0,77.2,31,14.6,1,0
APP009488,45900.0,0.256,22800.0,57.3,42.7,0,96.9,28,15.1,0,0
APP009489,51300.0,0.672,36500.0,47.0,53.0,0,99.2,33,13.9,3,1
APP009490,94500.0,1.787,11300.0,55.3,44.7,0,87.2,26,8.1,1,0
APP009491,56600.0,0.215,20200.0,55.4,44.6,3,86.3,24,39.8,1,3
APP009492,63700.0,0.05,18800.0,36.2,63.8,4,91.3,33,19.9,0,0
APP009493,66200.0,0.079,36400.0,47.4,52.6,0,80.0,40,16.9,2,0
APP009494,160100.0,0.319,70200.0,68.0,32.0,0,94.9,31,11.5,0,0
APP009495,76300.0,0.462,15300.0,39.1,60.9,1,96.6,29,12.5,3,0
APP009496,122100.0,0.5,40300.0,45.2,54.8,2,74.2,32,10.0,2,0
APP009497,15900.0,0.05,14400.0,42.7,57.3,0,74.7,26,20.4,1,0
APP009498,8100.0,0.213,7200.0,62.7,37.3,0,77.5,29,35.3,1,0
APP009499,41600.0,0.18,20100.0,37.9,62.1,0,70.5,29,16.5,0,0
APP009500,150300.0,0.399,19200.0,43.9,56.1,0,79.8,23,37.6,0,0
APP009501,22500.0,0.05,4000.0,65.6,34.4,0,77.9,31,19.2,1,0
APP009502,45200.0,0.218,34200.0,42.8,57.2,2,85.1,27,33.4,0,0
APP009503,34800.0,0.05,26900.0,35.3,64.7,3,70.8,29,37.3,3,1
APP009504,16300.0,0.05,5800.0,68.6,31.4,0,77.2,34,14.0,2,0
APP009505,140500.0,0.271,31200.0,58.4,41.6,0,82.4,24,18.2,1,0
APP009506,41200.0,0.43,7600.0,42.8,57.2,0,70.1,23,26.4,0,0
APP009507,366700.0,1.375,88400.0,47.8,52.2,0,87.4,41,12.0,2,0
APP009508,92700.0,0.386,21500.0,42.5,57.5,0,78.6,34,17.9,1,0
APP009509,8300.0,0.114,7100.0,34.3,65.7,0,74.3,22,13.4,0,0
APP009510,146300.0,0.398,28500.0,46.2,53.8,1,95.5,34,29.4,1,0
APP009511,138100.0,1.293,23600.0,60.5,39.5,0,85.3,23,38.9,3,0
APP009512,66000.0,0.509,11400.0,59.3,40.7,1,76.9,36,5.5,0,0
APP009513,42200.0,0.058,16200.0,35.3,64.7,1,93.7,31,23.6,1,0
APP009514,182700.0,0.687,82400.0,33.3,66.7,0,74.9,34,16.7,1,0
APP009515,266100.0,0.061,70200.0,50.2,49.8,0,71.1,27,8.5,0,0
APP009516,113900.0,0.696,25700.0,32.5,67.5,2,94.9,28,11.8,1,0
APP009517,97400.0,0.54,21500.0,68.5,31.5,0,72.6,39,24.4,2,0
APP009518,76800.0,0.734,15800.0,55.0,45.0,0,90.0,29,24.8,0,0
APP009519,58500.0,0.111,34600.0,34.7,65.3,1,89.0,22,29.8,0,0
APP009520,32700.0,0.168,38200.0,49.9,50.1,0,96.4,35,18.4,0,1
APP009521,18600.0,0.452,4300.0,69.1,30.9,0,93.1,31,36.5,1,0
APP009522,130900.0,1.197,25600.0,32.3,67.7,1,78.3,28,39.2,0,0
APP009523,34700.0,0.425,14100.0,37.5,62.5,4,71.4,23,6.0,1,0
APP009524,58600.0,0.092,24200.0,61.8,38.2,0,85.1,31,39.7,2,2
APP009525,213800.0,0.756,35200.0,38.7,61.3,0,82.5,29,28.7,0,2
APP009526,23300.0,0.815,5300.0,60.0,40.0,0,88.7,22,18.7,0,1
APP009527,270300.0,0.178,37200.0,67.3,32.7,0,86.6,28,39.0,0,0
APP009528,214000.0,0.665,50100.0,43.7,56.3,0,79.0,30,27.2,2,0
APP009529,67000.0,0.236,24800.0,52.1,47.9,1,71.5,28,31.5,1,2
APP009530,104500.0,0.406,26000.0,62.6,37.4,0,85.9,41,31.4,2,0
APP009531,47500.0,0.11,18700.0,39.9,60.1,0,83.8,36,33.7,1,1
APP009532,113800.0,0.05,25300.0,51.5,48.5,4,97.6,24,31.1,1,0
APP009533,44500.0,0.303,27200.0,38.1,61.9,2,84.5,32,20.6,2,0
APP009534,159200.0,1.823,45000.0,68.1,31.9,0,71.5,32,29.6,0,0
APP009535,38600.0,0.529,23600.0,48.7,51.3,0,73.7,42,21.4,1,0
APP009536,33100.0,0.661,18900.0,56.1,43.9,0,84.3,36,10.5,0,1
APP009537,155700.0,0.351,27200.0,34.7,65.3,3,93.6,29,33.5,1,0
APP009538,230400.0,0.24,44000.0,57.2,42.8,0,85.5,30,27.8,2,0
APP009539,116800.0,0.05,15400.0,64.1,35.9,1,72.4,37,13.7,1,0
APP009540,108000.0,0.115,74600.0,65.2,34.8,0,95.6,28,14.6,2,0
APP009541,124900.0,0.223,31300.0,44.2,55.8,0,95.4,27,18.8,0,0
APP009542,14200.0,0.231,6000.0,69.9,30.1,2,70.2,36,13.2,1,1
APP009543,67700.0,0.079,30100.0,38.8,61.2,4,86.6,32,14.4,3,2
APP009544,64200.0,0.621,20100.0,69.0,31.0,0,83.8,24,10.7,2,0
APP009545,70700.0,0.38,43000.0,30.1,69.9,0,78.4,40,16.4,1,0
APP009546,132500.0,1.151,28200.0,57.0,43.0,0,85.1,30,22.4,3,2
APP009547,255600.0,0.154,69900.0,50.0,50.0,0,90.5,28,14.1,2,0
APP009548,68400.0,0.31,16500.0,60.2,39.8,0,74.1,30,20.3,0,0
APP009549,191200.0,0.05,41800.0,35.0,65.0,0,80.9,37,19.5,1,0
APP009550,74700.0,0.05,51900.0,40.4,59.6,1,77.4,33,22.5,1,0
APP009551,96500.0,0.05,44100.0,64.1,35.9,0,97.9,29,35.4,1,0
APP009552,68700.0,0.235,21100.0,42.2,57.8,0,99.1,27,8.6,0,0
APP009553,23400.0,0.378,5800.0,49.8,50.2,0,78.2,21,7.1,3,0
APP009554,35600.0,0.469,15500.0,56.9,43.1,0,77.6,43,12.6,0,0
APP009555,79700.0,0.05,24200.0,33.3,66.7,0,71.5,36,29.0,0,0
APP009556,103200.0,0.06,37100.0,39.7,60.3,0,78.9,33,36.0,0,2
APP009557,83400.0,0.05,21400.0,32.9,67.1,0,72.8,23,8.6,1,2
APP009558,68500.0,0.093,42900.0,44.9,55.1,0,99.7,36,37.5,0,0
APP009559,86100.0,0.258,32500.0,35.8,64.2,0,91.7,24,27.5,2,0
APP009560,143100.0,0.176,23600.0,65.0,35.0,0,77.3,38,25.7,2,0
APP009561,100600.0,0.249,32000.0,35.5,64.5,0,77.5,42,29.5,0,0
APP009562,53200.0,0.21,12600.0,36.8,63.2,2,91.6,21,28.6,0,0
APP009563,101500.0,0.529,57200.0,32.6,67.4,0,96.7,24,37.3,0,2
APP009564,180400.0,0.834,24900.0,60.6,39.4,0,71.6,32,25.1,0,1
APP009565,45600.0,0.144,14300.0,64.9,35.1,1,81.3,34,29.5,2,0
APP009566,177400.0,0.422,30500.0,53.2,46.8,0,73.4,33,29.4,0,0
APP009567,43400.0,0.444,45000.0,69.4,30.6,0,79.8,38,37.8,0,0
APP009568,38900.0,0.083,15400.0,36.8,63.2,0,91.0,25,24.1,2,1
APP009569,72800.0,0.05,26900.0,40.4,59.6,0,73.8,35,20.8,0,1
APP009570,107700.0,0.194,42000.0,58.9,41.1,0,75.4,30,38.4,0,0
APP009571,41500.0,0.114,19400.0,39.4,60.6,0,99.7,15,8.6,2,0
APP009572,67100.0,0.054,29900.0,55.7,44.3,0,87.1,36,32.3,0,0
APP009573,131800.0,0.2,27600.0,43.4,56.6,2,76.5,23,19.5,0,0
APP009574,290700.0,0.304,70900.0,50.7,49.3,0,85.0,31,18.1,1,0
APP009575,19100.0,0.105,7200.0,41.7,58.3,0,81.7,28,6.0,2,0
APP009576,73900.0,0.054,26000.0,38.2,61.8,0,89.7,29,30.0,0,1
APP009577,122400.0,0.138,30400.0,59.1,40.9,0,97.9,28,5.5,0,0
APP009578,17900.0,0.129,24500.0,48.3,51.7,0,91.1,42,28.7,0,0
APP009579,72700.0,0.25,26800.0,62.3,37.7,3,91.3,38,32.1,0,0
APP009580,45400.0,0.277,21100.0,32.0,68.0,0,74.2,24,20.1,0,1
APP009581,155500.0,0.14,39700.0,50.7,49.3,0,85.4,32,27.7,0,0
APP009582,223000.0,0.05,52900.0,33.8,66.2,0,95.9,33,11.2,1,1
APP009583,106900.0,1.338,19900.0,42.0,58.0,0,76.5,27,23.2,1,0
APP009584,72600.0,1.158,13900.0,35.1,64.9,0,91.4,32,10.9,1,1
APP009585,193900.0,0.313,107900.0,37.4,62.6,0,99.7,28,26.3,0,0
APP009586,77200.0,0.252,21900.0,40.2,59.8,0,85.3,41,35.1,0,0
APP009587,50900.0,0.169,13300.0,39.3,60.7,0,99.8,34,11.6,2,1
APP009588,63800.0,0.05,12700.0,38.8,61.2,0,92.4,29,6.3,0,1
APP009589,46600.0,0.205,17400.0,62.7,37.3,2,73.6,30,7.0,1,1
APP009590,45200.0,0.29,12300.0,47.4,52.6,0,72.4,36,29.5,0,0
APP009591,94300.0,0.099,13800.0,37.0,63.0,1,74.4,33,26.3,0,0
APP009592,20800.0,0.294,6400.0,47.3,52.7,0,99.2,34,6.4,1,0
APP009593,18800.0,0.296,7000.0,50.1,49.9,0,97.2,31,27.9,0,0
APP009594,21100.0,0.128,14200.0,56.1,43.9,0,96.0,34,5.6,1,2
APP009595,105300.0,0.223,49000.0,51.6,48.4,0,88.3,27,14.7,1,0
APP009596,55700.0,0.72,7600.0,36.1,63.9,0,81.5,22,17.5,2,0
APP009597,20700.0,0.263,5900.0,56.1,43.9,1,76.3,30,18.6,2,1
APP009598,120800.0,0.093,75400.0,50.5,49.5,0,73.3,30,7.5,0,0
APP009599,290300.0,0.1,107400.0,43.7,56.3,0,82.1,29,22.4,0,0
APP009600,132700.0,0.563,18300.0,47.8,52.2,0,92.5,23,19.6,0,0
APP009601,59500.0,0.05,30500.0,64.4,35.6,1,90.8,31,28.4,1,0
APP009602,138100.0,0.058,20100.0,56.0,44.0,0,70.1,48,7.5,1,0
APP009603,178400.0,0.05,40300.0,33.9,66.1,0,85.4,35,19.2,2,0
APP009604,89700.0,0.676,80900.0,61.4,38.6,0,90.5,31,17.5,0,2
APP009605,89900.0,0.073,47200.0,63.8,36.2,0,79.0,28,30.9,1,0
APP009606,45700.0,0.157,16700.0,48.0,52.0,0,99.5,32,18.3,0,0
APP009607,60100.0,0.074,28200.0,35.1,64.9,1,83.5,35,12.3,2,1
APP009608,223800.0,0.107,31500.0,60.4,39.6,0,73.6,37,20.2,1,0
APP009609,195000.0,0.288,56300.0,50.0,50.0,4,96.3,31,39.3,2,1
APP009610,259000.0,0.118,38900.0,58.2,41.8,0,86.1,27,8.5,0,0
APP009611,116900.0,0.073,26500.0,67.0,33.0,0,86.7,25,28.3,1,0
APP009612,24000.0,0.05,18400.0,42.5,57.5,1,94.7,31,27.2,1,0
APP009613,55900.0,0.206,39000.0,41.1,58.9,1,84.9,44,10.7,0,1
APP009614,33100.0,0.177,24100.0,35.9,64.1,2,99.8,33,31.8,1,1
APP009615,35700.0,0.165,15700.0,63.6,36.4,0,89.8,32,30.7,2,0
APP009616,93100.0,0.644,25700.0,53.6,46.4,0,78.1,31,9.5,0,0
APP009617,103400.0,0.263,21700.0,48.1,51.9,0,75.7,29,20.9,1,0
APP009618,65800.0,0.219,40100.0,66.3,33.7,0,96.5,29,30.1,3,1
APP009619,35700.0,0.05,19600.0,34.5,65.5,0,83.8,29,21.1,2,0
APP009620,70500.0,0.225,9100.0,48.8,51.2,1,95.6,34,5.2,1,2
APP009621,29600.0,1.19,22100.0,39.0,61.0,0,83.9,30,15.7,2,0
APP009622,41100.0,0.804,18200.0,59.0,41.0,0,76.7,42,8.6,3,0
APP009623,511100.0,0.05,125100.0,34.0,66.0,0,91.8,38,22.7,1,0
APP009624,49200.0,0.237,18700.0,58.0,42.0,0,72.4,34,22.0,0,0
APP009625,40700.0,0.506,11800.0,56.9,43.1,0,91.0,38,8.4,1,0
APP009626,109200.0,0.064,16200.0,69.7,30.3,0,83.9,32,18.9,1,0
APP009627,76000.0,0.103,23300.0,44.7,55.3,1,85.1,19,12.4,1,0
APP009628,172600.0,0.05,60000.0,58.8,41.2,0,99.5,31,26.6,1,0
APP009629,57900.0,0.05,34200.0,40.6,59.4,0,96.7,28,26.3,0,0
APP009630,19100.0,0.05,17200.0,68.0,32.0,0,73.7,26,18.6,1,0
APP009631,91900.0,0.244,14700.0,39.7,60.3,0,78.0,24,10.6,0,2
APP009632,124600.0,0.08,30100.0,64.2,35.8,0,75.1,21,26.2,0,0
APP009633,50400.0,0.05,14800.0,37.9,62.1,0,82.1,31,14.6,0,0
APP009634,27800.0,0.05,40000.0,38.8,61.2,1,95.8,28,27.6,1,1
APP009635,28600.0,0.279,9700.0,57.7,42.3,0,87.6,28,29.8,3,0
APP009636,94100.0,0.465,23000.0,46.4,53.6,4,99.8,33,35.4,1,0
APP009637,163300.0,0.426,116100.0,65.9,34.1,0,86.7,31,11.1,0,0
APP009638,89400.0,0.225,27900.0,33.4,66.6,0,98.4,33,36.7,1,0
APP009639,24300.0,0.427,18100.0,33.8,66.2,0,96.8,24,9.7,1,0
APP009640,457400.0,0.396,81900.0,52.4,47.6,0,71.6,20,20.4,0,0
APP009641,101700.0,0.082,17100.0,38.7,61.3,4,72.9,41,15.4,2,0
APP009642,78200.0,0.171,19200.0,31.8,68.2,0,84.2,40,32.7,3,1
APP009643,101100.0,0.252,38900.0,41.3,58.7,0,90.8,27,29.9,1,0
APP009644,113100.0,0.184,46700.0,45.9,54.1,1,75.4,21,8.5,0,2
APP009645,182900.0,0.225,62900.0,33.6,66.4,1,81.6,40,13.1,0,0
APP009646,17700.0,0.239,18800.0,46.1,53.9,1,80.0,29,20.1,1,0
APP009647,66400.0,0.613,28100.0,64.8,35.2,0,93.0,39,19.7,1,0
APP009648,116700.0,0.92,19900.0,67.7,32.3,0,83.9,25,22.8,1,3
APP009649,36900.0,0.157,19600.0,40.9,59.1,2,97.7,18,29.5,0,0
APP009650,82600.0,0.118,16700.0,52.0,48.0,0,75.9,25,12.7,1,0
APP009651,80300.0,0.071,35200.0,38.0,62.0,2,79.9,26,30.5,1,0
APP009652,89300.0,0.05,18400.0,51.5,48.5,0,84.5,30,29.4,0,0
APP009653,93000.0,0.213,18000.0,39.9,60.1,0,87.3,19,20.9,2,1
APP009654,157300.0,0.129,33400.0,60.9,39.1,0,98.4,29,34.5,0,0
APP009655,45100.0,0.196,9700.0,53.7,46.3,0,93.7,34,28.3,0,4
APP009656,46700.0,0.101,10100.0,40.1,59.9,0,97.1,30,17.5,0,0
APP009657,33400.0,0.356,19500.0,61.4,38.6,2,95.9,36,20.5,0,0
APP009658,135100.0,0.575,22200.0,54.8,45.2,3,77.6,30,34.5,1,1
APP009659,23600.0,0.05,19900.0,38.0,62.0,0,78.5,31,37.2,3,0
APP009660,78100.0,0.05,12700.0,65.4,34.6,0,83.6,18,37.6,1,0
APP009661,50400.0,0.05,11000.0,56.2,43.8,2,81.7,26,34.9,2,0
APP009662,144300.0,0.05,41600.0,34.1,65.9,1,96.5,31,18.5,3,0
APP009663,80700.0,0.077,26600.0,30.3,69.7,0,96.3,28,21.3,0,1
APP009664,257300.0,0.05,59200.0,43.0,57.0,0,98.7,36,33.1,1,0
APP009665,24600.0,0.05,16500.0,48.3,51.7,0,71.2,30,12.2,2,0
APP009666,149100.0,0.29,30900.0,43.2,56.8,1,70.2,27,32.4,0,0
APP009667,132600.0,0.479,36400.0,42.4,57.6,0,80.0,17,36.2,0,0
APP009668,28700.0,0.05,6500.0,32.6,67.4,0,95.9,30,26.5,2,0
APP009669,56600.0,0.132,19700.0,57.7,42.3,0,83.9,30,21.5,1,0
APP009670,46600.0,0.175,14500.0,56.8,43.2,0,71.2,27,37.7,3,0
APP009671,102300.0,0.217,35300.0,39.6,60.4,0,92.2,37,21.0,0,0
APP009672,42800.0,0.071,14900.0,49.3,50.7,0,73.7,25,15.6,0,0
APP009673,86000.0,0.175,12600.0,45.5,54.5,0,74.2,22,6.3,0,0
APP009674,77200.0,0.154,19800.0,59.3,40.7,1,88.1,21,35.3,1,0
APP009675,54000.0,0.051,24600.0,34.5,65.5,0,76.9,31,18.4,1,0
APP009676,46800.0,0.483,12400.0,65.2,34.8,0,84.3,22,31.3,0,0
APP009677,101400.0,0.163,19000.0,44.4,55.6,0,90.6,34,36.3,1,1
APP009678,73600.0,0.108,24100.0,37.3,62.7,0,88.3,29,24.2,4,0
APP009679,55500.0,0.05,19700.0,37.0,63.0,0,81.2,30,20.6,0,0
APP009680,119500.0,0.131,31200.0,67.9,32.1,0,76.3,35,18.6,1,0
APP009681,129500.0,0.05,43100.0,34.6,65.4,0,94.8,21,23.2,2,0
APP009682,111600.0,0.05,19500.0,39.5,60.5,0,73.8,31,39.1,0,1
APP009683,149400.0,0.143,29500.0,50.4,49.6,0,73.4,26,8.5,0,0
APP009684,244900.0,0.611,71000.0,40.0,60.0,2,87.5,23,19.6,1,0
APP009685,57400.0,0.05,35000.0,37.4,62.6,1,86.1,26,20.5,0,3
APP009686,73900.0,0.326,28600.0,52.5,47.5,0,87.0,30,31.6,1,0
APP009687,60100.0,0.464,18800.0,64.8,35.2,0,80.3,27,15.9,1,0
APP009688,99700.0,0.111,34400.0,53.5,46.5,2,86.9,24,17.9,1,0
APP009689,29500.0,0.05,12900.0,62.1,37.9,0,73.5,25,13.6,1,0
APP009690,65100.0,0.361,30200.0,59.5,40.5,4,73.0,28,20.0,1,0
APP009691,43000.0,0.05,35200.0,69.2,30.8,3,77.5,37,15.6,0,0
APP009692,85300.0,0.066,44900.0,32.9,67.1,1,77.4,29,38.2,0,0
APP009693,39300.0,0.208,50100.0,38.1,61.9,3,81.1,26,23.7,0,3
APP009694,33000.0,0.322,6600.0,54.8,45.2,1,78.7,30,37.3,2,0
APP009695,10800.0,0.331,4900.0,44.0,56.0,0,75.5,36,7.1,2,0
APP009696,57200.0,0.083,17300.0,40.4,59.6,0,84.2,30,7.1,1,0
APP009697,87600.0,0.09,29500.0,67.4,32.6,0,93.7,35,14.7,1,0
APP009698,78100.0,0.159,18100.0,40.1,59.9,4,84.9,17,31.1,0,2
APP009699,61800.0,0.078,23500.0,41.8,58.2,0,99.8,18,24.3,4,0
APP009700,68800.0,0.652,15500.0,31.4,68.6,3,70.5,23,18.5,1,0
APP009701,437100.0,0.05,96200.0,39.8,60.2,0,77.6,26,8.3,2,0
APP009702,46300.0,0.052,18400.0,63.3,36.7,1,84.6,20,32.4,1,3
APP009703,11100.0,0.21,5100.0,56.4,43.6,0,77.8,29,5.7,0,0
APP009704,55700.0,0.077,15400.0,65.0,35.0,0,92.9,34,10.4,2,0
APP009705,18000.0,0.13,4500.0,39.7,60.3,0,73.4,38,20.0,1,0
APP009706,29300.0,0.43,5300.0,53.4,46.6,0,70.3,31,24.0,0,2
APP009707,85800.0,0.637,23300.0,54.3,45.7,1,98.1,36,22.3,1,0
APP009708,18600.0,0.468,10800.0,63.8,36.2,1,80.2,20,34.0,2,2
APP009709,54300.0,0.716,15700.0,38.7,61.3,0,99.5,27,6.3,0,0
APP009710,42000.0,0.157,19100.0,43.3,56.7,2,98.4,28,30.5,2,0
APP009711,30800.0,0.183,6000.0,63.1,36.9,0,78.3,30,39.0,1,1
APP009712,69700.0,0.602,30600.0,38.5,61.5,0,84.5,22,17.9,0,0
APP009713,55500.0,0.058,17400.0,39.6,60.4,0,96.4,31,19.5,1,0
APP009714,24200.0,0.373,11000.0,36.9,63.1,1,82.8,27,21.6,1,0
APP009715,60600.0,0.243,32700.0,69.4,30.6,0,84.3,33,38.2,1,1
APP009716,258800.0,0.144,74700.0,38.1,61.9,0,96.7,24,35.8,1,1
APP009717,38800.0,0.421,18700.0,55.3,44.7,0,90.3,21,14.4,1,0
APP009718,46800.0,0.05,14600.0,39.1,60.9,0,75.6,39,39.6,1,0
APP009719,32900.0,0.701,30500.0,67.1,32.9,0,70.2,27,25.4,2,1
APP009720,54400.0,0.249,24400.0,64.7,35.3,0,85.4,31,17.0,1,1
APP009721,50800.0,0.31,34700.0,58.3,41.7,5,80.5,35,6.4,2,0
APP009722,24400.0,0.957,21600.0,46.1,53.9,1,92.2,30,5.3,1,0
APP009723,85100.0,0.538,11200.0,36.2,63.8,0,92.4,32,6.9,2,1
APP009724,41300.0,0.053,28800.0,67.1,32.9,1,91.0,34,25.9,1,0
APP009725,141400.0,0.05,47700.0,40.9,59.1,0,94.3,29,11.0,0,3
APP009726,59200.0,0.183,24200.0,44.4,55.6,0,71.4,30,10.5,0,0
APP009727,325200.0,0.092,50400.0,68.7,31.3,1,95.7,26,34.2,0,0
APP009728,28800.0,0.05,8300.0,60.3,39.7,0,99.7,32,17.3,1,0
APP009729,105100.0,0.292,13100.0,45.8,54.2,0,84.6,32,9.1,0,3
APP009730,38300.0,0.166,22200.0,32.7,67.3,3,86.1,35,24.6,0,0
APP009731,22700.0,0.05,4600.0,43.3,56.7,0,80.5,30,27.4,0,0
APP009732,33000.0,0.225,19800.0,46.2,53.8,0,70.3,30,33.3,2,1
APP009733,20500.0,0.194,16400.0,37.3,62.7,0,97.6,38,10.2,2,0
APP009734,31800.0,0.296,15400.0,62.8,37.2,0,83.1,32,14.0,0,0
APP009735,30500.0,0.823,9400.0,62.2,37.8,0,72.6,36,28.7,0,0
APP009736,180100.0,0.47,27400.0,49.5,50.5,0,88.2,34,38.7,1,1
APP009737,110700.0,0.068,22000.0,34.1,65.9,0,84.9,28,31.2,0,0
APP009738,76100.0,0.457,28400.0,52.9,47.1,0,73.3,31,6.6,0,4
APP009739,140600.0,0.55,23900.0,48.4,51.6,0,71.4,39,31.6,0,0
APP009740,49400.0,0.423,24300.0,67.4,32.6,0,92.9,37,38.3,0,0
APP009741,78100.0,0.126,15500.0,42.9,57.1,5,70.1,36,22.2,0,0
APP009742,116100.0,0.076,22900.0,63.6,36.4,0,96.9,31,38.9,1,0
APP009743,45100.0,0.564,25600.0,63.2,36.8,0,75.3,27,12.3,3,0
APP009744,105700.0,0.141,17500.0,47.0,53.0,0,94.0,28,10.7,1,0
APP009745,118700.0,0.05,34300.0,61.0,39.0,0,86.4,29,23.2,1,0
APP009746,35700.0,0.111,25900.0,49.7,50.3,0,98.5,31,40.0,1,0
APP009747,158700.0,0.05,36700.0,34.7,65.3,0,83.9,27,24.6,0,0
APP009748,103900.0,0.16,24700.0,51.3,48.7,0,93.6,34,30.1,1,0
APP009749,349900.0,0.11,96900.0,56.7,43.3,1,70.1,30,15.6,0,0
APP009750,44000.0,0.371,18700.0,30.5,69.5,0,84.2,28,35.4,2,1
APP009751,117400.0,0.35,21800.0,40.9,59.1,0,99.2,14,28.0,1,1
APP009752,59500.0,0.05,30900.0,60.1,39.9,0,96.9,26,34.0,1,0
APP009753,147800.0,0.058,22100.0,57.6,42.4,0,94.8,25,13.3,1,0
APP009754,70100.0,0.05,42300.0,64.9,35.1,0,72.1,33,36.9,1,0
APP009755,46900.0,0.08,9400.0,47.2,52.8,0,70.9,37,30.1,1,0
APP009756,156300.0,0.097,28300.0,65.2,34.8,2,99.4,37,25.0,1,0
APP009757,102200.0,0.262,25700.0,40.3,59.7,0,97.7,20,22.6,1,4
APP009758,62900.0,0.318,10200.0,53.5,46.5,0,89.8,31,6.8,1,0
APP009759,19000.0,0.066,8200.0,34.7,65.3,0,95.6,36,24.8,1,0
APP009760,49300.0,0.541,30200.0,58.0,42.0,0,87.3,29,28.7,1,0
APP009761,18900.0,0.05,15300.0,38.8,61.2,0,71.7,29,11.2,0,0
APP009762,50200.0,0.372,41000.0,55.4,44.6,5,82.0,28,24.7,3,2
APP009763,33700.0,0.116,19700.0,43.3,56.7,1,95.1,38,30.3,2,0
APP009764,41900.0,0.252,29200.0,39.9,60.1,0,92.3,24,18.5,2,0
APP009765,104400.0,1.298,28700.0,36.5,63.5,0,87.5,34,20.6,1,0
APP009766,80000.0,1.342,51100.0,63.9,36.1,0,83.2,29,13.0,1,0
APP009767,75800.0,1.335,32800.0,69.3,30.7,0,78.5,30,34.5,1,0
APP009768,54300.0,0.346,18000.0,52.4,47.6,0,94.2,28,17.9,0,1
APP009769,157900.0,0.162,57300.0,33.0,67.0,2,92.0,28,6.2,0,1
APP009770,115500.0,0.05,21800.0,39.6,60.4,0,82.6,40,20.9,0,0
APP009771,91200.0,0.218,30000.0,56.3,43.7,2,84.9,40,5.3,2,0
APP009772,58600.0,0.168,58700.0,67.6,32.4,4,88.1,28,34.0,3,2
APP009773,35500.0,0.111,8000.0,61.9,38.1,0,91.4,22,36.9,0,2
APP009774,42200.0,0.684,13800.0,48.1,51.9,0,70.7,26,29.3,0,0
APP009775,92000.0,0.329,20500.0,55.5,44.5,0,89.2,25,5.6,0,0
APP009776,33700.0,0.173,7200.0,63.2,36.8,0,95.3,33,10.3,0,0
APP009777,124600.0,0.358,25300.0,62.4,37.6,0,99.8,31,25.1,1,0
APP009778,113700.0,0.121,32600.0,38.3,61.7,0,71.0,37,20.0,2,0
APP009779,59600.0,0.211,38900.0,65.1,34.9,1,96.9,40,6.8,0,0
APP009780,78000.0,0.29,30700.0,63.6,36.4,0,91.9,40,16.2,1,0
APP009781,110200.0,0.308,23300.0,66.0,34.0,0,99.3,15,9.9,2,2
APP009782,101000.0,0.12,30300.0,52.7,47.3,0,92.3,30,13.8,2,0
APP009783,185900.0,0.328,39100.0,51.1,48.9,0,73.3,32,27.6,2,0
APP009784,147800.0,0.367,27200.0,54.9,45.1,0,91.5,25,17.6,3,2
APP009785,20900.0,0.185,11700.0,56.1,43.9,0,94.6,30,19.5,2,0
APP009786,40200.0,0.071,27900.0,62.7,37.3,1,70.5,36,30.0,0,0
APP009787,139400.0,0.961,29500.0,32.8,67.2,2,71.1,29,18.9,2,0
APP009788,72400.0,0.05,27900.0,38.5,61.5,0,90.1,21,30.9,1,0
APP009789,78000.0,0.476,35800.0,67.5,32.5,0,87.1,35,8.5,1,1
APP009790,132000.0,0.05,58900.0,39.9,60.1,0,83.9,27,36.8,1,0
APP009791,80900.0,0.571,32800.0,68.8,31.2,0,91.7,35,27.8,1,0
APP009792,22900.0,0.404,4100.0,38.1,61.9,2,89.3,23,8.7,0,2
APP009793,166600.0,0.293,28500.0,44.5,55.5,1,75.9,26,29.1,0,0
APP009794,33200.0,0.325,6000.0,37.8,62.2,2,91.5,29,5.1,2,0
APP009795,34700.0,0.486,11600.0,57.3,42.7,0,83.4,37,35.8,0,0
APP009796,125000.0,0.788,28300.0,36.3,63.7,0,95.9,25,5.8,1,2
APP009797,63000.0,0.104,24000.0,61.6,38.4,1,96.7,27,34.0,1,0
APP009798,183600.0,0.057,67400.0,51.9,48.1,0,98.2,31,26.4,0,3
APP009799,87100.0,0.06,40000.0,45.0,55.0,0,92.2,24,29.6,2,0
APP009800,166300.0,0.529,30100.0,53.9,46.1,0,77.5,37,15.2,0,0
APP009801,134500.0,0.08,20000.0,33.3,66.7,0,77.8,29,12.8,2,0
APP009802,10300.0,0.124,8300.0,54.1,45.9,0,99.4,20,25.3,1,0
APP009803,144700.0,0.152,40800.0,47.4,52.6,4,97.1,30,17.5,0,0
APP009804,59600.0,0.515,16700.0,56.6,43.4,0,85.7,38,29.6,1,4
APP009805,145500.0,0.815,32600.0,35.7,64.3,0,86.8,29,35.6,1,0
APP009806,57100.0,0.222,21200.0,34.1,65.9,2,89.2,40,23.6,1,0
APP009807,59600.0,0.07,29900.0,48.0,52.0,0,81.7,35,36.3,1,0
APP009808,41700.0,1.164,9700.0,39.5,60.5,0,70.7,31,22.9,1,0
APP009809,109000.0,0.161,16800.0,37.1,62.9,0,73.9,34,8.1,0,0
APP009810,86100.0,0.498,20600.0,53.7,46.3,0,77.8,29,33.0,0,2
APP009811,13300.0,0.477,5500.0,65.3,34.7,0,77.4,23,35.2,2,1
APP009812,65400.0,0.107,36000.0,56.9,43.1,0,94.0,24,18.4,1,0
APP009813,107700.0,0.329,73000.0,54.3,45.7,0,97.6,24,11.3,1,0
APP009814,98100.0,0.05,21000.0,61.5,38.5,1,92.1,33,5.7,0,0
APP009815,103100.0,0.053,37100.0,65.7,34.3,0,90.0,44,13.0,0,0
APP009816,71800.0,0.326,28700.0,58.4,41.6,0,91.1,31,22.5,1,0
APP009817,71400.0,0.667,31800.0,63.8,36.2,0,90.3,36,15.9,0,0
APP009818,26600.0,0.075,8500.0,48.6,51.4,1,73.8,34,29.5,0,0
APP009819,27400.0,0.146,10500.0,69.8,30.2,3,77.0,23,21.9,3,0
APP009820,75500.0,0.157,22900.0,33.1,66.9,0,81.1,32,38.7,1,0
APP009821,16500.0,0.71,6000.0,63.6,36.4,0,76.1,36,22.6,0,0
APP009822,19600.0,0.762,6600.0,50.8,49.2,0,96.1,24,8.5,0,3
APP009823,55100.0,0.564,19300.0,32.1,67.9,0,87.1,24,11.5,0,0
APP009824,76500.0,0.05,22100.0,35.2,64.8,2,93.6,31,8.7,1,2
APP009825,81400.0,0.306,13400.0,56.0,44.0,0,81.0,31,9.9,0,0
APP009826,26300.0,0.452,18300.0,47.3,52.7,1,98.9,24,7.7,7,1
APP009827,258900.0,0.242,40400.0,35.3,64.7,0,80.8,34,29.3,1,2
APP009828,73400.0,0.163,16800.0,67.0,33.0,0,83.5,25,17.6,1,0
APP009829,184200.0,0.649,27600.0,64.5,35.5,1,87.9,26,9.6,1,1
APP009830,37400.0,0.236,21900.0,47.6,52.4,0,80.7,23,7.1,2,0
APP009831,39900.0,0.082,8400.0,59.0,41.0,0,73.4,41,8.5,2,0
APP009832,77500.0,0.243,27600.0,55.4,44.6,3,77.8,31,13.8,0,1
APP009833,75200.0,0.378,27900.0,57.1,42.9,1,77.4,26,35.2,2,0
APP009834,48900.0,0.05,15400.0,49.4,50.6,0,99.6,30,5.2,2,0
APP009835,73100.0,0.2,28600.0,65.9,34.1,4,93.7,33,12.7,1,0
APP009836,124600.0,0.408,27800.0,41.2,58.8,0,75.1,25,20.2,2,0
APP009837,57400.0,0.102,51000.0,41.8,58.2,0,73.5,33,18.5,0,0
APP009838,117300.0,0.482,15800.0,50.5,49.5,0,99.9,27,37.4,1,0
APP009839,82100.0,0.159,28500.0,66.9,33.1,0,90.1,32,27.2,0,0
APP009840,128100.0,0.267,18200.0,50.3,49.7,1,72.1,34,29.3,0,0
APP009841,112600.0,0.419,28900.0,65.9,34.1,5,71.3,28,13.2,0,1
APP009842,184100.0,0.878,29300.0,64.9,35.1,0,74.9,35,17.4,0,0
APP009843,89300.0,0.38,17200.0,46.7,53.3,2,91.2,36,11.2,1,1
APP009844,168800.0,0.225,52000.0,61.2,38.8,0,93.3,17,18.7,1,1
APP009845,25300.0,0.226,15600.0,34.5,65.5,2,97.9,35,17.1,1,1
APP009846,68400.0,0.075,28900.0,69.0,31.0,0,76.3,32,10.3,0,0
APP009847,78100.0,0.535,19500.0,33.1,66.9,0,81.7,39,36.0,2,0
APP009848,38500.0,0.143,12200.0,51.7,48.3,5,74.9,38,38.0,1,0
APP009849,53900.0,0.672,14900.0,43.6,56.4,2,90.1,31,23.3,1,2
APP009850,64500.0,0.097,23400.0,32.3,67.7,0,80.0,27,38.4,1,1
APP009851,25500.0,0.088,5600.0,68.0,32.0,0,78.4,28,22.3,0,0
APP009852,127000.0,0.739,28500.0,32.8,67.2,0,96.7,22,32.6,1,0
APP009853,28300.0,0.061,28300.0,54.6,45.4,0,78.9,30,16.7,0,0
APP009854,34300.0,0.322,6900.0,56.1,43.9,0,72.5,27,31.4,1,0
APP009855,108900.0,0.272,36100.0,55.0,45.0,0,85.3,30,10.1,1,0
APP009856,95100.0,0.137,15600.0,39.4,60.6,0,86.6,23,19.8,1,1
APP009857,95000.0,0.141,36700.0,65.9,34.1,0,81.0,30,32.7,2,3
APP009858,37200.0,0.299,9900.0,66.2,33.8,0,74.1,25,7.4,0,0
APP009859,126100.0,0.392,41400.0,31.0,69.0,0,88.8,25,12.4,1,0
APP009860,48100.0,0.192,17600.0,46.6,53.4,4,82.8,28,26.1,2,3
APP009861,97600.0,0.138,15200.0,54.2,45.8,0,80.7,25,38.1,1,0
APP009862,14900.0,0.303,6300.0,60.6,39.4,0,99.4,32,25.2,1,0
APP009863,23600.0,0.421,6700.0,32.1,67.9,0,86.5,35,21.3,0,0
APP009864,36600.0,0.091,21700.0,53.8,46.2,0,86.3,35,36.7,1,0
APP009865,20700.0,0.228,4500.0,45.8,54.2,0,90.3,21,23.0,5,0
APP009866,16900.0,0.05,18400.0,62.2,37.8,2,72.8,26,35.5,1,0
APP009867,59700.0,0.225,19600.0,68.2,31.8,1,82.4,27,37.5,1,0
APP009868,118800.0,1.002,24500.0,54.8,45.2,0,83.9,35,11.6,0,0
APP009869,106600.0,0.05,12300.0,61.0,39.0,0,83.5,27,31.7,3,1
APP009870,94600.0,0.139,28600.0,52.5,47.5,0,72.9,30,22.7,2,0
APP009871,98600.0,0.183,19700.0,38.3,61.7,0,80.1,22,37.4,1,0
APP009872,96100.0,0.15,58800.0,41.5,58.5,1,73.6,37,12.1,2,1
APP009873,299400.0,1.185,79000.0,39.5,60.5,0,93.7,37,28.2,2,0
APP009874,86400.0,0.05,23300.0,61.3,38.7,2,75.5,34,21.0,1,0
APP009875,29900.0,0.367,12300.0,62.6,37.4,0,71.1,35,32.6,1,1
APP009876,49800.0,0.192,21000.0,63.4,36.6,5,72.8,38,34.4,0,1
APP009877,69500.0,0.065,22500.0,39.9,60.1,0,96.7,24,32.9,2,1
APP009878,33100.0,0.073,34400.0,60.8,39.2,0,72.2,30,5.6,0,0
APP009879,27300.0,0.445,13700.0,57.1,42.9,0,72.4,37,18.9,1,3
APP009880,58400.0,0.146,25100.0,31.7,68.3,5,94.8,32,25.3,1,0
APP009881,147800.0,0.05,43500.0,37.0,63.0,3,80.3,28,38.5,1,0
APP009882,138300.0,0.104,64900.0,43.0,57.0,0,85.5,34,20.8,1,0
APP009883,102800.0,0.127,29800.0,62.7,37.3,2,96.4,34,30.4,1,0
APP009884,18600.0,0.273,5400.0,47.6,52.4,0,82.4,21,28.4,4,1
APP009885,21700.0,0.71,5000.0,64.1,35.9,0,91.7,33,36.2,0,1
APP009886,39300.0,0.199,18500.0,53.7,46.3,0,83.7,18,35.7,1,0
APP009887,82600.0,0.05,18600.0,56.3,43.7,2,90.9,31,20.1,0,0
APP009888,105600.0,0.302,21900.0,44.4,55.6,0,80.5,38,18.6,1,0
APP009889,156300.0,0.05,24300.0,37.8,62.2,4,84.7,31,29.4,2,0
APP009890,30000.0,0.363,14000.0,55.8,44.2,0,82.1,37,7.5,1,0
APP009891,96200.0,0.19,36100.0,42.6,57.4,0,72.0,28,33.7,0,0
APP009892,64000.0,0.166,29000.0,52.5,47.5,0,97.5,35,39.5,1,0
APP009893,28000.0,0.065,5100.0,50.4,49.6,1,96.2,29,11.2,1,3
APP009894,71500.0,1.216,47700.0,35.8,64.2,0,88.8,33,12.4,0,0
APP009895,129900.0,0.089,20400.0,42.1,57.9,0,76.1,33,34.9,1,0
APP009896,82300.0,0.222,15600.0,33.1,66.9,0,82.0,16,17.9,5,0
APP009897,78800.0,0.05,52500.0,59.1,40.9,1,76.0,31,32.1,2,0
APP009898,10200.0,0.531,8800.0,30.5,69.5,1,83.8,37,19.7,1,1
APP009899,74600.0,0.196,31300.0,35.7,64.3,0,90.4,26,16.5,1,0
APP009900,33300.0,0.12,10300.0,34.3,65.7,1,88.8,33,19.0,1,0
APP009901,158300.0,0.112,47400.0,54.3,45.7,3,92.9,22,38.1,0,1
APP009902,209300.0,0.441,51100.0,35.2,64.8,0,79.3,26,19.4,1,2
APP009903,131200.0,0.118,15300.0,48.2,51.8,2,94.6,37,11.4,0,0
APP009904,32100.0,0.424,14800.0,36.8,63.2,0,74.2,30,21.3,0,0
APP009905,48800.0,0.163,33200.0,46.0,54.0,0,89.6,24,28.5,2,0
APP009906,269400.0,0.703,46300.0,50.4,49.6,0,94.3,32,5.8,1,1
APP009907,43800.0,0.336,29000.0,54.9,45.1,2,96.0,39,11.5,2,2
APP009908,59600.0,0.082,26500.0,69.8,30.2,0,78.4,20,10.2,0,0
APP009909,100700.0,0.084,12400.0,49.9,50.1,4,75.1,32,38.5,1,0
APP009910,194800.0,0.05,27700.0,66.0,34.0,0,81.6,29,28.0,1,0
APP009911,25300.0,0.847,29800.0,43.4,56.6,0,93.3,26,28.3,1,0
APP009912,45100.0,0.461,10200.0,61.4,38.6,0,94.6,26,26.9,1,4
APP009913,29100.0,0.502,18500.0,40.4,59.6,0,82.7,29,23.8,0,0
APP009914,50700.0,0.289,46100.0,36.5,63.5,1,81.6,25,5.8,2,1
APP009915,90600.0,0.413,27400.0,48.8,51.2,0,83.1,31,12.5,0,4
APP009916,52100.0,0.47,17600.0,60.3,39.7,0,81.5,14,28.4,1,2
APP009917,15500.0,0.411,10800.0,51.8,48.2,0,81.4,29,36.1,1,0
APP009918,29000.0,0.05,4300.0,51.6,48.4,0,71.1,29,6.0,1,3
APP009919,98200.0,0.282,18000.0,59.8,40.2,0,87.0,45,10.9,3,0
APP009920,51200.0,0.224,19900.0,55.4,44.6,1,83.6,28,39.0,1,1
APP009921,102700.0,0.302,25000.0,43.9,56.1,0,94.5,25,7.1,1,0
APP009922,7900.0,0.353,4000.0,58.1,41.9,3,98.5,34,19.9,1,0
APP009923,246400.0,0.05,55700.0,56.0,44.0,0,85.1,32,33.4,0,3
APP009924,37500.0,0.05,15500.0,31.5,68.5,0,94.1,38,10.0,1,0
APP009925,77400.0,0.053,27800.0,31.2,68.8,0,87.5,35,23.4,0,1
APP009926,45800.0,1.046,15400.0,38.4,61.6,1,71.8,30,30.5,1,0
APP009927,22200.0,0.063,15800.0,67.3,32.7,2,77.7,23,26.7,0,0
APP009928,214700.0,0.406,41400.0,40.0,60.0,0,89.8,26,5.7,3,0
APP009929,16000.0,0.05,6500.0,66.6,33.4,0,71.3,29,26.2,0,1
APP009930,71300.0,0.051,22900.0,36.0,64.0,1,73.6,33,21.2,0,0
APP009931,148700.0,0.896,37900.0,57.6,42.4,0,70.5,33,31.7,1,0
APP009932,85100.0,0.228,23500.0,38.8,61.2,2,85.4,34,17.1,0,0
APP009933,67700.0,0.411,16700.0,46.3,53.7,0,87.4,27,38.8,1,0
APP009934,103400.0,0.786,29900.0,41.7,58.3,0,81.8,27,31.7,0,1
APP009935,97200.0,0.732,51300.0,31.4,68.6,0,92.6,30,15.5,1,2
APP009936,201000.0,0.725,43800.0,33.2,66.8,2,74.2,23,22.7,0,1
APP009937,92800.0,0.36,26600.0,57.3,42.7,0,81.8,37,6.9,1,0
APP009938,138400.0,0.054,30900.0,68.7,31.3,0,88.3,35,16.6,0,0
APP009939,117400.0,0.05,27700.0,36.7,63.3,0,75.9,26,23.1,1,0
APP009940,44400.0,0.201,15300.0,43.6,56.4,0,92.4,26,27.2,1,0
APP009941,26400.0,0.053,7200.0,55.7,44.3,0,82.2,28,11.9,0,1
APP009942,24700.0,0.167,11700.0,64.3,35.7,1,81.0,28,8.6,0,4
APP009943,33600.0,0.229,29800.0,38.7,61.3,0,72.6,28,9.0,3,0
APP009944,112400.0,0.563,25100.0,58.9,41.1,0,99.2,30,10.2,1,0
APP009945,29100.0,0.104,17800.0,35.3,64.7,0,99.1,28,39.2,0,1
APP009946,105800.0,0.05,20200.0,40.4,59.6,0,71.8,27,8.7,1,0
APP009947,30300.0,0.288,24800.0,53.2,46.8,0,74.7,28,28.5,0,0
APP009948,102800.0,0.491,36300.0,64.2,35.8,0,95.6,33,22.9,0,0
APP009949,125800.0,0.638,18100.0,52.8,47.2,0,91.0,24,17.6,0,3
APP009950,27300.0,0.423,27300.0,52.5,47.5,0,93.2,22,31.0,0,0
APP009951,146600.0,0.05,28100.0,51.5,48.5,5,80.3,23,33.2,1,0
APP009952,63700.0,0.253,35800.0,54.4,45.6,0,86.3,36,13.2,0,0
APP009953,226200.0,0.697,62800.0,45.7,54.3,0,79.8,36,19.7,1,0
APP009954,60100.0,0.064,14300.0,38.1,61.9,2,97.9,29,23.1,2,2
APP009955,69500.0,0.1,42900.0,48.9,51.1,0,91.6,32,39.5,1,0
APP009956,24200.0,0.584,12700.0,32.1,67.9,1,71.9,30,5.2,1,0
APP009957,19200.0,0.914,17300.0,45.0,55.0,0,97.4,29,28.7,1,1
APP009958,184000.0,0.05,36200.0,48.9,51.1,0,86.6,28,18.6,1,1
APP009959,139600.0,1.009,20800.0,30.5,69.5,0,73.9,36,11.1,1,0
APP009960,47600.0,0.621,19800.0,48.6,51.4,3,71.2,18,36.9,1,0
APP009961,55100.0,0.05,19600.0,47.4,52.6,1,94.7,34,11.6,3,3
APP009962,44200.0,0.141,23200.0,55.9,44.1,0,98.5,29,20.0,2,0
APP009963,66100.0,0.409,9300.0,64.3,35.7,0,83.9,29,6.4,2,3
APP009964,90600.0,0.167,47500.0,38.7,61.3,0,80.6,32,14.2,1,0
APP009965,147000.0,0.509,26000.0,44.2,55.8,0,77.0,25,36.2,0,0
APP009966,110500.0,0.472,28300.0,56.9,43.1,0,91.0,47,9.0,1,0
APP009967,35500.0,0.23,4400.0,36.6,63.4,0,87.9,31,27.3,0,0
APP009968,300600.0,0.124,44600.0,60.7,39.3,0,82.5,37,6.8,1,0
APP009969,83800.0,0.262,34100.0,50.1,49.9,0,76.4,33,23.9,3,0
APP009970,43300.0,0.31,20900.0,43.4,56.6,0,89.4,32,12.2,1,0
APP009971,104000.0,0.05,42200.0,65.3,34.7,1,74.0,29,10.5,1,2
APP009972,45400.0,0.191,9600.0,56.0,44.0,0,98.1,32,10.4,0,1
APP009973,20800.0,0.171,12700.0,66.5,33.5,0,99.1,27,14.5,3,0
APP009974,39400.0,0.122,47400.0,57.4,42.6,0,76.1,36,14.3,3,0
APP009975,105500.0,0.11,32200.0,33.7,66.3,0,73.8,31,32.5,1,0
APP009976,135100.0,0.05,45700.0,30.4,69.6,0,98.9,33,39.4,0,0
APP009977,62300.0,0.057,29900.0,61.6,38.4,0,70.5,25,27.5,3,0
APP009978,17900.0,0.435,24600.0,66.7,33.3,4,87.1,25,34.2,2,0
APP009979,60200.0,0.061,9600.0,65.1,34.9,0,94.6,31,20.4,2,0
APP009980,96600.0,0.098,16300.0,51.9,48.1,0,75.1,23,24.4,1,0
APP009981,21500.0,0.226,4600.0,32.4,67.6,0,89.3,34,12.1,1,0
APP009982,244600.0,0.828,40200.0,31.6,68.4,0,78.5,24,8.1,2,0
APP009983,257700.0,0.05,71900.0,46.7,53.3,1,74.1,33,34.9,0,2
APP009984,161900.0,0.583,18700.0,65.3,34.7,1,80.1,29,27.0,0,1
APP009985,138800.0,0.258,126100.0,67.4,32.6,3,79.8,32,32.1,2,0
APP009986,65100.0,0.178,11000.0,65.1,34.9,0,91.9,27,34.9,0,0
APP009987,248000.0,0.064,64900.0,55.9,44.1,0,74.5,36,26.6,0,1
APP009988,120000.0,0.291,21100.0,44.3,55.7,0,70.7,39,39.5,0,0
APP009989,91000.0,0.323,22100.0,60.8,39.2,0,94.5,25,6.7,0,0
APP009990,55900.0,0.415,31300.0,62.4,37.6,0,72.5,29,18.9,0,0
APP009991,227800.0,0.337,65000.0,65.5,34.5,0,99.7,37,28.2,0,0
APP009992,30200.0,0.173,12300.0,49.7,50.3,1,92.0,33,39.8,3,0
APP009993,104500.0,0.164,17700.0,44.2,55.8,0,73.4,26,26.9,2,0
APP009994,30400.0,0.255,14300.0,54.6,45.4,1,95.0,37,31.7,0,1
APP009995,42300.0,0.846,41400.0,34.2,65.8,0,77.4,35,21.2,1,0
APP009996,12500.0,0.343,8700.0,52.3,47.7,0,88.5,28,34.7,0,0
APP009997,19500.0,0.057,13700.0,59.8,40.2,0,92.4,26,14.2,1,0
APP009998,63300.0,0.157,23000.0,31.6,68.4,2,88.8,25,36.5,1,0
APP009999,23500.0,0.145,7200.0,44.0,56.0,0,75.6,33,16.5,0,0
APP010000,93200.0,0.752,26500.0,38.1,61.9,2,76.0,34,28.0,2,0
