tree
version=v4
num_class=1
num_tree_per_iteration=1
label_index=0
max_feature_idx=28
objective=binary sigmoid:1
feature_names=num_delinquent_accounts max_dpd_last_12m num_written_off_accounts emi_bounce_count_12m num_bounced_checks_12m years_with_current_employer total_outstanding_debt_log total_outstanding_debt total_outstanding_debt_normalized debt_to_income_ratio min_balance_breaches_12m credit_score years_employed balance_volatility industry_woe num_settled_accounts employment_type_target_enc annual_income annual_income_standardized education_woe avg_monthly_spending_standardized avg_monthly_spending avg_monthly_balance_standardized avg_monthly_balance estimated_monthly_emi_log education_score city_woe loan_purpose_target_enc education_normalized_PHD
feature_infos=[0:5] [0:180] [0:3] [0:4] [0:5] [0:18] [0:15.648556074023654] [0:6252900] [0:1] [0:28.641999999999999] [0:8] [400:900] [0:35] [0.050000000000000003:2] [-0.098810217766246294:0.146522865498909] [0:2] [0.170509009009009:0.20379111111111109] [100000:2581000] [-1.3338894553379157:7.0413398657196575] [-0.079511575540850796:0.26212549103334098] [-1.3485751461861073:7.5174645870692043] [3000:161000] [-1.2184043681367975:9.8411344268877983] [5000:752000] [6.5525078870345901:12.820990681250253] [1:5] [-0.1180185874462384:0.0824549626109429] [0.1579777777777778:0.20237564102564101] [0:1]
tree_sizes=1584 1714 1614 1730 1510 1688 1729 1519 1623 1717 1624 1593 1731 1295 1613 1729 1722 1724 1736 1710 1517 1613 1625 1513 1722 1705 1491 1510 1407 1287 1722 1723 1724 1723 1486 1623 1717 1714 1628 1720 1292 1620 1200 1718 1302 1726 1706 1738 1720 1406 1528 1621 1404 1714 1737 1525 1521 1725 1617 1509 1628 1739 1729 1413 1738 1724 1383 1705 1722 1408 1626 1621 1737 1742 1627 1304 1414 1731 1525 1307 1507 1531 1737 1500 1732 1518 1621 1513 1411 1625 1643 1749 1418 1416 1417 1605 1527 1421 1430 1635 1521 1526 1312 1418 1419 1410 1421 1420 1411 1414 1724 1632 1313 1487 1406 1642 1516 1543 1619 1413 1637 1272 1726 1639 1722 1632 1640 1404 1749 1523 1505 1738 1403 1510 1513 1751 1210 1619 1498 1422 1487 1078 1205 1409 1537 1403 1419 1209 1392 1217 1115 1104 1107 1430 1436 1309 1209 1409 1538 996 1440 1428 1537 1742 1539 1407 883 1412 887 1413 1639 1397 1519 1600 1529 1511 1432 1536 1427 1095 1739 1746 1748 1732 1730 1750 1749 1601 1631 1647 1636 1296 1517 1475 1534 1324

Tree=0
num_leaves=14
num_cat=0
split_feature=5 9 2 2 4 9 11 3 11 14 27 11 21
split_gain=288.343 237.537 105.682 91.5019 61.3217 55.4277 48.6611 28.0034 32.4896 18.3146 25.6182 14.0976 7.58027
threshold=1.0000000180025095e-35 0.50850000000000006 1.5000000000000002 1.0000000180025095e-35 1.0000000180025095e-35 0.84250000000000014 693.50000000000011 1.5000000000000002 632.50000000000011 1.0000000180025095e-35 0.19288890078608964 658.50000000000011 36500.000000000007
decision_type=2 2 2 2 2 2 2 2 2 2 2 2 2
left_child=5 3 4 6 -3 7 -2 8 -1 11 -11 -7 -5
right_child=1 2 -4 12 -6 9 -8 -9 -10 10 -12 -13 -14
leaf_value=-1.423126666001338 -1.4608822324992243 -1.4487293753560171 -1.4079503510382914 -1.4289435649768836 -1.4311804684585705 -1.4044707737773048 -1.481317537502439 -1.4163459053745124 -1.4440042172004888 -1.4258305472331603 -1.4596322169628486 -1.4226672926651582 -1.4570367268119726
leaf_weight=48.043770909309387 87.377047598361969 284.60581940412521 39.531466901302338 24.263662457466125 128.86493384838104 58.119784832000732 94.536661982536316 33.497020781040192 162.97423774003983 81.633061826229095 14.36648654937744 103.90384596586227 11.740547358989714
leaf_count=162 426 1257 109 86 480 154 538 103 689 286 68 352 54
internal_value=-1.43936 -1.44811 -1.43984 -1.46552 -1.4431 -1.4278 -1.47155 -1.43548 -1.43891 -1.42081 -1.43041 -1.41559 -1.43666
internal_weight=1173.46 670.92 453.002 217.918 413.471 502.538 181.914 244.515 211.018 258.023 95.9995 162.024 36.0042
internal_count=4764 2950 1846 1104 1737 1814 964 954 851 860 354 506 140
is_linear=0
shrinkage=1


Tree=1
num_leaves=15
num_cat=0
split_feature=0 9 0 5 5 7 5 13 23 13 12 17 27 11
split_gain=443.011 225.615 158.861 157.947 77.5259 67.3549 66.7822 44.9835 38.2285 22.0906 20.2031 14.8193 8.40429 1.27834
threshold=1.0000000180025095e-35 0.83350000000000002 2.5000000000000004 1.0000000180025095e-35 1.5000000000000002 210700.00000000003 1.0000000180025095e-35 0.63650000000000018 222500.00000000003 0.55850000000000011 11.500000000000002 689500.00000000012 0.19288890078608964 609.50000000000011
decision_type=2 2 2 2 2 2 2 2 2 2 2 2 2 2
left_child=1 4 3 13 8 -5 12 -6 -1 -8 11 -4 -3 -2
right_child=2 6 10 5 7 -7 9 -9 -10 -11 -12 -13 -14 -15
leaf_value=0.025515255600229155 0.073256800212206971 0.052619781749441374 0.0749611432901304 0.015014312637995566 -0.0039528209177291246 0.040629626946717706 0.026749396022289151 0.031022198802908386 -0.008663730810371301 0.045111932687144772 0.041313618015768085 0.047827150820311803 0.03427180953118783 0.056821151241289218
leaf_weight=174.17313268780708 27.741978079080582 123.98411078751087 136.67420879006386 61.239007264375687 90.428759396076202 159.23866581916809 151.14647655189037 16.459712475538254 12.756844058632849 40.620932757854462 17.71791110932827 20.88843809068203 27.376218751072884 143.49748864769936
leaf_count=787 68 417 352 306 520 626 674 70 76 150 67 74 111 466
internal_value=0.0399426 0.0283522 0.0528547 0.0453786 0.0152997 0.033705 0.039394 0.00148521 0.0230426 0.0309566 0.0690966 0.0718144 0.0496792 0.0600098
internal_weight=1203.94 636.946 566.998 391.717 293.818 220.478 343.128 106.888 186.93 191.767 175.281 157.563 151.36 171.239
internal_count=4764 2805 1959 1466 1453 932 1352 590 863 824 493 426 528 534
is_linear=0
shrinkage=0.02


Tree=2
num_leaves=14
num_cat=0
split_feature=0 0 7 2 3 2 3 12 7 7 18 27 11
split_gain=395.128 137.336 130.475 88.8658 75.1342 70.7807 59.3002 46.3226 40.3045 24.4515 13.3609 7.07794 6.31632
threshold=1.0000000180025095e-35 2.5000000000000004 269700.00000000006 1.0000000180025095e-35 1.5000000000000002 1.0000000180025095e-35 1.5000000000000002 2.5000000000000004 210700.00000000003 93900.000000000015 0.65948938951677916 0.18407325585217613 742.50000000000011
decision_type=2 2 2 2 2 2 2 2 2 2 2 2 2
left_child=2 3 4 8 7 6 -4 -1 -2 -6 12 -7 -3
right_child=1 10 5 -5 9 11 -8 -9 -10 -11 -12 -13 -14
leaf_value=0.0206812905444618 0.026048609550290057 0.071886732981630008 0.025881302810860717 0.063282780317785892 0.060673842643751912 0.060998895933805482 0.050100891276668107 0.00057446064480726926 0.042963702280907644 0.022850136510441706 0.044265307758828726 0.041804223465897204 0.054154819615820839
leaf_weight=82.217366561293602 92.427952662110329 116.95861744880676 293.50879973173141 76.76005657017231 15.519918337464331 35.879782378673553 50.650652587413788 106.89373981952667 233.37119548022747 19.383240193128586 24.487627804279327 43.868082880973816 41.244621157646179
leaf_count=379 406 281 1278 214 45 102 170 585 846 86 86 160 126
internal_value=0.0382168 0.0501827 0.0273167 0.0432749 0.0147151 0.0338787 0.0296385 0.00948405 0.0383205 0.0414472 0.0649767 0.0513364 0.0677587
internal_weight=1233.17 585.25 647.922 402.559 224.014 423.907 344.159 189.111 325.799 34.9032 182.691 79.7479 158.203
internal_count=4764 1959 2805 1466 1095 1710 1448 964 1252 131 493 262 407
is_linear=0
shrinkage=0.02


Tree=3
num_leaves=15
num_cat=0
split_feature=0 9 0 5 5 3 5 9 3 9 1 14 17 14
split_gain=354.077 195.964 120.148 136.435 70.6955 61.6445 58.6332 40.4313 37.6864 33.4709 15.9131 10.1051 7.33916 3.47532
threshold=1.0000000180025095e-35 0.83350000000000002 2.5000000000000004 1.0000000180025095e-35 1.0000000180025095e-35 1.0000000180025095e-35 1.0000000180025095e-35 0.75250000000000006 1.5000000000000002 0.20250000000000004 45.000000000000007 1.0000000180025095e-35 422500.00000000006 0.048786158779653657
decision_type=2 2 2 2 2 2 2 2 2 2 2 2 2 2
left_child=1 4 3 13 9 -6 11 -5 -8 -1 12 -3 -4 -2
right_child=2 6 10 7 5 -7 8 -9 -10 -11 -12 -13 -14 -15
leaf_value=0.0086351279999869086 0.057458437062011383 0.0509733149291072 0.05873471502264873 0.020486816606932294 -0.0022796528358310212 0.023577354494185576 0.024250665772992886 0.038354647024002486 0.049002415432856758 0.031944238486793133 0.066477257166226864 0.036570329392579537 0.037199650023151024 0.043597954856081075
leaf_weight=38.407628893852234 138.26397557556629 97.137800753116608 30.414014577865601 101.68703256547451 118.38041684031487 51.766031131148338 166.87949150800705 129.25022491812706 32.298614382743835 91.79341234266758 129.22655557096004 61.749303132295609 30.030476525425911 43.773257225751877
leaf_count=190 388 300 79 459 661 231 720 473 104 371 308 228 106 146
internal_value=0.0366278 0.0263515 0.0477596 0.0413391 0.0142574 0.00556212 0.0363724 0.0306955 0.0285891 0.025339 0.061344 0.0457646 0.0491405 0.0544912
internal_weight=1261.06 658.413 602.646 412.974 300.347 170.146 358.065 230.937 199.178 130.201 189.671 158.887 60.4445 182.037
internal_count=4764 2805 1959 1466 1453 892 1352 932 824 561 493 528 185 534
is_linear=0
shrinkage=0.02


Tree=4
num_leaves=13
num_cat=0
split_feature=0 5 6 0 5 2 2 6 13 22 17 14
split_gain=319.301 125.92 108.15 105.986 121.754 68.593 60.9047 46.0573 32.5259 32.4174 11.5934 2.43009
threshold=1.0000000180025095e-35 1.0000000180025095e-35 12.568459607759332 2.5000000000000004 1.0000000180025095e-35 1.0000000180025095e-35 1.5000000000000002 10.511919789664352 0.40050000000000008 0.90615228124209113 689500.00000000012 0.048786158779653657
decision_type=2 2 2 2 2 2 2 2 2 2 2 2
left_child=1 7 8 4 11 -6 -4 -1 -3 -9 -5 -2
right_child=3 2 6 10 5 -7 -8 9 -10 -11 -12 -13
leaf_value=-0.0013499034442123711 0.054497052767845854 -0.0039155586918003093 0.021857981250121113 0.060585849771440201 0.02391875343050346 0.052271688563319103 0.056782498720790983 0.039279422598280246 0.017323402758469334 0.01523635120612445 0.039602294093627158 0.041699812329909616
leaf_weight=12.051176384091375 142.86752378940582 89.756489366292953 220.10334326326847 170.13765181601048 190.77051340043545 44.346339717507362 22.606501877307892 253.61133947968483 40.796699032187462 29.604366928339005 26.11979378759861 44.884366795420647
leaf_count=65 388 507 958 406 804 128 60 890 191 134 87 146
internal_value=0.0351569 0.0254383 0.0175331 0.0455609 0.0395664 0.02955 0.0254126 0.0352711 0.00265063 0.036899 0.0581095 0.0517808
internal_weight=1287.66 668.53 373.263 619.126 422.869 235.117 242.71 295.267 130.553 283.216 196.257 187.752
internal_count=4764 2805 1716 1959 1466 932 1018 1089 698 1024 493 534
is_linear=0
shrinkage=0.02


Tree=5
num_leaves=15
num_cat=0
split_feature=0 9 0 10 7 7 27 27 9 13 16 24 27 27
split_gain=292.173 130.666 64.7668 42.6996 38.7913 31.8375 28.0361 27.9238 23.764 18.6333 18.1603 16.7759 5.7368 2.58528
threshold=1.0000000180025095e-35 0.9165000000000002 2.5000000000000004 2.5000000000000004 210700.00000000003 173850.00000000003 0.19405232375496628 0.19005922201075573 0.029500000000000002 0.23450000000000001 0.18972266096469223 8.993532301340311 0.18442599351543257 0.18024884102216188
decision_type=2 2 2 2 2 2 2 2 2 2 2 2 2 2
left_child=1 3 4 8 5 -2 11 13 -1 -9 -6 -3 -5 -4
right_child=2 6 7 12 10 -7 -8 9 -10 -11 -12 -13 -14 -15
leaf_value=-0.014593275314567633 0.031249858667386707 0.042142393801264472 0.044704130611572607 0.046788614952193004 0.043852521723846023 0 0.0064405169452274045 0.020374499133335996 0.012635375514813705 0.048175346333512357 0.024452576645503678 0.030118030790270384 0.023388615862543465 0.060978150841856385
leaf_weight=11.9642226845026 112.40206064283848 86.19341741502285 31.386078789830208 14.951390877366064 273.59458953142166 14.155660241842268 18.51239101588726 21.868575736880302 274.45128321647644 31.061648845672607 30.718145772814751 231.6808480322361 19.069066196680069 111.21263962984085
leaf_count=73 424 282 87 47 853 71 87 82 1305 82 118 875 81 245
internal_value=0.0328517 0.0234031 0.0426743 0.0140836 0.0379582 0.027719 0.0321533 0.0527191 0.0113816 0.0376508 0.0420462 0.0335632 0.035286 0.0578718
internal_weight=1283.22 656.823 626.399 320.436 430.87 126.558 336.387 195.529 286.416 52.9302 304.313 317.874 34.0205 142.599
internal_count=4712 2750 1962 1506 1466 495 1244 496 1378 164 971 1157 128 332
is_linear=0
shrinkage=0.02


Tree=6
num_leaves=15
num_cat=0
split_feature=0 5 2 3 0 5 6 15 6 11 20 11 13 12
split_gain=266.357 154.838 115.359 90.1661 58.3523 59.4465 47.2123 46.0252 39.4829 24.0404 13.8508 13.1699 2.00804 0.411617
threshold=1.0000000180025095e-35 1.0000000180025095e-35 1.0000000180025095e-35 1.5000000000000002 2.5000000000000004 1.0000000180025095e-35 10.622569733360747 1.0000000180025095e-35 12.258195233239967 736.50000000000011 -0.64714795209945275 653.50000000000011 0.21350000000000002 5.5000000000000009
decision_type=2 2 2 2 2 2 2 2 2 2 2 2 2 2
left_child=1 6 3 -3 5 11 -1 -8 -7 12 -4 -2 -6 -11
right_child=4 2 10 -5 9 8 7 -9 -10 13 -12 -13 -14 -15
leaf_value=-8.9563548213996506e-05 0.054576849872738073 0.0036420096108746415 0.017976820727604977 0.035418681390549253 0.047002676833514674 0.016113546226517096 0.031427050593387962 0.055867744906768921 0.034691612629600181 0.040171230732958356 0.042835579259828976 0.03996842858045474 0.059728961034180447 0.024993389411895044
leaf_weight=14.898157089948652 63.295930743217468 255.99462001025677 17.329718470573425 41.008860662579536 62.569818958640099 71.410785496234894 245.64577294886112 40.08220711350441 179.6441325545311 33.481076747179031 50.607171222567558 125.63586221635342 86.850728079676628 18.005010709166527
leaf_count=79 149 1294 72 146 160 318 888 105 618 95 166 381 179 62
internal_value=0.0316251 0.0226371 0.013729 0.00820083 0.0408782 0.0364277 0.0333031 0.0351083 0.0295715 0.0502972 0.0371373 0.0452294 0.0548807 0.0358218
internal_weight=1306.46 665.567 364.94 297.003 640.893 439.987 300.626 285.728 251.055 200.907 67.9369 188.932 149.421 51.4861
internal_count=4712 2750 1678 1440 1962 1466 1072 993 936 496 238 530 339 157
is_linear=0
shrinkage=0.02


Tree=7
num_leaves=13
num_cat=0
split_feature=1 5 2 2 5 7 7 24 7 18 27 1
split_gain=243.942 142.903 107.297 53.1457 52.7592 46.3622 43.8006 40.7781 37.4397 19.9221 8.02289 6.19654
threshold=1.0000000180025095e-35 1.0000000180025095e-35 1.0000000180025095e-35 1.0000000180025095e-35 1.0000000180025095e-35 321950.00000000006 41050.000000000007 10.441469974818654 575100.00000000012 -0.53214944576468948 0.19334049503768966 45.000000000000007
decision_type=2 2 2 2 2 2 2 2 2 2 2 2
left_child=1 6 8 4 10 -6 -1 -8 -3 -4 -2 -5
right_child=3 2 9 11 5 -7 7 -9 -10 -11 -12 -13
leaf_value=-8.7889900789326578e-05 0.0453196698095523 0.0028949839577419663 0.016107097853041021 0.041083930847044786 0.020294271318356899 0.036968616236211754 0.038067493988761733 0.019329263916100483 0.018105138951794945 0.042821682355354718 0.026625215830652194 0.057507055079427584
leaf_weight=14.89736135303974 210.94126732647419 200.35819035768509 20.168102890253067 40.808398604393005 123.18287114799023 184.49215978384018 221.86647160351276 69.427424058318138 98.029094815254211 49.185487046837807 20.66621807217598 74.479693844914436
leaf_count=79 552 1025 83 114 491 578 713 280 415 155 68 159
internal_value=0.0304832 0.0219129 0.0133586 0.0392297 0.0363135 0.0304449 0.0320448 0.0337512 0.00800256 0.0356767 0.0438592 0.0522691
internal_weight=1328.5 673.932 367.741 654.571 539.283 307.675 306.191 291.294 298.387 69.3536 231.607 115.288
internal_count=4712 2750 1678 1962 1689 1069 1072 993 1440 238 620 273
is_linear=0
shrinkage=0.02


Tree=8
num_leaves=14
num_cat=0
split_feature=0 5 0 4 5 17 6 15 6 4 13 4 6
split_gain=223.958 132.168 52.7025 51.9732 50.2116 41.4424 40.722 40.5906 34.0696 19.7924 5.0567 3.89046 0.283625
threshold=1.0000000180025095e-35 1.0000000180025095e-35 2.5000000000000004 1.0000000180025095e-35 1.0000000180025095e-35 556500.00000000012 10.622569733360747 1.0000000180025095e-35 12.258195233239967 3.5000000000000004 0.21350000000000002 1.0000000180025095e-35 12.64642536159065
decision_type=2 2 2 2 2 2 2 2 2 2 2 2 2
left_child=1 6 4 5 12 -3 -1 -8 -6 -5 -4 -12 -2
right_child=2 3 10 9 8 -7 7 -9 -10 -11 11 -13 -14
leaf_value=-8.6246658337869083e-05 0.036187981947356923 0.012695270009548112 0.040315629938947994 0.020629540875982417 0.014911498548015351 -0.0052641155462048641 0.029066248793950093 0.051510340064845839 0.031963398364697429 0.048108145380722694 0.044274104882250462 0.059060045235703802 0.044647771447923333
leaf_weight=14.896580338478087 81.792254060506821 192.93554817140102 95.865846335887909 96.636803179979324 73.156176596879959 67.467181995511055 254.51927311718464 42.110588207840919 186.79681132733822 13.416587978601454 66.965165391564369 47.066553860902786 116.07039928436279
leaf_count=79 239 868 250 408 318 363 888 105 618 39 162 84 291
internal_value=0.0294072 0.0212241 0.0376911 0.0130013 0.033546 0.00796336 0.0308654 0.032482 0.0273168 0.0245626 0.0464354 0.0510112 0.0414508
internal_weight=1349.7 681.983 667.713 370.456 457.816 260.403 311.526 296.63 259.953 110.053 209.898 114.032 197.863
internal_count=4712 2750 1962 1678 1466 1231 1072 993 936 447 496 246 530
is_linear=0
shrinkage=0.02


Tree=9
num_leaves=15
num_cat=0
split_feature=0 2 0 3 27 6 2 3 10 27 11 24 11 27
split_gain=206.571 106.285 48.1101 47.4615 42.6357 41.5841 35.6172 33.3597 24.4785 23.8622 21.2627 21.1481 7.02731 4.46233
threshold=1.0000000180025095e-35 1.0000000180025095e-35 2.5000000000000004 1.5000000000000002 0.18407325585217613 11.930655001688962 1.0000000180025095e-35 2.5000000000000004 1.0000000180025095e-35 0.19005922201075573 725.50000000000011 9.7439598325753938 736.50000000000011 0.18364112106850497
decision_type=2 2 2 2 2 2 2 2 2 2 2 2 2 2
left_child=1 3 6 5 -3 -1 7 -2 -5 12 -11 -6 -4 -8
right_child=2 4 9 8 11 -7 13 -9 -10 10 -12 -13 -14 -15
leaf_value=0.0030047121029591435 0.027840746208700282 0.048980298251732661 0.052711804082013453 0.011053684593221083 0.038002623613314059 0.017346932818843596 0.031197144850145523 0.05530067351265279 0.038988317760527615 0.038430141187549824 0.0078172151779217249 0.014103685541293549 0.037675533875812975 0.049626546713461679
leaf_weight=108.20610855519772 365.38944785296917 63.459550753235817 114.28375183045864 20.546882346272469 29.277749553322792 374.24368830025196 21.874314621090889 20.610258027911186 53.208698362112045 43.2690289914608 14.390030458569525 40.855329737067223 42.539794638752937 57.745536804199219
leaf_count=543 1225 167 221 86 89 1534 65 45 164 109 55 167 111 131
internal_value=0.0283979 0.0205666 0.0362697 0.0165992 0.0366899 0.0141844 0.0323273 0.0294977 0.0317258 0.0445455 0.0313945 0.0247557 0.0490244 0.0452612
internal_weight=1369.9 689.798 680.102 556.205 133.593 482.45 465.62 386 73.7556 214.483 57.6591 70.1331 156.824 79.6199
internal_count=4712 2750 1962 2327 423 2077 1466 1270 250 496 164 256 332 196
is_linear=0
shrinkage=0.02


Tree=10
num_leaves=14
num_cat=0
split_feature=9 2 24 19 2 19 27 27 7 27 25 9 26
split_gain=143.446 129.548 50.5977 27.3791 25.4195 26.6731 22.0476 18.3838 7.51591 18.4415 5.89298 17.7341 6.29709
threshold=0.84250000000000014 1.0000000180025095e-35 9.7556211914649591 1.0000000180025095e-35 1.0000000180025095e-35 0.16885343649095866 0.19334049503768966 0.19288890078608964 246250.00000000003 0.19225258231910597 2.5000000000000004 1.7385000000000004 0.014316328915725301
decision_type=2 2 2 2 2 2 2 2 2 2 2 2 2
left_child=1 2 3 -1 5 7 -4 -2 9 -3 11 -6 -12
right_child=4 8 6 -5 10 -7 -8 -9 -10 -11 12 -13 -14
leaf_value=0.011268861977432678 0.034706924341307281 0.037962904200028985 0.022392156820253459 -0.0088410638876211967 0.044853642960115105 0.0063847741939208639 0.0059167399843107664 0.024171737065627929 0.04638678619988517 0.012041460818743733 0.051984660756265982 0.013566964103398433 0.034638001100879404
leaf_weight=121.67684082686901 511.00800846517086 65.887472376227379 337.99503499269485 32.829552918672562 19.866143062710762 17.934293478727341 40.661350160837173 105.12122169137001 54.361698269844055 17.527188777923584 62.557662203907967 16.512683928012848 31.94340355694294
leaf_count=514 1537 191 1268 170 45 74 183 366 132 70 133 59 89
internal_value=0.028218 0.0213279 0.0167377 0.00683791 0.0341995 0.0322743 0.0206959 0.0329839 0.0386982 0.0329604 0.0430591 0.0319303 0.0467546
internal_weight=1435.88 670.939 533.163 154.506 764.943 634.064 378.656 616.129 137.776 83.4147 130.88 36.3788 94.5011
internal_count=4831 2528 2135 684 2303 1977 1451 1903 393 261 326 104 222
is_linear=0
shrinkage=0.02


Tree=11
num_leaves=14
num_cat=0
split_feature=0 9 3 7 4 3 7 7 24 0 22 18 7
split_gain=208.766 158.914 126.485 39.5989 33.8109 28.0142 23.146 18.0243 12.6353 11.2723 10.9254 9.904 9.69502
threshold=1.5000000000000002 1.0155000000000001 1.5000000000000002 36750.000000000007 1.5000000000000002 2.5000000000000004 96250.000000000015 380200.00000000006 9.4611693392906258 3.5000000000000004 -0.88528572973244202 -0.862972691820168 171350.00000000003
decision_type=2 2 2 2 2 2 2 2 2 2 2 2 2
left_child=1 2 3 -1 5 -3 -4 8 9 -2 -9 -6 -10
right_child=7 4 6 -5 11 -7 -8 10 12 -11 -12 -13 -14
leaf_value=-0.0075389961534781114 0.014910931151941999 0.026557295656689177 0.053833862144348842 0.012677183600350929 0.02259404857176011 0.051297347605616807 0.028201826109101599 0.023610990907522986 0.043449560926646542 0.037073438926529097 0.046271545731360393 0.046307957873562719 0.029969899146420606
leaf_weight=40.686994105577469 32.717655032873154 404.42863027751446 28.694824799895287 426.3254708647728 15.208944231271742 21.599172294139862 48.962189808487892 16.322048366069794 82.626840099692345 18.089552596211433 182.4614474773407 71.25041401386261 66.683154821395874
leaf_count=216 117 1344 66 1778 51 46 161 48 203 42 394 173 192
internal_value=0.0272738 0.0225382 0.0149003 0.0108608 0.0305721 0.0279756 0.0384913 0.0396862 0.0344699 0.0237511 0.0446385 0.0426712 0.0378019
internal_weight=1456.06 1057.16 544.669 467.012 512.487 426.028 77.657 398.901 200.117 50.8072 198.783 86.4594 149.31
internal_count=4831 3835 2221 1994 1614 1390 227 996 554 159 442 224 395
is_linear=0
shrinkage=0.02


Tree=12
num_leaves=15
num_cat=0
split_feature=1 9 2 5 14 6 5 22 5 16 9 16 2 16
split_gain=183.397 128.436 74.0881 70.9275 47.5779 34.8989 28.8984 28.3108 20.6126 14.1306 12.7053 8.34842 8.12873 3.50842
threshold=1.0000000180025095e-35 1.0155000000000001 1.0000000180025095e-35 1.0000000180025095e-35 0.12797823308432582 12.637695945209369 1.0000000180025095e-35 -0.13021681601590337 1.0000000180025095e-35 0.18972266096469223 0.40550000000000008 0.18793162875957242 1.0000000180025095e-35 0.18373995243587457
decision_type=2 2 2 2 2 2 2 2 2 2 2 2 2 2
left_child=1 2 3 -1 5 6 -2 8 -3 -7 -4 -9 13 -6
right_child=4 7 10 -5 12 9 -8 11 -10 -11 -12 -13 -14 -15
leaf_value=0.016993472275881615 0.036308368073566459 0.029965512572137865 0.01846329520729894 -0.0022979592265095802 0.0038877539609327477 0.040572079382891708 0.021777822479775246 0.040922518238847162 0.017139386352165411 0.025965756560549814 0.037698063715613885 0.026811508402031805 0.030670774613178752 0.016342218363216764
leaf_weight=137.68250861763954 120.24636912345886 108.57626748085022 36.645659193396568 165.45386232435703 19.107027247548103 363.99027264118195 134.98481695353985 77.227742418646812 126.85196982324123 45.109764590859413 37.411416888237 48.525535866618156 15.702750593423842 37.559350490570068
leaf_count=535 305 321 141 857 76 864 466 211 487 132 106 159 41 130
internal_value=0.0263884 0.0192341 0.0109396 0.00642538 0.033496 0.0352146 0.0288166 0.027787 0.0232409 0.0390775 0.0288194 0.0358896 0.0171817 0.0126298
internal_weight=1475.08 738.375 377.193 303.136 736.7 664.331 255.231 361.182 235.428 409.1 74.0571 125.753 72.3691 56.6664
internal_count=4831 2817 1639 1392 2014 1767 771 1178 808 996 247 370 247 206
is_linear=0
shrinkage=0.02


Tree=13
num_leaves=11
num_cat=0
split_feature=0 3 6 5 5 2 0 6 12 5
split_gain=184.588 117.124 104.259 62.9448 39.8255 18.9359 16.9586 18.5745 13.9376 18.8528
threshold=1.5000000000000002 1.5000000000000002 12.658901491504311 1.0000000180025095e-35 1.0000000180025095e-35 1.0000000180025095e-35 3.5000000000000004 13.0860125735863 7.5000000000000009 1.5000000000000002
decision_type=2 2 2 2 2 2 2 2 2 2
left_child=1 2 3 -1 -4 6 7 -2 9 -3
right_child=5 8 4 -5 -6 -7 -8 -9 -10 -11
leaf_value=0.018784923531616451 0.024971151518495931 0.036595982779803665 0.029814838119462485 0.0018750546466795592 0.018771599933796151 0.047102872564207407 0.042296724668773315 0.037884746909187403 0.047145971439202176 0.011942952012585648
leaf_weight=167.43319565057755 131.74583618342876 69.421908363699913 256.03082978725433 191.17752148211002 321.38377572596073 79.485899493098259 99.975973829627037 100.61366550624371 55.984204098582268 19.823943763971329
leaf_count=603 404 185 739 923 1178 148 207 237 129 78
internal_value=0.0255531 0.0211334 0.018462 0.00985607 0.0237459 0.0370293 0.0344259 0.0307869 0.0379705 0.0315345
internal_weight=1493.08 1081.26 936.025 358.611 577.415 411.821 332.335 232.36 145.23 89.2459
internal_count=4831 3835 3443 1526 1917 996 848 641 392 263
is_linear=0
shrinkage=0.02


Tree=14
num_leaves=14
num_cat=0
split_feature=0 9 2 5 27 27 9 10 7 9 20 16 11
split_gain=171.841 133.377 89.8799 94.4619 28.2577 28.228 24.1142 18.6525 20.65 13.2327 11.0793 9.48719 0.385816
threshold=1.5000000000000002 1.0155000000000001 1.0000000180025095e-35 1.0000000180025095e-35 0.19225258231910597 0.19405232375496628 1.5085000000000002 1.5000000000000002 296150.00000000006 0.066500000000000017 -0.70326212762638507 0.18883886706591832 708.50000000000011
decision_type=2 2 2 2 2 2 2 2 2 2 2 2 2
left_child=1 2 3 -1 -4 6 -3 8 9 -2 -7 -10 -9
right_child=7 5 4 -5 -6 10 -8 12 11 -11 -12 -13 -14
leaf_value=0.019362181145706432 0.039197452940209085 0.035262444839485249 0.034535314519732088 0.00086079243713566359 0.0067524218830992046 0.020022758120556317 0.025213786061854964 0.046886491011601 0.039451245828531253 0.020050128657973995 -0.0029684071704421896 0.024227411099656343 0.035749169367501554
leaf_weight=206.54324221611023 22.72350050508976 176.11501531302929 90.369544550776482 241.0996622890234 20.33901135623455 14.018153771758081 327.94908790290356 77.382583379745483 149.19838231801987 87.311936482787132 15.724994510412214 34.213364019989967 47.344621852040291
leaf_count=723 52 473 252 1163 83 45 1026 146 320 272 70 93 113
internal_value=0.0247594 0.0205067 0.0135629 0.00946608 0.0297163 0.0276934 0.0288272 0.0357431 0.032397 0.0245018 0.00751576 0.0368666 0.043136
internal_weight=1510.33 1092.16 558.351 447.643 110.709 533.807 504.064 418.174 293.447 110.035 29.7431 183.412 124.727
internal_count=4831 3835 2221 1886 335 1614 1499 996 737 324 115 413 259
is_linear=0
shrinkage=0.02


Tree=15
num_leaves=15
num_cat=0
split_feature=1 5 3 2 6 5 6 2 17 9 3 14 1 9
split_gain=217.944 94.8625 88.3236 81.3986 45.0634 31.1418 33.6706 37.8747 21.619 17.9656 10.7216 10.623 3.42304 2.08195
threshold=1.0000000180025095e-35 1.0000000180025095e-35 1.5000000000000002 1.0000000180025095e-35 10.975943709524165 1.0000000180025095e-35 12.682154626974345 1.0000000180025095e-35 547500.00000000012 1.0155000000000001 1.0000000180025095e-35 0.12797823308432582 105.00000000000001 0.075500000000000012
decision_type=2 2 2 2 2 2 2 2 2 2 2 2 2 2
left_child=1 4 3 -3 13 10 7 -7 -4 -6 12 -8 -2 -1
right_child=5 2 8 -5 9 6 11 -9 -10 -11 -12 -13 -14 -15
leaf_value=-0.0078581187700199444 0.031762725990364581 0.00076888054074823005 0.036951399478941153 0.02516960346928834 0.021109715668827019 0.01506108525132158 0.034210473012358258 0.037872564818280025 0.0072289923467360904 0.031832020272107402 0.04410445985560138 0.017758321430930327 0.0418227158188757 0.0032380112236817561
leaf_weight=11.441279128193857 194.34941200911999 267.50156450271606 52.803737580776215 68.379180699586868 151.42150743305683 130.95800793170929 248.85477338731289 40.407034873962402 14.827151030302046 158.63398276269436 95.934571519494057 26.137840747833252 46.519423499703407 11.138173699378966
leaf_count=60 471 1274 145 221 518 477 616 92 60 423 186 82 92 48
internal_value=0.0247243 0.0168159 0.0101733 0.00585576 0.0247594 0.0321014 0.0282664 0.0207445 0.0309269 0.0267446 0.0370259 0.0327892 0.0339532 -0.00163114
internal_weight=1519.31 736.147 403.512 335.881 332.635 783.161 446.358 171.365 67.6309 310.055 336.803 274.993 240.869 22.5795
internal_count=4765 2749 1700 1495 1049 2016 1267 569 205 941 749 698 563 108
is_linear=0
shrinkage=0.02


Tree=16
num_leaves=15
num_cat=0
split_feature=0 2 22 13 0 1 6 11 10 11 16 18 13 14
split_gain=203.603 66.1599 40.6295 47.3249 29.604 33.0669 33.3816 19.7595 18.3045 18.0841 16.7577 16.2683 4.37117 1.34653
threshold=1.0000000180025095e-35 1.0000000180025095e-35 0.89134700842411962 0.57450000000000012 2.5000000000000004 105.00000000000001 12.682154626974345 736.50000000000011 1.5000000000000002 764.50000000000011 0.1844182657850322 0.33879338568748857 0.23650000000000002 0.092471305313124114
decision_type=2 2 2 2 2 2 2 2 2 2 2 2 2 2
left_child=1 2 3 -1 5 6 -2 13 -4 11 -9 -3 -7 -6
right_child=4 9 8 -5 7 12 -8 10 -10 -11 -12 -13 -14 -15
leaf_value=0.012260042481151796 0.018496998385504917 0.034922207702317291 -0.0075918807176046845 0.028112304381250026 0.042683776475215589 0.031698572363325087 0.030194569691967044 0.037477267912248195 0.01425160654203545 0.0083329070937189186 0.013434416659042618 0.013747318968248918 0.045833795107962566 0.029990733353345771
leaf_weight=431.13412287831306 177.18842495977879 103.32683925330639 49.356620520353317 95.16875696182251 151.31210875511169 46.262201443314552 286.22260211408138 25.547859594225883 20.929972484707832 19.005449280142784 30.384948462247849 22.923854723572731 49.178308323025703 27.28289383649826
leaf_count=1689 589 271 248 303 268 119 735 51 84 71 92 83 101 61
internal_value=0.023983 0.0163569 0.0133064 0.0152123 0.0310589 0.0282691 0.0258144 0.0374735 -0.000698085 0.0285726 0.0252329 0.0313728 0.0395892 0.0410339
internal_weight=1535.22 741.846 596.589 526.303 793.379 558.852 463.411 234.528 70.2866 145.256 55.9328 126.251 95.4405 178.595
internal_count=4765 2749 2324 1992 2016 1544 1324 472 332 425 143 354 220 329
is_linear=0
shrinkage=0.02


Tree=17
num_leaves=15
num_cat=0
split_feature=1 5 3 27 7 5 7 22 4 11 27 3 22 13
split_gain=190.883 88.521 82.0217 43.9956 42.0126 29.0669 30.1056 21.936 21.018 14.1418 11.415 9.77993 7.60172 4.47986
threshold=1.0000000180025095e-35 1.0000000180025095e-35 1.5000000000000002 0.18673928896991795 58450.000000000007 1.0000000180025095e-35 350600.00000000006 0.86173646278817706 1.5000000000000002 713.50000000000011 0.19225258231910597 1.0000000180025095e-35 -0.17463263446981744 0.052500000000000005
decision_type=2 2 2 2 2 2 2 2 2 2 2 2 2 2
left_child=1 4 3 -3 12 11 8 -6 -7 -8 -4 13 -1 -2
right_child=5 2 10 -5 7 6 9 -9 -10 -11 -12 -13 -14 -15
leaf_value=0.007513709120871067 0.022125108100108957 0.011687733567044221 0.0341981339962849 -0.0027096003560479966 0.027185884562226738 0.016997936209378898 0.035470606535137214 0.0083286957637654542 0.034266275198460296 0.023773888031209469 0.012177418101040028 0.041428222843694025 -0.014414058779634892 0.033372903564746745
leaf_weight=12.318957075476648 36.974058166146278 191.60933205485344 52.057242020964622 147.96614602208138 284.41184788942337 172.34553816914558 156.49527230858803 31.684715420007706 38.69886177778244 89.942689254879951 17.157883629202843 98.702815189957619 10.417595148086546 209.88002254068851
leaf_count=53 98 788 142 707 818 571 351 123 98 247 63 186 55 465
internal_value=0.0232742 0.0159092 0.00952463 0.005366 0.0235024 0.0300778 0.0264249 0.025391 0.0204054 0.0313958 0.0292754 0.0347659 -0.00187471 0.031865
internal_weight=1550.66 747.624 408.791 339.575 338.833 803.039 457.482 316.097 211.044 246.438 69.2151 345.557 22.7366 246.854
internal_count=4765 2749 1700 1495 1049 2016 1267 941 669 598 205 749 108 563
is_linear=0
shrinkage=0.02


Tree=18
num_leaves=15
num_cat=0
split_feature=1 5 3 2 9 5 8 2 22 14 11 27 3 1
split_gain=179.143 83.187 77.3194 74.0135 40.1619 27.1089 28.1268 34.9551 19.7008 17.1417 14.1927 10.4594 8.85659 2.86598
threshold=1.0000000180025095e-35 1.0000000180025095e-35 1.5000000000000002 1.0000000180025095e-35 0.33950000000000008 1.0000000180025095e-35 0.051488109517184001 1.0000000180025095e-35 0.87654173560614834 -0.064699320430944993 713.50000000000011 0.19225258231910597 1.0000000180025095e-35 45.000000000000007
decision_type=2 2 2 2 2 2 2 2 2 2 2 2 2 2
left_child=1 4 3 -3 9 12 7 -7 -6 -1 -8 -4 13 -2
right_child=5 2 11 -5 8 6 10 -9 -10 -11 -12 -13 -14 -15
leaf_value=-0.0065580820135802608 0.025847486684156533 0.00038491004331336404 0.033007408657916473 0.023378376545673488 0.027904210355719838 0.013446114058319412 0.0333379135785382 0.034970955434451459 0.0058789948502186431 0.014770666324827772 0.022486863395577351 0.011880446378479379 0.040007232724580628 0.033409515237406803
leaf_weight=18.864166051149368 90.116138130426407 270.26532790064812 52.883966520428658 70.271019607782364 250.75349429249763 134.74683494865894 185.25987869501114 41.816650450229645 20.52558334171772 52.207628324627876 100.52418790757656 17.25899800658226 100.18448856472969 159.59393608570099
leaf_count=88 224 1274 142 221 687 477 421 92 79 195 277 63 186 339
internal_value=0.0225995 0.0154812 0.00929391 0.00524282 0.0227964 0.0291471 0.0256289 0.0188249 0.0263389 0.00881956 0.0296825 0.0283302 0.0336528 0.0308743
internal_weight=1565.27 753.03 410.679 340.536 342.351 812.242 462.348 176.563 271.279 71.0718 285.784 70.143 349.895 249.71
internal_count=4765 2749 1700 1495 1049 2016 1267 569 766 283 698 205 749 563
is_linear=0
shrinkage=0.02


Tree=19
num_leaves=15
num_cat=0
split_feature=0 3 2 7 0 1 7 17 11 11 22 17 7 21
split_gain=168.337 70.5623 55.8736 44.6977 28.7139 29.9843 29.0501 20.9487 17.4504 11.2606 10.1312 8.47664 4.96409 4.15781
threshold=1.0000000180025095e-35 1.5000000000000002 1.0000000180025095e-35 122600.00000000001 2.5000000000000004 105.00000000000001 321950.00000000006 453500.00000000006 736.50000000000011 764.50000000000011 0.59524155206469276 483500.00000000006 96250.000000000015 25500.000000000004
decision_type=2 2 2 2 2 2 2 2 2 2 2 2 2 2
left_child=1 2 3 -1 5 6 -2 12 -6 -4 -9 -10 -3 -7
right_child=4 7 9 -5 8 13 -8 10 11 -11 -12 -13 -14 -15
leaf_value=-0.003660979692535613 0.016569829503428887 0.049544107496610555 0.026745325261083135 0.011996200275312386 0.037729059461661087 0.029475796585638682 0.027304797062374979 0.0069158891121555996 0.014130056135163016 0.0070112921059406761 0.028272277598677367 0.032197761532348837 0.031091527185911991 0.042665727737668961
leaf_weight=85.086793810129166 182.65162032842636 17.373797014355659 110.22323291003704 430.20352403819561 184.61621509492397 53.446669355034828 296.80955077707767 24.517287999391556 31.373831406235695 17.072254866361618 18.10231725871563 26.105245113372803 55.503351822495461 45.88878758251667
leaf_count=430 589 34 313 1628 329 131 735 88 89 63 52 54 141 89
internal_value=0.0219599 0.0150744 0.0123978 0.00937 0.0282682 0.0255954 0.0232999 0.0295599 0.0344445 0.0243299 0.0168855 0.0230881 0.0363724 0.0361328
internal_weight=1578.97 758.083 642.586 515.29 820.892 578.797 479.461 115.497 242.095 127.295 42.6196 57.4791 72.8771 99.3355
internal_count=4765 2749 2434 2058 2016 1544 1324 315 472 376 140 143 175 220
is_linear=0
shrinkage=0.02


Tree=20
num_leaves=13
num_cat=0
split_feature=0 5 3 13 0 6 5 22 25 17 22 13
split_gain=114.075 101.802 70.1767 45.9118 45.7501 43.1394 38.1236 36.7221 32.2587 27.2122 24.1715 23.1988
threshold=1.0000000180025095e-35 1.0000000180025095e-35 1.5000000000000002 0.59750000000000003 3.5000000000000004 12.258195233239967 1.0000000180025095e-35 0.46199409670295055 2.5000000000000004 389500.00000000006 0.077057003435695423 0.25650000000000006
decision_type=2 2 2 2 2 2 2 2 2 2 2 2
left_child=1 7 3 -3 5 6 -2 11 -9 -4 -7 -1
right_child=4 2 9 -5 -6 10 -8 8 -10 -11 -12 -13
leaf_value=0.020294660888156783 0.025657232264735551 0.0015879593478252195 0.038963816423300608 0.020786517464571285 0.03770913140157954 0.03070125231382952 0.0072633192910444158 0.025553488882899617 -0.0020223173780289502 0.011844025617383874 0.020200252341440149 0.032229534877944208
leaf_weight=155.55022545158863 87.07030762732029 283.5118744969368 37.148947194218636 60.308061122894287 134.31673617660999 340.67127974331379 102.9474965184927 27.328964084386826 39.051114931702614 30.531855091452599 149.6375381052494 151.9582961499691
leaf_count=473 215 1278 83 214 238 770 387 81 163 108 401 385
internal_value=0.0213524 0.0158139 0.00883893 0.00506402 0.0266415 0.0243749 0.0158867 0.0233931 0.00924469 0.0273714 0.0275848 0.0263426
internal_weight=1600.03 785.389 411.501 343.82 814.643 680.327 190.018 373.889 66.3801 67.6808 490.309 307.509
internal_count=4796 2785 1683 1492 2011 1773 602 1102 244 191 1171 858
is_linear=0
shrinkage=0.02


Tree=21
num_leaves=14
num_cat=0
split_feature=0 9 2 0 6 10 9 23 14 11 23 9 14
split_gain=107.601 61.0568 57.7148 42.9256 40.4091 33.5779 31.0598 22.4728 19.5988 17.6338 16.8045 12.9572 2.88573
threshold=1.0000000180025095e-35 0.97450000000000003 1.0000000180025095e-35 3.5000000000000004 12.258195233239967 2.5000000000000004 0.042500000000000003 92500.000000000015 1.0000000180025095e-35 758.50000000000011 26500.000000000004 0.33950000000000008 0.013627581934317302
decision_type=2 2 2 2 2 2 2 2 2 2 2 2 2
left_child=1 2 5 4 6 -1 -2 -6 9 -3 -10 -4 -5
right_child=3 8 11 12 7 -7 -8 -9 10 -11 -12 -13 -14
leaf_value=0.0031645312244499534 0.033235135317739591 0.02736135807545249 0.013008979935417098 0.039247753044068093 0.029767103060746966 0.024853443221747644 0.01146541213709484 0.0196575163100755 0.027020567996404902 0.0116270355174683 0.010971774232013233 0.030897186603367783 0.026979026991088999
leaf_weight=276.42445400357246 32.997557803988457 197.05425776541233 34.096398159861565 101.8668237477541 344.32844838500023 31.487468123435974 158.16264170408249 150.71014629304409 37.469780638813972 41.422335013747215 121.52987802028656 51.196012407541275 33.97187651693821
leaf_count=1221 74 542 121 168 770 105 528 401 103 141 422 130 70
internal_value=0.0207645 0.0153986 0.00967676 0.0258764 0.0236852 0.00552049 0.0154807 0.0267755 0.0209702 0.0247719 0.0150241 0.0242116 0.0365452
internal_weight=1612.72 790.681 393.204 822.037 686.199 307.912 191.16 495.039 397.476 238.477 159 85.2924 135.839
internal_count=4796 2785 1577 2011 1773 1326 602 1171 1208 683 525 251 238
is_linear=0
shrinkage=0.02


Tree=22
num_leaves=14
num_cat=0
split_feature=0 5 2 9 0 6 5 23 25 23 23 20 14
split_gain=101.672 95.148 43.1317 54.0362 40.4682 37.9511 35.7786 33.5389 30.4334 20.9421 17.8221 12.1476 2.49947
threshold=1.0000000180025095e-35 1.0000000180025095e-35 1.0000000180025095e-35 0.97450000000000003 3.5000000000000004 12.258195233239967 1.0000000180025095e-35 118500.00000000001 2.5000000000000004 92500.000000000015 100500.00000000001 0.41902138291226193 0.013627581934317302
decision_type=2 2 2 2 2 2 2 2 2 2 2 2 2
left_child=1 7 3 -3 5 6 -2 10 -9 -7 -1 -4 -6
right_child=4 2 11 -5 12 9 -8 8 -10 -11 -12 -13 -14
leaf_value=0.022825205217553778 0.02447097194399361 -0.0031945972339136454 0.025261004465659594 0.012763394728214748 0.038044546255970306 0.028882269861337049 0.0067621779466431478 0.024457022042300755 -0.0021794392808837516 0.019136295490409124 0.038282948940884944 0.0039360921222177355 0.026261197862145553
leaf_weight=271.57079391181469 88.35439121723175 161.89636196196079 64.862734079360962 173.22831420600414 103.00648751854897 347.77464534342289 103.96120476722717 27.774469628930092 39.191592141985893 151.73545365035534 41.311489641666412 16.021015197038651 34.227156981825829
leaf_count=767 215 814 179 629 168 770 387 81 163 401 91 61 70
internal_value=0.0202016 0.0149984 0.00828307 0.00500813 0.0251482 0.0230253 0.015086 0.0222593 0.00877118 0.0260059 0.0250454 0.021381 0.0354616
internal_weight=1624.92 795.857 416.008 335.125 829.059 691.826 192.316 379.848 66.9661 499.51 312.882 80.8837 137.234
internal_count=4796 2785 1683 1443 2011 1773 602 1102 244 1171 858 240 238
is_linear=0
shrinkage=0.02


Tree=23
num_leaves=13
num_cat=0
split_feature=0 4 13 11 24 0 8 26 11 27 1 11
split_gain=96.2309 62.4961 39.8158 46.1947 41.8018 38.2369 35.6657 33.7728 28.8719 29.4836 20.9947 17.3107
threshold=1.0000000180025095e-35 1.0000000180025095e-35 0.40750000000000003 759.50000000000011 9.0180713227457261 3.5000000000000004 0.033696364886692552 -0.025264546212969748 616.50000000000011 0.19334049503768966 105.00000000000001 585.50000000000011
decision_type=2 2 2 2 2 2 2 2 2 2 2 2
left_child=1 2 4 -4 -1 6 7 -2 11 -10 -8 -3
right_child=5 8 3 -5 -6 -7 10 -9 9 -11 -12 -13
leaf_value=0.020455049887106905 0.026111548437807976 0.017959437515120573 0.023477632520279769 -0.0065705350844380032 0.0037948560630374595 0.03444086315069303 0.023168045212715108 0.0082069910115687046 0.027610073004254831 0.0014807832930118698 0.035037563843197277 -0.012216502588181164
leaf_weight=75.446825534105301 68.003720998764038 14.478769585490229 138.12548398971558 22.38915741443634 312.13839544355869 138.51939170062542 418.86790385842323 125.3625922948122 203.88195604085922 20.771560430526733 84.867325946688652 13.470257237553595
leaf_count=235 179 45 424 99 1242 238 1012 423 592 86 159 62
internal_value=0.0196632 0.0146126 0.010717 0.0191478 0.00713367 0.0244557 0.0223964 0.0147086 0.0229109 0.0253 0.0252729 0.00280542
internal_weight=1636.32 800.702 548.1 160.515 387.585 835.621 697.102 193.366 252.603 224.654 503.735 27.949
internal_count=4796 2785 2000 523 1477 2011 1773 602 785 678 1171 107
is_linear=0
shrinkage=0.02


Tree=24
num_leaves=15
num_cat=0
split_feature=1 4 3 24 11 2 6 11 6 3 11 11 4 14
split_gain=91.3465 58.7344 49.564 49.7136 45.0993 30.8959 36.018 27.0865 22.4803 21.3565 19.5145 16.616 6.45391 5.2009
threshold=1.0000000180025095e-35 1.0000000180025095e-35 1.0000000180025095e-35 9.1643874369521878 759.50000000000011 1.0000000180025095e-35 12.658901491504311 616.50000000000011 11.795099613818341 1.0000000180025095e-35 648.50000000000011 585.50000000000011 1.5000000000000002 -0.064699320430944993
decision_type=2 2 2 2 2 2 2 2 2 2 2 2 2 2
left_child=1 2 4 -4 -1 6 9 11 -9 -2 -8 -3 13 -7
right_child=5 7 3 -5 -6 12 10 8 -10 -11 -12 -13 -14 -15
leaf_value=0.0093255072797251166 0.011280203329506792 0.01749592273117162 0.036803257005899447 0.012373410046539187 -0.0092375098900972126 0.017928174545320443 0.03266690670104555 0.0097896323003430642 0.027501624078705534 0.02406726152095974 0.022329247033442811 -0.012051559916694099 0.041397409177557243 0.031477174880859271
leaf_weight=314.21856597065926 174.82840058207512 14.590449497103693 47.421107947826385 128.13908787071705 60.898837774991989 27.836867824196815 124.45754636824131 40.025012776255608 187.11765317618847 84.486328184604645 300.61015632748604 13.3959634155035 39.077481925487518 90.604641392827034
leaf_count=1169 547 45 105 444 282 67 235 158 520 217 710 62 58 177
internal_value=0.0191396 0.0142316 0.0104549 0.0192566 0.00624215 0.0237909 0.0217891 0.0222327 0.0245248 0.0155996 0.0254726 0.00273492 0.03217 0.028637
internal_weight=1647.71 805.807 550.678 175.56 375.117 841.901 684.382 255.129 227.143 259.315 425.068 27.9864 157.519 118.442
internal_count=4796 2785 2000 549 1451 2011 1709 785 678 764 945 107 302 244
is_linear=0
shrinkage=0.02


Tree=25
num_leaves=15
num_cat=0
split_feature=2 0 9 0 12 8 11 24 0 24 13 12 13 13
split_gain=102.87 96.413 80.7849 44.9294 25.1733 21.1582 17.1647 9.58657 12.5613 25.8268 3.66287 3.37015 3.06722 6.67977
threshold=1.0000000180025095e-35 1.0000000180025095e-35 0.83350000000000002 3.5000000000000004 13.500000000000002 0.29039325752850681 784.50000000000011 9.7671481279758705 1.0000000180025095e-35 10.216506699299684 0.15150000000000002 5.5000000000000009 0.57850000000000013 0.23450000000000001
decision_type=2 2 2 2 2 2 2 2 2 2 2 2 2 2
left_child=1 2 6 4 -3 -4 -1 12 9 -9 -5 -10 13 -2
right_child=7 3 5 10 -6 -7 -8 8 11 -11 -12 -13 -14 -15
leaf_value=0.0030655397373502242 0.033593122691786832 0.01907508234312472 0.016704818936162772 0.023733534388340277 0.0028718765727455916 -0.0052969287764571349 -0.01199679026204281 0 0.032959445302180188 0.024325120345424351 0.035326103832304577 0.020076975913394034 0.041654335252643143 0.019808275346059397
leaf_weight=243.08465658128262 73.60219644010067 499.34966289997101 341.05439908802509 41.464072272181511 45.152366563677788 16.553422167897224 33.284066647291183 24.535968616604805 64.56015756726265 60.716158628463745 78.330102041363716 28.435924306511879 29.636011347174644 35.968215107917786
leaf_count=1057 150 1311 1070 84 150 68 171 91 116 166 125 67 48 90
internal_value=0.0175627 0.0150122 0.00935142 0.0203624 0.0177758 0.0156187 0.00114271 0.0278509 0.0239596 0.0174246 0.0317089 0.0294886 0.0324844 0.029469
internal_weight=1615.73 1298.27 633.977 664.296 544.502 357.608 276.369 317.455 178.248 85.2521 119.794 92.9961 139.206 109.57
internal_count=4764 4036 2366 1670 1461 1138 1228 728 440 257 209 183 288 240
is_linear=0
shrinkage=0.02


Tree=26
num_leaves=13
num_cat=0
split_feature=1 5 9 5 6 22 6 11 9 9 22 11
split_gain=93.3024 58.9255 40.4891 39.9779 28.025 25.8501 24.5631 24.4527 21.6264 14.3855 11.7385 8.06854
threshold=45.000000000000007 1.0000000180025095e-35 0.59250000000000014 3.5000000000000004 12.658901491504311 0.56563100642875008 12.461299945260167 820.50000000000011 0.34550000000000003 0.84250000000000014 -0.42632227237533032 651.50000000000011
decision_type=2 2 2 2 2 2 2 2 2 2 2 2
left_child=1 7 8 4 6 -4 -2 9 -3 -1 -5 -6
right_child=3 2 5 10 11 -7 -8 -9 -10 -11 -12 -13
leaf_value=0.015635826886424585 0.022122308997929364 0.0065402624122140457 0.010921807212462447 0.016557700467813387 0.036781674908390329 0.025412594301330201 0 -0.001617794067289353 -0.007249132808979486 0.023259437792880575 -0.0010653897211326904 0.02726373177077657
leaf_weight=220.72266109287739 163.4381707161665 149.19582089781761 333.2344953417778 27.328045442700386 83.217887818813324 61.424610912799835 20.884621843695641 20.318001940846443 63.302625879645348 257.50855284929276 28.003628075122833 196.35156221687794
leaf_count=680 408 618 1118 72 131 175 70 78 292 624 97 401
internal_value=0.0171181 0.0137689 0.0094926 0.0241719 0.0261064 0.0132862 0.0195251 0.0189072 0.00232405 0.0198225 0.00742295 0.0302892
internal_weight=1624.93 1105.71 607.158 519.224 463.892 394.659 184.323 498.549 212.498 478.231 55.3317 279.569
internal_count=4764 3585 2203 1179 1010 1293 478 1382 910 1304 169 532
is_linear=0
shrinkage=0.02


Tree=27
num_leaves=13
num_cat=0
split_feature=2 0 9 0 1 3 7 3 9 13 13 13
split_gain=97.247 89.0215 74.476 42.777 31.7608 29.8352 19.9727 16.5979 12.5362 20.7799 9.71256 3.41136
threshold=1.0000000180025095e-35 1.0000000180025095e-35 0.83350000000000002 3.5000000000000004 105.00000000000001 1.0000000180025095e-35 1815800.0000000002 1.5000000000000002 0.18750000000000003 0.23450000000000001 0.29650000000000004 0.15150000000000002
decision_type=2 2 2 2 2 2 2 2 2 2 2 2
left_child=1 2 5 4 -3 -1 -4 8 9 -2 -10 -5
right_child=7 3 6 11 -6 -7 -8 -9 10 -11 -12 -13
leaf_value=-0.0032653936564141645 0.023299698623261988 0.014324039688395702 0.015808870597881667 0.022647503769137538 0.026925694326199196 0.010979610539704423 -0.0054962091076890974 0.03909844533146712 0.021907850785490856 -0.0067953926056256797 0.031636506243517833 0.033801587880708701
leaf_weight=195.19279785454273 22.382834047079086 445.4452985227108 345.71794800460339 41.86639592051506 105.52395462989807 82.613410592079163 16.633142024278641 44.350456476211548 141.50995478034019 13.133156418800352 100.33253994584084 79.289790779352188
leaf_count=913 57 1232 1070 84 229 315 68 73 345 53 200 125
internal_value=0.0166847 0.014216 0.00879924 0.0193246 0.0168182 0.000923207 0.0147634 0.0266178 0.024417 0.0117421 0.02614 0.0303279
internal_weight=1633.99 1312.28 640.157 672.125 550.969 277.806 362.351 321.709 277.358 35.516 241.842 121.156
internal_count=4764 4036 2366 1670 1461 1228 1138 728 655 110 545 209
is_linear=0
shrinkage=0.02


Tree=28
num_leaves=12
num_cat=0
split_feature=2 1 5 3 5 6 11 3 3 4 24
split_gain=91.9238 84.749 49.5875 58.8045 31.8601 33.1288 24.8485 16.6734 15.4831 21.0429 13.5625
threshold=1.0000000180025095e-35 1.0000000180025095e-35 1.0000000180025095e-35 1.5000000000000002 3.5000000000000004 12.658901491504311 690.50000000000011 1.0000000180025095e-35 1.5000000000000002 1.5000000000000002 9.906031197669785
decision_type=2 2 2 2 2 2 2 2 2 2 2
left_child=1 2 6 -4 5 -3 -1 -6 9 10 -2
right_child=8 4 3 -5 7 -7 -8 -9 -10 -11 -12
leaf_value=0.020920889405719924 0.025800980272735738 0.014228741679151011 -0.00018140586131071019 0.021863027390019055 0.00025696946110816474 0.02428157635481339 0.0088555173116340279 0.021655565431760164 0.037913074510471427 0.034859602934772513 0.01482765204015944
leaf_weight=138.26085337996483 109.01051504909992 234.68363530933857 291.75588236749172 56.621897742152214 56.890881553292274 364.56695091724396 155.7697319239378 19.559451386332512 44.848439231514931 60.289574041962624 110.0814266204834
leaf_count=384 241 664 1306 159 189 769 517 48 73 109 305
internal_value=0.016271 0.0138719 0.0085924 0.00339656 0.0188416 0.0204082 0.0146484 0.00619885 0.0258901 0.0237604 0.0204708
internal_weight=1642.34 1318.11 642.408 348.378 675.701 599.251 294.031 76.4503 324.23 279.382 219.092
internal_count=4764 4036 2366 1465 1670 1433 901 237 728 655 546
is_linear=0
shrinkage=0.02


Tree=29
num_leaves=11
num_cat=0
split_feature=2 0 5 3 1 3 4 6 11 0
split_gain=87.0085 81.8848 75.3195 51.2994 19.0124 14.482 19.7423 12.84 10.6747 18.7462
threshold=1.0000000180025095e-35 2.5000000000000004 1.0000000180025095e-35 1.5000000000000002 75.000000000000014 1.5000000000000002 1.5000000000000002 12.860221654380178 612.50000000000011 3.5000000000000004
decision_type=2 2 2 2 2 2 2 2 2 2
left_child=1 2 4 -4 -1 6 7 -2 -3 -10
right_child=5 8 3 -5 -6 -7 -8 -9 9 -11
leaf_value=0.015260948539251506 0.01447688773519302 0.035693368638101998 0.0041076082715140877 0.020545082461392413 0.026659337968587115 0.036799877962245001 0.033850612662128049 0.025141954664858406 0.013132005354109785 0.027820723398090382
leaf_weight=422.8980166465044 111.13415881991386 39.547507792711258 524.19948038458824 89.327819436788559 77.21919846534729 45.306491076946259 60.868698120117188 109.29046255350113 66.805350050330162 103.61801044642925
leaf_count=1210 311 55 2024 245 154 73 109 235 165 183
internal_value=0.0158734 0.0135403 0.0113287 0.00656294 0.0171105 0.0251973 0.023134 0.0199448 0.0250662 0.0222897
internal_weight=1650.22 1323.62 1113.64 613.527 500.117 326.6 281.293 220.425 209.971 170.423
internal_count=4764 4036 3633 2269 1364 728 655 546 403 348
is_linear=0
shrinkage=0.02


Tree=30
num_leaves=15
num_cat=0
split_feature=0 5 6 22 24 4 5 0 2 22 22 11 22 6
split_gain=105.537 69.2293 57.1705 37.8344 33.4504 29.926 41.6912 40.3262 20.699 19.4503 12.2273 9.58593 8.72189 2.71889
threshold=1.0000000180025095e-35 1.0000000180025095e-35 13.356646242888241 -0.72242772873475725 11.075210588033348 1.5000000000000002 1.0000000180025095e-35 3.5000000000000004 1.0000000180025095e-35 -0.3226853626495309 0.5360204607928073 721.50000000000011 0.077057003435695423 13.213393464224175
decision_type=2 2 2 2 2 2 2 2 2 2 2 2 2 2
left_child=1 4 3 -3 8 6 11 -8 -1 -4 -6 -2 13 -7
right_child=5 2 9 -5 10 12 7 -9 -10 -11 -12 -13 -14 -15
leaf_value=0.016291413221037537 0.027415274411765448 0.011724326461761017 0.006682106265673793 -0.0036803210574608732 0.0077521063670849604 0.035078451995005304 0.011533670502523108 0.028302837185398073 0.028841359444058218 0.022301324621276989 -0.017632492793049691 0.018363136292183092 0.019448330778515897 0.023591720675944453
leaf_weight=265.79518161714077 216.48819650709629 88.77036264538765 59.860329240560532 217.70990340411663 15.958124577999117 88.44443279504776 325.48390193283558 72.830732464790344 76.017940506339073 84.43594616651535 12.17503200471401 94.427536204457283 45.246739968657494 35.04884460568428
leaf_count=776 407 324 213 989 51 153 934 126 161 248 57 214 103 70
internal_value=0.0162876 0.0110579 0.00570987 0.000740127 0.0174875 0.0211355 0.019191 0.0147132 0.0192168 0.01605 -0.0027751 0.0247979 0.0290294 0.0321947
internal_weight=1698.69 820.723 450.777 306.48 369.946 877.97 709.23 398.315 341.813 144.296 28.1332 310.916 168.74 123.493
internal_count=4826 2819 1774 1313 1045 2007 1681 1060 937 461 108 621 326 223
is_linear=0
shrinkage=0.02


Tree=31
num_leaves=15
num_cat=0
split_feature=0 5 9 3 23 4 5 0 23 20 11 23 1 13
split_gain=100.597 65.7172 67.8346 41.3743 30.0274 28.2462 39.5896 38.4516 19.4892 34.6449 9.00511 8.11866 9.08505 1.47841
threshold=1.0000000180025095e-35 1.0000000180025095e-35 0.7915000000000002 1.0000000180025095e-35 123500.00000000001 1.5000000000000002 1.0000000180025095e-35 3.5000000000000004 22500.000000000004 -0.7593763031533175 721.50000000000011 92500.000000000015 75.000000000000014 0.28050000000000008
decision_type=2 2 2 2 2 2 2 2 2 2 2 2 2 2
left_child=1 8 3 -3 -4 6 10 -8 -1 -10 -2 12 -7 -13
right_child=5 2 4 -5 -6 11 7 -9 9 -11 -12 13 -14 -15
leaf_value=0.029023477221924096 0.026712934952800443 -0.009937114145077702 0.0093859330052930377 0.0095811993126020695 0.029782112869234996 0.024738325580674535 0.011262639535323967 0.02760561141394131 -0.0028421450347785268 0.017350405555674235 0.01792395665725225 0.012709007550413621 0.038401075079995427 0.024649055820912525
leaf_weight=50.716584175825119 217.74975042045116 128.27614133059978 225.73243674635887 63.692764595150948 34.107577562332153 68.302457183599472 326.66218200325966 73.198233991861343 36.389676988124847 285.05044212937355 94.8267991989851 24.804827779531479 56.151866316795349 20.65708039700985
leaf_count=106 407 663 777 244 90 139 934 126 128 811 214 63 84 40
internal_value=0.0158947 0.0107964 0.00558486 -0.00334146 0.0122438 0.0206153 0.0187258 0.0143657 0.0170379 0.0150007 0.0241761 0.0282647 0.0313191 0.0189786
internal_weight=1706.32 823.966 451.809 191.969 259.84 882.353 712.437 399.86 372.157 321.44 312.577 169.916 124.454 45.4619
internal_count=4826 2819 1774 907 867 2007 1681 1060 1045 939 621 326 223 103
is_linear=0
shrinkage=0.02


Tree=32
num_leaves=15
num_cat=0
split_feature=5 4 6 2 11 27 19 17 27 2 15 22 6 13
split_gain=80.4456 79.056 51.5169 38.9084 19.027 18.6241 13.8116 28.2743 27.6409 11.9313 13.4203 9.3813 13.8793 4.9381
threshold=1.0000000180025095e-35 1.5000000000000002 13.241658060218873 1.5000000000000002 721.50000000000011 0.19005922201075573 1.0000000180025095e-35 441500.00000000006 0.19140056168389352 1.0000000180025095e-35 1.0000000180025095e-35 -0.44112754519330172 13.29101018942942 0.31750000000000006
decision_type=2 2 2 2 2 2 2 2 2 2 2 2 2 2
left_child=4 2 3 -2 9 -4 8 -8 -6 10 -1 -3 -13 -11
right_child=1 11 5 -5 6 -7 7 -9 -10 13 -12 12 -14 -15
leaf_value=0.019172999968699346 0.0031494090933902575 0.029612105542707039 0.018973886420125537 0.023384637861390282 0.022200032766223756 0.0073185889929501518 0.015999998038966817 -0.016069936783359547 0.0045782138995671476 0.033021916866596661 0.031276123666632613 0.011860016889498986 0.029739700897544442 0.02032759103282614
leaf_weight=348.21734203398228 457.64961905777454 80.342362552881241 203.09140686690807 41.079483941197395 148.32847999036312 86.396737068891525 31.21818171441555 15.300902813673018 51.59339065849781 74.183588236570358 51.019517242908478 58.496146336197853 30.748596787452698 35.821111276745796
leaf_count=839 1717 172 532 94 343 274 81 64 160 126 98 186 61 79
internal_value=0.0155161 0.0115968 0.0088702 0.00489963 0.0204354 0.0156014 0.0154761 0.00491458 0.0177974 0.0227612 0.0208439 0.0240261 0.0185032 0.0292888
internal_weight=1713.49 957.804 788.217 498.729 755.683 289.488 246.441 46.5191 199.922 509.242 399.237 169.587 89.2447 110.005
internal_count=4826 3036 2617 1811 1790 806 648 145 503 1142 937 419 247 205
is_linear=0
shrinkage=0.02


Tree=33
num_leaves=15
num_cat=0
split_feature=5 4 9 3 13 3 2 9 6 26 27 9 4 9
split_gain=76.4512 75.0348 64.6851 33.12 31.4113 21.9543 25.2247 15.1777 14.327 13.4376 19.6581 10.1942 7.61334 3.87237
threshold=1.0000000180025095e-35 1.5000000000000002 0.50850000000000006 1.0000000180025095e-35 0.38750000000000007 1.0000000180025095e-35 1.0000000180025095e-35 1.3965000000000003 12.64642536159065 0.0070746139465644505 0.18673928896991795 0.13050000000000003 2.5000000000000004 0.39950000000000008
decision_type=2 2 2 2 2 2 2 2 2 2 2 2 2 2
left_child=5 2 4 -4 -2 6 8 11 -1 12 -11 -7 -3 -8
right_child=1 9 3 -5 -6 7 13 -9 -10 10 -12 -13 -14 -15
leaf_value=0.010051825507487365 -0.0043878053085625495 0.020505897887118568 0.0090260234053672408 0.019878989455411101 0.011339873674815471 0.031658474899165075 0.016929507240637468 0.032849128328011255 0.018128131645889493 0.0041951195880036273 0.024881957741766429 0.01700235785013475 0.035490163313258369 0.028878665307719084
leaf_weight=162.12570844590664 175.24342857301235 40.208391129970551 373.59078912436962 171.3345313668251 70.328416794538498 31.284713104367256 29.972488567233086 83.599288448691368 261.36463010311127 34.446523010730743 47.814827725291252 105.57499344646931 48.313758030533791 85.713453933596611
leaf_count=483 744 103 1186 437 250 61 74 140 618 110 111 260 95 154
internal_value=0.015145 0.0113282 0.0086702 0.0125052 6.29974e-05 0.0199275 0.017558 0.0255267 0.0151143 0.0233927 0.0166141 0.020703 0.0292125 0.0261258
internal_weight=1720.92 961.281 790.497 544.925 245.572 759.635 539.176 220.459 423.49 170.783 82.2614 136.86 88.5221 115.686
internal_count=4826 3036 2617 1623 994 1790 1329 461 1101 419 221 321 198 228
is_linear=0
shrinkage=0.02


Tree=34
num_leaves=13
num_cat=0
split_feature=0 9 2 27 2 4 7 4 7 12 17 9
split_gain=96.4919 58.4202 37.8037 28.5011 27.489 24.7647 32.7201 19.1601 21.0597 16.1105 10.2115 7.1662
threshold=1.0000000180025095e-35 0.45250000000000007 1.0000000180025095e-35 0.19405232375496628 1.5000000000000002 1.5000000000000002 368100.00000000006 1.5000000000000002 108050.00000000001 3.5000000000000004 416500.00000000006 2.0765000000000007
decision_type=2 2 2 2 2 2 2 2 2 2 2 2
left_child=1 7 3 -3 5 6 -2 8 -1 -9 -4 -7
right_child=4 2 10 -5 -6 11 -8 9 -10 -11 -12 -13
leaf_value=0.0049006271310359194 0.011607520607577705 0.011530869644111439 0.016404205198772944 -0.010833029120501712 0.032101763438605664 0.028141348186180234 0.020763510120976908 0.024476339115542946 -0.0081763866146700899 0 0.029478989232110155 0.014658085447806548
leaf_weight=101.31388920545578 317.43011520802975 452.63042822480202 67.121556356549263 22.31771719455719 67.863145813345909 125.4738390147686 351.02194103598595 22.6390071362257 92.901763692498207 16.836867317557335 60.24042321741581 30.181929260492325
leaf_count=421 868 1454 166 98 104 233 734 66 420 72 122 68
internal_value=0.0147866 0.00983687 0.0131291 0.0104174 0.0193872 0.0182783 0.0164693 0.00124647 -0.00126207 0.0138085 0.0229257 0.0257648
internal_weight=1727.97 836.002 602.31 474.948 891.971 824.108 668.452 233.692 194.216 39.4759 127.362 155.656
internal_count=4826 2819 1840 1552 2007 1903 1602 979 841 138 288 301
is_linear=0
shrinkage=0.02


Tree=35
num_leaves=14
num_cat=0
split_feature=1 9 15 11 12 14 17 22 4 19 11 27 9
split_gain=74.7147 59.8183 37.1902 29.9443 22.1683 16.5013 15.6485 15.24 14.5625 11.3576 15.9791 7.5321 7.29541
threshold=45.000000000000007 0.85350000000000004 1.0000000180025095e-35 818.50000000000011 1.5000000000000002 0.12797823308432582 563500.00000000012 0.72848900742643485 1.0000000180025095e-35 1.0000000180025095e-35 655.50000000000011 0.19185465140429267 0.26950000000000007
decision_type=2 2 2 2 2 2 2 2 2 2 2 2 2
left_child=1 2 3 -1 8 9 -7 -6 -3 12 -11 -4 -2
right_child=5 4 11 -5 7 6 -8 -9 -10 10 -12 -13 -14
leaf_value=0.0051075169059377054 0.015718449361910591 0.016098563064913453 0.025009468241042825 -0.017998470665405195 0.011003455416487997 0.01542265409951878 -0.0070528307121342391 0.023260801322619283 0.0285037915068907 0.024595544833779064 0.0077161467736452582 0.0074965274888208104 0.024377745023798567
leaf_weight=446.68992948532104 69.929185315966606 122.77729088068008 44.337186813354492 22.32337050139904 391.9857624322176 41.238213285803795 15.447015494108198 49.713304311037064 72.410243645310402 39.906076669692993 64.467343419790268 18.71234904229641 319.81375332176685
leaf_count=1633 180 309 118 110 1137 98 55 118 146 76 173 66 621
internal_value=0.0138891 0.0109726 0.00594382 0.00392925 0.0151264 0.0200114 0.00893517 0.0124776 0.0209244 0.021221 0.0145318 0.0203223 0.0229194
internal_weight=1719.75 1168.95 532.063 469.013 636.887 550.802 56.6852 441.699 195.188 494.116 104.373 63.0495 389.743
internal_count=4840 3637 1927 1743 1710 1203 153 1255 455 1050 249 184 801
is_linear=0
shrinkage=0.02


Tree=36
num_leaves=15
num_cat=0
split_feature=5 20 7 5 24 10 16 4 16 17 27 20 10 24
split_gain=78.1132 25.9376 23.3863 21.8282 21.4474 21.0108 22.7873 21.0924 15.7256 28.3041 22.0236 12.9993 9.55629 12.0447
threshold=1.0000000180025095e-35 0.58736390949305917 364100.00000000006 2.5000000000000004 10.622569733360747 1.5000000000000002 0.18360511595672871 3.5000000000000004 0.18373995243587457 699500.00000000012 0.19548378885620968 1.6535332445047739 2.5000000000000004 11.037321863309979
decision_type=2 2 2 2 2 2 2 2 2 2 2 2 2 2
left_child=8 5 4 -4 -3 7 -7 -2 12 10 -10 -11 13 -1
right_child=1 2 3 -5 -6 6 -8 -9 9 11 -12 -13 -14 -15
leaf_value=0.018719655877297858 0.0081557324343060449 -0.018048311495855479 0.016480061132741874 -0.0043557683781046868 0.0027902068743038046 0.025204209130618983 0.011285224259979593 0.02599427599498259 0.018451310709072619 -0.010257974112243233 -0.0015102658270654849 0.01162750489999119 0.035627304183119983 0.032296891728588718
leaf_weight=228.97594355046749 550.31115779280663 31.252032071352005 58.395621672272682 27.897733792662621 47.188614442944527 81.250880151987076 139.37942542135715 28.403474479913712 407.49071417748928 21.895811304450035 21.273001924157143 19.639848351478577 25.037426799535751 37.488287255167961
leaf_count=533 1753 152 155 103 181 198 430 63 959 80 70 54 40 69
internal_value=0.0135665 0.00972281 0.00232501 0.00954221 -0.00538312 0.0112176 0.016592 0.00910908 0.0183855 0.0158894 0.0174132 0 0.022276 0.0208182
internal_weight=1725.88 964.079 164.734 86.2934 78.4406 799.345 220.63 578.715 761.801 470.299 428.764 41.5357 291.502 266.464
internal_count=4840 3035 591 258 333 2444 628 1816 1805 1163 1029 134 642 602
is_linear=0
shrinkage=0.02


Tree=37
num_leaves=15
num_cat=0
split_feature=5 2 3 10 3 27 23 7 26 11 23 13 24 13
split_gain=74.4165 60.194 46.4052 42.2568 23.6413 30.5366 27.1295 19.7451 17.7772 13.6308 12.9014 12.5103 9.49213 19.1147
threshold=1.0000000180025095e-35 1.0000000180025095e-35 1.0000000180025095e-35 1.5000000000000002 1.0000000180025095e-35 0.19328664151774191 103500.00000000001 77550.000000000015 -0.067468935754904036 700.50000000000011 64500.000000000007 0.46050000000000008 9.0882697696663737 0.32550000000000007
decision_type=2 2 2 2 2 2 2 2 2 2 2 2 2 2
left_child=4 2 3 -2 5 7 -7 -1 -4 11 -11 -3 -6 -14
right_child=1 9 8 -5 12 6 -8 -9 -10 10 -12 -13 13 -15
leaf_value=0.0043634608221726472 0 0.0080867456946669847 0.026756132610045422 0.012158531140177647 0.033016870760156809 0.0092657269428605901 -0.021042427606344671 0.018701867479686593 0.011586295136275427 0.011297585033365139 0.02944967062382392 0.025476957327416106 0.025020762115203213 0.0089942590071032426
leaf_weight=47.080989941954613 377.86401136219501 67.201162129640579 40.664101228117943 162.74995489418507 45.24404188990593 54.734337210655212 13.81023497879505 428.14321713149548 192.67030480504036 27.283793672919273 73.558555081486702 25.030329078435898 129.84767520427704 46.257093906402588
leaf_count=153 1399 187 96 511 70 150 60 981 579 70 143 50 265 126
internal_value=0.0132498 0.0095015 0.00695234 0.00367238 0.0179426 0.0155302 0.00265694 0.0173355 0.0144182 0.0195285 0.024894 0.0132434 0.0236825 0.0209986
internal_weight=1732.14 967.022 773.948 540.614 765.118 543.769 68.5446 475.224 233.334 193.074 100.842 92.2315 221.349 176.105
internal_count=4840 3035 2585 1910 1805 1344 210 1134 675 450 213 237 461 391
is_linear=0
shrinkage=0.02


Tree=38
num_leaves=14
num_cat=0
split_feature=1 5 2 3 14 24 26 17 23 4 25 3 4
split_gain=72.1882 73.4681 59.9113 64.732 15.7509 15.7015 19.8873 14.6388 14.0019 12.4778 10.6288 9.22231 3.07554
threshold=45.000000000000007 1.0000000180025095e-35 1.0000000180025095e-35 1.5000000000000002 0.12797823308432582 9.9641564641556268 0.014316328915725301 563500.00000000012 63500.000000000007 2.5000000000000004 3.5000000000000004 1.0000000180025095e-35 1.0000000180025095e-35
decision_type=2 2 2 2 2 2 2 2 2 2 2 2 2
left_child=1 5 3 -3 10 9 -7 -6 -4 -1 11 -2 -12
right_child=4 2 8 -5 7 6 -8 -9 -10 -11 12 -13 -14
leaf_value=0.017283600748782286 0.019401817414171935 -0.00074090576890076384 0.0078667312865983979 0.018484416269450507 0.014427644561443796 0.0063427902695468328 0.018497125779494316 -0.0072657563811519381 0.022325816761071531 0.033408922830545223 0.010267183163334441 0.027322177358628012 0.019261152446617951
leaf_weight=273.35709492862225 282.43651895225048 430.66698735952377 48.382958486676216 82.283936202526093 41.612406313419342 140.28354407846928 96.838585957884789 15.48119208216667 86.026903510093689 24.610081225633621 69.362208038568497 110.73031401634216 35.759894594550133
leaf_count=660 603 1716 137 217 98 422 245 55 199 41 173 198 76
internal_value=0.0129465 0.0101013 0.00550783 0.00233413 0.0189391 0.0156007 0.0114473 0.00817729 0.0173653 0.0187896 0.0201133 0.0217469 0.0136678
internal_weight=1737.83 1182.45 647.361 512.951 555.383 535.089 237.122 57.0936 134.41 297.967 498.289 393.167 105.122
internal_count=4840 3637 2269 1933 1203 1368 667 153 336 701 1050 801 249
is_linear=0
shrinkage=0.02


Tree=39
num_leaves=15
num_cat=0
split_feature=1 2 9 0 15 4 27 4 6 24 27 27 22 26
split_gain=68.9634 61.8304 63.8362 31.1843 26.8661 21.6135 16.4992 15.8463 10.8708 21.9495 6.72776 5.55141 5.21389 4.6731
threshold=45.000000000000007 1.0000000180025095e-35 0.85350000000000004 2.5000000000000004 1.0000000180025095e-35 1.5000000000000002 0.19288890078608964 3.5000000000000004 13.546258927824395 10.649012984391652 0.18407325585217613 0.18784429604818401 -0.82606463846055667 0.035423488896213405
decision_type=2 2 2 2 2 2 2 2 2 2 2 2 2 2
left_child=1 2 4 5 -1 6 -2 -4 9 -3 -10 -7 -5 -14
right_child=3 8 7 12 -6 11 -8 -9 10 -11 -12 -13 13 -15
leaf_value=-1.3132612905459482e-05 0.014629956910737013 0.018985809951869218 0.011389796471757719 0.014639439090977351 0.015632084314539968 0.017176374592138496 0.0022200102717860846 0.02917516749968441 0.035599262280860557 -0.0002218670735055368 0.01857557029232404 0.030708086927701338 0.029402373774564974 0.017479614751536653
leaf_weight=378.33338376879692 238.27483549714088 150.9293866455555 499.98372632265091 27.058289065957069 48.297972396016121 40.284176915884018 57.50037445127964 22.067665949463844 27.193913772702217 25.763073578476906 33.033073276281357 40.166744723916054 122.16088205575943 31.805889904499054
leaf_count=1490 581 355 1407 56 152 86 168 40 39 83 71 67 184 61
internal_value=0.0126549 0.00987625 0.00754437 0.0185027 0.00174367 0.0150141 0.0123004 0.0122342 0.0190587 0.0160871 0.0270447 0.024472 0.0255207 0.0271972
internal_weight=1742.85 1185.6 948.683 557.251 426.631 376.226 295.775 522.051 236.919 176.692 60.227 80.4509 181.025 153.967
internal_count=4840 3637 3089 1203 1642 902 749 1447 548 438 110 153 301 245
is_linear=0
shrinkage=0.02


Tree=40
num_leaves=11
num_cat=0
split_feature=2 3 1 9 24 1 27 16 11 9
split_gain=71.6027 70.0352 61.5347 47.9377 26.9519 17.4375 12.84 8.27152 5.78646 1.21576
threshold=1.5000000000000002 1.0000000180025095e-35 105.00000000000001 0.75250000000000006 9.1643874369521878 1.0000000180025095e-35 0.18336523571818647 0.18632254174799392 651.50000000000011 0.8005000000000001
decision_type=2 2 2 2 2 2 2 2 2 2
left_child=1 2 3 -1 6 -6 -3 -2 -4 -9
right_child=7 4 8 -5 5 -7 -8 9 -10 -11
leaf_value=0.0020841129876525118 0.032196083401758793 0.034322370498147813 0.032410066803334976 0.01089732925023992 0.010384367338315348 0.019693949683880368 0.019020877313403312 0.024676859532511169 0.019197858481144033 0.015059634935143411
leaf_weight=433.65156148374081 69.307417303323746 54.471649497747421 30.267791822552681 594.38798736035824 183.06497637927532 175.0550808608532 61.661851063370705 34.392001837491989 70.66317318379879 36.595989167690277
leaf_count=1564 110 93 43 1616 568 365 139 70 151 81
internal_value=0.0127031 0.0114682 0.008711 0.00720478 0.0179576 0.0150329 0.0266004 0.0264918 0.0236353 0.0202748
internal_weight=1743.52 1603.22 1128.97 1028.04 474.254 358.12 116.134 140.295 100.931 70.988
internal_count=4800 4539 3374 3180 1165 933 232 261 194 151
is_linear=0
shrinkage=0.02


Tree=41
num_leaves=14
num_cat=0
split_feature=0 3 7 24 7 4 26 27 26 7 18 18 14
split_gain=71.9068 66.9427 57.2773 33.2196 26.2659 18.996 16.6317 15.098 14.4807 11.5357 8.56989 28.3157 8.42781
threshold=1.5000000000000002 1.0000000180025095e-35 335850.00000000006 9.1643874369521878 24550.000000000004 1.0000000180025095e-35 -0.10932354321400588 0.18336523571818647 0.014316328915725301 22700.000000000004 0.51095650353268673 0.12274555152880871 0.092471305313124114
decision_type=2 2 2 2 2 2 2 2 2 2 2 2 2
left_child=1 2 4 7 -1 -4 -5 -3 9 -2 11 -10 -11
right_child=8 3 5 6 -6 -7 -8 -9 10 12 -12 -13 -14
leaf_value=-0.018759368085958406 0.035068525454514957 0.034950595402745699 0.0082701829001588303 0.030740695946949455 0.0021014653637135387 0.016753584402156109 0.011506874738823277 0.017811114493698359 0.010027058371989027 0.021538301172309812 0.0029406398062399347 0.032703073536046789 0.0098141175632309851
leaf_weight=24.972940564155579 28.39513598382473 51.252123579382896 361.68391527235508 20.459118515253067 331.63616169989109 163.84310898184776 263.2378002256155 52.956010296940804 95.890679270029068 256.60233725607395 29.863813653588295 30.427691087126732 37.253758251667023
leaf_count=127 41 85 1074 40 1221 409 750 122 225 490 80 45 91
internal_value=0.0124181 0.00988201 0.006786 0.0168357 0.000536305 0.0109798 0.0130673 0.0266829 0.0190739 0.0216382 0.0135516 0.0158603 0.0201581
internal_weight=1748.47 1270.04 882.136 387.905 356.609 525.527 283.697 104.208 478.433 322.251 156.182 126.318 293.856
internal_count=4800 3828 2831 997 1348 1483 790 207 972 622 350 270 581
is_linear=0
shrinkage=0.02


Tree=42
num_leaves=10
num_cat=0
split_feature=2 3 1 5 24 26 27 16 17
split_gain=68.5311 64.1454 58.0676 49.7458 24.3291 24.1373 11.2388 7.66205 3.88292
threshold=1.5000000000000002 1.0000000180025095e-35 105.00000000000001 1.0000000180025095e-35 9.1643874369521878 -0.025264546212969748 0.18336523571818647 0.18632254174799392 327500.00000000006
decision_type=2 2 2 2 2 2 2 2 2
left_child=1 2 3 -1 6 -6 -3 -2 -4
right_child=7 4 8 -5 5 -7 -8 -9 -10
leaf_value=0.011750367706844629 0.031080058142540123 0.032500938018979721 0.013161832488432716 0.0028537533903764613 0.021972726471436967 0.010523147000799078 0.018150642411593726 0.019585612734125606 0.025461910199468637
leaf_weight=459.19384850561619 69.800725013017654 55.315678432583809 25.242852792143822 573.10651905834675 116.90830373764038 243.7070164680481 62.142669007182121 71.374144122004509 76.252767205238342
leaf_count=1182 110 93 58 1998 265 668 139 151 136
internal_value=0.0121425 0.0109373 0.00829948 0.00683809 0.0171211 0.0143408 0.0252949 0.0255881 0.0227562
internal_weight=1753.04 1611.87 1133.8 1032.3 478.074 360.615 117.458 141.175 101.496
internal_count=4800 4539 3374 3180 1165 933 232 261 194
is_linear=0
shrinkage=0.02


Tree=43
num_leaves=15
num_cat=0
split_feature=0 5 4 6 24 17 6 11 19 4 0 14 17 6
split_gain=69.0891 46.8548 41.2011 43.1751 28.9699 17.8222 15.8041 12.109 14.8468 10.2473 7.36685 12.3819 5.2545 4.85031
threshold=1.5000000000000002 1.0000000180025095e-35 1.5000000000000002 12.556204716065968 9.9257840713316536 429500.00000000006 11.569787612286531 736.50000000000011 1.0000000180025095e-35 3.5000000000000004 2.5000000000000004 -0.09667983533581874 624500.00000000012 13.223747794783449
decision_type=2 2 2 2 2 2 2 2 2 2 2 2 2 2
left_child=1 4 3 -3 6 -6 -1 10 13 -4 11 -2 -12 -9
right_child=7 2 9 -5 5 -7 -8 8 -10 -11 12 -13 -14 -15
leaf_value=0.0056811336837417686 0.027847662377137865 -0.0039252136058990266 0.012681333437066837 0.0075121498098331589 -0.00063592843619081579 0.011421189053433872 0.019655911948060188 0.010923709843729708 -0.00069271403434511983 0.027798639871425369 0.025272319467543519 0.013011833391081031 0.014295460777355655 0.021081846617561004
leaf_weight=42.69673652946949 33.158027186989784 197.0710176974535 94.152568683028221 385.97045154869556 60.742363527417183 199.16923128068447 269.95482057332993 59.732852548360825 24.316628351807594 27.543138280510902 157.9988299459219 121.17405085265636 35.533335268497467 48.381768450140953
leaf_count=133 56 846 272 1213 185 542 576 145 71 61 250 289 73 88
internal_value=0.0118726 0.0093958 0.00587985 0.00361192 0.0136707 0.0085351 0.0178354 0.0183846 0.0126428 0.0164645 0.0204706 0.0164868 0.0234436 0.0158044
internal_weight=1757.6 1277.3 704.737 583.041 572.563 259.912 312.652 480.295 132.431 121.696 347.864 154.332 193.532 108.115
internal_count=4800 3828 2392 2059 1436 727 709 972 304 333 668 345 323 233
is_linear=0
shrinkage=0.02


Tree=44
num_leaves=11
num_cat=0
split_feature=2 3 1 5 24 1 27 16 11 11
split_gain=65.5234 61.1173 55.3031 46.2865 23.0299 16.2639 10.6483 7.21896 5.56682 1.5239
threshold=1.5000000000000002 1.0000000180025095e-35 105.00000000000001 1.0000000180025095e-35 9.1643874369521878 1.0000000180025095e-35 0.18336523571818647 0.18632254174799392 651.50000000000011 693.50000000000011
decision_type=2 2 2 2 2 2 2 2 2 2
left_child=1 2 3 -1 6 -6 -3 -2 -4 -9
right_child=7 4 8 -5 5 -7 -8 9 -10 -11
leaf_value=0.011166156576161036 0.030049176165222354 0.031361195686281061 0.030417367919482984 0.0026033064469257465 0.0093156483160849162 0.018231780812248292 0.017435382279008659 0.013510956033425805 0.017671912159143346 0.023121853308343376
leaf_weight=461.74106201529503 70.197124749422073 55.781081929802895 30.533067882061005 574.91866080462933 185.87749823927879 176.73187305033207 62.481330811977386 35.45039090514183 71.436342015862465 36.263464257121086
leaf_count=1182 110 93 43 1998 568 365 139 80 151 71
internal_value=0.0116136 0.0104377 0.0078671 0.00644367 0.0164542 0.0137545 0.0243794 0.0247251 0.0219409 0.0188971
internal_weight=1761.41 1619.5 1138.63 1036.66 480.872 362.609 118.262 141.911 101.969 71.7139
internal_count=4800 4539 3374 3180 1165 933 232 261 194 151
is_linear=0
shrinkage=0.02


Tree=45
num_leaves=15
num_cat=0
split_feature=1 3 10 9 13 2 9 1 21 6 11 17 18 13
split_gain=102.814 62.2866 56.0385 51.9134 32.0101 28.381 26.6019 24.3501 10.8305 10.3418 10.3255 3.81183 7.03944 0.95712
threshold=1.0000000180025095e-35 1.5000000000000002 2.5000000000000004 0.93950000000000011 0.12550000000000003 1.0000000180025095e-35 0.60850000000000015 75.000000000000014 25500.000000000004 13.546258927824395 699.50000000000011 505500.00000000006 -0.56928266726071264 0.052500000000000005
decision_type=2 2 2 2 2 2 2 2 2 2 2 2 2 2
left_child=1 2 3 -1 13 6 7 -2 -4 -8 -6 12 -7 -3
right_child=5 4 8 -5 10 11 9 -9 -10 -11 -12 -13 -14 -15
leaf_value=-0.0052170762461826855 0.0026193658115649067 0.0042698750314575347 0.024234219274331118 0.0063814559998351672 0.029870015952782485 0.02552885788798382 0.018426491480616904 0.015128764886843097 0.0075468886075423158 0.011475544446214455 0.013737771738643023 0.027564908525132298 0.012640092747071159 -0.0018368129286638029
leaf_weight=299.11320459842682 152.49586121737957 18.835646703839302 50.355479314923286 315.93774516880512 57.170487761497498 42.514529705047607 312.51753437519073 110.77121275663376 30.061538860201836 155.49416746199131 33.850453272461891 68.029162585735321 50.47592681646347 15.374465748667715
leaf_count=1271 456 55 121 948 107 67 640 259 98 351 86 108 106 50
internal_value=0.0103483 0.00519257 0.00280815 0.00070905 0.0181488 0.0150568 0.0132817 0.00799578 0.0184111 0.0161891 0.0243023 0.0228634 0.0189544 0.000983209
internal_weight=1713 820.699 695.468 615.051 125.231 892.298 731.279 263.267 80.417 468.012 91.0209 161.02 92.9905 34.2101
internal_count=4723 2736 2438 2219 298 1987 1706 715 219 991 193 281 173 105
is_linear=0
shrinkage=0.02


Tree=46
num_leaves=15
num_cat=0
split_feature=1 3 10 9 13 6 10 5 6 20 11 11 11 1
split_gain=98.4322 59.5011 53.5266 49.9282 30.488 22.5226 28.1463 25.0501 10.8372 10.2026 9.59385 8.66261 8.31861 8.2253
threshold=1.0000000180025095e-35 1.5000000000000002 2.5000000000000004 1.0155000000000001 0.10550000000000001 12.625936906112875 1.5000000000000002 1.0000000180025095e-35 14.098469738742287 -0.086006196830129181 727.50000000000011 622.50000000000011 699.50000000000011 45.000000000000007
decision_type=2 2 2 2 2 2 2 2 2 2 2 2 2 2
left_child=1 2 3 -1 -3 6 7 -2 11 -4 -10 -7 -6 -8
right_child=5 4 9 -5 12 8 13 -9 10 -11 -12 -13 -14 -15
leaf_value=-0.0048249924195567636 0.013600274051274317 0 0.023584775439203655 0.0065494230674529117 0.028205307807299396 0.024432671825900691 0.0081711152544589587 0.00049602808078424055 0.013841961791882892 0.0073811343947657081 -0.0022296035873689154 0.016745990893865678 0.013755772009860157 0.023464922395301142
leaf_weight=314.88958606123924 109.90779666602612 30.284151390194893 50.730916947126389 300.0630160421133 59.825675323605537 93.448464140295982 25.108716979622841 130.31771884858608 41.721275120973587 30.143499925732613 19.419311970472336 404.85011355578899 35.66002094745636 69.271855279803276
leaf_count=1324 239 95 121 895 113 156 67 413 89 98 56 832 90 135
internal_value=0.0101299 0.00508616 0.00275185 0.000694249 0.0177195 0.0147318 0.0104163 0.00660591 0.017254 0.0179535 0.00846177 0.0182736 0.0232148 0.0197342
internal_weight=1715.64 821.597 695.827 614.953 125.77 894.045 334.606 240.226 559.439 80.8744 61.1406 498.299 95.4857 94.3806
internal_count=4723 2736 2438 2219 298 1987 854 652 1133 219 145 988 203 202
is_linear=0
shrinkage=0.02


Tree=47
num_leaves=15
num_cat=0
split_feature=1 3 9 5 13 12 2 9 5 27 27 27 2 13
split_gain=94.2652 56.8726 45.4899 32.3793 29.0867 35.9458 27.3589 24.8421 31.4127 17.22 11.1376 4.63028 6.35662 4.44977
threshold=1.0000000180025095e-35 1.5000000000000002 0.89950000000000008 1.0000000180025095e-35 0.12550000000000003 7.5000000000000009 1.0000000180025095e-35 0.60850000000000015 1.0000000180025095e-35 0.19288890078608964 0.19140056168389352 0.18407325585217613 1.5000000000000002 0.20050000000000004
decision_type=2 2 2 2 2 2 2 2 2 2 2 2 2 2
left_child=1 2 9 -4 5 -3 7 8 -2 -1 -9 12 -8 -6
right_child=6 4 3 -5 13 -7 11 10 -10 -11 -12 -13 -14 -15
leaf_value=-0.00045829343398963408 0.014831583011763207 -0.01861540861208304 0.01350043422938294 0.0015991834767401395 0.032992205808638125 0.021159059814820726 0.0089124169697478491 0.017560914210445082 0.00087695077067784493 -0.012364292326483116 0.010180670896679836 0.025272809487704433 0.023747555288136418 0.019347088173746047
leaf_weight=262.32933937013149 124.86144223809242 16.976712107658386 181.4653092622757 192.54924423992634 21.83893883228302 17.265465661883354 33.738659501075745 333.20955535769463 139.37665316462517 59.828043937683105 136.68766757845879 100.48649831116199 27.234521895647049 70.187770456075668
leaf_count=1061 266 68 430 669 35 37 76 670 449 278 321 163 42 158
internal_value=0.00991735 0.00498241 0.00269676 0.0074474 0.0173068 0.000903356 0.0144163 0.0126788 0.00757745 -0.00276267 0.0154827 0.0220667 0.0161377 0.0231201
internal_weight=1718.04 822.441 696.172 374.015 126.269 34.2422 895.595 734.135 264.238 322.157 469.897 161.46 60.9732 92.0267
internal_count=4723 2736 2438 1099 298 105 1987 1706 715 1339 991 281 118 193
is_linear=0
shrinkage=0.02


Tree=48
num_leaves=15
num_cat=0
split_feature=1 10 9 2 26 12 1 12 6 17 27 2 9 17
split_gain=90.3448 39.7703 41.5222 26.2769 25.108 24.1149 20.7708 20.4662 19.0509 6.7716 4.33415 6.08538 4.20813 2.94016
threshold=1.0000000180025095e-35 2.5000000000000004 0.93950000000000011 1.0000000180025095e-35 -0.025264546212969748 13.500000000000002 105.00000000000001 7.5000000000000009 13.108773446114533 342500.00000000006 0.18407325585217613 1.5000000000000002 1.0415000000000003 547500.00000000012
decision_type=2 2 2 2 2 2 2 2 2 2 2 2 2 2
left_child=1 2 7 5 -4 6 -2 -1 -7 -3 11 -5 -11 -12
right_child=3 9 4 10 -6 8 -8 -9 -10 12 13 -13 -14 -15
leaf_value=-0.0047440301224148428 0.011744623784333457 0.0070662067799879078 0.015232697804300125 0.0087330386561755135 0.0041156743017276825 -0.010840022189808236 0.021328570662055912 0.0057715796543926405 0.011474959406579483 0.02494914950214621 0.020240296007734068 0.023278052370883838 0.011062014832101563 0.03092018024092608
leaf_weight=249.92690245807171 557.76025341451168 26.289924070239067 125.15813899040222 33.763312965631485 253.0633879750967 30.028984978795052 118.26158680021763 102.87715853750706 29.182366877794266 43.842040002346039 62.728277519345284 27.248165279626846 21.947667270898819 37.943181097507477
leaf_count=1023 1313 75 312 76 765 107 221 392 65 110 111 42 59 52
internal_value=0.00971122 0.00488039 0.00327379 0.0141118 0.00787764 0.0124092 0.0134798 -0.00161352 0 0.0172482 0.0216074 0.0158221 0.0208508 0.0247268
internal_weight=1720.02 823.105 731.026 896.916 378.222 735.233 676.022 352.804 59.2114 92.0796 161.683 61.0115 65.7897 100.671
internal_count=4723 2736 2492 1987 1077 1706 1534 1415 172 244 281 118 169 163
is_linear=0
shrinkage=0.02


Tree=49
num_leaves=12
num_cat=0
split_feature=0 27 2 6 18 6 6 20 23 16 14
split_gain=98.4559 50.8311 38.5596 46.0967 17.2796 13.4922 14.1084 16.3737 10.0662 7.61528 5.56882
threshold=1.5000000000000002 0.19328664151774191 1.0000000180025095e-35 13.074330021275108 1.0713305733817626 14.098469738742287 13.01266233797698 0.75570643607385624 114500.00000000001 0.18331817834063543 0.013627581934317302
decision_type=2 2 2 2 2 2 2 2 2 2 2
left_child=1 2 3 -1 8 6 7 -2 -3 -4 -8
right_child=5 4 9 -5 -6 -7 10 -9 -10 -11 -12
leaf_value=0.0020658013111685791 0.01658466702724307 -0.0043927651897244712 0.020943702557923306 0.01140140991650355 -0.025009736035916021 0.0031489626733496256 0.025258265836924233 0.00070234447785479733 0.0089160721537986792 0.012093091847006035 0.015617874660183757
leaf_weight=494.191590487957 240.72259767353535 118.07156459987164 83.596149429678917 378.38423638045788 13.419973134994505 29.793747022747993 128.61958901584148 32.161425992846489 26.495144888758659 122.03216174244881 54.92620737850666
leaf_count=1734 499 414 172 991 68 73 200 91 84 291 106
internal_value=0.00950793 0.00647397 0.00803192 0.00614541 -0.00401634 0.0171514 0.0180128 0.0147952 -0.00177173 0.015872 0.022582
internal_weight=1722.41 1236.19 1078.2 872.576 157.987 486.224 456.43 272.884 144.567 205.628 183.546
internal_count=4723 3754 3188 2725 566 969 896 590 498 463 306
is_linear=0
shrinkage=0.02


Tree=50
num_leaves=13
num_cat=0
split_feature=1 2 5 27 3 1 16 14 13 21 14 8
split_gain=88.0593 67.0187 44.4829 34.1067 32.0179 18.1477 15.1159 15.1461 11.7998 7.40303 4.43185 1.17242
threshold=1.0000000180025095e-35 1.5000000000000002 1.0000000180025095e-35 0.19328664151774191 1.5000000000000002 105.00000000000001 0.18921335627843924 0.013627581934317302 0.13350000000000004 18500.000000000004 0.092471305313124114 0.019606902397287653
decision_type=2 2 2 2 2 2 2 2 2 2 2 2
left_child=1 2 3 -1 -4 6 7 -2 -3 -8 11 -7
right_child=5 8 4 -5 -6 10 9 -9 -10 -11 -12 -13
leaf_value=0.011377299062478186 0.016565102276488653 0.008933187768649457 -0.0030768198111530876 -0.0067311158267256681 0.012294517068288857 0.014825252066795289 0.011027094625971408 0.0096789330887518885 0.029253362206425076 -1.6058223586923133e-05 0.011814811327461445 0.024598393047700954
leaf_weight=320.0109244287014 466.09806682169437 20.059684753417969 335.4454191327095 45.674129411578178 63.476002812385559 23.629599899053574 43.865516126155853 207.95981203019619 52.482535094022751 45.207989245653152 28.532008036971092 105.96428129076958
leaf_count=846 970 51 1399 166 170 50 99 507 92 127 63 173
internal_value=0.0105533 0.00580835 0.00401719 0.00904882 -0.000556311 0.0148323 0.0134454 0.0144877 0.0241042 0.00526231 0.0212738 0.0230967
internal_weight=1758.41 837.149 764.606 365.685 398.921 921.257 763.131 674.058 72.5422 89.0735 158.126 129.594
internal_count=4713 2724 2581 1012 1569 1989 1703 1477 143 226 286 223
is_linear=0
shrinkage=0.02


Tree=51
num_leaves=14
num_cat=0
split_feature=1 2 5 4 27 5 4 13 13 11 13 9 11
split_gain=84.374 64.0369 42.5713 35.7321 32.6751 18.2326 30.3564 16.0334 12.4 24.5461 11.3529 7.41859 4.5686
threshold=1.0000000180025095e-35 1.5000000000000002 1.0000000180025095e-35 3.5000000000000004 0.19328664151774191 1.0000000180025095e-35 1.5000000000000002 0.38750000000000007 0.30450000000000005 678.50000000000011 0.10250000000000001 2.8110000000000004 678.50000000000011
decision_type=2 2 2 2 2 2 2 2 2 2 2 2 2
left_child=1 2 4 -4 -1 8 7 -7 11 -10 -3 -2 -8
right_child=5 10 3 -5 -6 6 12 -9 9 -11 -12 -13 -14
leaf_value=0.011118964407608532 0.021575474324863765 0.0056812745142175436 -0.0019117417978453607 0.026409134488793055 -0.0066135641795699871 0.0065984476400576817 0.013196480476640666 0.015201315562801652 0.021597585313086223 0.0028007601421640811 0.027597177693565646 0.0098240673391853141 0.025171868667528973
leaf_weight=320.91103376448154 247.30298733711243 14.88358189165592 381.01296326518059 17.661082535982132 45.57501882314682 288.08264157176018 30.939941614866257 135.95523925125599 54.000907987356186 62.59142903983593 57.9934903383255 33.513153210282326 70.333274766802788
leaf_count=846 429 39 1529 40 166 758 66 303 89 155 104 70 119
internal_value=0.0103311 0.00568759 0.00393365 -0.000544161 0.00884738 0.0145161 0.0119064 0.00943303 0.0178769 0.0117864 0.0235295 0.0202838 0.0218736
internal_weight=1760.76 838.037 765.16 398.674 366.486 922.72 525.311 424.038 397.408 116.592 72.8771 280.816 101.273
internal_count=4713 2724 2581 1569 1012 1989 1246 1061 743 244 143 499 185
is_linear=0
shrinkage=0.02


Tree=52
num_leaves=12
num_cat=0
split_feature=0 2 3 5 12 24 1 13 7 4 7
split_gain=81.8575 56.0078 51.7038 43.555 13.6416 13.1625 7.00765 17.8164 6.61171 5.48905 0.855473
threshold=1.5000000000000002 1.5000000000000002 1.5000000000000002 1.0000000180025095e-35 15.500000000000002 9.6709828937319493 45.000000000000007 0.16050000000000003 307950.00000000006 1.0000000180025095e-35 493250.00000000006
decision_type=2 2 2 2 2 2 2 2 2 2 2
left_child=1 2 3 -1 6 -4 7 -2 -3 -8 -10
right_child=4 8 5 -5 -6 -7 9 -9 10 -11 -12
leaf_value=0.0088211808554852587 0.0044811871630395942 0.01327693553284671 0.0080859974136195476 0.00040062842677956962 0.0030526842211373944 0.020989800352666271 0.017068556781243194 0.018861170011889621 0.031842470262419986 0.023800607854282542 0.020478762319397898
leaf_weight=462.84455573558807 59.379424870014191 36.957059308886528 56.803380087018013 533.84039798378944 30.586894899606705 103.54140192270279 197.30477102100849 101.52535922825336 27.373812839388847 117.86048299074173 34.845108672976494
leaf_count=1216 148 89 142 1947 79 225 383 194 37 189 64
internal_value=0.0101162 0.00734099 0.00606861 0.00433597 0.0169297 0.0166209 0.0177711 0.0137384 0.0217768 0.0197167 0.0262193
internal_weight=1762.86 1256.21 1157.03 996.685 506.657 160.345 476.07 160.905 99.176 315.165 62.2189
internal_count=4713 3720 3530 3163 993 367 914 342 190 572 101
is_linear=0
shrinkage=0.02


Tree=53
num_leaves=15
num_cat=0
split_feature=0 9 0 1 4 13 10 11 5 27 8 10 12 8
split_gain=79.4462 34.6844 25.7571 25.8655 24.6871 22.1245 37.7698 23.8246 20.9019 17.8919 13.2799 9.73748 10.4115 2.89769
threshold=1.0000000180025095e-35 0.46050000000000008 2.5000000000000004 105.00000000000001 1.5000000000000002 0.44150000000000006 1.5000000000000002 758.50000000000011 1.0000000180025095e-35 0.18407325585217613 0.021206160341601454 1.5000000000000002 6.5000000000000009 0.026299796894241053
decision_type=2 2 2 2 2 2 2 2 2 2 2 2 2 2
left_child=1 4 3 8 10 6 -3 -7 -2 -6 -1 12 -4 -13
right_child=2 5 11 -5 9 7 -8 -9 -10 -11 -12 13 -14 -15
leaf_value=0 0.014274846984988361 0.0016024569181998889 0.019276677227927291 0.020300394994454907 0.02683586964872196 0.017740237585918254 0.014155310943890284 -0.0034554317518385867 0.0060558151244422889 0.00099268728836969088 -0.010799319725644798 0.032226609810057434 0.0079261443402902192 0.020549276221805371
leaf_weight=109.90571919083595 230.38691568374634 310.72588790953159 135.98046930134296 117.80013793706894 17.884568676352501 133.02104949951172 140.84221774339676 23.048080414533615 300.22204984724522 28.966112717986107 76.052101984620094 31.479983001947403 54.19371472299099 54.531995847821236
leaf_count=448 470 1010 236 220 45 323 377 80 816 109 332 39 121 87
internal_value=0.00990591 0.0054068 0.0139637 0.0116704 -0.00107902 0.00792232 0.00558446 0.0144807 0.00968223 0.0116306 -0.00443316 0.019214 0.0162051 0.0253742
internal_weight=1765.04 840.446 924.595 648.409 232.809 607.637 451.568 156.069 530.609 46.8507 185.958 276.186 190.174 86.012
internal_count=4713 2724 1989 1506 934 1790 1387 403 1286 154 780 483 357 126
is_linear=0
shrinkage=0.02


Tree=54
num_leaves=15
num_cat=0
split_feature=0 4 9 0 1 17 27 3 3 21 10 12 14 4
split_gain=76.3266 33.8068 26.5747 24.8711 24.7443 22.7582 19.9171 19.6271 17.5131 13.2652 9.35894 9.97231 3.3703 2.71114
threshold=1.0000000180025095e-35 1.0000000180025095e-35 0.46050000000000008 2.5000000000000004 105.00000000000001 405500.00000000006 0.19334049503768966 1.0000000180025095e-35 2.5000000000000004 49500.000000000007 1.5000000000000002 6.5000000000000009 1.0000000180025095e-35 1.5000000000000002
decision_type=2 2 2 2 2 2 2 2 2 2 2 2 2 2
left_child=1 2 8 4 7 -4 9 -2 -1 -3 11 -5 -8 -6
right_child=3 6 5 10 13 -7 12 -9 -10 -11 -12 -13 -14 -15
leaf_value=-0.006628709040733303 0.0068317290502981033 0.014402909983415825 7.3877717395144575e-05 0.018892163669413806 0.017120555945825653 0.0095351656653618784 -0.010248950243382458 0.015442006741429362 0.017294803461542444 -0.0017350772527908005 0.024886330205288291 0.007767860579794097 0.0022536026436093849 0.027347862321264797
leaf_weight=142.06670817732811 371.67732274532318 222.53427916765213 196.73646266758442 135.99330832064152 90.752507850527763 219.54632245004177 15.610463470220568 159.53194133937359 12.046646744012831 19.795306399464607 86.001871451735497 54.212233603000641 13.20514604449272 27.264121562242508
leaf_count=623 949 602 638 236 181 645 66 337 30 74 126 121 46 39
internal_value=0.00970093 0.00529361 0.00247612 0.0136771 0.0114249 0.00512256 0.0111163 0.00947929 -0.00453029 0.0130007 0.0188384 0.0158833 -0.00396527 0.0198612
internal_weight=1766.97 841.541 570.396 925.433 649.226 416.283 271.145 531.209 154.113 242.33 276.207 190.206 28.8156 118.017
internal_count=4713 2724 1936 1989 1506 1283 788 1286 653 676 483 357 112 220
is_linear=0
shrinkage=0.02


Tree=55
num_leaves=13
num_cat=0
split_feature=2 10 9 5 16 13 27 1 18 27 26 0
split_gain=79.4805 44.7135 45.5133 46.5912 32.1976 30.4946 23.2631 11.4184 9.57216 9.46018 8.31463 3.38384
threshold=1.0000000180025095e-35 1.5000000000000002 0.85350000000000004 1.0000000180025095e-35 0.18331817834063543 0.50450000000000006 0.18297794232592171 45.000000000000007 -0.95749361926459031 0.18407325585217613 0.035423488896213405 1.5000000000000002
decision_type=2 2 2 2 2 2 2 2 2 2 2 2
left_child=1 2 3 -1 10 -4 -6 8 -2 -10 -3 -9
right_child=7 4 5 -5 6 -7 -8 11 9 -11 -12 -13
leaf_value=0.0066855595555615167 0.024712036043061124 0.023111021983335582 0.0059744756306076051 -0.0061090741766832261 -0.0035530078491731198 0.017363957129471468 0.0111977561027646 0.017570869223974689 0.017817967757938528 0.0087063501376240249 0.0097096338782770471 0.027791082300264947
leaf_weight=218.82071243226528 39.220937058329582 111.65556794404984 429.43501915037632 235.09758117794991 50.10810524225235 124.62205563485622 221.00783637166023 48.714963406324387 97.763173699378967 117.27806508541107 31.638899818062782 58.645760297775269
leaf_count=603 66 237 1147 958 163 267 586 88 209 296 84 77
internal_value=0.0092323 0.00707124 0.00475751 1.60179e-05 0.0126258 0.00859897 0.00839496 0.0176344 0.0149786 0.0130046 0.0203784 0.0235432
internal_weight=1784.01 1422.39 1007.98 453.918 414.41 554.057 271.116 361.623 254.262 215.041 143.294 107.361
internal_count=4781 4045 2975 1561 1070 1414 749 736 571 505 321 165
is_linear=0
shrinkage=0.02


Tree=56
num_leaves=13
num_cat=0
split_feature=0 10 9 16 4 10 17 17 26 10 22 22
split_gain=38.4569 33.832 45.8813 31.4827 31.1639 22.662 19.9181 8.37619 5.21167 2.67649 4.50663 2.54006
threshold=2.5000000000000004 1.5000000000000002 1.0155000000000001 0.1844182657850322 1.5000000000000002 1.0000000180025095e-35 602500.00000000012 684500.00000000012 0.035423488896213405 1.0000000180025095e-35 -0.51515390928315841 -0.47073809082924439
decision_type=2 2 2 2 2 2 2 2 2 2 2 2
left_child=1 2 4 8 -1 -4 -5 9 -3 10 -2 -11
right_child=7 3 5 6 -6 -7 -8 -9 -10 11 -12 -13
leaf_value=-0.00043056877977374014 0.018476697385720987 0.020516954909221931 0.005192272392442251 0.0095643808697541827 0.011897371752089879 0.013725072336350517 -0.0080022923623289891 0.0059142524379484831 0.011203581672459254 0.014529514970018451 0.0074615202623317649 0.022389819476136698
leaf_weight=453.09624284505844 40.424580857157707 151.06073522567749 233.08176901936531 214.38044120371342 98.441965848207474 298.42942756414413 27.319665908813477 34.936529278755188 46.868374526500702 55.81497186422348 40.133217498660088 92.063015788793564
leaf_count=1573 68 334 630 579 271 687 101 80 124 103 87 144
internal_value=0.00904069 0.00778521 0.00584169 0.0125037 0.00175115 0.0100375 0.0074716 0.0161666 0.0184796 0.0176148 0.013393 0.0196749
internal_weight=1786.05 1522.68 1083.05 439.629 551.538 531.511 241.7 263.372 197.929 228.436 80.5578 147.878
internal_count=4781 4299 3161 1138 1844 1317 680 482 458 402 155 247
is_linear=0
shrinkage=0.02


Tree=57
num_leaves=15
num_cat=0
split_feature=2 3 0 7 9 11 13 12 24 4 0 7 7 14
split_gain=76.3869 39.6315 36.0257 40.5076 24.6592 20.4591 19.6522 12.7374 10.624 13.7911 12.7037 6.69498 3.19852 1.82092
threshold=1.0000000180025095e-35 1.0000000180025095e-35 2.5000000000000004 161050.00000000003 0.96150000000000013 718.50000000000011 0.12150000000000001 2.5000000000000004 9.9355160922770711 1.5000000000000002 1.0000000180025095e-35 466950.00000000006 806600.00000000012 -0.064699320430944993
decision_type=2 2 2 2 2 2 2 2 2 2 2 2 2 2
left_child=1 2 3 -1 6 -4 -3 -6 11 10 -10 13 -13 -2
right_child=8 4 5 -5 7 -7 -8 -9 9 -11 -12 12 -14 -15
leaf_value=-0.0054157821404663123 0.016387986299135862 -0.003296352930323725 0.018162650227114982 0.0051609552573653392 0.021928456184123916 0.0020933961507629902 0.010410079908143483 0.011700963206258392 0.0028222764571774676 0.023998353509542675 0.015861945213428336 0.0074711979933105542 0.018392288100012755 0.02555283702128119
leaf_weight=183.24501386284828 34.844198703765869 55.894384101033211 107.98488037288189 656.1511993855238 101.0273802280426 49.287813752889633 141.83828631043434 130.46481370925903 66.183971479535103 36.229714930057526 62.203357964754105 29.363152474164963 37.434109762310982 95.992653176188469
leaf_count=728 68 191 188 1947 185 121 385 300 193 61 116 65 67 166
internal_value=0.0088526 0.0067373 0.00450893 0.0028245 0.0118426 0.0132981 0.00643786 0.0163256 0.0170824 0.0128344 0.0093683 0.0204375 0.0140675 0.0234066
internal_weight=1788.14 1425.89 996.669 839.396 429.225 157.273 197.733 231.492 362.251 164.617 128.387 197.634 66.7973 130.837
internal_count=4781 4045 2984 2675 1061 309 576 485 736 370 309 366 132 234
is_linear=0
shrinkage=0.02


Tree=58
num_leaves=14
num_cat=0
split_feature=5 1 3 6 15 10 9 10 17 6 24 6 9
split_gain=38.6139 39.3628 32.3067 38.8208 24.3137 19.3218 19.8261 16.6877 15.1554 17.949 16.1982 10.6836 4.09457
threshold=1.0000000180025095e-35 45.000000000000007 1.5000000000000002 12.368408285649215 1.0000000180025095e-35 2.5000000000000004 0.31050000000000005 1.0000000180025095e-35 439500.00000000006 12.682154626974345 9.82287017680299 12.848455304638206 0.39950000000000008
decision_type=2 2 2 2 2 2 2 2 2 2 2 2 2
left_child=4 2 3 -2 5 6 -1 -4 9 -3 -10 -6 -7
right_child=1 8 7 -5 11 12 -8 -9 10 -11 -12 -13 -14
leaf_value=0.0025203683451209265 -0.0072139531726309091 0.0063912751444243909 0.00075370887809377896 0.00448583877861773 0.0269199395001944 0.030364186408533791 0.011306532710320075 0.018585547513242477 -0.0068636289822393013 0.020036331056643299 0.0098230576016533084 0.011872448475883517 0.016179593151393563
leaf_weight=138.97305548191071 154.87024001777172 65.107215583324432 32.790473908185959 410.97165268659592 61.129243969917297 19.558820813894272 485.95602144300938 72.917396143078804 27.194073215126991 123.16338856518269 110.33430972695351 39.699452102184296 47.033629298210144
leaf_count=407 680 170 96 1297 106 32 1097 158 82 217 262 83 94
internal_value=0.00867202 0.00600319 0.00318618 0.00124126 0.0119943 0.01057 0.00939175 0.0133005 0.011721 0.015482 0.00635342 0.0213664 0.0210292
internal_weight=1789.7 997.349 671.55 565.842 792.35 691.522 624.929 105.708 325.799 188.271 137.528 100.829 66.5925
internal_count=4781 2962 2231 1977 1819 1630 1504 254 731 387 344 189 126
is_linear=0
shrinkage=0.02


Tree=59
num_leaves=13
num_cat=0
split_feature=0 3 4 15 9 6 26 20 22 6 6 16
split_gain=36.221 39.9664 38.7845 35.9286 20.5035 13.4238 11.1864 10.1676 9.81283 5.61282 7.48729 2.22151
threshold=2.5000000000000004 1.0000000180025095e-35 2.5000000000000004 1.0000000180025095e-35 0.99950000000000017 14.118906747108072 0.0070746139465644505 0.36290720738532961 1.0393997366038332 12.065953848146968 12.637695945209369 0.18835821214892481
decision_type=2 2 2 2 2 2 2 2 2 2 2 2
left_child=1 2 3 -1 6 -6 -3 9 -9 -2 -11 -4
right_child=7 4 11 -5 5 -7 -8 8 -10 10 -12 -13
leaf_value=0.0023909663460350474 0.023530944760283251 0.01193034237368208 0.02015769545873158 0.014158936445520033 0.01796230235017459 0.001527959850484875 0.0026706280920577837 -0.00090316073530930896 0.016320403918603472 0.0044118287146179356 0.01695650615153944 0.011063780631850562
leaf_weight=849.75623427331448 57.529409617185593 117.0471273958683 61.350104048848152 118.77979363501072 215.08993971347809 25.077826529741287 106.94385044276714 27.686386913061142 21.154186904430389 28.71437905728817 127.90205907821655 34.250620141625404
leaf_count=2648 90 312 128 308 430 66 322 71 38 65 218 85
internal_value=0.00849453 0.00728104 0.00510444 0.00386792 0.0122065 0.0163426 0.00762973 0.0154164 0.00633333 0.017356 0.014826 0.0172549
internal_weight=1791.28 1528.3 1064.14 968.536 464.159 240.168 223.991 262.986 48.8406 214.146 156.616 95.6007
internal_count=4781 4299 3169 2956 1130 496 634 482 109 373 283 213
is_linear=0
shrinkage=0.02


Tree=60
num_leaves=14
num_cat=0
split_feature=9 4 3 5 7 3 11 27 16 13 1 9 11
split_gain=64.193 52.266 38.5072 34.9565 22.033 17.9465 23.6986 21.5771 14.1518 12.2045 10.3218 8.43495 3.93295
threshold=0.83350000000000002 1.5000000000000002 1.0000000180025095e-35 1.0000000180025095e-35 64950.000000000007 1.0000000180025095e-35 637.50000000000011 0.18784429604818401 0.18921335627843924 0.48250000000000004 1.0000000180025095e-35 3.0725000000000002 732.50000000000011
decision_type=2 2 2 2 2 2 2 2 2 2 2 2 2
left_child=1 2 3 -1 -4 6 10 -8 11 12 -2 -7 -3
right_child=5 9 4 -5 -6 8 7 -9 -10 -11 -12 -13 -14
leaf_value=0.0042893496731790789 0.010931470557593768 0.020458646035547399 0.019639343173157672 -0.0068351025590315927 0.0045835165348334962 0.019641865985239801 0.011220418469535993 0.0028085970562463326 0.003522056650804779 0.0022137853080826083 0.022002922707248171 0.00974937947535209 0.0097415945840896648
leaf_weight=214.16834962368011 80.986488714814186 85.453783497214317 56.411206141114235 234.85512721538544 140.33205923438072 210.42136390507221 308.25228023529053 215.17276196181774 36.252531066536903 27.632880568504333 82.485176220536232 55.920877143740654 29.71284718811512
leaf_count=598 219 193 129 951 412 406 734 587 92 79 134 128 81
internal_value=0.00848008 0.00417629 0.00171028 -0.00148695 0.00907903 0.0118821 0.0099873 0.00781252 0.0160703 0.0150995 0.0167394 0.0176839 0.0179735
internal_weight=1778.06 788.566 645.767 449.023 196.743 989.491 686.897 523.425 302.595 142.8 163.472 266.342 115.167
internal_count=4743 2443 2090 1549 541 2300 1674 1321 626 353 353 534 274
is_linear=0
shrinkage=0.02


Tree=61
num_leaves=15
num_cat=0
split_feature=9 4 5 22 27 4 26 24 27 20 20 17 9 17
split_gain=61.4857 50.0472 34.1754 20.5768 15.0259 13.5859 12.0282 10.6143 10.2714 8.76747 8.01038 7.66445 5.5039 2.60246
threshold=0.83350000000000002 1.5000000000000002 1.0000000180025095e-35 -0.94450682100432748 0.18784429604818401 1.0000000180025095e-35 0.0070746139465644505 10.951700499574024 0.19328664151774191 0.41902138291226193 0.30679303185839729 236500.00000000003 4.7805000000000009 499500.00000000006
decision_type=2 2 2 2 2 2 2 2 2 2 2 2 2 2
left_child=1 2 8 -4 7 10 13 12 -1 -8 -6 -7 -2 -3
right_child=4 6 3 -5 5 11 9 -9 -10 -11 -12 -13 -14 -15
leaf_value=0.0081251161002018069 0.013683859785605641 0.024994472495118897 0.015722434469154493 -0.003895326056336107 0.0042039519468068257 0.0028012246105706749 0.012661968219529486 0.025059447047698059 -0.0021368413922390698 -0.0021178830630336934 0.013187389300878894 0.016579788146957257 0.0062059333652735053 0.014063747733993872
leaf_weight=258.26515457034111 489.45714388787746 40.330595195293427 21.605171784758568 323.80826511979103 232.43808583915234 24.077919453382492 48.760883659124374 35.285416349768639 42.037789762020111 20.196545943617821 51.804289132356644 100.99294254183769 56.674025997519493 33.91522179543972
leaf_count=663 1084 82 63 1232 624 62 122 61 132 64 120 208 141 85
internal_value=0.00830684 0.00409412 0.00167735 -0.00256868 0.0116338 0.00852759 0.0147656 0.0137677 0.0066199 0.0080789 0.00595183 0.0141291 0.0129572 0.0205204
internal_weight=1779.65 788.92 645.716 345.413 990.73 409.313 143.203 581.417 300.303 68.9574 284.242 125.071 546.131 74.2458
internal_count=4743 2443 2090 1295 2300 1014 353 1286 795 186 744 270 1225 167
is_linear=0
shrinkage=0.02


Tree=62
num_leaves=15
num_cat=0
split_feature=9 3 12 9 9 12 3 0 27 0 6 27 12 12
split_gain=58.9052 29.2046 36.4414 34.0323 29.2676 20.0485 17.2444 16.3659 18.7585 14.5608 8.98832 5.47551 4.39181 3.62263
threshold=0.83350000000000002 1.0000000180025095e-35 8.5000000000000018 0.10550000000000001 0.18250000000000002 2.5000000000000004 1.0000000180025095e-35 2.5000000000000004 0.18784429604818401 2.5000000000000004 14.166660947443306 0.19058064585440668 13.500000000000002 2.5000000000000004
decision_type=2 2 2 2 2 2 2 2 2 2 2 2 2 2
left_child=1 4 3 -3 9 -6 7 8 -2 -1 11 -8 -4 -9
right_child=6 2 12 -5 5 -7 10 13 -10 -11 -12 -13 -14 -15
leaf_value=-0.0090377622791538905 0.011210620014292256 0.02000063920098857 0.027698659328710407 -0.00042603815902606126 0.0091531422241918764 0.00018731965630146231 0.018466493709307551 0.0091869904245763662 0.003758559404838839 0.0064190930274131489 0.0034546513772237093 0.010849588683558514 0.013592163589624822 0.019486628304878094
leaf_weight=121.69742378592491 335.66158168017864 42.628257229924202 39.088984414935112 122.14856262505054 185.07670469582081 225.27608479559422 203.850425735116 30.713050290942192 244.94359914958477 28.099316045641899 27.41817669570446 72.066672995686531 25.262653723359108 77.358246132731438
leaf_count=507 811 95 74 382 502 757 391 60 680 63 69 166 63 123
internal_value=0.00813651 0.00401246 0.010027 0.00482653 0.00150308 0.00429211 0.0113902 0.00953616 0.00811303 -0.00598235 0.0154888 0.0165956 0.0227596 0.016854
internal_weight=1781.29 789.278 229.128 164.777 560.15 410.353 992.012 688.676 580.605 149.797 303.335 275.917 64.3516 108.071
internal_count=4743 2443 614 477 1829 1259 2300 1674 1491 570 626 557 137 183
is_linear=0
shrinkage=0.02


Tree=63
num_leaves=12
num_cat=0
split_feature=2 6 4 17 26 11 10 16 20 20 24
split_gain=55.5647 57.0948 32.213 24.8539 19.9549 16.0513 18.2822 12.6259 6.26758 15.0146 7.36093
threshold=1.0000000180025095e-35 13.01266233797698 1.5000000000000002 444500.00000000006 0.0070746139465644505 783.50000000000011 1.5000000000000002 0.18972266096469223 -1.0399471807879792 -0.70326212762638507 9.0769069354699194
decision_type=2 2 2 2 2 2 2 2 2 2 2
left_child=1 2 3 -1 -4 7 -7 -3 -2 -10 -11
right_child=8 5 4 -5 -6 6 -8 -9 9 10 -12
leaf_value=0.0039293791886253959 0.024792285192695114 0.012681987568894737 0.01831880791231132 -0.0040364638388410683 0.0023351095045417076 -0.0060175407082320711 0.014242559187403855 0.0032175717377949716 0.00088457623724044613 0.0037788796898356389 0.016830485059362014
leaf_weight=377.95430542528629 32.168961390852928 527.5071864426136 74.082081943750381 264.96668095886707 59.528636053204536 46.00751556456089 27.33081029355526 70.588990077376366 33.438425675034523 23.66705921292305 245.36423632502556
leaf_count=1147 50 1207 171 960 177 143 61 192 87 57 491
internal_value=0.0079716 0.00624289 0.00251082 0.000614191 0.0114163 0.0105192 0.00135372 0.0116056 0.0153512 0.0142028 0.0157746
internal_weight=1782.6 1447.97 776.532 642.921 133.611 671.435 73.3383 598.096 334.639 302.47 269.031
internal_count=4743 4058 2455 2107 348 1603 204 1399 685 635 548
is_linear=0
shrinkage=0.02


Tree=64
num_leaves=15
num_cat=0
split_feature=9 4 3 5 12 3 11 16 16 26 26 20 9 12
split_gain=54.9774 46.5765 35.7766 32.0349 30.4092 16.604 22.7436 15.9301 13.3191 12.3949 10.9176 8.39313 7.79898 3.34989
threshold=0.83350000000000002 1.5000000000000002 1.0000000180025095e-35 1.0000000180025095e-35 8.5000000000000018 1.0000000180025095e-35 637.50000000000011 0.18552886743886743 0.18921335627843924 -0.025264546212969748 0.0070746139465644505 0.41902138291226193 3.0725000000000002 2.5000000000000004
decision_type=2 2 2 2 2 2 2 2 2 2 2 2 2 2
left_child=1 2 3 -1 -4 6 9 -8 12 -2 13 -12 -7 -3
right_child=5 10 4 -5 -6 8 7 -9 -10 -11 11 -13 -14 -15
leaf_value=0.0039156752120990913 0.023818318744521848 0.025329938025798839 0.0033619952336300975 -0.0067314753633314628 0.020862689662554838 0.018396726270347982 0.011240772848630998 0.0039942368350809549 0.0028322025287871766 0.011288278380928194 0.012181089615636092 -0.0022646654219572642 0.0089128113915181197 0.013895849842628108
leaf_weight=214.69143338501453 54.95015549659729 33.549451768398285 140.70680479705334 234.09840057790279 56.814683645963669 211.40466168522835 214.92388637363911 310.900256767869 36.355010509490967 109.20945276319981 48.88673123717308 20.217774778604507 56.114754661917686 41.226103946566582
leaf_count=598 97 62 417 951 124 406 495 826 92 256 122 64 128 105
internal_value=0.0078083 0.00382478 0.00149017 -0.00159626 0.00857634 0.0109484 0.00913143 0.00700984 0.0149649 0.0157224 0.0140911 0.00769742 0.0165225 0.0195565
internal_weight=1784.05 790.191 646.311 448.79 197.521 993.858 689.984 525.824 303.874 164.16 143.88 69.1045 267.519 74.7756
internal_count=4743 2443 2090 1549 541 2300 1674 1321 626 353 353 186 534 167
is_linear=0
shrinkage=0.02


Tree=65
num_leaves=15
num_cat=0
split_feature=4 3 11 27 10 17 13 19 13 11 20 6 11 13
split_gain=84.1795 35.9896 34.6009 28.8223 27.5311 24.8187 13.3324 11.1534 10.6091 18.894 6.29398 5.88356 2.33904 1.27319
threshold=1.5000000000000002 1.5000000000000002 686.50000000000011 0.19185465140429267 1.5000000000000002 439500.00000000006 0.12750000000000003 -0.029868958076130946 0.28250000000000003 691.50000000000011 0.19456468080453251 11.373099855245338 705.50000000000011 0.41350000000000003
decision_type=2 2 2 2 2 2 2 2 2 2 2 2 2 2
left_child=1 2 4 -4 -1 11 -7 10 9 -9 -2 -3 -12 -10
right_child=7 5 3 -5 -6 6 -8 8 13 -11 12 -13 -14 -15
leaf_value=0.0051817696227051029 0.022838088208420815 0.029851185135440623 0.0038726230140876416 -0.0052792202088231118 0.015095789656656455 -0.0068307577622142039 0.0101438874319363 0.016492133350723685 0.022595009471345753 -0.0024994162178494988 0.0061935928559761922 0.016345668128853283 0.018045868533875929 0.013523958746919335
leaf_weight=401.37371139228344 136.85533799231052 22.447366714477539 506.23976510763168 186.71058768033981 161.96105030179024 25.573804020881653 54.307568028569221 39.508294209837914 32.515100404620171 39.779520019888878 23.723166689276695 100.88029657304287 18.913334637880325 41.214255124330521
leaf_count=1118 251 37 1470 635 384 82 128 81 58 118 61 194 40 93
internal_value=0.00779604 0.00569887 0.00440506 0.00137385 0.00808923 0.0135388 0.00444496 0.0168966 0.0124293 0.00680232 0.0205041 0.0191851 0.0122026 0.0180408
internal_weight=1792 1459.49 1256.29 692.95 563.335 203.209 79.8814 332.509 153.017 79.2878 179.492 123.328 42.6365 73.7294
internal_count=4750 4048 3607 2105 1502 441 210 702 350 199 352 231 101 151
is_linear=0
shrinkage=0.02


Tree=66
num_leaves=12
num_cat=0
split_feature=4 0 3 8 17 8 8 17 26 1 17
split_gain=80.7838 72.1961 45.3274 41.5605 21.6853 9.33614 10.5246 9.23334 11.2226 11.8434 4.99352
threshold=1.5000000000000002 2.5000000000000004 1.5000000000000002 0.025756049193174351 439500.00000000006 0.0082121895440515017 0.028258887876025453 783500.00000000012 0.0070746139465644505 75.000000000000014 233500.00000000003
decision_type=2 2 2 2 2 2 2 2 2 2 2
left_child=1 2 3 -1 -4 -3 -7 8 10 -10 -2
right_child=7 5 4 -5 -6 6 -8 -9 9 -11 -12
leaf_value=-0.0056713782173191023 0.0094780435171649448 0 0.018606888493501818 0.0040646552408885837 0.0040330456807015211 0.025729730819705195 0.014068491592639808 0.004766561232653262 0.0091529009747393763 0.023263868355158559 0.022942014276831259
leaf_weight=220.19435416162014 19.918059647083282 13.870013192296026 107.37320722639561 827.31507152318954 73.115147233009338 47.66024050116539 171.08158706128597 29.833172678947449 106.15942552685738 35.456290259957314 141.6087080091238
leaf_count=856 41 36 206 2370 196 71 313 80 265 53 263
internal_value=0.00763686 0.00558228 0.00361899 0.00199554 0.012868 0.0158013 0.0168058 0.0165458 0.0176198 0.0129644 0.0214733
internal_weight=1793.59 1460.61 1228 1047.51 180.488 232.612 218.742 332.976 303.142 141.616 161.527
internal_count=4750 4048 3628 3226 402 420 384 702 622 318 304
is_linear=0
shrinkage=0.02


Tree=67
num_leaves=15
num_cat=0
split_feature=2 9 11 9 11 24 11 24 24 24 11 2 14 9
split_gain=45.1205 43.4675 30.5401 17.6997 16.287 15.0505 12.6097 12.1068 14.5333 6.91194 7.69234 6.90584 6.6339 4.97251
threshold=1.0000000180025095e-35 0.84250000000000014 693.50000000000011 0.13050000000000003 575.50000000000011 9.7671481279758705 599.50000000000011 9.7671481279758705 10.124667172669659 9.4689208316436542 690.50000000000011 1.5000000000000002 -0.064699320430944993 1.4710000000000003
decision_type=2 2 2 2 2 2 2 2 2 2 2 2 2 2
left_child=1 2 5 -4 13 -1 -6 9 11 10 -2 -9 -10 -3
right_child=7 4 3 -5 6 -7 -8 8 12 -11 -12 -13 -14 -15
leaf_value=0 0.019935518029690215 0.027149221770240255 0.0052595704423617834 -0.0050326143556045652 -0.0035821165322721445 0.0095113292265492835 0.0086905372896348594 -0.0060890176521318021 0.0036458723131347938 0.025758982516111365 0.008178809713409934 0.0090197375694442035 0.015543107934758832 0.012218589059021887
leaf_weight=92.522414267063141 61.178875461220741 24.811683431267738 89.479644045233727 243.52320966124535 32.221290230751038 208.82103906571865 723.7952139377594 26.402854397892952 28.707183167338371 44.868020579218864 50.320964768528938 20.477627336978912 117.17265187203884 29.958293035626411
leaf_count=306 104 41 293 878 94 601 1749 80 71 72 114 43 241 63
internal_value=0.00748445 0.00589418 0.0019279 -0.0021997 0.00896651 0.00654749 0.00813702 0.0139742 0.0102805 0.0183063 0.0149272 0.000143401 0.0133788 0.0197065
internal_weight=1794.26 1445.13 634.346 333.003 810.786 301.343 756.017 349.128 192.76 156.368 111.5 46.8805 145.88 54.77
internal_count=4750 4025 2078 1171 1947 907 1843 725 435 290 218 123 312 104
is_linear=0
shrinkage=0.02


Tree=68
num_leaves=15
num_cat=0
split_feature=4 13 10 5 13 11 19 19 13 11 12 24 26 24
split_gain=77.3226 33.9453 18.7686 22.0271 16.1015 13.7877 11.2886 10.6974 10.255 18.0725 7.21597 6.475 10.8096 2.32444
threshold=1.5000000000000002 0.69750000000000012 1.5000000000000002 2.5000000000000004 0.92050000000000021 716.50000000000011 -0.029868958076130946 -0.029868958076130946 0.28250000000000003 691.50000000000011 2.5000000000000004 10.032361964496241 -0.031690448026959493 9.6258163699599066
decision_type=2 2 2 2 2 2 2 2 2 2 2 2 2 2
left_child=1 2 3 -1 10 -4 -6 11 9 -9 -3 -2 -13 -10
right_child=7 4 5 -5 6 -7 -8 8 13 -11 -12 12 -14 -15
leaf_value=0.0042265641404256931 0.023408352739917284 0.0089549848533338836 0.011173628620823543 -0.003408447955994244 0.013363754236287644 0.0028650701743918672 -0.0033243849242890582 0.01564921252643205 0.0091934692264696912 -0.002913569687470135 0.022720396342568776 0.025526578451672749 0.0085495993747395325 0.02001500831289544
leaf_weight=754.82627771794796 99.987688362598419 28.898166075348854 225.79769723117352 185.2282320857048 32.17956106364727 136.28354503214359 28.229147776961327 39.615967258810997 22.35272590816021 39.85157085955143 70.585577636957169 24.67720165848732 55.373601198196411 51.578000590205193
leaf_count=2090 173 72 554 639 79 389 88 81 54 118 137 43 136 97
internal_value=0.00733257 0.005323 0.00422617 0.00269889 0.0140493 0.00811796 0.00531251 0.0160419 0.0116816 0.00617123 0.0190498 0.0195615 0.0142802 0.0171764
internal_weight=1795.46 1462.03 1302.14 940.055 159.892 362.081 60.4087 333.437 153.398 79.4675 99.4837 180.038 80.0508 73.9307
internal_count=4750 4048 3672 2729 376 943 167 702 350 199 209 352 179 151
is_linear=0
shrinkage=0.02


Tree=69
num_leaves=12
num_cat=0
split_feature=0 13 11 5 11 11 11 6 6 0 6
split_gain=60.5347 33.4259 33.7424 32.3599 13.7595 9.40973 12.9991 9.02501 5.40459 4.73152 4.67658
threshold=2.5000000000000004 0.69750000000000012 561.50000000000011 1.0000000180025095e-35 759.50000000000011 738.50000000000011 777.50000000000011 12.396903705401945 12.082214157464202 1.0000000180025095e-35 12.690506026312372
decision_type=2 2 2 2 2 2 2 2 2 2 2
left_child=1 2 9 -4 7 8 -7 -3 -2 -1 -10
right_child=5 4 3 -5 -6 6 -8 -9 10 -11 -12
leaf_value=0.011239717898147691 0.023959294431614941 0.0072852025873866005 0.0073632225525919592 0.00093217703936583466 0.00024319647764738567 -0.0008768960215368339 0.015351697163342571 0.019836628949853077 0.0062194301244641297 0.024511687447145453 0.017252170996905611
leaf_weight=32.157296821475029 61.550017014145851 39.09560763835907 563.30254599452019 722.07921499013901 27.194445714354515 28.854372128844261 48.81363271176815 101.22698017954826 26.686208829283714 32.954648330807686 112.90464709699154
leaf_count=92 91 114 1383 2330 82 73 89 204 57 51 184
internal_value=0.00718391 0.00558316 0.00450915 0.00376958 0.0140449 0.0157768 0.00913389 0.0165575 0.0181851 0.0185286 0.0153445
internal_weight=1796.82 1518.01 1350.49 1285.38 167.517 278.809 77.668 140.323 201.141 65.1119 139.591
internal_count=4750 4256 3856 3713 400 494 162 318 332 143 241
is_linear=0
shrinkage=0.02


Tree=70
num_leaves=14
num_cat=0
split_feature=0 5 15 9 25 3 26 5 6 17 24 9 24
split_gain=50.9912 53.3647 43.1795 35.8765 28.9806 23.3351 14.2457 11.1013 8.55757 10.6126 8.05095 8.14906 2.31291
threshold=1.5000000000000002 1.0000000180025095e-35 1.0000000180025095e-35 0.90750000000000008 2.5000000000000004 1.5000000000000002 0.014316328915725301 6.5000000000000009 11.081388122134394 427500.00000000006 10.6862690956356 0.92850000000000021 9.3102659650360433
decision_type=2 2 2 2 2 2 2 2 2 2 2 2 2
left_child=1 2 3 -1 7 -6 8 -3 -2 -10 11 -8 -4
right_child=6 4 12 -5 5 -7 10 -9 9 -11 -12 -13 -14
leaf_value=0.00098975781365535248 0.022231647055209174 -0.0073255101028744394 0.028460334607531231 0.011440369948484953 0.00135224147789394 0.013690922367118392 -0.0021538426431182661 0.010199730950644527 0.016638868016366676 0.0084514254406591899 0.014869638948805624 0.0082987302216076097 0.017738776945954139
leaf_weight=254.23966388404369 53.80619303882122 179.52777165174484 29.690993100404739 281.85221526026726 435.83392664790154 71.523337543010712 49.123865157365799 13.940254032611845 146.91349509358406 144.121388271451 36.058075189590454 65.568244770169258 54.534809872508049
leaf_count=751 93 663 43 599 1470 157 134 41 263 310 68 134 110
internal_value=0.00651484 0.00443273 0.00870272 0.00653251 0.000617739 0.00315451 0.0120049 -0.00591394 0.0143014 0.0126957 0.00656021 0.00366899 0.0220426
internal_weight=1816.73 1321.14 620.318 536.092 700.825 507.357 495.591 193.468 344.841 291.035 150.75 114.692 84.2258
internal_count=4836 3834 1503 1350 2331 1627 1002 704 666 573 336 268 153
is_linear=0
shrinkage=0.02


Tree=71
num_leaves=14
num_cat=0
split_feature=2 0 3 11 18 24 0 24 27 11 13 13 18
split_gain=56.0232 43.4031 44.5998 37.9592 24.7856 14.7623 14.7628 16.3322 9.25721 10.7572 6.52257 5.85704 3.75787
threshold=1.0000000180025095e-35 2.5000000000000004 1.5000000000000002 763.50000000000011 -0.17094447303064661 9.9355160922770711 1.5000000000000002 10.216506699299684 0.18903018479738418 704.50000000000011 0.16250000000000003 0.08950000000000001 -1.1296567371097883
decision_type=2 2 2 2 2 2 2 2 2 2 2 2 2
left_child=1 2 3 -1 -4 11 7 -7 10 -10 -3 -2 -13
right_child=5 8 4 -5 -6 6 -8 -9 9 -11 -12 12 -14
leaf_value=0.0033158646059616124 0.0091388357056242462 0.009274134348214353 0.017910224460435612 -0.0066848392735205618 0.0021007122678301463 -0.010356073255219833 0.017991373157054426 0.0083344370841572733 0.012121019983477366 -0.0036931967417773459 0.019181381601013115 0.026762319738589127 0.01688480794288777
leaf_weight=885.79974463582039 39.09315687417984 55.264649853110313 115.43182465434074 181.27884788811207 65.266402319073677 21.891223892569542 48.405380681157112 88.916250869631767 43.921586468815804 24.731941282749176 94.76107132434845 34.095880299806595 118.0603806078434
leaf_count=2665 82 110 220 641 179 71 79 213 83 66 154 47 226
internal_value=0.00638742 0.00464384 0.00317633 0.00159352 0.012353 0.0135923 0.00874592 0.00440345 0.0128738 0.00616569 0.0157499 0.0174563 0.0193891
internal_weight=1816.92 1466.46 1247.78 1067.08 180.698 350.462 159.213 110.807 218.679 68.6535 150.026 191.249 152.156
internal_count=4836 4118 3705 3306 399 718 363 284 413 149 264 355 273
is_linear=0
shrinkage=0.02


Tree=72
num_leaves=15
num_cat=0
split_feature=2 5 13 1 6 20 20 1 22 22 22 18 18 13
split_gain=53.8793 55.9748 33.9679 32.4754 13.6408 29.4919 20.716 10.9098 11.9481 23.6129 9.55087 4.28788 8.55155 3.75365
threshold=1.0000000180025095e-35 1.0000000180025095e-35 0.58550000000000002 1.0000000180025095e-35 12.598624724114385 -0.42269124999172331 -0.36657707446479099 1.0000000180025095e-35 -0.61879081900895783 0.062251730617724058 0.3287466413412084 -0.39711954941551458 -0.20807769452666972 0.10250000000000001
decision_type=2 2 2 2 2 2 2 2 2 2 2 2 2 2
left_child=1 4 3 -3 6 -6 -1 8 13 -10 -4 -9 -13 -2
right_child=7 2 10 -5 5 -7 -8 11 9 -11 -12 12 -14 -15
leaf_value=0.011042894288674649 0.0041383781616697946 -0.0057017931843009965 0.0061719631374110183 0.0031784276664531198 0.0037376789820776231 0.015083436508068123 -0.00017351247036762041 0.021583338763112629 -0.0044190602747273258 0.013416979378809214 0.018432034024086292 0 0.016060259879882896 0.019225979433893238
leaf_weight=119.89293038845062 12.448072388768194 306.72766663134098 96.923588961362839 351.32076860964298 148.85431005060673 266.29881422221661 137.11949107050896 70.547691404819489 51.364854291081429 64.498817756772041 39.583288416266441 15.696722179651259 85.732519596815109 50.164819672703743
leaf_count=281 31 1248 272 922 353 540 406 105 152 148 96 37 152 93
internal_value=0.00626165 0.00455167 0.000927201 -0.00093282 0.00879863 0.0110822 0.0050038 0.0133281 0.00950954 0.00536859 0.00998069 0.0170975 0.0136019 0.016653
internal_weight=1817.17 1466.72 794.555 658.048 672.166 415.153 257.012 350.453 178.477 115.864 136.507 171.977 101.429 62.6129
internal_count=4836 4118 2538 2170 1580 893 687 718 424 300 368 294 189 124
is_linear=0
shrinkage=0.02


Tree=73
num_leaves=15
num_cat=0
split_feature=1 15 13 9 25 24 26 23 26 9 11 24 6 23
split_gain=42.2078 43.2181 31.2246 30.8207 19.9095 15.5678 10.8654 18.1143 18.3095 14.2646 11.6222 14.802 8.84592 7.86
threshold=1.0000000180025095e-35 1.0000000180025095e-35 0.55850000000000011 0.89950000000000008 2.5000000000000004 10.255937044078742 -0.025264546212969748 88500.000000000015 0.066243369258329618 2.1085000000000007 733.50000000000011 9.9965653813577262 12.341263261995076 78500.000000000015
decision_type=2 2 2 2 2 2 2 2 2 2 2 2 2 2
left_child=1 2 3 -1 -4 12 10 9 -9 -8 13 -12 -3 -2
right_child=6 5 4 -5 -6 -7 7 8 -10 -11 11 -13 -14 -15
leaf_value=-0.005343197281187523 0.010826740519572246 0.0066790621824947887 -0.0034647872603142111 0.003436026039875569 0.013435107399745377 0.0017215948956456251 0.012240527877679942 0.0052219035930044753 -0.011055743123853642 0.0032285093371134548 0.012851864468941755 -0.0035314565185762458 0.023406395746224364 0.019632277806995644
leaf_weight=292.67541989684105 107.10902141034603 22.060107052326202 33.776132211089134 348.91222244501114 117.09891828894615 30.761950761079788 307.61901117861271 184.63712726533413 30.936491847038269 100.61420097947121 49.941627755761147 35.626537561416626 58.899970442056656 96.508184105157852
leaf_count=1166 223 68 112 970 300 101 643 443 96 232 103 99 112 168
internal_value=0.00613923 0.00303813 0.00136027 -0.000539783 0.00952217 0.0146444 0.00918186 0.00758958 0.00275332 0.0100816 0.0125097 0.00583759 0.0192296 0.0151736
internal_weight=1817.18 904.185 792.463 641.588 150.875 111.722 912.992 623.807 215.574 408.233 289.185 85.5682 80.9601 203.617
internal_count=4836 2829 2548 2136 412 281 2007 1414 539 875 593 202 180 391
is_linear=0
shrinkage=0.02


Tree=74
num_leaves=14
num_cat=0
split_feature=2 5 0 15 4 3 24 0 6 18 24 22 22
split_gain=51.8759 53.7006 47.38 42.5759 33.0051 21.9009 13.9409 13.9103 15.6902 6.7616 2.85391 4.71109 1.93151
threshold=1.0000000180025095e-35 1.0000000180025095e-35 2.5000000000000004 1.0000000180025095e-35 3.5000000000000004 1.0000000180025095e-35 9.9355160922770711 1.5000000000000002 13.455617520388317 -0.14731424116954103 8.4447797405898015 0.15108336752555218 -0.60398554619098654
decision_type=2 2 2 2 2 2 2 2 2 2 2 2 2
left_child=1 3 4 5 -3 -1 10 8 -8 -4 -2 -12 -5
right_child=6 2 9 12 -6 -7 7 -9 -10 -11 11 -13 -14
leaf_value=0.0038362369781486634 0.024121682674340578 -0.0023033589030439288 0.015579154429575017 0.013791134423524028 0.019470703705085208 0.012436483274142478 -0.00095958381812257497 0.017240124751089977 0.014742219262357683 0.005196490667034104 0.012781399433366709 0.022745699988304793 0.024060127192807115
leaf_weight=408.92554722726345 29.362060219049454 638.35565039515495 79.897445499897003 27.277784883975983 27.994094699621201 173.65941736102104 74.971315309405327 48.1876260638237 35.947330102324486 48.564085632562637 128.14149707555771 33.593014001846313 62.546512007713318
leaf_count=1054 42 2231 141 54 57 368 213 79 71 109 256 57 104
internal_value=0.00601785 0.00434089 0.000791322 0.0084995 -0.00133083 0.00645102 0.0129544 0.00824318 0.00403673 0.011879 0.0167095 0.015101 0.021348
internal_weight=1817.42 1467.22 794.811 672.409 666.35 582.585 350.203 159.106 110.919 128.462 191.097 161.735 89.8243
internal_count=4836 4118 2538 1580 2288 1422 718 363 284 250 355 313 158
is_linear=0
shrinkage=0.02


Tree=75
num_leaves=11
num_cat=0
split_feature=2 5 1 7 25 0 26 11 20 13
split_gain=53.7903 42.57 48.2209 33.2801 27.9035 17.2462 11.2223 6.03503 6.78346 3.72536
threshold=1.5000000000000002 1.0000000180025095e-35 45.000000000000007 645550.00000000012 4.5000000000000009 3.5000000000000004 -0.10932354321400588 693.50000000000011 -0.534919601045588 0.21850000000000003
decision_type=2 2 2 2 2 2 2 2 2 2
left_child=1 4 3 -3 6 -4 -1 8 -2 -9
right_child=7 2 5 -5 -6 -7 -8 9 -10 -11
leaf_value=0.018683044123428149 0.01959027591043315 -0.0049341189493617311 0.0056323990581436858 0.0050813103583428115 -0.011169289584876596 0.018136479665983491 0.0081329100548542359 0.013491438886687761 0.0053101727696950604 0.025544797504964155
leaf_weight=46.410411164164543 26.708147540688515 408.67165116965771 245.9673942476511 193.89194239675999 27.200121581554413 56.423924162983894 656.31243245303631 30.158210679888725 38.022315919399261 48.788074091076851
leaf_count=86 43 1553 608 548 86 91 1537 60 88 70
internal_value=0.00555212 0.00449794 0.00156898 -0.00167515 0.00809478 0.00808358 0.00888366 0.0172953 0.0117149 0.0214168
internal_weight=1778.55 1634.88 904.955 602.564 729.923 302.391 702.723 143.677 64.7305 78.9463
internal_count=4770 4509 2800 2101 1709 699 1623 261 131 130
is_linear=0
shrinkage=0.02


Tree=76
num_leaves=12
num_cat=0
split_feature=2 6 22 13 17 16 16 22 13 17 17
split_gain=51.8349 20.1815 25.8217 20.1729 19.2072 19.1836 13.6838 12.5838 5.6504 0.161128 2.6345
threshold=1.5000000000000002 13.232384777962549 0.38796773261309375 0.69350000000000012 362500.00000000006 0.18360511595672871 0.18793162875957242 -0.95931209382229887 0.16050000000000003 563500.00000000012 348500.00000000006
decision_type=2 2 2 2 2 2 2 2 2 2 2
left_child=1 4 3 -3 7 -6 -4 -1 -2 10 -10
right_child=8 2 6 -5 5 -7 -8 -9 9 -11 -12
leaf_value=0.01280572422607105 0.0096809047374304263 0.0030956127696638918 0.017582086730109758 0.016349334392647245 0.0048620524714621414 -0.0021486656043966409 0.0026681142341679442 0.0041065040250969102 0.021938638655123546 0.024441888009614332 0.011170132335467034
leaf_weight=90.711261004209518 43.893818378448486 382.89334738254547 121.40642420947552 52.747270077466965 254.51309818029404 397.31868387758732 35.454696893692017 299.74438732862473 33.142850086092949 32.544292807579041 34.015432015061378
leaf_count=218 92 983 247 101 750 1291 95 824 52 49 68
internal_value=0.00544408 0.00440915 0.0073741 0.00477994 0.00269907 0.000561346 0.0143761 0.00620616 0.016976 0.0198611 0.0170218
internal_weight=1778.39 1634.79 592.502 435.641 1042.29 651.832 156.861 390.456 143.596 99.7026 67.1583
internal_count=4770 4509 1426 1084 3083 2041 342 1042 261 169 120
is_linear=0
shrinkage=0.02


Tree=77
num_leaves=15
num_cat=0
split_feature=1 9 16 6 20 4 9 22 14 6 11 9 22 9
split_gain=40.5741 29.2385 26.9055 23.3603 22.2263 20.1757 19.403 15.0234 14.9576 9.13014 8.32106 6.0224 4.53328 2.19214
threshold=45.000000000000007 0.45250000000000007 0.18552886743886743 11.590358509800533 -0.31046289893785867 1.5000000000000002 0.29050000000000004 -0.92970154818635609 0.048786158779653657 11.653130692864648 717.50000000000011 0.17150000000000001 0.047446457799752713 0.97450000000000003
decision_type=2 2 2 2 2 2 2 2 2 2 2 2 2 2
left_child=1 3 4 8 -3 9 -5 -4 -1 11 -11 -2 13 -7
right_child=5 2 7 6 -6 12 -8 -9 -10 10 -12 -13 -14 -15
leaf_value=0.0063385504199546111 -0.003736574399971463 0.0034475484123341537 0.01073633814075734 -0.01596102267911555 0.013295439405397748 0.024563364547843056 -0.0012603565817806786 0.00064580282311042445 -0.0067145177251914361 0.011538200642643801 0.0048482323247571795 0.0074737467459299513 0.0095352827223019621 0.014664901255240432
leaf_weight=139.35114616155624 40.892715945839882 167.88244070112705 68.39501990377903 62.578411713242531 222.95556427538395 42.41944183409214 90.597222819924355 435.07104235887527 44.649965435266495 222.74796867370605 134.2558197081089 33.127303466200829 33.767371907830238 40.3301662504673
leaf_count=458 122 451 170 267 517 60 319 1254 173 451 314 76 68 70
internal_value=0.0053367 0.00329365 0.00518984 -0.00167698 0.00913596 0.00988089 -0.00746046 0.0020748 0.00304379 0.00776791 0.00909879 0.0010467 0.0173945 0.0202106
internal_weight=1779.02 1231.48 894.304 337.177 390.838 547.541 153.176 503.466 184.001 431.024 357.004 74.02 116.517 82.7496
internal_count=4770 3609 2392 1217 968 1161 586 1424 631 963 765 198 198 130
is_linear=0
shrinkage=0.02


Tree=78
num_leaves=13
num_cat=0
split_feature=1 5 6 17 16 11 4 26 6 20 20 22
split_gain=39.0801 36.4628 37.427 28.893 25.4269 20.0584 19.4994 20.9731 12.8945 9.59379 8.45885 4.35721
threshold=45.000000000000007 1.0000000180025095e-35 13.377859467672851 496500.00000000006 0.18267519813920716 820.50000000000011 1.5000000000000002 -0.025264546212969748 11.653130692864648 -0.42269124999172331 0.25067885633146497 0.047446457799752713
decision_type=2 2 2 2 2 2 2 2 2 2 2 2
left_child=1 5 4 -4 -3 10 7 9 -9 -2 -1 -8
right_child=6 2 3 -5 -6 -7 11 8 -10 -11 -12 -13
leaf_value=0.0059834538970808329 0.019252695244160224 0.003219911126955805 0.00014917043385466911 0.014917306982997938 -0.0067026829842382601 -0.010699984702018685 0.019858564842916836 -0.0049943436314864621 0.0062327636498823048 0.0081885912899335948 0.011702967286424648 0.009356612284030754
leaf_weight=377.51252393424511 71.416527330875397 154.99017304182053 121.49518424272537 97.000059589743614 294.41759105026722 22.85338094830513 82.590841591358185 46.64667809009552 236.81065274775028 76.076424479484558 163.63422167301178 33.743275105953217
leaf_count=922 120 505 357 227 1135 78 130 139 537 167 385 68
internal_value=0.00523166 0.00322705 3.34184e-05 0.00683463 -0.00323666 0.00696688 0.0096933 0.00761572 0.00430382 0.0137741 0.00776823 0.0170886
internal_weight=1779.19 1231.9 667.903 218.495 449.408 564 547.284 430.95 283.457 147.493 541.147 116.334
internal_count=4770 3609 2224 584 1640 1385 1161 963 676 287 1307 198
is_linear=0
shrinkage=0.02


Tree=79
num_leaves=11
num_cat=0
split_feature=4 5 0 28 13 11 24 24 13 4
split_gain=35.9023 39.5636 35.6922 32.9049 28.9482 16.4894 8.80986 8.71932 14.7152 5.97763
threshold=1.5000000000000002 1.0000000180025095e-35 4.5000000000000009 1.0000000180025095e-35 0.60950000000000004 820.50000000000011 11.414772095449264 9.82287017680299 0.14050000000000004 3.5000000000000004
decision_type=2 2 2 2 2 2 2 2 2 2
left_child=1 3 4 5 -3 -1 7 9 -9 -2
right_child=6 2 -4 -5 -6 -7 -8 8 -10 -11
leaf_value=0.0089941405542206185 0.010992339279869531 -0.0017138346192525282 0.021054657119183445 -0.015823832632235756 0.0089590099531863272 -0.0063635093462206752 0.023804821837408986 -0.0032561589497300493 0.010494742306687392 0.02186498011167581
leaf_weight=608.10310314595699 115.85837958753109 657.81752282381058 32.380276665091515 22.005083382129669 119.1727183163166 27.086703926324844 22.886587455868721 41.9098050147295 98.76310633122921 33.052093520760536
leaf_count=1382 256 2160 48 75 318 85 39 123 227 57
internal_value=0.00512962 0.00379263 0.000802515 0.00743792 -4.17431e-05 0.00829883 0.0113088 0.0101739 0.00626278 0.0136688
internal_weight=1779.04 1466.57 809.371 657.195 776.99 635.19 312.47 289.583 140.673 148.91
internal_count=4770 4068 2526 1542 2478 1467 702 663 350 313
is_linear=0
shrinkage=0.02


Tree=80
num_leaves=13
num_cat=0
split_feature=5 4 20 6 12 27 13 15 26 17 16 5
split_gain=37.6591 28.7183 22.7403 20.4078 18.4395 14.676 20.8561 13.7831 12.7028 11.0705 8.19002 5.07135
threshold=1.0000000180025095e-35 1.5000000000000002 -0.92771882973411446 12.827592227764599 17.500000000000004 0.19288890078608964 0.097500000000000017 1.0000000180025095e-35 0.0070746139465644505 111500.00000000001 0.18331817834063543 1.5000000000000002
decision_type=2 2 2 2 2 2 2 2 2 2 2 2
left_child=4 2 9 -4 5 7 -7 -1 11 -2 -10 -3
right_child=1 8 3 -5 -6 6 -8 -9 10 -11 -12 -13
leaf_value=0.010333487918240725 0.0023172945825909704 0.0079930027086426332 -0.0026735841659545449 0.0040853193308680782 -0.0067462879832948268 -0.0082902648999507132 0.0087252889997861509 0.019299365456609732 0.012194756686933195 0.015047135640526978 0 0.019845558646739671
leaf_weight=569.59755150973797 49.65225550532341 29.932824060320854 329.26028172671795 384.50865925848484 24.20735339820385 36.844241991639137 110.83552108705044 86.666937202215195 37.222474798560143 75.310017704963684 49.367522493004799 63.627568289637566
leaf_count=1250 138 74 1210 1041 72 114 262 152 82 176 149 132
internal_value=0.00656202 0.00394816 0.002355 0.00094009 0.00974512 0.0102743 0.0043184 0.0115755 0.0112011 0.0102064 0.0052434 0.0163897
internal_weight=1847.03 1018.88 838.731 713.769 828.152 803.944 147.68 656.264 180.15 124.962 86.59 93.5604
internal_count=4852 3002 2565 2251 1850 1778 376 1402 437 314 231 206
is_linear=0
shrinkage=0.02


Tree=81
num_leaves=13
num_cat=0
split_feature=5 4 11 3 10 12 22 1 26 3 11 5
split_gain=36.1253 27.571 33.6524 21.1757 18.3612 17.7345 15.0148 21.8275 12.149 11.1628 8.35222 4.8074
threshold=1.0000000180025095e-35 1.5000000000000002 760.50000000000011 1.0000000180025095e-35 1.5000000000000002 17.500000000000004 0.93576282687803369 45.000000000000007 0.0070746139465644505 1.0000000180025095e-35 676.50000000000011 1.5000000000000002
decision_type=2 2 2 2 2 2 2 2 2 2 2 2
left_child=5 2 4 -4 -2 6 9 -8 11 -1 -10 -3
right_child=1 8 3 -5 -6 -7 7 -9 10 -11 -12 -13
leaf_value=0.0093582874034022021 0.0021415311381466897 0.0078324013853978396 -0.011202916649196931 0.0038708471444841327 0.0095242937924038106 -0.0066209317446501974 -0.0053730158447049719 0.014148452227671008 -0.0043663107203433509 0.015266135443000033 0.0089916491986062642 0.019412160599504017
leaf_weight=512.11629365384579 488.46604789793491 29.955923169851303 104.21846441924572 54.622531726956367 191.55946560204029 24.191458106040955 56.087008029222488 36.641357511281967 23.45279087126255 199.31792329251766 63.165770873427391 63.768035173416138
leaf_count=1152 1494 74 400 151 520 72 180 65 74 381 157 132
internal_value=0.00643078 0.00387047 0.00230841 -0.00590241 0.00426151 0.00954842 0.0100673 0.00219611 0.0109733 0.0110606 0.00513804 0.016044
internal_weight=1847.56 1019.21 838.867 158.841 680.026 828.354 804.163 92.7284 180.343 711.434 86.6186 93.724
internal_count=4852 3002 2565 551 2014 1850 1778 245 437 1533 231 206
is_linear=0
shrinkage=0.02


Tree=82
num_leaves=15
num_cat=0
split_feature=5 2 11 13 1 27 13 17 10 11 9 7 17 7
split_gain=34.6939 25.7959 28.2342 22.1296 16.2203 13.3307 14.2734 11.7465 8.90828 8.1323 6.66823 22.6273 16.3818 5.59383
threshold=1.0000000180025095e-35 1.0000000180025095e-35 746.50000000000011 0.57450000000000012 105.00000000000001 0.19288890078608964 0.097500000000000017 371500.00000000006 2.5000000000000004 745.50000000000011 0.54250000000000009 103050.00000000001 416500.00000000006 83850.000000000015
decision_type=2 2 2 2 2 2 2 2 2 2 2 2 2 2
left_child=5 2 3 -2 -4 8 9 -8 13 -7 11 -3 -12 -1
right_child=1 10 4 -5 -6 6 7 -9 -10 -11 12 -13 -14 -15
leaf_value=0.004143139886632825 0.0025512405133821807 0.015071895788297941 -0.0061792508331853071 0.012552674980854064 0.012004859333234027 -0.012749596082899235 0.014745100911940328 0.0014058550623204341 0.01797388188633528 0.004238974552783643 0.004699946185103626 -0.0092121846597261765 0.019369199830108964 0.010488253491836875
leaf_weight=76.391367092728615 515.5712551176548 33.499353051185608 182.30424140393734 108.58710008859634 20.400341212749481 25.792105317115784 50.342295631766319 62.575018361210823 65.951366424560547 16.472057014703751 60.613561227917671 25.810164108872414 72.891836494207382 530.85629095137119
leaf_count=202 1599 74 656 281 42 84 102 168 117 42 141 83 126 1135
internal_value=0.00630196 0.0037931 0.00221985 0.00434051 -0.00420106 0.00935778 0.00383464 0.00760573 0.0105937 -0.00572125 0.0103903 0.00419487 0.0129423 0.00973105
internal_weight=1848.06 1019.68 826.863 624.158 202.705 828.381 155.181 112.917 673.199 42.2642 192.815 59.3095 133.505 607.248
internal_count=4852 3002 2578 1880 698 1850 396 270 1454 126 424 157 267 1337
is_linear=0
shrinkage=0.02


Tree=83
num_leaves=13
num_cat=0
split_feature=5 4 0 6 12 22 12 27 22 5 27 22
split_gain=33.3246 26.4589 25.8873 26.2929 16.9342 14.3218 20.6583 13.1559 5.34959 15.4682 3.9825 2.67068
threshold=1.0000000180025095e-35 1.5000000000000002 3.5000000000000004 13.241658060218873 17.500000000000004 0.93576282687803369 1.0000000180025095e-35 0.19288890078608964 -0.47073809082924439 2.5000000000000004 0.18577622754617204 -0.67801191028084318
decision_type=2 2 2 2 2 2 2 2 2 2 2 2
left_child=4 2 3 -2 5 7 -7 -1 11 -10 -4 -3
right_child=1 8 10 -5 -6 6 -8 -9 9 -11 -12 -13
leaf_value=0.011967206633067547 -0.0018741916526479863 0.010340707155779578 0.016850474924908831 0.0057400074126578594 -0.0066207755295542639 -0.012703202300312272 0.0079880951247705886 0.0046329705331223225 0 0.0159670247839756 0.0058288657368171758 0.020049438023287403
leaf_weight=580.19796265661716 468.97938919067383 46.446967780590057 48.81363682448864 292.59026619791985 24.191534116864204 25.576119050383568 67.102898091077805 131.39705783128738 57.63235504925251 43.504263445734978 29.035466909408569 32.960688248276711
leaf_count=1204 1660 108 81 763 72 85 160 329 171 97 61 61
internal_value=0.00617736 0.0037183 0.002188 0.0010286 0.00917257 0.00968008 0.00198989 0.0106494 0.0106719 0.00710702 0.0131194 0.0148186
internal_weight=1848.43 1019.96 839.419 761.57 828.466 804.274 92.679 711.595 180.544 101.137 77.8491 79.4077
internal_count=4852 3002 2565 2423 1850 1778 245 1533 437 268 142 169
is_linear=0
shrinkage=0.02


Tree=84
num_leaves=15
num_cat=0
split_feature=5 4 11 3 10 27 11 17 10 3 3 19 24 11
split_gain=31.9484 25.4288 31.5503 20.4555 17.4859 12.2733 10.6139 8.63616 8.6091 11.5489 7.46004 5.63896 5.61388 5.27506
threshold=1.0000000180025095e-35 1.5000000000000002 760.50000000000011 1.0000000180025095e-35 1.5000000000000002 0.19288890078608964 652.50000000000011 366500.00000000006 2.5000000000000004 1.5000000000000002 1.0000000180025095e-35 -0.029868958076130946 9.8653149135075626 690.50000000000011
decision_type=2 2 2 2 2 2 2 2 2 2 2 2 2 2
left_child=5 2 4 -4 -2 8 12 11 9 -1 -9 -7 -3 -8
right_child=1 6 3 -5 -6 7 13 10 -10 -11 -12 -13 -14 -15
leaf_value=0.0081622074445972942 0.0019642928324172162 0.0073090215458875094 -0.011046202908914702 0.0037791388144795043 0.0091613139523263037 0.0017424643375880174 0.02023546818007757 -0.0040446400264889174 0.017426673879709306 0.016734166817624421 0.0078269072018942384 0.014895714135108909 -0.007542146414434606 0.010169477684201756
leaf_weight=528.89904588460922 488.95006148517132 23.181927189230919 103.7764580398798 54.581786125898361 191.97586765885353 27.417316794395447 36.215510874986649 63.427040234208107 65.900233551859856 78.47864830493927 30.505564451217651 33.891246452927589 16.102169707417488 105.18493895232677
leaf_count=1199 1494 59 400 151 520 69 75 185 117 138 74 68 52 251
internal_value=0.00605569 0.00364719 0.00214569 -0.00581916 0.00403316 0.00898865 0.0104614 0.00368183 0.0101753 0.00932834 0 0.00945691 0.000689085 0.013012
internal_weight=1848.49 1019.97 839.284 158.358 680.926 828.519 180.685 155.241 673.278 607.378 93.9326 61.3086 39.2841 141.4
internal_count=4852 3002 2565 551 2014 1850 437 396 1454 1337 259 137 111 326
is_linear=0
shrinkage=0.02


Tree=85
num_leaves=13
num_cat=0
split_feature=3 0 6 18 13 18 11 18 26 6 18 26
split_gain=45.7934 42.1358 30.4096 29.8227 26.2527 21.7702 14.095 15.8213 13.3866 8.56862 12.6306 8.35817
threshold=1.5000000000000002 2.5000000000000004 11.989476315798941 -0.056169061133847994 0.55850000000000011 1.135469774147621 736.50000000000011 -0.11018101967351794 0.0070746139465644505 11.449995747705866 -0.518646456129772 1.0000000180025095e-35
decision_type=2 2 2 2 2 2 2 2 2 2 2 2
left_child=1 2 5 9 -4 -1 11 -8 -5 -2 -11 -3
right_child=3 6 4 8 -6 -7 7 -9 -10 10 -12 -13
leaf_value=-0.0007955959180615857 0.027833482223620455 0.021144711295706713 0.0031810107703160117 -0.0065758141815614405 0.011417119689142795 -0.020321211652664279 -0.0076332590008925385 0.013307820222763564 0.010326135060457351 0.0085096450708346295 0.02173608365351818 0.011063435002918738
leaf_weight=263.09956705570221 37.058170184493065 69.567482396960258 863.63209921121597 31.357372149825096 192.18082308769226 24.343987792730331 25.597034454345703 29.237799987196922 41.478639841079712 65.208558648824692 67.843412101268768 98.340138658881187
leaf_count=923 54 102 2390 94 444 117 70 55 96 137 111 184
internal_value=0.00577163 0.00449355 0.00313246 0.0138758 0.00470847 -0.0025833 0.0125615 0.00321264 0.00278813 0.0184623 0.0155149 0.0154592
internal_weight=1808.95 1566 1343.26 242.946 1055.81 287.444 222.742 54.8348 72.836 170.11 133.052 167.908
internal_count=4777 4285 3874 492 2834 1040 411 125 190 302 248 286
is_linear=0
shrinkage=0.02


Tree=86
num_leaves=14
num_cat=0
split_feature=3 17 9 10 27 9 4 11 18 8 17 16 17
split_gain=44.037 28.6909 27.8834 35.4265 17.5748 26.6999 16.625 13.4836 12.6576 8.16571 12.1087 5.58306 7.81666
threshold=1.5000000000000002 478500.00000000006 0.99950000000000017 2.5000000000000004 0.18784429604818401 2.1385000000000001 1.5000000000000002 688.50000000000011 -0.61654313098292379 0.015017032097106902 342500.00000000006 0.18793162875957242 783500.00000000012
decision_type=2 2 2 2 2 2 2 2 2 2 2 2 2
left_child=2 9 3 6 8 -6 -1 -5 -4 -2 -11 12 -3
right_child=1 11 4 7 5 -7 -8 -9 -10 10 -12 -13 -14
leaf_value=-0.0011510375537309007 0.027271653960157693 0.013001951254079833 0.0051461140779166248 0.020875679688017981 0.0086329428833247859 -0.0029347526665951889 0.0068944640746544349 0.0049880424784698452 0.012450011689015611 0.0083447844860230023 0.021313282893524521 -0.0049829976824575656 -0.00210016691064723
leaf_weight=589.53109857439995 37.085479617118835 29.974563762545586 165.68784730136395 46.921388104557991 177.22166985273361 140.45351493358612 123.16173501312733 47.525713846087456 275.4326159209013 65.186863005161285 67.825460985302925 22.258045956492424 20.626035392284393
leaf_count=1953 54 64 403 93 411 394 321 134 576 137 111 66 60
internal_value=0.00565827 0.013606 0.0044045 0.00178032 0.00716355 0.00346261 0.000219009 0.0132266 0.0097697 0.0181058 0.0152166 0.00272706 0.00653697
internal_weight=1808.89 242.956 1565.94 807.14 758.796 317.675 712.693 94.4471 441.12 170.098 133.012 72.8586 50.6006
internal_count=4777 492 4285 2501 1784 805 2274 227 979 302 248 190 124
is_linear=0
shrinkage=0.02


Tree=87
num_leaves=13
num_cat=0
split_feature=3 1 17 6 13 17 26 12 26 6 6 17
split_gain=42.351 29.0953 27.6261 24.9433 28.4608 24.3174 12.8776 12.0582 11.8811 8.1632 7.79017 11.6147
threshold=1.5000000000000002 45.000000000000007 478500.00000000006 12.368408285649215 0.55850000000000011 747500.00000000012 0.0070746139465644505 11.500000000000002 -0.025264546212969748 13.310585545041121 11.449995747705866 342500.00000000006
decision_type=2 2 2 2 2 2 2 2 2 2 2 2
left_child=1 3 10 5 -5 -1 -4 8 -3 -9 -2 -12
right_child=2 7 6 4 -6 -7 -8 9 -10 -11 11 -13
leaf_value=-0.00016781603188750964 0.026730637376226968 0.01461428197574461 -0.0065170575955292818 0.0024857161151163598 0.012336666777427088 -0.017714093935184135 0.010057909984754707 -0.0058424067561589285 0.0071154010277337185 0.0097325057201093322 0.0081833365012462054 0.020903067871478772
leaf_weight=280.86072567105293 37.099427878856659 134.24783957004547 31.357301354408264 617.20956307649612 146.87153245508671 34.963419392704964 41.511536791920662 36.661588102579117 295.43971641361713 19.900706440210342 65.16343005001545 67.793308064341545
leaf_count=989 54 253 94 1740 335 169 96 105 654 40 137 111
internal_value=0.00554691 0.00431725 0.0133424 0.00245773 0.00441905 -0.00222319 0.00266287 0.00839245 0.00953322 0 0.0177594 0.0149259
internal_weight=1809.08 1566.16 242.925 1079.91 764.081 315.824 72.8688 486.25 429.688 56.5623 170.056 132.957
internal_count=4777 4285 492 3233 2075 1158 190 1052 907 145 302 248
is_linear=0
shrinkage=0.02


Tree=88
num_leaves=12
num_cat=0
split_feature=0 27 5 17 1 11 6 11 17 26 24
split_gain=31.6773 44.4402 25.1151 19.8306 19.148 16.2276 15.132 14.187 13.9137 4.49554 3.85436
threshold=2.5000000000000004 0.19288890078608964 1.0000000180025095e-35 824500.00000000012 105.00000000000001 580.50000000000011 13.47660676504872 736.50000000000011 463500.00000000006 -0.025264546212969748 9.4993395546867632
decision_type=2 2 2 2 2 2 2 2 2 2 2
left_child=1 2 3 -1 -4 -3 -7 9 -9 -2 -11
right_child=7 5 4 -5 -6 6 -8 8 -10 10 -12
leaf_value=0.010259676297663093 0.020255093128680134 0.013057061662807973 0.0023888817363969935 -0.0027633318983357191 0.01457575648061102 -0.0073232207483752221 0.0030514621714109046 -0.0062261170473411854 0.012319955644590701 0.0051699201960854427 0.014439890678401101
leaf_weight=519.34812055528164 57.919336766004562 22.339903578162193 654.75334100425243 48.39191061258316 56.13759446144104 185.03563995659351 76.738278701901436 28.896332025527954 32.572122275829315 33.503298133611679 93.351218804717064
leaf_count=1122 86 53 2047 139 111 649 201 77 62 69 161
internal_value=0.00543801 0.00436199 0.00595598 0.00911157 0.00339847 -0.0027372 -0.00420576 0.0121407 0.00332118 0.0149333 0.0122076
internal_weight=1808.99 1562.74 1278.63 567.74 710.891 284.114 261.774 246.242 61.4685 184.774 126.855
internal_count=4777 4322 3419 1261 2158 903 850 455 139 316 230
is_linear=0
shrinkage=0.02


Tree=89
num_leaves=14
num_cat=0
split_feature=3 1 22 17 17 24 24 26 11 16 22 17 24
split_gain=40.8989 27.5047 34.755 26.5388 26.4812 12.4281 12.083 19.4287 11.4612 8.2537 7.91461 5.13024 3.76873
threshold=1.5000000000000002 45.000000000000007 -0.94450682100432748 478500.00000000006 382500.00000000006 11.061170006249604 9.5575343297411219 -0.025264546212969748 641.50000000000011 0.17785702638767323 -0.056190451926046645 342500.00000000006 8.8749830412154811
decision_type=2 2 2 2 2 2 2 2 2 2 2 2 2
left_child=1 2 8 11 -4 10 7 -3 -1 -8 -5 12 -2
right_child=3 6 4 5 -6 -7 9 -9 -10 -11 -12 -13 -14
leaf_value=0.00021846928023834734 0.019084746261166022 0.012957274611595949 -0.0039798243666123766 0.0066395992447524626 0.0032140289418513841 0.015470133678602234 0.018333530101467793 -0.0014641180400266239 0.015063989320477603 0.0088004542620529341 -0.0087432518926548915 0.021391680039977441 0.0088007698988043417
leaf_weight=29.547796204686165 31.786937683820724 55.019431263208389 295.35571128129959 20.410279184579849 653.13621665537357 20.497376948595047 48.532423168420792 105.94035118818283 102.2480101287365 276.21054735779762 31.958763554692268 83.37146782875061 54.72396494448185
leaf_count=82 52 106 932 48 1980 41 85 268 239 593 101 135 115
internal_value=0.00533198 0.00412379 0.00231665 0.0129951 0.000951002 0.00252559 0.00808906 0.0033915 0.011913 0.0103385 -0.00236113 0.0173277 0.0129829
internal_weight=1808.74 1565.99 1080.29 242.749 948.492 72.8664 485.703 160.96 131.796 324.743 52.369 169.882 86.5109
internal_count=4777 4285 3233 492 2912 190 1052 374 321 678 149 302 167
is_linear=0
shrinkage=0.02


Tree=90
num_leaves=14
num_cat=0
split_feature=1 2 15 11 2 11 27 22 5 4 14 13 5
split_gain=45.8727 33.8481 31.4678 22.7383 15.3025 13.8808 13.5217 13.3829 18.0627 10.2049 9.78029 9.44383 2.61119
threshold=1.0000000180025095e-35 1.5000000000000002 1.0000000180025095e-35 692.50000000000011 1.0000000180025095e-35 743.50000000000011 0.18364112106850497 -0.23385372574170282 4.5000000000000009 1.0000000180025095e-35 0.013627581934317302 0.39650000000000007 1.0000000180025095e-35
decision_type=2 2 2 2 2 2 2 2 2 2 2 2 2
left_child=1 2 3 -1 7 -4 -6 10 -9 12 -2 -8 -3
right_child=4 9 5 -5 6 -7 11 8 -10 -11 -12 -13 -14
leaf_value=0.0024779156001267979 0.011237047477105981 0.012592203424640654 0.014521583742023367 -0.0045817685706379205 0.0034904760945028003 -0.0021324953383730135 0.01246586464645599 0.0048564928091975939 -0.012753058152026625 0.023794453348056303 0.0040495306415880309 0.026000307638255206 0.001889478041307405
leaf_weight=344.20525281131268 273.15246823430061 21.928127929568291 79.675554782152176 381.92028650641441 44.279262572526932 23.676532983779907 78.540153712034225 313.42490334808826 23.677990555763245 28.60316975414753 120.80385807156563 37.462205722928047 24.611380711197853
leaf_count=1052 560 42 198 1346 97 81 145 739 79 42 286 47 65
internal_value=0.00463959 0.00143697 0.000240647 -0.00120896 0.00786225 0.0105308 0.0135763 0.00656531 0.00352639 0.0142036 0.00909952 0.0171925 0.00751181
internal_weight=1795.96 904.62 829.478 726.126 891.341 103.352 160.282 731.059 337.103 75.1427 393.956 116.002 46.5395
internal_count=4779 2826 2677 2398 1953 279 289 1664 818 149 846 192 107
is_linear=0
shrinkage=0.02


Tree=91
num_leaves=15
num_cat=0
split_feature=0 3 10 4 10 2 0 13 22 24 24 22 18 22
split_gain=44.0985 42.2051 38.8338 39.1809 14.9221 15.3552 15.9477 12.4755 9.44886 18.5848 7.63484 7.01359 10.9956 9.40932
threshold=1.0000000180025095e-35 1.5000000000000002 2.5000000000000004 1.0000000180025095e-35 1.5000000000000002 1.0000000180025095e-35 2.5000000000000004 0.39650000000000007 -0.73723300155272853 10.802651953825547 9.273398044650051 -0.24865899855967419 -0.035914576681471744 -0.44112754519330172
decision_type=2 2 2 2 2 2 2 2 2 2 2 2 2 2
left_child=1 2 3 -1 5 6 -2 -7 -3 -10 -4 13 -13 -6
right_child=4 8 10 -5 11 7 -8 -9 9 -11 -12 12 -14 -15
leaf_value=-0.005428828411309281 0.0020411753059730725 0.020200931171985542 0.020515619215276844 0.0047572488986938315 0.011635008394949667 0.0075097696505127447 0.0097079457968150228 0.021993553986637236 0.0019691881956337377 0.021171532747592755 0.0070094622219872898 -0.0003217205147740191 0.012262813372802271 0.025017113562054952
leaf_weight=455.80015930533409 360.72804953157902 38.510065332055092 29.955238834023476 222.99289080500603 102.96957503259182 80.622592702507973 160.97729015350342 39.100324034690857 71.863416060805321 28.807714954018593 56.576632112264633 39.123682826757431 74.336853832006454 33.048126488924026
leaf_count=1648 924 65 61 655 204 166 312 55 186 56 155 97 149 46
internal_value=0.00455084 0.00141031 -0.000411904 -0.00205107 0.00771173 0.00601738 0.00445914 0.0125487 0.0115044 0.00781497 0.0120944 0.0119468 0.00778376 0.0151913
internal_weight=1795.41 904.506 765.325 678.793 890.906 641.428 521.705 119.723 139.181 100.671 86.5319 249.478 113.461 136.018
internal_count=4779 2826 2519 2303 1953 1457 1236 221 307 242 216 496 246 250
is_linear=0
shrinkage=0.02


Tree=92
num_leaves=12
num_cat=0
split_feature=2 0 15 24 10 24 27 22 4 27 27
split_gain=42.4686 46.0115 30.1782 27.162 16.2557 16.8362 13.6633 7.38698 6.71193 8.37225 4.01817
threshold=1.5000000000000002 1.0000000180025095e-35 1.0000000180025095e-35 9.0180713227457261 1.5000000000000002 9.6518750553512742 0.19185465140429267 -0.24865899855967419 1.5000000000000002 0.19185465140429267 0.18364112106850497
decision_type=2 2 2 2 2 2 2 2 2 2 2
left_child=1 2 3 -1 5 -3 -4 -6 9 10 -2
right_child=8 4 6 -5 7 -7 -8 -9 -10 -11 -12
leaf_value=0.0065626857382926566 0.0076610339095579206 0.00036268997607929982 0.014405080381566321 -0.0031429321030900059 0.01478868491790677 0.0075207441993926961 -0.001747465827517871 0.007044159498137411 0.023463502157567304 0.0011612225138296051 0.019364441581382074
leaf_weight=141.89429557323456 27.775660812854767 208.07110740244389 78.161330461502075 583.79844596982002 128.76914483308792 386.98994234204292 25.356847360730171 107.07739765942097 35.278544157743454 25.551125705242157 45.894535183906555
leaf_count=384 59 517 195 2014 239 865 84 236 49 62 75
internal_value=0.0044658 0.00356885 0.000209653 -0.00121126 0.00689287 0.0050562 0.0102783 0.0114016 0.0152811 0.0119672 0.0153815
internal_weight=1794.62 1660.12 829.211 725.693 830.908 595.061 103.518 235.847 134.5 99.2213 73.6702
internal_count=4779 4534 2677 2398 1857 1382 279 475 245 196 134
is_linear=0
shrinkage=0.02


Tree=93
num_leaves=12
num_cat=0
split_feature=2 0 3 9 0 3 9 4 5 4 13
split_gain=40.9895 44.2259 44.3821 20.2705 14.139 17.1244 9.9007 6.48068 7.81825 5.29174 2.80832
threshold=1.5000000000000002 1.0000000180025095e-35 1.5000000000000002 1.0285000000000002 2.5000000000000004 1.0000000180025095e-35 0.77150000000000019 1.5000000000000002 1.0000000180025095e-35 1.0000000180025095e-35 0.29950000000000004
decision_type=2 2 2 2 2 2 2 2 2 2 2
left_child=1 2 3 -1 5 -3 -4 8 -2 -6 -10
right_child=7 4 6 -5 9 -7 -8 -9 10 -11 -12
leaf_value=-0.0051204950241620162 0.01785236464840758 0.0027784277099873983 0.0032408381038327638 0.0016691639138934162 0.0086016344965217876 0.010360989656190209 0.015108854148137309 0.023080246794525094 0.00099294866769378352 0.015844930004780603 0.011188158055105349
leaf_weight=358.01076713204384 46.776595339179039 420.8873655796051 50.934046193957329 338.10004583001137 164.57661654055119 172.73619899153709 82.026128053665161 35.164816781878471 30.806740298867226 72.516910791397095 21.546491459012032
leaf_count=1422 76 1056 142 957 326 357 156 49 78 118 42
internal_value=0.00438044 0.00349942 0.000205332 -0.00179641 0.00675874 0.0050322 0.0107699 0.015015 0.0117524 0.0109583 0.0056948
internal_weight=1794.08 1659.79 829.071 696.111 830.717 593.624 132.96 134.295 99.1298 237.094 52.3532
internal_count=4779 4534 2677 2379 1857 1413 298 245 196 444 120
is_linear=0
shrinkage=0.02


Tree=94
num_leaves=12
num_cat=0
split_feature=2 0 3 15 0 3 9 11 11 13 20
split_gain=39.571 42.5095 42.6561 44.7123 13.6585 16.4558 9.49783 7.10276 6.77909 6.51445 0.104081
threshold=1.5000000000000002 1.0000000180025095e-35 1.5000000000000002 1.0000000180025095e-35 2.5000000000000004 1.0000000180025095e-35 0.77150000000000019 738.50000000000011 612.50000000000011 0.13550000000000004 -0.534919601045588
decision_type=2 2 2 2 2 2 2 2 2 2 2
left_child=1 2 3 -1 5 -3 -4 -6 -2 -10 -11
right_child=8 4 6 -5 7 -7 -8 -9 9 10 -12
leaf_value=-0.0038124267947865294 0.001536113563767095 0.0027226442223556948 0.003175382658505017 0.010827716970233565 0.012978161502370919 0.010158595952048323 0.014809329668252413 0.0045856801933889706 0.0072189115962882954 0.023722480158063441 0.016165950594480952
leaf_weight=600.06161096692085 17.101962074637413 420.94051720201969 50.964596316218376 95.46953022480011 170.99711714684963 172.6746740937233 82.031589433550835 65.65441769361496 31.038598403334618 32.472795993089676 53.434655725955963
leaf_count=2120 39 1056 142 259 301 357 156 143 65 45 96
internal_value=0.00429903 0.00343334 0.000202153 -0.00176153 0.00662958 0.00493274 0.0105574 0.0107631 0.0147587 0.0164934 0.0194925
internal_weight=1792.84 1658.79 828.527 695.531 830.267 593.615 132.996 236.652 134.048 116.946 85.9075
internal_count=4779 4534 2677 2379 1857 1413 298 444 245 206 141
is_linear=0
shrinkage=0.02


Tree=95
num_leaves=14
num_cat=0
split_feature=0 10 3 12 5 11 0 24 13 13 18 18 16
split_gain=27.5713 37.5758 39.2001 25.654 25.5792 16.1237 15.8528 11.9527 8.60458 6.96065 10.3033 8.60485 6.54441
threshold=1.5000000000000002 2.5000000000000004 1.5000000000000002 7.5000000000000009 1.0000000180025095e-35 688.50000000000011 4.5000000000000009 11.27213889167397 0.42250000000000004 0.16050000000000003 -0.69756106879242863 -0.062920555951306689 0.18373995243587457
decision_type=2 2 2 2 2 2 2 2 2 2 2 2 2
left_child=1 2 4 -4 -1 9 7 -7 12 11 -11 -2 -3
right_child=5 8 3 -5 -6 6 -8 -9 -10 10 -12 -13 -14
leaf_value=0.0042877043553954585 0.012831948764268629 0.022031603345012626 0.0049149381676033138 0.021208976792908677 -0.0020555808179717628 0.0014844752408659657 0.01677428960936744 0.016215947478501663 0.0027814442459696154 0.0033373488788822343 0.018622689021319319 0 0.010837916863658868
leaf_weight=461.44205094873905 53.231530129909515 46.124875783920288 109.84352076053619 63.472360998392105 560.07517121732235 196.52294814586639 42.253788560628891 24.614249587059021 30.417441710829735 25.360030174255371 113.96187654137611 32.228222906589508 66.818568870425224
leaf_count=1164 98 85 260 105 1948 467 68 44 83 56 184 77 158
internal_value=0.00500946 0.00349635 0.0023094 0.0110844 0.000791654 0.00910071 0.00557556 0.00327985 0.0131659 0.0130998 0.0160265 0.00796693 0.0157381
internal_weight=1826.37 1338.19 1194.83 173.316 1021.52 488.173 263.391 221.137 143.361 224.782 139.322 85.4598 112.943
internal_count=4797 3803 3477 365 3112 994 579 511 326 415 240 175 243
is_linear=0
shrinkage=0.02


Tree=96
num_leaves=13
num_cat=0
split_feature=5 12 9 26 3 24 10 3 17 24 6 16
split_gain=26.4492 21.353 19.0495 22.0405 18.5133 30.4635 18.4123 20.2502 15.4508 13.4259 12.0595 6.90751
threshold=1.0000000180025095e-35 9.5000000000000018 0.83350000000000002 1.0000000180025095e-35 1.5000000000000002 9.3631380837471827 2.5000000000000004 1.0000000180025095e-35 559500.00000000012 11.15125207894169 11.831386204330558 0.18702985632599903
decision_type=2 2 2 2 2 2 2 2 2 2 2 2
left_child=6 2 3 -2 5 -3 7 8 -1 -4 -9 -8
right_child=1 4 9 -5 -6 -7 11 10 -10 -11 -12 -13
leaf_value=0.0019501097184444283 0.00312744522523273 -0.0070694831462290034 0.0028035453090371255 -0.0070518702750945461 0.019904705640172344 0.0099313915112555079 0.022639060703431049 0.019909328225082054 0.0096441351090468495 0.016572182547848036 0.0085604986207495765 0.0095996003728381178
leaf_weight=358.10413041710854 151.18238094449043 56.328258574008942 401.46601167321205 187.41714884340763 42.355378851294518 149.73403875529766 42.587061807513237 56.831926167011261 152.63703112304211 30.500560522079468 154.51043136417866 42.117121696472168
leaf_count=890 483 185 1056 715 73 414 67 100 351 59 319 85
internal_value=0.00491447 0.0027376 0.00105968 -0.00245216 0.00783703 0.00517582 0.00763234 0.006534 0.00430293 0.00385795 0.0117859 0.0165765
internal_weight=1825.77 1018.98 770.566 338.6 248.418 206.062 806.788 722.084 510.741 431.967 211.342 84.7042
internal_count=4797 2985 2313 1198 672 599 1812 1660 1241 1115 419 152
is_linear=0
shrinkage=0.02


Tree=97
num_leaves=12
num_cat=0
split_feature=0 10 5 12 24 11 6 14 13 13 16
split_gain=26.6351 35.4361 25.0623 28.1486 15.8389 14.1784 12.6209 15.8561 13.7188 8.1735 6.13889
threshold=1.5000000000000002 2.5000000000000004 1.0000000180025095e-35 7.5000000000000009 8.6395486546207092 776.50000000000011 11.739670443640273 0.092471305313124114 0.13850000000000004 0.42250000000000004 0.18373995243587457
decision_type=2 2 2 2 2 2 2 2 2 2 2
left_child=1 2 5 -4 -2 -1 8 -8 -6 10 -3
right_child=4 9 3 -5 6 -7 7 -9 -10 -11 -12
leaf_value=0.0066407811090847457 -0.0046278914270923791 0.021322200056992806 -0.0034379109723138212 0.0052240731427748138 0.0048170031709684957 -0.0029322027922069594 0.0094595538263649789 -0.0025688811474441171 0.02057242938971466 0.0025860659007884142 0.010460418696680476
leaf_weight=467.9727942943573 30.152269780635834 46.201700553297997 430.92381013929844 228.44568452239037 37.054034024477005 67.599422439932823 294.79311227798462 48.103863507509232 77.133339464664459 30.418870821595192 66.908078148961067
leaf_count=1106 78 85 1476 699 87 196 583 119 127 83 158
internal_value=0.00481929 0.00333338 0.00217981 -0.000403221 0.00884501 0.005392 0.00978559 0.00771141 0.0157196 0.0127175 0.0152204
internal_weight=1825.71 1338.47 1194.94 659.369 487.237 535.572 457.084 342.897 114.187 143.529 113.11
internal_count=4797 3803 3477 2175 994 1302 916 702 214 326 243
is_linear=0
shrinkage=0.02


Tree=98
num_leaves=12
num_cat=0
split_feature=2 5 21 4 27 10 11 21 18 27 27
split_gain=41.3363 32.0888 27.0131 26.2165 18.1916 17.5576 16.309 9.34514 9.28074 13.4938 9.26038
threshold=1.0000000180025095e-35 1.0000000180025095e-35 46500.000000000007 1.0000000180025095e-35 0.19548378885620968 2.5000000000000004 738.50000000000011 8500.0000000000018 0.15650302561610244 0.18514455441116337 0.18336523571818647
decision_type=2 2 2 2 2 2 2 2 2 2 2
left_child=1 4 3 -3 5 -1 -4 -2 9 -9 -10
right_child=7 2 6 -5 -6 -7 -8 8 10 -11 -12
leaf_value=0.0059479597064376688 0.020206565627893958 -0.00095875587105347842 -0.0049583847028610998 0.0069347350992733673 -0.010338875264368788 0.01694147338135488 -0.027911865844570533 0.011936634978422336 0.0026610796557004403 0.0011494319905391963 0.017289085682725781
leaf_weight=569.80771099030972 41.816522255539894 495.79110576212406 50.474951699376106 251.17272007465363 22.905208826065063 67.168340250849724 17.242480844259262 95.663429364562035 26.160881116986275 98.369537502527237 88.854463651776314
leaf_count=1330 66 1602 184 677 73 120 85 187 66 243 164
internal_value=0.00472502 0.00323327 0.000549277 0.00167448 0.00651079 0.0071633 -0.0114151 0.0109105 0.00952701 0.00660429 0.0141859
internal_weight=1825.43 1474.56 814.681 746.964 659.881 636.976 67.7174 350.865 309.048 194.033 115.015
internal_count=4797 4071 2548 2279 1523 1450 269 726 660 430 230
is_linear=0
shrinkage=0.02


Tree=99
num_leaves=14
num_cat=0
split_feature=2 5 21 4 10 21 18 1 13 18 16 21 22
split_gain=39.83 30.8422 26.0792 25.1578 16.0356 16.3534 14.4424 10.6988 18.4179 15.8503 9.43963 5.84382 4.65755
threshold=1.0000000180025095e-35 1.0000000180025095e-35 46500.000000000007 1.0000000180025095e-35 2.5000000000000004 30500.000000000004 3.0056338385836932 45.000000000000007 0.10050000000000002 -0.76845176437574547 0.18702985632599903 25500.000000000004 -0.55956972773707248
decision_type=2 2 2 2 2 2 2 2 2 2 2 2 2
left_child=1 4 3 -3 5 -1 -4 8 11 -10 -6 -2 -9
right_child=7 2 6 -5 10 -7 -8 12 9 -11 -12 -13 -14
leaf_value=0.0029013696294069293 -0.0075650479971894301 -0.00093981178119077887 -0.016627478584103281 0.0067899057712863409 0.022336005983643364 0.010157249829801537 0.0035489431516111006 0.0083392939703168176 0.02128454174224774 0.0075193537433534217 0.0059967086771198688 0.0049614320114656149 0.019373122772502444
leaf_weight=403.65780605375767 30.599537506699562 495.69045387208462 50.368815943598747 251.41846436262131 38.372489377856255 187.81169398128986 17.11839160323143 31.96523343026638 47.911404982209206 142.16040828824043 29.978018864989281 25.763892859220505 72.233258634805679
leaf_count=976 90 1602 211 677 60 422 58 61 76 327 65 62 110
internal_value=0.00463255 0.00316814 0.000536135 0.00164027 0.00638156 0.00525237 -0.0112405 0.010707 0.00820928 0.0111871 0.0156479 -0.00150383 0.0162898
internal_weight=1825.05 1474.42 814.596 747.109 659.82 591.47 67.4872 350.634 246.435 190.072 68.3505 56.3634 104.198
internal_count=4797 4071 2548 2279 1523 1398 269 726 555 403 125 152 171
is_linear=0
shrinkage=0.02


Tree=100
num_leaves=13
num_cat=0
split_feature=4 9 22 27 25 20 27 16 27 7 22 26
split_gain=25.3429 28.6645 18.229 17.0524 17.5829 14.1046 10.8033 10.2993 10.6336 9.42396 9.34266 5.7921
threshold=1.0000000180025095e-35 0.85350000000000004 0.34355191415917974 0.19185465140429267 3.5000000000000004 -1.2644038828957087 0.19548378885620968 0.18921335627843924 0.18673928896991795 222950.00000000003 0.56563100642875008 -0.025264546212969748
decision_type=2 2 2 2 2 2 2 2 2 2 2 2
left_child=1 3 5 4 -1 -3 7 9 -9 -2 -5 -4
right_child=6 2 11 10 -6 -7 -8 8 -10 -11 -12 -13
leaf_value=0.0032042537563283552 0.004295353725285599 0.016895665892111215 0.0035289100499527105 -0.010553913235206531 -0.006878887712157937 0.0024936016798698165 -0.0056493616754139811 -0.0072700872574088041 0.0077742558713577714 0.010570018126374739 0 0.014681799463658772
leaf_weight=307.97201029956341 150.65272910892963 28.490804150700569 30.937782973051071 98.138276755809784 87.537510976195335 512.32108867168427 22.677735805511475 34.343963831663132 38.690714403986931 357.28990375995636 50.926400318741798 89.252982065081596
leaf_count=922 412 54 79 362 310 1287 73 102 93 772 165 181
internal_value=0.00384834 0.00214658 0.00494872 -0.00122083 0.000910407 0.00331902 0.00720474 0.00774969 0.00042699 0.00876038 -0.00697726 0.0120288
internal_weight=1809.23 1205.58 661.003 544.574 395.51 540.812 603.655 580.977 73.0347 507.943 149.065 120.191
internal_count=4812 3360 1601 1759 1232 1341 1452 1379 195 1184 527 260
is_linear=0
shrinkage=0.02


Tree=101
num_leaves=13
num_cat=0
split_feature=2 11 27 12 9 10 22 11 7 14 11 18
split_gain=32.8265 22.036 21.8309 17.6267 17.457 36.8926 15.0408 13.4278 12.1921 10.9314 12.6894 9.92594
threshold=1.0000000180025095e-35 637.50000000000011 0.19288890078608964 13.500000000000002 1.1265000000000003 1.5000000000000002 0.062251730617724058 785.50000000000011 722250.00000000012 0.013627581934317302 644.50000000000011 -0.26208965306633963
decision_type=2 2 2 2 2 2 2 2 2 2 2 2
left_child=1 4 3 -3 5 -1 -6 9 -4 10 -2 -11
right_child=7 2 8 -5 6 -7 -8 -9 -10 11 -12 -13
leaf_value=-0.0036409669466575842 0.014513946088507519 0.0032749355898742355 -0.007792197143248877 -0.00646304104827208 0.0076810234817813955 0.015823427897731779 0.022199664425469723 -0.0015106895576099035 0.0028261295392002644 0.0071030470236304391 0.0033771271820155807 0.020195897487190129
leaf_weight=119.93252436816692 66.629539594054222 846.95415052771568 148.74146196246147 79.346130728721619 113.58303169906139 55.912563771009445 42.31108769774437 37.278952389955521 56.904320329427719 43.813077464699745 122.85835875570774 74.863654926419258
leaf_count=388 124 2323 516 260 252 127 71 98 147 95 283 128
internal_value=0.00377259 0.00244175 0.00108968 0.00241315 0.00697798 0.00248941 0.0118654 0.00933045 -0.00475775 0.0107072 0.00745379 0.0156291
internal_weight=1809.13 1463.69 1131.95 926.3 331.739 175.845 155.894 345.444 205.646 308.165 189.488 118.677
internal_count=4812 4084 3246 2583 838 515 323 728 663 630 407 223
is_linear=0
shrinkage=0.02


Tree=102
num_leaves=11
num_cat=0
split_feature=0 5 7 11 3 24 11 15 12 13
split_gain=34.6723 31.252 21.3516 25.022 21.505 13.865 28.4033 15.9119 3.7271 4.70366
threshold=3.5000000000000004 1.0000000180025095e-35 222950.00000000003 630.50000000000011 1.0000000180025095e-35 9.9641564641556268 737.50000000000011 1.0000000180025095e-35 4.5000000000000009 0.15150000000000002
decision_type=2 2 2 2 2 2 2 2 2 2
left_child=1 5 4 -4 -3 7 -7 -1 9 -2
right_child=8 2 3 -5 -6 6 -8 -9 -10 -11
leaf_value=0.0067106674604993444 0.002959637820165536 -0.0086353601282514268 0.0097578820217279257 0.00026047957230044492 0.0035805659466397882 0.0060665358942633245 -0.0076060440358490635 0.018442361791190246 0.017684533522229137 0.014200336749804516
leaf_weight=365.95622959733009 32.473307743668556 168.90658420324326 140.93315398693085 530.72254903614521 83.793813601136208 251.04353934526443 78.13044798374176 55.769617676734924 60.536120444536209 40.65992733836174
leaf_count=821 69 700 336 1551 260 584 236 94 94 67
internal_value=0.00369928 0.00289724 0.000410518 0.00229459 -0.00450766 0.00592718 0.00274753 0.00834935 0.0135063 0.00958617
internal_weight=1808.93 1675.26 924.356 671.656 252.7 750.9 329.174 421.726 133.669 73.1332
internal_count=4812 4582 2847 1887 960 1735 820 915 230 136
is_linear=0
shrinkage=0.02


Tree=103
num_leaves=12
num_cat=0
split_feature=2 1 9 11 22 11 26 2 24 18 13
split_gain=31.7205 26.1798 25.5387 27.5494 15.584 12.8365 9.02825 4.67455 6.80091 4.76364 2.66723
threshold=1.0000000180025095e-35 105.00000000000001 0.85350000000000004 725.50000000000011 0.34355191415917974 785.50000000000011 0.035423488896213405 1.5000000000000002 9.906031197669785 -0.19119895748302287 0.23650000000000002
decision_type=2 2 2 2 2 2 2 2 2 2 2
left_child=1 2 3 -1 -4 7 10 8 -2 -9 -3
right_child=5 6 4 -5 -6 -7 -8 9 -10 -11 -12
leaf_value=0.0011726262713373384 0.011756510233391063 0.0092476776287474891 0.0026020743947807057 -0.0081390533854316625 0.010422184033002395 -0.0014957514390849527 0.00053820373398578991 0.0091272580325569546 0.0035816313603867973 0.01831404075545463 0.017641097134625333
leaf_weight=427.29072622954845 97.97381779551506 50.19110780954361 601.51142713427544 178.32252582907677 125.8579356521368 37.262701153755188 30.129609942436218 64.99991101026535 86.523349061608315 58.246099337935448 49.742170423269272
leaf_count=1344 194 101 1521 676 285 98 71 129 211 96 86
internal_value=0.00362908 0.00232092 0.00146376 -0.00154512 0.00399511 0.00909599 0.0108749 0.0104439 0.00807054 0.0137424 0.0137571
internal_weight=1808.05 1463.05 1332.98 605.613 727.369 345.006 130.063 307.743 184.497 123.246 99.9333
internal_count=4812 4084 3826 2020 1806 728 258 630 405 225 187
is_linear=0
shrinkage=0.02


Tree=104
num_leaves=12
num_cat=0
split_feature=1 5 4 3 1 10 10 23 7 9 12
split_gain=26.544 23.673 20.0726 16.9732 11.3999 11.6243 10.6913 7.5624 5.1675 5.14712 3.6968
threshold=105.00000000000001 1.0000000180025095e-35 1.0000000180025095e-35 1.0000000180025095e-35 75.000000000000014 1.0000000180025095e-35 1.5000000000000002 107500.00000000001 541100.00000000012 2.0765000000000007 3.5000000000000004
decision_type=2 2 2 2 2 2 2 2 2 2 2
left_child=1 4 3 -3 5 -1 -4 9 -6 10 -2
right_child=7 2 6 -5 8 -7 -8 -9 -10 -11 -12
leaf_value=0.0096395402402849467 0.020734404692561263 -0.0037904305668350264 0.0022837162863120195 0.0033223013931985091 0.0010781458841713455 0.0040882937165864861 0.010722958700400898 0.0028275017807837398 -0.010745142572190294 0.0058928622719121703 0.0099847077606834631
leaf_weight=255.21967102587223 50.530323818325996 411.07369396090508 216.10022842884064 195.54638317227364 42.547334641218185 426.2021718621254 87.85129003226757 36.735372230410576 19.825235977768898 31.645096108317375 34.206882119178772
leaf_count=559 76 1431 611 539 96 1019 208 86 54 65 68
internal_value=0.00355999 0.00280249 0.000613878 -0.001463 0.00545056 0.00620784 0.00481566 0.0115435 -0.00247457 0.0140767 0.0167953
internal_weight=1807.48 1654.37 910.572 606.62 743.794 681.422 303.952 153.118 62.3726 116.382 84.7372
internal_count=4812 4517 2789 1970 1728 1578 819 295 150 209 144
is_linear=0
shrinkage=0.02


Tree=105
num_leaves=12
num_cat=0
split_feature=0 3 10 9 18 24 9 13 11 17 17
split_gain=28.5634 26.9881 28.6051 34.724 17.3165 21.9836 7.71273 7.10673 6.15292 6.92166 8.69897
threshold=2.5000000000000004 1.5000000000000002 2.5000000000000004 1.1265000000000003 -0.15406573598699977 10.914196744067743 1.0415000000000003 0.18150000000000002 612.50000000000011 643500.00000000012 532500.00000000012
decision_type=2 2 2 2 2 2 2 2 2 2 2
left_child=1 2 3 -1 7 -6 -4 -3 -2 10 -10
right_child=8 4 6 -5 5 -7 -8 -9 9 -11 -12
leaf_value=-0.0021315470787970359 0.018211092897137762 0.0070968922663254821 0.014272869252111643 0.0046743604055895635 -0.0057464161934488592 0.016857979966776321 0.0045175654714453206 0.017902069951194172 0.0079279794961394714 0.00069186107644653833 0.019905660805920333
leaf_weight=653.4944878667593 38.827380791306496 47.714024469256401 85.130064085125923 549.62483163177967 48.919840306043625 24.941530376672745 66.153318017721176 83.237891152501106 136.72811976075172 39.797759979963303 34.02929000556469
leaf_count=2163 58 105 201 1358 143 49 157 140 268 91 51
internal_value=0.00408839 0.00306088 0.00201521 0.000962308 0.00983519 0.00174271 0.0101961 0.0142003 0.0103949 0.00877981 0.0105334
internal_weight=1808.6 1559.22 1354.4 1203.12 204.813 73.8614 151.283 130.952 249.383 210.555 170.757
internal_count=4784 4316 3879 3521 437 192 358 245 468 410 319
is_linear=0
shrinkage=0.02


Tree=106
num_leaves=12
num_cat=0
split_feature=2 6 4 22 10 13 6 16 18 20 26
split_gain=25.6362 24.6669 26.9209 27.9807 12.8648 13.2925 12.9473 7.74617 6.21047 9.66658 2.03346
threshold=1.5000000000000002 13.201361078022707 2.5000000000000004 -0.42632227237533032 1.0000000180025095e-35 0.13550000000000004 13.377859467672851 0.18835821214892481 -0.19119895748302287 -0.59103377657252032 0.014316328915725301
decision_type=2 2 2 2 2 2 2 2 2 2 2
left_child=1 2 3 -1 6 -6 -3 -4 9 -2 -10
right_child=8 4 7 -5 5 -7 -8 -9 10 -11 -12
leaf_value=0.0041685372395082673 0.014255617217165751 0.010804943776841065 0.016119962250921487 -0.002708439436911065 0.003064765806533754 0.010938332671901321 -0.00046893045292524402 0.0031344561847009844 0.01169525710545753 -0.00067066811765699452 0.02182701174360949
leaf_weight=430.66090753674507 35.1049944460392 52.452595800161362 58.502519369125366 521.26589439809322 135.02308747172356 286.79435376822948 158.89474602043629 33.632738962769508 35.105147942900658 28.610971555113792 31.903269112110138
leaf_count=1175 62 113 116 1680 336 613 417 85 69 70 48
internal_value=0.00401079 0.00332496 0.00140911 0.000382893 0.00644539 0.00847853 0.00227256 0.0116791 0.0125662 0.00733729 0.0170632
internal_weight=1807.95 1677.23 1044.06 951.927 633.165 421.817 211.347 92.1353 130.724 63.716 67.0084
internal_count=4784 4535 3056 2855 1479 949 530 201 249 132 117
is_linear=0
shrinkage=0.02


Tree=107
num_leaves=12
num_cat=0
split_feature=2 3 5 10 14 18 24 18 22 13 26
split_gain=24.7233 26.3454 23.7827 22.9914 20.1102 18.7433 22.7234 5.97984 9.4772 5.78406 1.94363
threshold=1.5000000000000002 1.5000000000000002 3.5000000000000004 1.5000000000000002 0.092471305313124114 -0.15406573598699977 10.346600338278607 -0.19119895748302287 -0.50034863646518712 0.14250000000000002 0.014316328915725301
decision_type=2 2 2 2 2 2 2 2 2 2 2
left_child=1 2 3 -1 -4 9 -7 8 -2 -3 -9
right_child=7 5 4 -5 -6 6 -8 10 -10 -11 -12
leaf_value=0.0014462322371896665 0.014465708785897822 0.0073590694543688466 -0.0015231348659370744 0.0073501383799716574 -0.020376070270057993 -0.0098894952667153251 0.011392490721385713 0.011477523798368802 -0.00025861383780656369 0.017145374390927927 0.021449618655833457
leaf_weight=911.40200981497765 33.106915891170502 47.34350560605526 141.29895812273026 378.04422509670258 26.746418491005898 35.275933921337128 43.208403095602989 35.074959337711334 30.532781526446342 93.859567195177078 31.833588361740112
leaf_count=2561 59 102 454 941 116 107 95 69 73 159 48
internal_value=0.00393319 0.0032598 0.00226499 0.00319701 -0.0047449 0.00972896 0.00157129 0.0123418 0.00719722 0.0140796 0.0167625
internal_weight=1807.73 1677.18 1457.49 1289.45 168.045 219.687 78.4843 130.548 63.6397 141.203 66.9085
internal_count=4784 4535 4072 3502 570 463 202 249 132 261 117
is_linear=0
shrinkage=0.02


Tree=108
num_leaves=12
num_cat=0
split_feature=2 3 6 1 18 24 6 18 20 13 26
split_gain=23.8454 25.3663 25.7753 28.0973 18.0709 21.8413 16.4052 5.76327 9.24137 5.56222 1.85893
threshold=1.5000000000000002 1.5000000000000002 13.201361078022707 45.000000000000007 -0.15406573598699977 10.346600338278607 13.513528032759837 -0.19119895748302287 -0.59103377657252032 0.14250000000000002 0.014316328915725301
decision_type=2 2 2 2 2 2 2 2 2 2 2
left_child=1 2 3 -1 9 -6 -4 8 -2 -3 -9
right_child=7 4 6 -5 5 -7 -8 10 -10 -11 -12
leaf_value=-0.0023307750499868113 0.013845227264821047 0.0072179392488415641 0.010420392640043814 0.0051411739882176854 -0.0096996040694002656 0.011161945666222157 0.0030336483114234152 0.011264319003857555 -0.00075447573806268129 0.01683800587175267 0.021082318198708764
leaf_weight=606.67819608747959 34.979647696018219 47.32356733083725 189.68781666457653 299.81629365682602 35.266875401139259 43.239172995090485 361.42126090824604 35.043308243155479 28.599343359470367 93.681510120630264 31.758609399199486
leaf_count=2057 62 102 417 696 107 95 902 69 70 159 48
internal_value=0.00385635 0.00319511 0.00221903 0.00012142 0.0095463 0.00153474 0.00562661 0.0121208 0.00705825 0.0138238 0.016469
internal_weight=1807.5 1677.11 1457.6 906.494 219.511 78.506 551.109 130.381 63.579 141.005 66.8019
internal_count=4784 4535 4072 2753 463 202 1319 249 132 261 117
is_linear=0
shrinkage=0.02


Tree=109
num_leaves=12
num_cat=0
split_feature=2 3 11 18 10 10 18 21 10 18 11
split_gain=22.9962 24.4142 25.6058 17.4241 17.2273 14.8728 5.55269 8.92736 5.11002 4.00324 2.07657
threshold=1.5000000000000002 1.5000000000000002 642.50000000000011 -0.15406573598699977 2.5000000000000004 1.5000000000000002 -0.19119895748302287 16500.000000000004 1.0000000180025095e-35 -0.28234413751871595 696.50000000000011
decision_type=2 2 2 2 2 2 2 2 2 2 2
left_child=1 2 5 9 -4 -1 7 -2 -5 -3 -8
right_child=6 3 4 8 -6 -7 10 -9 -10 -11 -12
leaf_value=0.0039698275486367788 0.013606898589670924 0.011294572032549775 -0.00023832123243398048 -0.0053843762424860058 0.0076784505421595367 0.012999268833093065 0.0097019712750692679 -0.00073983224328488513 0.005189190111196236 0.021289496715969611 0.019863279916229586
leaf_weight=250.99217140674591 34.89881344139576 112.59695671498775 974.3249766677618 25.353052869439125 122.40338107943535 109.56000378727913 27.443512976169586 28.601864248514175 53.170378252863884 28.200701385736465 39.245480969548225
leaf_count=663 62 218 2866 73 295 248 54 70 129 43 63
internal_value=0.0037828 0.00313339 0.00217562 0.0093677 0.000633222 0.00679726 0.0119059 0.00692351 0.001499 0.0135735 0.0161823
internal_weight=1806.79 1676.6 1457.28 219.321 1096.73 360.552 130.19 63.5007 78.5234 140.798 66.689
internal_count=4784 4535 4072 463 3161 911 249 132 202 261 117
is_linear=0
shrinkage=0.02


Tree=110
num_leaves=15
num_cat=0
split_feature=11 24 3 0 5 13 24 14 2 23 24 17 17 23
split_gain=27.1727 29.8363 34.6265 24.393 20.0833 26.7008 14.5722 12.9862 10.5832 10.2218 10.7777 8.00913 7.09754 5.73849
threshold=742.50000000000011 10.802651953825547 1.0000000180025095e-35 2.5000000000000004 1.0000000180025095e-35 0.57450000000000012 9.571568835735162 0.013627581934317302 1.5000000000000002 148500.00000000003 11.18095682800389 444500.00000000006 418500.00000000006 88500.000000000015
decision_type=2 2 2 2 2 2 2 2 2 2 2 2 2 2
left_child=3 2 6 4 8 -6 -2 13 -1 10 -3 -4 -9 -5
right_child=1 9 11 7 5 -7 -8 12 -10 -11 -12 -13 -14 -15
leaf_value=0.0051858820186171644 -0.009558958566132085 -0.019452013311113205 0.012913516360691928 0.018094915518634905 -0.0012844622349766515 0.0092842712587084975 0.0001932566566673163 -0.0041735997738082233 0.01656309582399447 -0.026260885217738467 0 0.0013989043708811533 0.0093045508549013251 0.0076460043771809936
leaf_weight=493.91950805485249 96.024677127599716 17.991756319999695 83.743323132395744 81.850271046161652 501.4212821573019 116.71362905204296 155.85506421327591 26.728972837328911 36.479698911309242 19.041286155581474 28.482522785663605 39.955607160925865 31.770122244954109 42.122163727879524
leaf_count=1154 314 68 175 125 1610 302 470 65 59 85 84 108 60 81
internal_value=0.00286037 -0.00140527 0.000728893 0.00428901 0.00317948 0.000690551 -0.00346861 0.0111083 0.00603571 -0.0137674 -0.00778203 0.00939565 0.00284343 0.0147943
internal_weight=1772.1 441.094 375.579 1331.01 1148.53 618.135 251.88 182.472 530.399 65.5156 46.4743 123.699 58.4991 123.972
internal_count=4760 1304 1067 3456 3125 1912 784 331 1213 237 152 283 125 206
is_linear=0
shrinkage=0.02


Tree=111
num_leaves=14
num_cat=0
split_feature=11 24 3 14 11 1 23 26 24 7 11 20 13
split_gain=26.1397 28.8251 33.2851 16.725 26.8457 22.1112 16.21 15.4582 14.0288 11.9611 11.8476 10.1076 5.16091
threshold=742.50000000000011 10.802651953825547 1.0000000180025095e-35 0.013627581934317302 733.50000000000011 1.0000000180025095e-35 95500.000000000015 0.014316328915725301 9.571568835735162 307950.00000000006 716.50000000000011 -0.14212037235706157 0.097500000000000017
decision_type=2 2 2 2 2 2 2 2 2 2 2 2 2
left_child=3 2 8 5 6 10 -5 -4 -2 -7 -1 -3 -13
right_child=1 11 7 4 -6 9 -8 -9 -10 -11 -12 12 -14
leaf_value=0.0039077367236139311 -0.0093802847918879068 0 0.013902944999825313 -0.0032696071984343218 0.019305978947535309 0.0045648722861217975 0.0050488188267384998 -0.00089432533787984635 0.00018941074173740161 0.011571423456536214 -0.0053101112553655509 -0.0061015762471261781 -0.022565019912941894
leaf_weight=381.63609308004379 95.916802942752838 15.805764332413672 85.589984431862831 267.83202297985554 28.764500245451927 171.9020407050848 142.36753104627132 38.106548175215721 155.85960865020752 275.17108611762524 62.743799909949303 15.853882625699041 33.678084567189217
leaf_count=1107 314 44 179 773 59 410 372 104 470 519 216 53 140
internal_value=0.00280546 -0.00137911 0.000715816 0.00420696 0.000953474 0.00578375 -0.000328644 0.00921342 -0.00339983 0.0089382 0.00255233 -0.0135487 -0.0179163
internal_weight=1771.23 440.811 375.473 1330.42 438.964 891.453 410.2 123.697 251.776 447.073 444.38 65.3377 49.532
internal_count=4760 1304 1067 3456 1204 2252 1145 283 784 929 1323 237 193
is_linear=0
shrinkage=0.02


Tree=112
num_leaves=11
num_cat=0
split_feature=2 0 5 4 25 22 6 9 17 17
split_gain=21.2533 19.0062 20.1833 18.4947 11.7635 9.03189 8.29324 9.85447 7.78463 14.1075
threshold=1.5000000000000002 2.5000000000000004 1.0000000180025095e-35 1.5000000000000002 2.5000000000000004 -0.90009100255041341 11.019464524050784 1.7545000000000002 489500.00000000006 376500.00000000006
decision_type=2 2 2 2 2 2 2 2 2 2
left_child=1 2 4 -4 -1 -2 -3 -8 9 -7
right_child=5 6 3 -5 -6 8 7 -9 -10 -11
leaf_value=0.0077046533166014513 0.022624807532856336 -0.0048206544338130208 -0.0023396621013442578 0.0057997026376453466 0.0018932079221281961 0.012143466793522817 0.011170526862336288 0.00054613156763585005 0.013151560734584573 -0.0085039538894538542
leaf_weight=215.17164391279221 21.994326412677765 17.284617155790329 640.2525652050972 133.42143075168133 433.14643777906895 25.568334087729454 156.35288605093956 50.215215772390366 52.572037681937218 24.743340596556664
leaf_count=485 32 45 2157 349 1082 46 289 110 97 68
internal_value=0.00275032 0.00212788 0.00125563 -0.000904522 0.00386168 0.0107128 0.00754957 0.00869924 0.0077805 0.00163143
internal_weight=1770.72 1645.84 1421.99 773.674 648.318 124.878 223.853 206.568 102.884 50.3117
internal_count=4760 4517 4073 2506 1567 243 444 399 211 114
is_linear=0
shrinkage=0.02


Tree=113
num_leaves=13
num_cat=0
split_feature=11 24 0 5 22 9 22 24 24 24 9 24
split_gain=25.1009 27.8028 22.781 18.7375 19.5643 12.0036 9.91714 10.3984 9.00653 8.1467 6.24204 5.38754
threshold=742.50000000000011 10.802651953825547 2.5000000000000004 1.0000000180025095e-35 0.35835718697715108 4.7805000000000009 0.90615228124209113 11.18095682800389 9.973523826776086 9.2054157040495177 0.15650000000000003 9.8119713993778479
decision_type=2 2 2 2 2 2 2 2 2 2 2 2
left_child=2 5 3 8 -5 9 7 -3 -1 -2 -4 -12
right_child=1 6 10 4 -6 -7 -8 -9 -10 -11 11 -13
leaf_value=0.0081532358524873134 -0.0038004258720881895 -0.018976227991176188 0 -0.0014777125026093035 0.0066007548591122235 -0.014543203199118662 -0.025751857305605915 0 0.0027355921137406946 0.0032396691677238714 0.0067918422282633633 0.0150859828830024
leaf_weight=291.40109057724476 83.386744171380997 17.908753529191017 17.153231710195541 457.45557300746441 160.70844976603985 18.482625231146812 18.827843397855759 28.418534696102142 238.57914660871029 273.41451482474804 67.089681282639503 97.124387428164482
leaf_count=621 244 68 40 1431 481 60 85 84 592 763 131 160
internal_value=0.00269809 -0.00140394 0.00407207 0.00300166 0.000597471 0.000651016 -0.0133734 -0.0074823 0.00576181 0.00153243 0.010685 0.0118801
internal_weight=1769.95 440.439 1329.51 1148.14 618.164 375.284 65.1551 46.3273 529.98 356.801 181.367 164.214
internal_count=4760 1304 3456 3125 1912 1067 237 152 1213 1007 331 291
is_linear=0
shrinkage=0.02


Tree=114
num_leaves=12
num_cat=0
split_feature=3 4 0 6 6 22 22 9 16 22 24
split_gain=21.8893 21.7465 19.7491 17.5924 11.3637 13.5469 12.2698 10.1883 8.94218 7.02758 2.73803
threshold=1.0000000180025095e-35 1.5000000000000002 3.5000000000000004 12.682154626974345 14.118906747108072 0.96537337251397648 2.4903164727650258 0.18250000000000002 0.18921335627843924 -0.48554336364721573 9.5575343297411219
decision_type=2 2 2 2 2 2 2 2 2 2 2
left_child=1 2 3 -1 5 8 -7 -3 -2 -9 -4
right_child=4 7 10 -5 -6 6 -8 9 -10 -11 -12
leaf_value=-0.0042831443135402632 0.0089346722233182279 -0.0030125766551502113 0.0031252934199939965 0.0012925522369755522 -0.006050947320855966 -0.0096053689262522775 0.010165704053035097 0.0034171744864708721 0 0.011995161658844089 0.012439330886982288
leaf_weight=365.9542947858572 395.08660946786404 31.492041751742363 26.469953760504723 582.52100007236004 26.934364423155785 34.949925690889359 17.695929825305939 71.310706064105034 54.672050967812538 111.18497078120708 51.070700317621231
leaf_count=1283 876 99 56 1571 75 116 42 172 147 234 89
internal_value=0.00264469 0.0011692 -2.32815e-05 -0.000839924 0.00605466 0.00675412 -0.00252126 0.00695338 0.00788739 0.00878917 0.00959473
internal_weight=1769.34 1240 1026.02 948.475 529.339 502.405 52.6459 213.988 449.759 182.496 77.5407
internal_count=4760 3504 2999 2854 1256 1181 158 505 1023 406 145
is_linear=0
shrinkage=0.02


Tree=115
num_leaves=14
num_cat=0
split_feature=4 11 12 14 3 11 17 14 20 18 7 20 11
split_gain=29.1304 28.2687 23.8805 18.2294 14.9846 14.2374 11.6005 10.4904 7.68499 12.4236 5.84416 5.83412 5.69417
threshold=1.5000000000000002 713.50000000000011 14.500000000000002 0.013627581934317302 1.0000000180025095e-35 729.50000000000011 448500.00000000006 -0.026182632189531548 -0.7593763031533175 -1.153286968970894 563350.00000000012 0.92404896265465331 743.50000000000011
decision_type=2 2 2 2 2 2 2 2 2 2 2 2 2
left_child=1 2 3 -1 5 -3 -6 -4 9 -2 11 -10 -12
right_child=8 4 7 -5 6 -7 -8 -9 10 -11 12 -13 -14
leaf_value=0.0069829441528724669 0.01147874958299135 -0.012554861606114989 0.0015304314190808061 0.00058277848219680673 0.0071198971335354709 -0.0021172128529377476 -0.0032314493842774349 -0.013136918755902073 0.013572087985331443 -0.0081275813373716983 0.00016156358455351124 0.0022577208408869247 0.012128072219055319
leaf_weight=569.99891495704651 23.68637028336525 63.466898009181023 30.960901156067848 269.25387233495712 109.45812706649303 325.32039619982243 67.377222552895546 42.643300220370293 154.08082848787308 25.646620914340019 47.789857104420662 26.131418466567993 25.876140356063843
leaf_count=1416 46 223 85 747 256 1013 198 149 324 75 113 72 51
internal_value=0.00297989 0.00180169 0.00398348 0.00495655 -0.00168502 -0.00390024 0.0030674 -0.00676134 0.00863433 0.00092973 0.0100435 0.0120633 0.00473895
internal_weight=1781.69 1478.48 912.857 839.253 565.623 388.787 176.835 73.6042 303.211 49.333 253.878 180.212 73.666
internal_count=4768 4087 2397 2163 1690 1236 454 234 681 121 560 396 164
is_linear=0
shrinkage=0.02


Tree=116
num_leaves=13
num_cat=0
split_feature=2 11 14 10 9 14 27 9 27 0 27 14
split_gain=43.312 25.6232 28.0513 22.9168 21.598 17.7292 11.596 10.8008 7.61537 9.99845 11.6632 3.47823
threshold=1.0000000180025095e-35 716.50000000000011 0.013627581934317302 1.0000000180025095e-35 1.1680000000000004 -0.09667983533581874 0.18577622754617204 0.17150000000000001 0.17202358031990014 1.5000000000000002 0.18407325585217613 0.013627581934317302
decision_type=2 2 2 2 2 2 2 2 2 2 2 2
left_child=1 2 7 -4 5 -3 -6 -1 -2 10 -10 -11
right_child=8 4 3 -5 6 -7 -8 -9 9 11 -12 -13
leaf_value=-0.0012185722872007593 0 -0.019508286558776847 -0.0096535823055693502 0.0022492680636409792 0.005929823070471546 -0.0038714362541043506 -0.0027974925279226084 0.006779061391631919 0.014112619019132598 0.011397614380709022 0.004294347637915804 0.021905906426945197
leaf_weight=71.970602512359619 32.886085197329521 33.088376730680466 95.908798262476921 189.50212140381336 142.98467673361301 254.83189273625612 101.20238547027111 549.48908795416355 79.754758313298225 46.304591700434685 147.21591284871101 36.370057448744774
leaf_count=246 83 138 315 522 333 860 283 1355 155 82 347 49
internal_value=0.00292143 0.00138079 0.00343204 -0.00170045 -0.00207754 -0.00579898 0.00223459 0.00582026 0.00931261 0.0102816 0.00787887 0.016466
internal_weight=1781.51 1438.98 906.871 285.411 532.107 287.92 244.187 621.46 342.531 309.645 226.971 82.6746
internal_count=4768 4052 2438 837 1614 998 616 1601 716 633 502 131
is_linear=0
shrinkage=0.02


Tree=117
num_leaves=13
num_cat=0
split_feature=2 5 7 21 26 12 12 9 18 21 26 7
split_gain=41.7557 21.3671 24.3107 26.4536 15.4336 18.5873 12.9173 10.0549 9.16642 19.6636 8.67569 7.79499
threshold=1.0000000180025095e-35 1.0000000180025095e-35 598050.00000000012 37500.000000000007 -0.031690448026959493 6.5000000000000009 1.0000000180025095e-35 1.7385000000000004 -1.153286968970894 14500.000000000002 0.0070746139465644505 344850.00000000006
decision_type=2 2 2 2 2 2 2 2 2 2 2 2
left_child=1 4 3 -3 6 -6 -1 -4 -2 11 -11 -10
right_child=8 2 7 -5 5 -7 -8 -9 9 10 -12 -13
leaf_value=0.0011671281259352977 0.019258368542624797 -0.0013614449798300266 0.0086891972487716639 -0.013636936222755204 0.0041428288917056289 -0.0058194936526042643 0.013283299396453617 0.0008461255758952902 0.0015401398880905367 0.013313883644753307 0.0056804114156976393 -0.015991048489233963
leaf_weight=57.224535271525383 34.474050983786583 422.76362988352776 104.99081152677536 84.600447289645672 378.4324496537447 91.055887997150421 110.8228894174099 188.78600709140301 22.387641131877899 141.78718426823616 128.35442501306534 15.098275303840635
leaf_count=141 53 1412 254 370 899 257 218 501 54 276 286 47
internal_value=0.0028648 0.00135227 -0.000801232 -0.00347046 0.00408675 0.00215989 0.00930705 0.00373692 0.00914482 0.00788792 0.00979502 -0.00523329
internal_weight=1780.78 1438.68 801.141 507.364 637.536 469.488 168.047 293.777 342.102 307.628 270.142 37.4859
internal_count=4768 4052 2537 1782 1515 1156 359 755 716 663 562 101
is_linear=0
shrinkage=0.02


Tree=118
num_leaves=14
num_cat=0
split_feature=4 11 12 14 27 3 14 16 19 6 12 6 17
split_gain=27.9376 26.3565 22.7538 16.8904 15.4182 14.088 10.05 8.18531 9.81358 14.5205 12.0664 8.77389 3.42697
threshold=1.5000000000000002 713.50000000000011 14.500000000000002 0.013627581934317302 0.19548378885620968 1.0000000180025095e-35 -0.026182632189531548 0.18360511595672871 -0.029868958076130946 13.346228265295053 4.5000000000000009 13.201361078022707 281500.00000000006
decision_type=2 2 2 2 2 2 2 2 2 2 2 2 2
left_child=1 2 3 -1 5 -3 -4 11 10 -10 -9 12 -2
right_child=7 4 6 -5 -6 -7 -8 8 9 -11 -12 -13 -14
leaf_value=0.0066635535749072295 0.0057969532233448588 -0.003231687121143171 0.0013670831757210916 0.00049894259917835488 -0.018658486103007892 0.0036511751497141278 -0.012982931341079838 0.014849267829798186 0.0047297306781574865 -0.014992045221049998 0 0.0022857761278808181 0.018455768922641117
leaf_weight=569.91081549227238 16.979028448462486 373.52572355419397 30.939440816640854 269.00210197269917 19.830939307808876 171.47728268802166 42.532070577144623 66.241660118103027 75.584753677248955 17.425352931022644 33.189010053873062 28.319368898868561 64.938773676753044
leaf_count=1416 37 1174 85 747 81 435 149 127 189 53 86 65 124
internal_value=0.00281014 0.0016562 0.00376348 0.0047136 -0.00171301 -0.00102674 -0.00673425 0.0083521 0.00562527 0.000701962 0.00997868 0.0128392 0.0161747
internal_weight=1779.9 1477.22 912.384 838.913 564.834 545.003 73.4715 302.678 192.441 93.0101 99.4307 110.237 81.9178
internal_count=4768 4087 2397 2163 1690 1609 234 681 455 242 213 226 161
is_linear=0
shrinkage=0.02


Tree=119
num_leaves=12
num_cat=0
split_feature=2 11 14 10 9 14 16 11 3 8 24
split_gain=40.201 23.8169 26.0714 22.0333 20.6228 17.2019 13.9399 7.59639 6.71373 8.23187 9.17578
threshold=1.0000000180025095e-35 716.50000000000011 0.013627581934317302 1.0000000180025095e-35 1.1680000000000004 -0.09667983533581874 0.18972266096469223 783.50000000000011 1.5000000000000002 0.010387180348318351 10.83073751748686
decision_type=2 2 2 2 2 2 2 2 2 2 2
left_child=1 2 6 -4 5 -3 -1 -6 9 -2 -11
right_child=8 4 3 -5 7 -7 -8 -9 -10 10 -12
leaf_value=0.0066871529705576317 -0.0019870526714825831 -0.019252589363432347 -0.0095066277151959998 0.0021695474241194127 0.0045939806409517059 -0.0038085964095903335 -0.0021865950948985972 -0.0028390632358429196 0.017408517648116108 0.010246203330146983 0
leaf_weight=544.30746226012707 27.678495779633522 32.905684649944305 95.748998716473579 189.47114899754524 166.42658330500126 254.41023956239223 77.182761713862419 77.629074543714523 36.795999988913536 240.49966345727444 36.644121259450912
leaf_count=1382 79 138 315 522 402 860 219 214 58 486 93
internal_value=0.00275526 0.00127128 0.00324892 -0.00169981 -0.00206548 -0.00570737 0.00555125 0.00214613 0.00892194 0.00777853 0.00882937
internal_weight=1779.7 1438.08 906.71 285.22 531.372 287.316 621.49 244.056 341.618 304.822 277.144
internal_count=4768 4052 2438 837 1614 998 1601 616 716 658 579
is_linear=0
shrinkage=0.02


Tree=120
num_leaves=14
num_cat=0
split_feature=0 4 2 6 13 13 27 20 24 24 13 6 20
split_gain=36.6807 23.835 22.1684 24.5115 16.2882 15.5415 15.5144 10.3859 10.8851 9.70789 9.00006 5.31876 5.82761
threshold=1.5000000000000002 2.5000000000000004 1.5000000000000002 11.69233436369889 0.19250000000000003 0.44150000000000006 0.19005922201075573 -0.086006196830129181 9.8119713993778479 11.092107821887728 0.13150000000000003 12.955248011152316 -0.19823454788399394
decision_type=2 2 2 2 2 2 2 2 2 2 2 2 2
left_child=1 2 3 -1 -4 6 9 8 -3 -2 -8 12 -7
right_child=5 7 4 -5 -6 11 10 -9 -10 -11 -12 -13 -14
leaf_value=-0.0079709927875504204 0.0057981307141650295 0.0098387932040209045 -0.0029839342761838069 6.6021998985728718e-05 0.014783026125419129 0.013328166008989079 -0.0086595544235581207 0.016053346713508707 -0.0082195347431732232 0.019413107747327647 0.0030050576963861629 0.017476756182726965 0.00063770557328388382
leaf_weight=178.67653536051512 219.17710655927658 34.159252390265465 27.805411785840988 947.65852455794811 61.789973393082619 37.378390952944756 43.840486347675323 50.220596462488174 19.654483273625374 24.434252604842186 60.578655853867531 61.143611565232277 29.024800211191177
leaf_count=697 466 72 75 2741 111 69 123 99 60 39 136 96 68
internal_value=0.00209011 0.000356649 -0.000416865 -0.00119713 0.00907632 0.00684853 0.00454723 0.00950562 0.00284882 0.00731926 -0.00173831 0.0128881 0.00816965
internal_weight=1795.54 1319.96 1215.93 1126.34 89.5954 475.577 348.031 104.034 53.8137 243.611 104.419 127.547 66.4032
internal_count=4852 3855 3624 3438 186 997 764 231 132 505 259 233 137
is_linear=0
shrinkage=0.02


Tree=121
num_leaves=11
num_cat=0
split_feature=2 6 9 26 27 6 27 6 20 6
split_gain=27.8591 20.6937 20.5491 18.9812 17.1658 14.4072 12.5991 5.23327 4.68184 1.68362
threshold=1.5000000000000002 12.668708562420486 2.0235000000000007 -0.031690448026959493 0.19288890078608964 13.638118017465962 0.16657228936356769 12.637695945209369 -0.36657707446479099 13.06346436832227
decision_type=2 2 2 2 2 2 2 2 2 2
left_child=1 2 4 5 -1 -3 -5 8 -2 -9
right_child=7 3 -4 6 -6 -7 -8 9 -10 -11
leaf_value=-0.00056046215900752542 0.011218648359621509 0.011111143423194178 0.017970733122076771 -0.0073865611283903745 -0.0093067403226844356 0 0.0023022320089867484 0.01893128334183521 0 0.010402080249373264
leaf_weight=513.79219319671392 26.219244047999382 170.98025771975517 19.855664014816284 56.215026721358299 109.43360055983067 63.621526822447777 725.4778176099062 31.446224361658096 28.715465873479843 48.693718895316124
leaf_count=1602 52 372 36 167 401 162 1850 48 72 90
internal_value=0.00205151 0.00132348 -0.00146178 0.00310528 -0.00214073 0.00810303 0.00157137 0.0107728 0.00526925 0.0141874
internal_weight=1794.45 1659.38 643.081 1016.29 623.226 234.602 781.693 135.075 54.9347 80.1399
internal_count=4852 4590 2039 2551 2003 534 2017 262 124 138
is_linear=0
shrinkage=0.02


Tree=122
num_leaves=15
num_cat=0
split_feature=2 13 5 24 9 20 20 20 7 7 24 25 2 26
split_gain=26.8882 25.2359 29.0165 26.7497 25.1152 16.1814 14.6162 9.58979 7.57245 14.4947 14.3175 8.8199 13.5297 9.6648
threshold=1.0000000180025095e-35 0.64350000000000007 1.0000000180025095e-35 10.658457945103907 1.0835000000000001 -0.14212037235706157 0.19456468080453251 0.19456468080453251 235250.00000000003 91450.000000000015 9.9874123703504107 2.5000000000000004 1.5000000000000002 0.014316328915725301
decision_type=2 2 2 2 2 2 2 2 2 2 2 2 2 2
left_child=1 2 6 5 -4 -3 -1 -5 9 10 -2 12 -10 -13
right_child=8 3 4 7 -6 -7 -8 -9 11 -11 -12 13 -14 -15
leaf_value=0.00075441149682443866 0.018651642698882531 0.0048571175472370658 -0.0066239262385293755 0 0.00092260409669249032 0.017709770755679772 0.0075777098360861267 -0.020512616152860458 -0.0074450943709683456 -0.0041163802894470343 -0.00084186136119254219 0.015209385501989508 0.012275734261864025 0.0039202492652288378
leaf_weight=373.155308380723 31.70663782954216 96.958951503038406 359.43657507002354 19.10323777794838 337.18072764575481 73.743059709668159 194.6299315392971 14.067525327205656 27.019332081079483 56.751650452613831 24.342734828591347 109.55475552380085 25.868667468428612 50.411454752087593
leaf_count=923 56 241 1368 53 911 151 446 55 76 157 68 190 46 111
internal_value=0.00201199 0.000841342 -0.000198201 0.00735563 -0.00294646 0.0105967 0.00313773 -0.00856033 0.00721008 0.00273257 0.00996851 0.00946552 0.00187845 0.0118225
internal_weight=1793.93 1468.28 1264.4 203.873 696.617 170.702 567.785 33.1708 325.655 112.801 56.0494 212.854 52.888 159.966
internal_count=4852 4148 3648 500 2279 392 1369 108 704 281 124 423 122 301
is_linear=0
shrinkage=0.02


Tree=123
num_leaves=14
num_cat=0
split_feature=0 4 7 27 20 27 11 20 18 11 7 16 20
split_gain=35.4746 22.7423 19.5113 16.3425 16.2775 14.3935 13.334 9.92666 9.78906 6.1468 5.81698 5.73312 3.22009
threshold=1.5000000000000002 2.5000000000000004 213450.00000000003 0.16657228936356769 -0.36657707446479099 0.19058064585440668 703.50000000000011 -0.086006196830129181 -1.2950683601375275 694.50000000000011 442150.00000000006 0.18552886743886743 -0.31046289893785867
decision_type=2 2 2 2 2 2 2 2 2 2 2 2 2
left_child=1 2 4 -4 -1 8 11 9 -2 -3 -10 -7 -8
right_child=5 7 3 -5 -6 6 12 -9 10 -11 -12 -13 -14
leaf_value=6.34816306264951e-05 0.022147488016335239 0.0089860285535045756 -0.0086943377599602769 0.0018164989143286999 -0.0087099441389044425 -0.0014406941982301603 -0.0012913497930633286 0.015614124611476423 0.0051731809259960224 -0.0040522217743246096 0.011069216924506433 0.0089131484796338509 -0.012681055782655389
leaf_weight=151.30952736735344 21.838723167777061 29.166152521967888 62.320735618472099 822.25103622674942 178.74875933676958 26.887176558375359 25.424009576439857 50.185009717941284 175.54859289526939 24.574899688363075 137.69936893880367 64.46543662250042 22.479049906134605
leaf_count=498 30 62 199 2228 699 66 63 99 389 70 251 127 71
internal_value=0.0019742 0.000269498 -0.000486192 0.00104441 -0.00463946 0.00666024 0.00107992 0.00921266 0.0089097 0.00269339 0.00785562 0.00566661 -0.00719509
internal_weight=1792.9 1318.56 1214.63 884.572 330.058 474.342 139.256 103.926 335.087 53.7411 313.248 91.3526 47.9031
internal_count=4852 3855 3624 2427 1197 997 327 231 670 132 640 193 134
is_linear=0
shrinkage=0.02


Tree=124
num_leaves=15
num_cat=0
split_feature=0 6 2 11 13 22 15 27 12 11 24 24 6 20
split_gain=34.1407 20.2373 18.7819 15.2457 14.9024 14.745 14.6792 14.4087 15.4324 11.6863 9.45384 8.22438 3.98796 1.96558
threshold=1.5000000000000002 12.322970746449979 1.0000000180025095e-35 800.50000000000011 0.44150000000000006 0.21030445879743756 1.0000000180025095e-35 0.19005922201075573 2.5000000000000004 711.50000000000011 11.092107821887728 10.23102553143082 12.955248011152316 -0.14212037235706157
decision_type=2 2 2 2 2 2 2 2 2 2 2 2 2 2
left_child=1 3 6 5 7 -1 -3 10 -9 12 -2 -4 -6 -11
right_child=4 2 11 -5 9 -7 -8 8 -10 13 -12 -13 -14 -15
leaf_value=-0.0053983793509021607 0.0054600704829839549 -0.00050013443797709812 0.0039621055517139615 -0.01881683400101725 0.011419193282168972 0.0031784110721914029 0.0079499379272630882 0.0067773434056466195 -0.0085332048670107088 0.0075521127492152998 0.018912319803843045 0.013417576968894019 0.022701633816635199 0
leaf_weight=235.19118535518646 218.33772626519203 679.92564530670643 102.49808873236179 24.11335015296936 41.332038581371307 117.47584152966738 92.166272550821304 44.67739449441433 59.519940748810768 26.673207640647888 24.304265975952148 66.777850970625877 37.47641022503376 21.377649277448654
leaf_count=828 466 1945 226 112 78 390 227 92 167 54 39 127 50 51
internal_value=0.0019365 0.00026423 0.00184598 -0.00362919 0.00653739 -0.00248393 0.000491677 0.00428159 -0.00177626 0.0124667 0.0069617 0.00786655 0.0172522 0.0040185
internal_weight=1791.85 1318.15 941.368 376.78 473.699 352.667 772.092 346.839 104.197 126.859 242.642 169.276 78.8084 48.0509
internal_count=4852 3855 2525 1330 997 1218 2172 764 259 233 505 353 128 105
is_linear=0
shrinkage=0.02


Tree=125
num_leaves=14
num_cat=0
split_feature=3 12 24 22 4 24 17 24 13 16 24 6 13
split_gain=24.9755 22.1708 15.7113 19.15 14.8352 18.7449 13.2794 15.2156 10.678 10.6343 8.15444 6.26151 5.78436
threshold=1.5000000000000002 14.500000000000002 10.116619130773644 -0.45593281801127306 1.0000000180025095e-35 10.763228536847746 451500.00000000006 10.802651953825547 0.28250000000000003 0.18702985632599903 9.6125278741521765 10.441469974818654 0.17750000000000002
decision_type=2 2 2 2 2 2 2 2 2 2 2 2 2
left_child=1 4 3 -3 5 -1 11 9 -4 -8 -6 -2 -13
right_child=6 2 8 -5 10 -7 7 -9 -10 -11 -12 12 -14
leaf_value=0.0023809448382460584 0.026601826858554622 -0.002903115468044374 -0.0064098103089727824 -0.025272196590944988 0.0015670359621474889 -0.0053458151401083089 -0.014334594124745555 0.012825596267140662 0.01053808058724595 0.0029159577714648311 0.0074412829435650876 0.0052994198199868359 0.014630698545215745
leaf_weight=825.83483671396971 13.267305016517637 38.837811470031738 30.162821561098099 27.506399363279343 149.98968930542469 145.99287357181311 21.868931293487549 35.261632472276688 26.754907220602036 34.033704742789268 312.0735436975956 55.752446994185448 77.215028956532478
leaf_count=2281 18 115 98 117 387 478 71 73 66 82 753 121 136
internal_value=0.00285697 0.00191624 -0.00614297 -0.0127119 0.00262677 0.00119533 0.00890964 0.00259772 0.00125584 -0.00361424 0.00558514 0.0126643 0.0109362
internal_weight=1794.55 1557.15 123.262 66.3442 1433.89 971.828 237.399 91.1643 56.9177 55.9026 462.063 146.235 132.967
internal_count=4796 4295 396 232 3899 2759 501 226 164 153 1140 275 257
is_linear=0
shrinkage=0.02


Tree=126
num_leaves=14
num_cat=0
split_feature=3 11 9 13 11 27 9 27 20 16 13 26 11
split_gain=24.0861 21.6972 24.7314 20.9951 19.1967 16.559 19.5304 16.2819 14.2149 13.5117 14.6041 5.73426 3.79536
threshold=1.5000000000000002 716.50000000000011 0.85350000000000004 0.77050000000000007 652.50000000000011 0.19005922201075573 2.9585000000000004 0.16657228936356769 -0.029892021303196847 0.18702985632599903 0.18750000000000003 0.014316328915725301 697.50000000000011
decision_type=2 2 2 2 2 2 2 2 2 2 2 2 2
left_child=1 2 3 -1 -4 7 -7 -3 11 10 -10 12 -2
right_child=8 5 4 -5 -6 6 -8 -9 9 -11 -12 -13 -14
leaf_value=-0.0012241563813049248 0.0090920115564726966 -0.010645120540369472 0.010430711049436079 0.013114631727972668 0.0027795195108916821 -0.0037570725042670072 -0.025311208858859961 0.0026510612821657891 0.0039135902618989233 0.0093692913008907655 -0.019637984617028106 0.0054233008588933599 0.018434795933624275
leaf_weight=410.02058181166649 43.854270964860916 40.092572256922722 262.55160316824913 44.311058849096298 281.41624277830124 167.93182370066643 18.416594982147217 332.35716883093119 21.345905616879463 44.911239296197891 17.543921142816544 44.611259505152702 64.915048271417618
leaf_count=1281 87 133 551 106 690 543 70 921 52 97 59 98 108
internal_value=0.00280125 0.00187746 0.00364765 0.000156116 0.00652151 -0.00125015 -0.00611773 0.00114156 0.00874859 0.00180945 -0.00643554 0.012374 0.0149673
internal_weight=1794.28 1557.1 998.299 454.332 543.968 558.798 186.348 372.45 237.182 83.8011 38.8898 153.381 108.769
internal_count=4796 4295 2628 1387 1241 1667 613 1054 501 208 111 293 195
is_linear=0
shrinkage=0.02


Tree=127
num_leaves=12
num_cat=0
split_feature=1 3 7 11 0 18 24 24 7 4 7
split_gain=27.3165 23.4997 21.1955 29.9026 28.4463 11.4134 14.6515 9.80545 6.8693 4.08232 3.33734
threshold=105.00000000000001 1.5000000000000002 410250.00000000006 652.50000000000011 2.5000000000000004 -0.14731424116954103 10.802651953825547 9.5575343297411219 34250.000000000007 1.5000000000000002 331750.00000000006
decision_type=2 2 2 2 2 2 2 2 2 2 2
left_child=1 2 4 -4 -1 8 -7 -2 -3 10 -9
right_child=7 5 3 -5 -6 6 -8 9 -10 -11 -12
leaf_value=-0.0029942302354169872 0.0019213891113875642 0.025914675330908792 0.009833506588112358 0.00075008657757045724 0.0079987101576635723 -0.004261666048151088 0.01224906500512951 0.0050603227011286993 0.0097504570966249326 0.02160711718271411 0.014900339578065719
leaf_weight=623.64012435078621 39.758285701274872 13.255192592740057 210.0032517015934 481.77610285580158 109.28050032258034 52.864353314042091 33.964248552918434 33.324231445789337 123.37906247377396 28.490922644734383 44.033906266093254
leaf_count=2103 88 18 455 1261 217 147 71 78 244 39 75
internal_value=0.00274684 0.00199478 0.00103024 0.00354662 -0.00131924 0.00802315 0.00203496 0.0110516 0.0116408 0.0142437 0.0110354
internal_weight=1793.77 1648.16 1424.7 691.779 732.921 223.463 86.8286 145.607 136.634 105.849 77.3581
internal_count=4796 4516 4036 1716 2320 480 218 280 262 192 153
is_linear=0
shrinkage=0.02


Tree=128
num_leaves=15
num_cat=0
split_feature=2 9 0 27 24 22 18 24 24 24 24 14 0 6
split_gain=27.0694 20.3085 28.3068 15.4572 11.9557 10.3924 18.749 10.9191 7.721 18.6009 12.9703 10.4701 7.95972 3.12701
threshold=1.0000000180025095e-35 0.83350000000000002 1.0000000180025095e-35 0.19288890078608964 9.185111976115234 -0.0413851791080753 0.11261830930262055 9.5575343297411219 9.9451543125775306 9.5142088170950014 10.186820917579757 -0.064699320430944993 1.0000000180025095e-35 12.625936906112875
decision_type=2 2 2 2 2 2 2 2 2 2 2 2 2 2
left_child=1 2 3 -1 -4 6 -3 -7 9 11 -10 -2 -12 -11
right_child=8 5 4 -5 -6 7 -8 -9 10 13 12 -13 -14 -15
leaf_value=-0.0032575098515504643 -0.0059921934755399033 0.0030745541264587703 -0.0069589055154154157 -0.014773482597911813 0.0041854164863113774 -0.0019241304656401059 -0.010709826591118939 0.0088349051534256356 -0.0068584208507051006 0.0242052544593164 0.0018963785753480845 0.0085275862808814207 0.011843170036725388 0.012823049228690072
leaf_weight=238.37246834486723 23.519215568900108 512.10170541703701 42.110937312245369 59.920342482626438 298.06532146036625 41.987136781215668 41.28784091770649 210.88259671628475 30.714947745203972 33.260708808898926 69.733640342950821 83.554646328091621 70.254530474543571 36.939911961555481
leaf_count=941 62 1263 126 282 733 113 125 470 86 51 180 169 127 68
internal_value=0.00269625 0.00147044 -0.00116981 -0.00567927 0.00273087 0.00358486 0.00199258 0.00696912 0.00770944 0.0107134 0.00442917 0.00512726 0.00707873 0.018761
internal_weight=1792.71 1444.73 638.469 298.293 340.176 806.259 553.39 252.87 347.978 177.274 170.703 107.074 139.988 70.2006
internal_count=4796 4053 2082 1223 859 1971 1388 583 743 350 393 231 307 119
is_linear=0
shrinkage=0.02


Tree=129
num_leaves=13
num_cat=0
split_feature=12 24 22 17 21 12 4 17 13 13 8 24
split_gain=20.7637 17.1948 18.3694 14.4655 30.7405 15.4384 17.4118 16.0787 15.2339 12.2964 6.53494 4.71031
threshold=14.500000000000002 10.458836081028521 -0.73723300155272853 832500.00000000012 70500.000000000015 10.500000000000002 1.0000000180025095e-35 526500.00000000012 0.05050000000000001 0.27750000000000008 0.12324681347854596 10.96907684257754
decision_type=2 2 2 2 2 2 2 2 2 2 2 2
left_child=3 2 -2 5 8 6 -1 -7 -5 -3 -4 -6
right_child=1 9 10 4 11 7 -8 -9 -10 -11 -12 -13
leaf_value=0.0015968074905758983 0.00196753684643465 -0.0038738653260992901 -0.019316971719368432 0.0043010268451790217 0.00081596733045270797 0.0052990857779616285 0.0064802927684301853 0.020253684268038277 -0.013465428656968759 0.01589675021196332 -0.0024883070801128221 0.013929802421021341
leaf_weight=909.81063621491194 33.94136805832386 24.860375210642815 48.264576993882656 23.145157694816589 21.26813679933548 97.469804927706718 441.56506277620792 44.296927019953728 76.470587953925133 21.802124351263046 15.293393388390539 33.512646377086639
leaf_count=2480 90 78 188 66 61 250 1041 95 280 47 41 79
internal_value=0.00264407 -0.00455448 -0.00937506 0.00328847 -0.00244794 0.00389626 0.0032109 0.0102211 -0.009137 0.00508366 -0.0156787 0.00930292
internal_weight=1791.7 144.162 97.4993 1647.54 154.397 1493.14 1351.38 141.767 99.6157 46.6625 63.558 54.7808
internal_count=4796 444 319 4352 486 3866 3521 345 346 125 229 140
is_linear=0
shrinkage=0.02


Tree=130
num_leaves=13
num_cat=0
split_feature=0 2 10 9 23 9 6 17 24 23 17 16
split_gain=43.3862 29.4327 22.2061 20.2305 14.9301 12.6914 10.2251 9.11273 8.1393 7.64389 6.662 2.27993
threshold=2.5000000000000004 1.0000000180025095e-35 2.5000000000000004 0.60850000000000015 61500.000000000007 0.38050000000000006 11.569787612286531 358500.00000000006 9.9874123703504107 44500.000000000007 194500.00000000003 0.18835821214892481
decision_type=2 2 2 2 2 2 2 2 2 2 2 2
left_child=1 2 3 -1 -4 8 -2 11 -3 -9 -7 -8
right_child=6 5 4 -5 -6 10 7 9 -10 -11 -12 -13
leaf_value=-0.0054953713417493846 0 0.0065500217607242731 -0.0016088859004070232 0.00017137055256250235 0.012107308217999522 0.017923655111764959 0.011757809693511157 -0.0031770157658810917 -0.006530305130659061 0.0095323885414547189 0.00700226152332919 0.021408922523547477
leaf_weight=387.77781867980957 37.100721478462219 32.003775134682655 47.612856224179268 697.84166310727596 81.018036961555481 28.939654424786568 41.142597004771233 19.280565291643143 42.936677470803261 121.12471288442612 187.15822038054466 36.421895369887352
leaf_count=1436 88 73 134 1886 186 45 72 47 134 227 394 50
internal_value=0.00177467 0.000465717 -0.000890279 -0.00183755 0.00690272 0.00617527 0.00938935 0.0110352 -0.000668214 0.00763556 0.00863279 0.0167591
internal_weight=1760.36 1505.29 1214.25 1085.62 128.631 291.038 255.07 217.97 74.9405 140.405 216.098 77.5645
internal_count=4772 4288 3642 3322 320 646 484 396 207 274 439 122
is_linear=0
shrinkage=0.02


Tree=131
num_leaves=15
num_cat=0
split_feature=1 4 10 7 7 11 24 16 11 5 13 14 2 24
split_gain=27.9502 22.8368 19.642 24.7789 17.6578 23.2854 14.0225 12.6587 12.5206 11.5248 18.4203 11.5006 11.0489 8.36699
threshold=1.0000000180025095e-35 1.0000000180025095e-35 2.5000000000000004 439050.00000000006 321950.00000000006 717.50000000000011 10.96907684257754 0.18793162875957242 821.50000000000011 1.0000000180025095e-35 0.45650000000000007 0.092471305313124114 1.0000000180025095e-35 10.160102693414695
decision_type=2 2 2 2 2 2 2 2 2 2 2 2 2 2
left_child=1 2 3 -1 9 11 7 -3 -7 10 -2 -6 -11 -4
right_child=4 6 13 -5 5 8 -8 -9 -10 12 -12 -13 -14 -15
leaf_value=-0.0083864134320610646 0.0081994694607726553 0.0089026395430665192 0.012324838596805294 0.00018428763345063225 0.011179600075720447 -0.0018620791422898867 -0.010262974056765808 0 0.012048721352749798 -0.0048512725416484954 -0.0090019068055261341 0.0010261480625801231 0.0073807584632037161 -0.0015303103135012206
leaf_weight=279.74978660792112 125.46024495363235 154.41605438292027 42.707098096609116 251.12189854681492 292.95323124527931 144.04757775366306 23.975044310092926 111.61805488169193 30.33483199775219 156.15984313189983 29.12056103348732 58.084929943084717 34.40903776884079 24.788477048277855
leaf_count=1102 254 394 98 709 548 352 87 326 56 484 80 133 70 79
internal_value=0.00174195 -0.000734562 -0.00298448 -0.00430183 0.00429001 0.00659998 0.00383321 0.00521214 0.000498651 0.000706876 0.00479342 0.00956405 -0.00251126 0.00699634
internal_weight=1758.95 888.376 598.367 530.872 870.57 525.421 290.009 266.034 174.382 345.15 154.581 351.038 190.569 67.4956
internal_count=4772 2795 1988 1811 1977 1089 807 720 408 888 334 681 554 177
is_linear=0
shrinkage=0.02


Tree=132
num_leaves=12
num_cat=0
split_feature=0 3 8 5 27 8 8 20 20 23 16
split_gain=41.3031 20.308 22.5187 21.4751 16.409 11.7671 9.7772 8.43725 7.94778 7.19782 5.71527
threshold=2.5000000000000004 2.5000000000000004 0.051488109517184001 1.0000000180025095e-35 0.16351443132305138 0.023117273585056504 0.016928145340561956 -0.25434872341092624 -0.36657707446479099 52500.000000000007 0.18883886706591832
decision_type=2 2 2 2 2 2 2 2 2 2 2
left_child=1 2 3 -1 -4 -3 -2 -7 10 -10 -8
right_child=6 5 4 -5 -6 7 8 -9 9 -11 -12
leaf_value=0.00085787731988525365 0 0.020385370013666481 -0.013020153579770034 -0.0070351116168573501 0.0023647732947781521 0.010737299409977936 0.010523437383962051 -0.0040691811306444552 -0.004406664637313951 0.0088439155901969199 0.021723933669036459
leaf_weight=253.18787342309952 37.078781217336655 28.13571585714817 27.349452137947083 291.09984893351793 845.738873437047 33.054592937231064 67.302409097552299 24.885905176401138 16.952056333422661 95.134880885481834 37.565459236502647
leaf_count=680 88 49 89 1170 2168 61 122 71 42 181 51
internal_value=0.00170914 0.00043245 -0.000129487 -0.00333199 0.00184562 0.00981051 0.00915528 0.00407733 0.0107714 0.00664179 0.0148919
internal_weight=1757.49 1503.45 1417.38 544.288 873.088 86.0762 254.034 57.9405 216.955 112.087 104.868
internal_count=4772 4288 4107 1850 2257 181 484 132 396 223 173
is_linear=0
shrinkage=0.02


Tree=133
num_leaves=13
num_cat=0
split_feature=2 11 6 12 12 13 11 17 18 21 18 6
split_gain=23.5187 21.4049 20.9703 20.4867 19.203 13.297 12.3145 11.9639 16.1769 14.6583 13.1271 10.9056
threshold=1.0000000180025095e-35 640.50000000000011 13.137746444065348 13.500000000000002 9.5000000000000018 0.33350000000000007 609.50000000000011 213500.00000000003 -0.26884114788379837 29500.000000000004 -0.39711954941551458 12.924524379644867
decision_type=2 2 2 2 2 2 2 2 2 2 2 2
left_child=1 2 11 4 -3 -5 -4 -2 10 -10 -9 -1
right_child=7 3 6 5 -6 -7 -8 8 9 -11 -12 -13
leaf_value=0.0024221468848821806 0.016897812255042048 -0.00098648985322415507 0.0050009963491157985 -0.015956356434911799 0.0074369044055515908 0 0.017439043980692636 0.0020634601703337636 0.01365525239916938 0.0023450762283645848 -0.01569361651799428 -0.01211876712516578
leaf_weight=172.93232905864716 39.793246582150459 881.62349763512611 77.240924328565598 54.709882609546185 122.36428744345903 36.597010836005211 63.512522578239441 71.193840503692627 98.50486695766449 95.196136489510536 20.26330079138279 22.250285148620605
leaf_count=497 64 2556 177 206 331 110 116 167 184 230 63 71
internal_value=0.00167707 0.00055716 0.00497377 -0.000782511 2.66165e-05 -0.00980005 0.010838 0.00653146 0.00496097 0.00824008 -0.00178168 0.000609253
internal_weight=1756.18 1431.23 335.936 1095.29 1003.99 91.3069 140.753 324.951 285.158 193.701 91.4571 195.183
internal_count=4772 4064 861 3203 2887 316 293 708 644 414 230 568
is_linear=0
shrinkage=0.02


Tree=134
num_leaves=13
num_cat=0
split_feature=0 9 4 24 13 19 9 22 6 20 22 12
split_gain=39.9171 19.8403 17.1039 19.4514 15.8758 13.0263 11.5825 10.6018 9.46861 7.71304 6.95668 0.336402
threshold=2.5000000000000004 0.60050000000000014 1.5000000000000002 9.5288602170705765 0.13550000000000004 -0.029868958076130946 3.6275000000000004 0.65446264333657811 11.569787612286531 -0.36657707446479099 -0.51515390928315841 5.5000000000000009
decision_type=2 2 2 2 2 2 2 2 2 2 2 2
left_child=1 2 3 -1 6 -4 -3 -6 -2 11 -11 -10
right_child=8 4 5 -5 7 -7 -8 -9 9 10 -12 -13
leaf_value=-0.012680327718825433 0 4.67038695970761e-05 0.010451182406831809 -0.0021666055029457266 0.0029289050488802803 -0.0039333158141587176 -0.010720323121510323 0.0107765922852683 0.016428055748125142 -0.0043480863185205824 0.0086706808306624191 0.010202842508652263
leaf_weight=89.932813316583633 37.067798838019371 288.17386971414089 61.128086805343628 348.08110046386719 549.84317529201508 39.113797158002853 44.747944816946983 81.41882586479187 69.328312784433365 16.956701397895813 94.876937583088875 35.043757349252701
leaf_count=353 88 769 146 1208 1375 123 136 178 109 42 181 64
internal_value=0.00164475 0.000390296 -0.00266635 -0.0043948 0.00211839 0.00465748 -0.00136837 0.00398816 0.00897679 0.0105722 0.00649843 0.0146444
internal_weight=1755.71 1502.44 538.256 438.014 964.184 100.242 332.922 631.262 253.274 216.206 111.834 104.372
internal_count=4772 4288 1830 1561 2458 269 905 1553 484 396 223 173
is_linear=0
shrinkage=0.02


Tree=135
num_leaves=15
num_cat=0
split_feature=1 13 22 17 13 24 9 18 22 14 22 16 13 22
split_gain=24.1223 19.1442 12.0932 17.153 14.3376 10.8502 19.3572 9.77761 9.6396 8.90057 7.72452 6.49795 7.84046 5.22103
threshold=45.000000000000007 0.62450000000000017 -0.95931209382229887 332500.00000000006 0.052500000000000005 9.6709828937319493 1.0835000000000001 -0.77857900660193369 0.6692679161545495 0.048786158779653657 -0.60398554619098654 0.18360511595672871 0.42650000000000005 1.1874524647835465
decision_type=2 2 2 2 2 2 2 2 2 2 2 2 2 2
left_child=1 2 4 -4 -1 6 7 -2 10 -8 -3 13 -13 -7
right_child=5 8 3 -5 -6 11 9 -9 -10 -11 -12 12 -14 -15
leaf_value=0.01910476004304049 0.0051311311682082509 0.0028962053521801368 -0.0054574910517079366 0.00098129601792661179 0.0020890998857727209 0.0094008113935720779 0.010755820114044754 -0.0094191777084451939 -0.0036006982597391337 -0.0015834460279545016 0.013015853086545853 0.0081632671966453667 -0.00050707448688042025 0.019968393348218011
leaf_weight=26.773468807339668 24.319071173667908 54.142973139882088 210.39077238738537 752.90268874913454 82.532997041940689 100.71808980405331 89.841032400727272 57.351314693689346 23.713862285017967 27.581745013594627 92.478661358356476 172.09584617614746 49.238635137677193 30.954425305128098
leaf_count=48 53 144 647 2247 222 202 167 171 74 67 210 362 119 52
internal_value=0.0028689 0.00130125 0.000289915 -0.000408446 0.00657363 0.00635323 0.00245939 -0.00483493 0.00751405 0.00769963 0.00945939 0.00847967 0.00615088 0.0121676
internal_weight=1795.04 1242.94 1072.6 963.293 109.306 552.1 199.093 81.6704 170.335 117.423 146.622 353.007 221.334 131.673
internal_count=4785 3592 3164 2894 270 1193 458 224 428 234 354 735 481 254
is_linear=0
shrinkage=0.02


Tree=136
num_leaves=10
num_cat=0
split_feature=5 2 5 13 24 24 16 26 9
split_gain=16.7886 17.2485 15.1084 18.6396 14.7316 24.9923 10.828 10.396 8.83376
threshold=6.5000000000000009 1.0000000180025095e-35 1.0000000180025095e-35 0.61950000000000005 9.906031197669785 10.186820917579757 0.18267519813920716 0.0070746139465644505 0.057500000000000009
decision_type=2 2 2 2 2 2 2 2 2
left_child=1 2 8 -4 7 -6 -2 -3 -1
right_child=6 4 3 -5 5 -7 -8 -9 -10
leaf_value=0.013710377189739808 0.022764477148396876 0.015693357176862315 -0.0016621329920391199 0.0070015852133133516 -0.014709905186486459 0.0060395793469434148 0.0045481277618435066 0.0051319815178290139 0.0031508878227788301
leaf_weight=34.07261498272419 26.48905348777771 86.231810942292213 668.21945919841528 115.37852974236012 27.67407438158989 116.53543025255203 32.654287070035934 80.502654016017914 606.81425641477108
leaf_count=74 54 151 2138 304 88 258 96 172 1450
internal_value=0.00281395 0.00243823 0.00148617 -0.000353681 0.00671692 0.0018461 0.0132822 0.0107744 0.00376392
internal_weight=1794.57 1735.43 1424.48 783.598 310.944 144.21 59.1433 166.734 640.887
internal_count=4785 4635 3966 2442 669 346 150 323 1524
is_linear=0
shrinkage=0.02


Tree=137
num_leaves=14
num_cat=0
split_feature=0 22 17 27 13 11 17 9 26 22 11 12 27
split_gain=27.4434 14.869 13.8408 23.4816 18.6922 11.5546 8.54874 8.23093 6.12297 7.78823 4.50326 3.52455 0.530856
threshold=2.5000000000000004 -0.98892263945824144 332500.00000000006 0.19868627852296242 0.18750000000000003 738.50000000000011 468500.00000000006 1.4285000000000003 1.0000000180025095e-35 -0.14502208883387471 649.50000000000011 5.5000000000000009 0.18514455441116337
decision_type=2 2 2 2 2 2 2 2 2 2 2 2 2
left_child=1 7 4 -4 -3 8 -7 11 12 -10 -9 -1 -2
right_child=5 2 3 -5 -6 6 -8 10 9 -11 -12 -13 -14
leaf_value=-0.0057439100919514721 0.01106241380378788 -0.0081410929921825002 0.0026695131378505843 -0.017053919933271742 0.0014902978155497168 -0.0054764300191748458 0.0086840612923168043 0.0026866688097671003 0.011882794190628152 0.00021747743131261517 0.013797323509899002 0.0064867325236133014 0.018034428576831588
leaf_weight=19.211548373103142 36.795314341783524 135.56603212654591 1056.5505917146802 23.483615338802338 189.77129384875298 33.309665486216545 31.915350347757339 25.052470833063126 63.441308543086052 41.119140729308128 71.138256266713142 16.657617673277855 50.126179620623589
leaf_count=63 65 427 2962 93 505 85 62 58 111 91 144 43 76
internal_value=0.00276015 0.00173025 0.0011079 0.00220678 -0.00247441 0.00882004 0.00117696 0.00814487 0.0113 0.00753031 0.0111668 0 0.0154699
internal_weight=1794.14 1537.43 1405.37 1080.03 325.337 256.707 65.225 132.06 191.482 104.56 96.1907 35.8692 86.9215
internal_count=4785 4295 3987 3055 932 490 147 308 343 202 202 106 141
is_linear=0
shrinkage=0.02


Tree=138
num_leaves=13
num_cat=0
split_feature=0 3 22 18 9 11 6 17 26 22 6 6
split_gain=26.5269 16.1647 17.6598 13.4116 11.7127 11.1897 10.5032 8.22978 5.93434 7.51752 3.50639 0.150088
threshold=2.5000000000000004 2.5000000000000004 -0.98892263945824144 -0.51189496131231327 1.4285000000000003 738.50000000000011 11.881387605619059 468500.00000000006 1.0000000180025095e-35 -0.14502208883387471 13.096329410339971 12.944315012981393
decision_type=2 2 2 2 2 2 2 2 2 2 2 2
left_child=1 2 4 -4 -1 8 -3 -7 11 -10 -8 -2
right_child=5 6 3 -5 -6 7 10 -9 9 -11 -12 -13
leaf_value=-0.0013004492298075896 0.01209513058085733 0.021016396295892886 -0.0029154707474509205 0.0016886282684042493 0.011956850148613673 -0.0053656950345540846 0 0.0085290324876741447 0.01169136232613488 0.00021324356062589922 0.010420455205682045 0.018493275964136968
leaf_weight=33.301235243678093 49.502101272344589 25.851795047521591 336.09713266789913 998.92278271913528 93.265321776270866 33.33750881254673 28.123315528035164 31.864248961210251 63.209209188818932 41.116689532995224 21.98522561788559 37.021954908967018
leaf_count=102 87 44 977 2868 193 85 70 62 111 91 41 54
internal_value=0.00270736 0.00169571 0.00120896 0.000513242 0.00832906 0.00867417 0.0106641 0.00114885 0.0111215 0.00740249 0.00462515 0.0152413
internal_weight=1793.6 1537.55 1461.59 1335.02 126.567 256.052 75.9603 65.2018 190.85 104.326 50.1085 86.5241
internal_count=4785 4295 4140 3845 295 490 155 147 343 202 111 141
is_linear=0
shrinkage=0.02


Tree=139
num_leaves=12
num_cat=0
split_feature=0 5 5 6 27 11 16 17 26 27 27
split_gain=25.6417 17.8816 18.7167 17.9591 10.926 10.8396 10.0127 7.92286 5.75828 3.35676 0.53901
threshold=2.5000000000000004 6.5000000000000009 1.0000000180025095e-35 12.505069148205186 0.19405232375496628 738.50000000000011 0.18267519813920716 468500.00000000006 1.0000000180025095e-35 0.19185465140429267 0.18514455441116337
decision_type=2 2 2 2 2 2 2 2 2 2 2
left_child=1 2 4 -4 -1 8 -3 -7 10 -10 -2
right_child=5 6 3 -5 -6 7 -8 -9 9 -11 -12
leaf_value=0.0043369540002259959 0.010651917312575246 0.023033743259497613 -0.0053306343271891888 0.0011410422480810046 -0.0063883858777222238 -0.005257352458659853 0.0039634361670325179 0.0083768078671767505 0.0094748615113807895 0.00057083969097309836 0.017561608903690528
leaf_weight=641.06308798491955 36.468242213129997 22.845110237598419 243.57369442284107 564.90534391999245 38.062303051352501 33.364363983273506 27.161450266838074 31.81311608850956 75.839899286627769 28.252373546361923 49.637196347117424
leaf_count=1499 65 48 957 1587 119 85 85 62 140 62 76
internal_value=0.00265622 0.00166247 0.00124751 -0.000788175 0.00369793 0.00853175 0.0133484 0.00112128 0.0109474 0.0072769 0.0150206
internal_weight=1792.99 1537.61 1487.6 808.479 679.125 255.375 50.0066 65.1775 190.198 104.092 86.1054
internal_count=4785 4295 4162 2544 1618 490 133 147 343 202 141
is_linear=0
shrinkage=0.02


Tree=140
num_leaves=13
num_cat=0
split_feature=2 1 27 6 18 0 24 24 24 24 22 4
split_gain=30.2025 23.7397 26.3605 20.5005 13.567 11.9066 10.7771 10.9986 8.68442 6.662 3.46068 2.70267
threshold=1.0000000180025095e-35 105.00000000000001 0.19334049503768966 12.944315012981393 -0.46801024499883143 1.5000000000000002 9.9451543125775306 10.23102553143082 9.4611693392906258 9.4295481567966686 -0.38190645392141626 1.0000000180025095e-35
decision_type=2 2 2 2 2 2 2 2 2 2 2 2
left_child=1 2 3 -1 -4 6 9 -8 -3 -2 -7 -10
right_child=5 8 4 -5 -6 10 7 -9 11 -11 -12 -13
leaf_value=-0.0013315925397746518 0.0048483533347282266 0 0 0.0038327441054227846 -0.013791949121351663 0.0069733942505825867 -0.011270850697579797 0.003961348152372565 0.0085916756478644548 0.014391728256904879 0.017885081524871182 0.017396672343721033
leaf_weight=626.33196847885847 76.339357599616051 31.674390658736229 45.885112173855305 595.45125976204872 74.686929598450661 26.49996329843998 22.374430999159813 95.29275344312191 52.442739427089691 60.355854406952858 52.924694299697876 37.476825326681137
leaf_count=2000 168 74 137 1453 286 51 70 224 110 111 81 59
internal_value=0.00231369 0.00105773 0.000272759 0.00117003 -0.00858982 0.00774283 0.00546668 0.000825834 0.00948747 0.00928126 0.0146251 0.0126324
internal_weight=1797.74 1463.95 1342.36 1221.78 120.572 333.787 254.362 117.667 121.594 136.695 79.4247 89.9196
internal_count=4824 4119 3876 3453 423 705 573 294 243 279 132 169
is_linear=0
shrinkage=0.02


Tree=141
num_leaves=9
num_cat=0
split_feature=4 3 22 15 12 17 22 17
split_gain=17.772 16.0121 19.6294 14.9257 14.9221 14.0954 11.6113 7.30046
threshold=3.5000000000000004 2.5000000000000004 -0.98892263945824144 1.0000000180025095e-35 7.5000000000000009 100500.00000000001 -0.10060627037996069 403500.00000000006
decision_type=2 2 2 2 2 2 2 2
left_child=1 2 5 -4 6 -1 -3 -2
right_child=7 4 3 -5 -6 -7 -8 -9
leaf_value=-0.00051097151395852411 0.018842301237973473 0.0096016543065987944 0 0.0063233194223782886 0.019161474762158674 0.012654014182378655 -0.0098974054115022296 0.0047359387473216615
leaf_weight=44.027075469493866 34.335857793688774 32.328703314065933 1329.1273064389825 166.33990971744061 39.604315936565399 98.356504894793034 17.692635074257851 34.863024353981018
leaf_count=115 57 62 3761 415 64 215 53 82
internal_value=0.00227041 0.0018547 0.0013868 0.000693978 0.0100749 0.00846855 0.002254 0.012189
internal_weight=1796.68 1727.48 1637.85 1495.47 89.6257 142.384 50.0213 69.1989
internal_count=4824 4685 4506 4176 179 330 115 139
is_linear=0
shrinkage=0.02


Tree=142
num_leaves=10
num_cat=0
split_feature=0 12 4 24 24 14 17 10 18
split_gain=19.5025 19.8742 18.3403 16.2386 12.557 11.5745 8.26259 3.82263 2.98883
threshold=3.5000000000000004 22.500000000000004 3.5000000000000004 10.167809592277758 10.132650960107789 0.048786158779653657 403500.00000000006 1.0000000180025095e-35 -0.60304014134800632
decision_type=2 2 2 2 2 2 2 2 2
left_child=1 2 3 -1 -3 7 -4 -2 -9
right_child=5 4 6 -5 -6 -7 -8 8 -10
leaf_value=0.0030562235223850162 0.0063056477098551306 -0.022592469779615307 0.019913231284485598 -0.0011535174911059178 0.00018746975134382708 -0.0011792878401468783 0.0045246534479504901 0.022537194837868254 0.011161155332230856
leaf_weight=994.29366932064295 36.900714546442032 20.765637546777725 30.822090566158295 570.97425176203251 14.347276866436003 27.655181184411049 33.804082274436951 23.896695822477341 43.013599410653114
leaf_count=2633 73 83 50 1692 41 64 80 31 77
internal_value=0.0022264 0.00162325 0.00195795 0.00150808 -0.0129832 0.00964427 0.0123603 0.0127022 0.0157906
internal_weight=1796.47 1665.01 1629.89 1565.27 35.1129 131.466 64.6262 103.811 66.9103
internal_count=4824 4579 4455 4325 124 245 130 181 108
is_linear=0
shrinkage=0.02


Tree=143
num_leaves=12
num_cat=0
split_feature=0 3 7 11 1 18 24 7 0 18 7
split_gain=18.8422 16.5367 17.143 17.1926 14.3076 14.1244 20.5391 7.39513 2.9513 4.2339 0.994836
threshold=3.5000000000000004 1.5000000000000002 290300.00000000006 561.50000000000011 105.00000000000001 -0.062920555951306689 10.276806703981517 96250.000000000015 4.5000000000000009 -0.60304014134800632 418450.00000000006
decision_type=2 2 2 2 2 2 2 2 2 2 2
left_child=1 2 3 -1 -4 7 -7 -3 9 -2 -11
right_child=8 5 4 -5 -6 6 -8 -9 -10 10 -12
leaf_value=0.012640320832340042 0.012385146597349489 0.019597038013905558 0.001672540572803671 -0.0030723729177132555 0.01110654545188865 -0.01476953194760783 0.0071635063803404354 0.0076030939901810405 0.013296831455568462 -0.00053748732283167937 0.0045953591468242362
leaf_weight=28.193307176232338 27.873371779918671 29.083527088165283 865.01861219108105 480.41680843383074 69.795771241188049 25.279929876327515 47.499132767319679 119.64017617702484 56.442237839102745 20.909232452511787 25.895494684576988
leaf_count=69 48 46 2269 1631 129 83 109 243 96 49 52
internal_value=0.00218356 0.00159115 0.000792474 -0.00213905 0.0024094 0.00667888 -0.000280817 0.0101974 0.00948544 0.00620284 0.0019207
internal_weight=1796.05 1664.93 1443.42 508.61 934.814 221.503 72.7791 148.724 131.12 74.6781 46.8047
internal_count=4824 4579 4098 1700 2398 481 192 289 245 149 101
is_linear=0
shrinkage=0.02


Tree=144
num_leaves=13
num_cat=0
split_feature=1 14 22 11 9 6 3 11 22 22 13 18
split_gain=15.2682 19.1925 18.1397 17.1995 16.5145 23.3326 22.8666 11.4132 9.52507 9.14188 8.32724 6.07597
threshold=1.0000000180025095e-35 0.12797823308432582 0.017835912163810003 830.50000000000011 0.12550000000000003 11.179562146411753 1.0000000180025095e-35 572.50000000000011 2.6827850193986538 -0.50034863646518712 0.34650000000000003 -0.34648333828457395
decision_type=2 2 2 2 2 2 2 2 2 2 2 2
left_child=3 7 9 4 6 -6 -1 -2 -9 -3 -4 -5
right_child=1 2 10 11 5 -7 -8 8 -10 -11 -12 -13
leaf_value=-0.016243483777700331 0.014389394755027034 -0.0060084055146744702 -0.024866556738854847 -0.002845674334715827 0.017654036270228508 0.0010240921317248492 0.0060243480847650245 0.0039059016649467954 0.016605883918010479 0.0096862940850606701 -0.0024111908542937995 -0.020638204425058738
leaf_weight=47.966597236692905 50.345822781324387 26.497622907161713 18.693583011627197 17.971382692456245 34.548140250146389 786.39480103552341 27.286380216479301 698.39145070314407 24.739138945937157 29.759730786085129 13.534308105707167 18.961551457643509
leaf_count=241 88 75 68 59 93 2314 79 1581 46 59 36 85
internal_value=0.00214298 0.00406274 -0.0046044 0.000345771 0.000923936 0.0017689 -0.00793387 0.00508474 0.00439033 0.00196885 -0.0163946 -0.012811
internal_weight=1795.09 861.962 88.4852 933.129 896.196 820.943 75.253 773.476 723.131 56.2574 32.2279 36.9329
internal_count=4824 1953 238 2871 2727 2407 320 1715 1627 134 104 144
is_linear=0
shrinkage=0.02


Tree=145
num_leaves=12
num_cat=0
split_feature=2 26 10 27 23 20 16 3 4 10 4
split_gain=29.0013 24.8689 18.9735 21.0937 17.2149 20.7562 9.97376 7.63483 6.94356 7.09573 5.2448
threshold=1.0000000180025095e-35 -0.031690448026959493 2.5000000000000004 0.19288890078608964 56500.000000000007 -0.14212037235706157 0.18702985632599903 1.5000000000000002 2.5000000000000004 1.5000000000000002 1.0000000180025095e-35
decision_type=2 2 2 2 2 2 2 2 2 2 2
left_child=1 4 3 -3 10 -6 -4 8 9 -2 -1
right_child=7 2 6 -5 5 -7 -8 -9 -10 -11 -12
leaf_value=0.0070764883821915342 0.0021522791358007734 -0.0005238399001983023 0.011789480133007025 -0.0080430202148909433 -0.007638149953085962 0.0059475132635509942 0 0.014868254283313545 0.015231653000481703 0.0097100269106881534 0.015976267756591358
leaf_weight=92.473748356103897 181.5291830599308 806.28144264966249 63.605396658182144 184.24788736552 67.179712638258934 129.00979053229094 55.356274783611298 45.049882605671883 28.015718773007393 73.903840765357018 50.126180961728096
leaf_count=229 435 2315 137 623 206 338 150 75 47 149 98
internal_value=0.00164161 0.000408208 -0.00102579 -0.00194935 0.00515242 0.00117891 0.00644962 0.00700097 0.0056324 0.00444628 0.0104337
internal_weight=1776.78 1448.28 1109.49 990.529 338.789 196.19 118.962 328.499 283.449 255.433 142.6
internal_count=4802 4096 3225 2938 871 544 287 706 631 584 327
is_linear=0
shrinkage=0.02


Tree=146
num_leaves=12
num_cat=0
split_feature=2 5 5 22 27 20 9 6 12 17 20
split_gain=27.9424 21.82 21.7042 23.2483 15.546 13.8752 7.8126 11.5639 6.3267 4.94402 10.3928
threshold=1.0000000180025095e-35 1.0000000180025095e-35 6.5000000000000009 -0.84086991127852806 0.19548378885620968 0.19456468080453251 0.18750000000000003 10.975943709524165 11.500000000000002 711500.00000000012 0.36290720738532961
decision_type=2 2 2 2 2 2 2 2 2 2 2
left_child=1 4 3 -3 5 -1 7 -2 -4 10 -8
right_child=6 2 8 -5 -6 -7 9 -9 -10 -11 -12
leaf_value=0.0015979721589981189 0.0072391611747394677 0.0045133058206710151 0.016934423582985011 -0.0043458606219794714 -0.011802599016993527 0.0080136289793004169 0.0081137998941984528 -0.013309715077694701 0.0012251333365557791 0.014753903067945313 -0.0056210275785312262
leaf_weight=407.07160134613514 25.971282929182053 143.85728757083416 28.495523929595947 613.58070597797632 25.054031252861023 209.53946806490421 220.21399518847466 17.22798977792263 20.489168837666512 42.688013330101967 22.008663594722748
leaf_count=979 61 398 67 2033 84 472 452 57 63 77 59
internal_value=0.0016111 0.000400588 -0.00177265 -0.00263317 0.00316147 0.00382 0.0068754 -0.000619012 0.0109197 0.00807987 0.00676563
internal_weight=1776.2 1448.09 806.423 757.438 641.665 616.611 328.11 43.1993 48.9847 284.911 242.223
internal_count=4802 4096 2561 2431 1535 1451 706 118 130 588 511
is_linear=0
shrinkage=0.02


Tree=147
num_leaves=10
num_cat=0
split_feature=27 15 0 26 3 1 27 15 0
split_gain=19.9693 17.4725 14.7663 14.0641 13.8334 12.0063 11.8301 11.4335 7.9114
threshold=0.19288890078608964 1.0000000180025095e-35 2.5000000000000004 -0.10932354321400588 3.5000000000000004 105.00000000000001 0.19548378885620968 1.5000000000000002 1.5000000000000002
decision_type=2 2 2 2 2 2 2 2 2
left_child=1 4 3 -2 5 -1 -5 8 -3
right_child=2 7 -4 6 -6 -7 -8 -9 -10
leaf_value=0.00091586100492893131 0.010914155335679158 0.013491585773943089 0.0073907635595881907 -0.0034066985034809385 0.018039299899065359 0.0081133599488148467 -0.013743138647040066 -0.0027805238487512091 0.00041472626458358901
leaf_weight=1162.8113716617227 19.957703247666359 109.69256265461445 46.234835520386696 204.5050348341465 19.874278157949448 101.15486940741539 59.567593172192574 25.456429198384285 26.141563594341278
leaf_count=3194 45 244 91 634 33 206 226 69 60
internal_value=0.00158058 0.00260169 -0.00282144 -0.00457406 0.00179887 0.00151364 -0.00585682 0.00881821 0.0111425
internal_weight=1775.4 1445.13 330.265 284.03 1283.84 1263.97 264.073 161.291 135.834
internal_count=4802 3806 996 905 3433 3400 860 373 304
is_linear=0
shrinkage=0.02


Tree=148
num_leaves=12
num_cat=0
split_feature=2 1 27 5 17 22 9 7 13 22 5
split_gain=26.9841 21.71 20.7361 22.1304 18.8633 8.53799 7.52357 11.1271 5.30716 7.69544 3.07164
threshold=1.0000000180025095e-35 105.00000000000001 0.19868627852296242 1.0000000180025095e-35 378500.00000000006 0.10666754907163811 0.18750000000000003 58450.000000000007 0.60950000000000004 -0.7816488200066426 1.0000000180025095e-35
decision_type=2 2 2 2 2 2 2 2 2 2 2
left_child=1 2 3 -1 -4 10 7 -2 9 -8 -3
right_child=6 5 4 -5 -6 -7 8 -9 -10 -11 -12
leaf_value=0.0029260791061979366 0.0070776901829053499 0.015926138403088926 0 -0.0023374292359836664 -0.029121669712907746 0 -0.0006317951791405328 -0.013082215800860919 0.014708693466596446 0.0082294869008728531 0.0070192905886568794
leaf_weight=578.48760376870632 25.964802384376526 42.080166339874268 14.774046272039412 711.12211810052395 17.903165847063065 35.326352372765541 43.579661548137665 17.213114529848099 43.422036975622177 197.44181889295578 47.669215098023415
leaf_count=1395 61 67 46 2313 86 88 104 57 75 409 101
internal_value=0.00155044 0.000360873 -0.000380487 8.59401e-06 -0.0158738 0.00829794 0.00672774 -0.000620658 0.00791155 0.00654863 0.0115452
internal_weight=1774.98 1447.36 1322.29 1289.61 32.6772 125.076 327.621 43.1779 284.444 241.021 89.7494
internal_count=4802 4096 3840 3708 132 256 706 118 588 513 168
is_linear=0
shrinkage=0.02


Tree=149
num_leaves=10
num_cat=0
split_feature=4 22 3 13 16 26 17 22 19
split_gain=21.4372 22.6408 23.9508 19.6449 17.4756 13.7384 10.1796 8.93517 7.5078
threshold=1.5000000000000002 -1.136975367637955 3.5000000000000004 0.60950000000000004 0.18835821214892481 -0.025264546212969748 816500.00000000012 1.0000000180025095e-35 1.0000000180025095e-35
decision_type=2 2 2 2 2 2 2 2 2
left_child=1 -1 3 -3 6 -6 8 -7 -2
right_child=4 2 -4 -5 5 7 -8 -9 -10
leaf_value=0.018317742454692462 0.014068496288581627 -0.0011542346615057172 0.019238347091961067 0.0054303870175681111 0.010164080458789049 -0.011270874537788718 -0.0013035341233518672 0.0030472530545149639 0.0031740604174545512
leaf_weight=27.093082576990128 129.80802804231644 1217.533944234252 24.896532222628593 211.69015692174435 32.406488209962845 41.265086829662323 24.574198842048645 26.059056550264359 38.541266694664955
leaf_count=48 250 3513 41 521 66 127 70 71 95
internal_value=0.0015209 0.000527133 0.000169554 -0.000161852 0.00646366 -0.000142583 0.00996497 -0.00547257 0.0117259
internal_weight=1773.87 1481.21 1454.12 1429.22 292.654 99.7306 192.923 67.3241 168.349
internal_count=4802 4123 4075 4034 679 264 415 198 345
is_linear=0
shrinkage=0.02


Tree=150
num_leaves=9
num_cat=0
split_feature=12 2 5 22 3 17 2 20
split_gain=20.6282 18.1642 18.3523 18.6418 12.9683 8.60902 12.4617 10.237
threshold=24.500000000000004 1.0000000180025095e-35 1.0000000180025095e-35 -0.85567518409649945 1.0000000180025095e-35 414500.00000000006 1.5000000000000002 0.47513555843919436
decision_type=2 2 2 2 2 2 2 2
left_child=1 2 4 -4 -1 6 -3 -7
right_child=-2 5 3 -5 -6 7 -8 -9
leaf_value=0.0015381147809561575 -0.016677301125873373 -0.0034204776761349765 0.0052113496532286922 -0.0026086957386893266 0.0078741124262356309 0.012192421571215403 0.0088693237383450571 0.0021397326950723917
leaf_weight=452.11924020946026 23.060426771640778 71.55617767572403 148.39013467729092 641.8935786113143 187.07264901697636 127.68228401243687 57.855617687106133 67.613766998052597
leaf_count=1129 84 184 409 2081 394 246 113 161
internal_value=0.0016351 0.00189659 0.000908275 -0.00111033 0.00343312 0.00616994 0.00194639 0.00884258
internal_weight=1777.24 1754.18 1429.48 790.284 639.192 324.708 129.412 195.296
internal_count=4801 4717 4013 2490 1523 704 297 407
is_linear=0
shrinkage=0.02


Tree=151
num_leaves=9
num_cat=0
split_feature=12 2 10 18 24 18 16 24
split_gain=19.8829 17.4809 20.311 16.9564 15.7526 22.1429 14.5507 11.3804
threshold=24.500000000000004 1.0000000180025095e-35 1.5000000000000002 0.4974535138977691 9.9355160922770711 -0.26884114788379837 0.1844182657850322 8.8174184935744062
decision_type=2 2 2 2 2 2 2 2
left_child=1 2 3 -1 7 -6 -4 -3
right_child=-2 4 6 -5 5 -7 -8 -9
leaf_value=0.00054315696907478899 -0.01639259473412728 0.00039449992487812009 0.0087324169719681221 -0.0062241278997188414 -0.01462082971433915 0.0049113036242657742 0.0011797341906495766 0.0129604658614295
leaf_weight=823.5901155397296 23.00960174202919 41.022424802184105 186.81987377256155 178.68872714042664 27.406696632504463 122.50114534795284 240.00712881982327 133.44268089532852
leaf_count=2312 84 95 432 606 86 275 663 248
internal_value=0.00160371 0.00186047 0.000890789 -0.000648398 0.00605533 0.00113461 0.00454493 0.0101389
internal_weight=1776.49 1753.48 1429.11 1002.28 324.373 149.908 426.827 174.465
internal_count=4801 4717 4013 2918 704 361 1095 343
is_linear=0
shrinkage=0.02


Tree=152
num_leaves=9
num_cat=0
split_feature=12 2 3 15 24 24 6 24
split_gain=19.1648 16.819 15.8801 20.9075 15.1864 13.9858 12.0267 10.9571
threshold=24.500000000000004 1.0000000180025095e-35 1.0000000180025095e-35 1.0000000180025095e-35 9.9355160922770711 10.144508384187134 10.806712794843419 8.8174184935744062
decision_type=2 2 2 2 2 2 2 2
left_child=1 2 3 -1 7 -6 -4 -3
right_child=-2 4 6 -5 5 -7 -8 -9
leaf_value=-0.0015667381443187751 -0.016113884461332748 0.00038682538173366192 0.014822637269392876 0.007211302556619217 -0.012147207326072225 0.0039637188890817767 0.0029783969493357332 0.012730213565220191
leaf_weight=884.68122994154692 22.957255721092224 41.019431054592133 38.208346858620644 122.37000547349453 24.74105104804039 125.11749483644962 383.6761312186718 133.16009017825127
leaf_count=2654 84 95 88 312 75 286 959 248
internal_value=0.0015725 0.00182458 0.000873408 -0.000474155 0.00594193 0.00110841 0.00413089 0.00995631
internal_weight=1775.93 1752.97 1428.94 1007.05 324.038 149.859 421.884 174.18
internal_count=4801 4717 4013 2966 704 361 1047 343
is_linear=0
shrinkage=0.02


Tree=153
num_leaves=12
num_cat=0
split_feature=1 15 3 9 12 12 4 11 7 12 17
split_gain=20.6123 21.7803 25.1392 17.0217 10.5848 10.266 9.53468 9.76541 9.20841 12.6319 6.20543
threshold=45.000000000000007 1.0000000180025095e-35 1.0000000180025095e-35 9.2540000000000013 16.500000000000004 8.5000000000000018 1.0000000180025095e-35 641.50000000000011 902450.00000000012 2.5000000000000004 606500.00000000012
decision_type=2 2 2 2 2 2 2 2 2 2 2
left_child=1 2 3 -1 6 -4 7 -2 9 -3 -8
right_child=4 8 5 -5 -6 -7 10 -9 -10 -11 -12
leaf_value=-0.0033427952649252397 0.0096356193298158498 0.01607121365129403 0.0014983819097001412 0.016491760892763666 -0.0069293313958390581 0.0095347941195273143 0.011361230421022325 0.0014127252847775033 -0.0048141662119177342 0.0031841130639424751 0.00078649281210380593
leaf_weight=743.88343526422977 77.963662207126617 59.023158833384514 255.61384956538677 16.434015929698944 26.44024446606636 87.875557124614716 136.24368025362492 248.32349589467049 19.270924240350723 72.818418473005295 31.624052062630653
leaf_count=2365 159 119 680 31 74 200 255 588 55 201 74
internal_value=0.00154201 0.000136588 -0.00082418 -0.00286671 0.00488475 0.00363412 0.00556998 0.00346206 0.00724532 0.00918155 0.00950398
internal_weight=1775.51 1254.92 1103.81 760.317 520.595 343.489 494.155 326.287 151.113 131.842 167.868
internal_count=4801 3651 3276 2396 1150 880 1076 747 375 320 329
is_linear=0
shrinkage=0.02


Tree=154
num_leaves=12
num_cat=0
split_feature=11 4 9 5 12 14 18 26 16 11 13
split_gain=20.4862 18.3067 17.7029 17.3773 15.5393 12.7814 11.874 8.37318 8.33608 2.93443 1.87851
threshold=575.50000000000011 1.0000000180025095e-35 10.461500000000003 1.0000000180025095e-35 2.5000000000000004 1.0000000180025095e-35 -0.46801024499883143 -0.031690448026959493 0.17866860097984474 550.50000000000011 0.16650000000000004
decision_type=2 2 2 2 2 2 2 2 2 2 2
left_child=6 2 3 -2 8 -6 10 -8 -3 -9 -1
right_child=1 4 -4 -5 5 -7 7 9 -10 -11 -12
leaf_value=0.0078883911498784758 0.0018667901430943002 -0.0021819283171381522 0.018295984435167591 -0.00315908240501344 -0.0031393601268436926 0.0051401929376478353 0.013302029165212101 -0.0077211384188470766 0.0091225783279587601 0.0023348803143624875 0.018691824973625037
leaf_weight=19.494963586330414 498.97765871882439 26.225977122783661 18.564327642321587 604.36471210420132 151.32389076054096 143.26201640069485 19.499217689037323 19.538024172186852 210.84629881381989 21.647560819983482 40.926532328128815
leaf_count=42 1218 69 32 1951 426 362 42 61 465 58 75
internal_value=0.00151366 0.000915902 -0.000517492 -0.00086843 0.00397349 0.00082323 0.00943718 0.00270705 0.0077841 -0.00203144 0.0157169
internal_weight=1774.67 1653.56 1121.91 1103.34 531.658 294.586 121.106 60.6848 237.072 41.1856 60.4215
internal_count=4801 4523 3201 3169 1322 788 278 161 534 119 117
is_linear=0
shrinkage=0.02


Tree=155
num_leaves=11
num_cat=0
split_feature=0 9 16 4 5 2 21 27 11 11
split_gain=21.6991 15.4288 25.5593 24.6874 13.427 14.0957 12.1887 6.95637 3.56405 0.327025
threshold=3.5000000000000004 0.41950000000000004 0.18267519813920716 1.5000000000000002 6.5000000000000009 1.5000000000000002 43500.000000000007 0.18903018479738418 675.50000000000011 741.50000000000011
decision_type=2 2 2 2 2 2 2 2 2 2
left_child=1 2 6 -4 5 -3 -1 8 -2 -10
right_child=7 4 3 -5 -6 -7 -8 -9 9 -11
leaf_value=0.0071309235589071297 0.0048556308884934313 0.00087441899848770806 -0.0086948602253209672 0.0054343403568561204 0.012977184096903327 0.0098252484949122414 -0.0068323560631563286 0.001368637549616939 0.018005803373762841 0.010562526824475338
leaf_weight=120.45643685013056 28.605329722166061 1054.4252897500992 239.85740218311548 59.67775796353817 41.932904303073883 75.28801167011261 29.251975372433662 38.813617050647736 32.989508748054504 32.011578291654587
leaf_count=331 57 2791 910 156 93 142 110 85 49 58
internal_value=0.00137002 0.000717994 -0.00240997 -0.00580457 0.00193544 0.00149678 0.00424266 0.00913609 0.0120969 0.0148588
internal_weight=1753.31 1620.89 449.244 299.535 1171.65 1129.71 149.708 132.42 93.6064 65.0011
internal_count=4782 4533 1507 1066 3026 2933 441 249 164 107
is_linear=0
shrinkage=0.02


Tree=156
num_leaves=10
num_cat=0
split_feature=0 3 8 22 22 19 27 11 11
split_gain=20.973 20.3283 18.1077 23.7116 14.4294 6.78868 6.73062 3.44182 0.312457
threshold=3.5000000000000004 2.5000000000000004 0.047362024020854258 -0.84086991127852806 0.5360204607928073 -0.029868958076130946 0.18903018479738418 675.50000000000011 741.50000000000011
decision_type=2 2 2 2 2 2 2 2 2
left_child=1 2 3 -1 -4 -3 7 -2 -9
right_child=6 5 4 -5 -6 -7 -8 8 -10
leaf_value=0.0057824323649980506 0.0047708107736398452 0.014557268539818707 0.00051134000370255703 -0.0046379144123071692 0.0064803409157551282 0.0024844228021760973 0.0013424663110361127 0.017756657988388547 0.010383567506442752
leaf_weight=105.21503329277039 28.549967765808105 52.740804225206375 754.62665340304375 462.91847475618124 208.67612431943417 36.171030327677727 38.798528984189034 32.799293860793114 31.930089622735977
leaf_count=290 57 97 1952 1593 517 84 85 49 58
internal_value=0.0013453 0.000704593 0.000148601 -0.00266622 0.0018305 0.0099505 0.00899097 0.0119122 0.0146372
internal_weight=1752.43 1620.35 1531.44 568.134 963.303 88.9118 132.078 93.2794 64.7294
internal_count=4782 4533 4352 1883 2469 181 249 164 107
is_linear=0
shrinkage=0.02


Tree=157
num_leaves=12
num_cat=0
split_feature=0 6 16 18 14 11 25 14 11 24 16
split_gain=20.2709 16.5056 52.5414 16.6561 15.1867 13.4698 8.54538 7.59457 6.24805 5.24383 1.99734
threshold=3.5000000000000004 12.682154626974345 0.18267519813920716 -0.53214944576468948 -0.026182632189531548 570.50000000000011 2.5000000000000004 0.048786158779653657 550.50000000000011 10.116619130773644 0.18835821214892481
decision_type=2 2 2 2 2 2 2 2 2 2 2
left_child=1 2 4 -4 -1 8 -7 9 -3 10 -2
right_child=7 5 3 -5 -6 6 -8 -9 -10 -11 -12
leaf_value=-0.0013573888561040966 0.0094434114872190209 0.0039226738436955741 -6.3976488733243368e-05 -0.0085685808689841842 0.0097489519168574134 -0.0012308675123760596 0.002979940852633632 0 0.018555286879671121 0.0038015036180813499 0.018793908390939831
leaf_weight=68.475826002657413 35.480433121323586 27.650393113493919 141.93284656107426 289.34577327221632 149.62706112116575 265.46704284846783 649.25691914558411 28.312644436955452 28.207332164049149 33.334736496210098 34.608383744955063
leaf_count=207 65 65 423 1067 397 707 1617 64 50 69 51
internal_value=0.00132124 0.000691708 -0.00175719 -0.00582262 0.00618043 0.00235089 0.00173605 0.00884838 0.0118601 0.0113408 0.0145413
internal_weight=1751.7 1619.96 649.382 431.279 218.103 970.582 914.724 131.736 55.8577 103.424 70.0888
internal_count=4782 4533 2094 1490 604 2439 2324 249 115 185 116
is_linear=0
shrinkage=0.02


Tree=158
num_leaves=13
num_cat=0
split_feature=7 16 5 17 11 7 14 21 5 5 14 19
split_gain=17.4222 45.3382 28.0269 18.6964 14.3722 13.2831 12.8514 17.3387 15.3926 12.2429 9.972 8.1383
threshold=321950.00000000006 0.18267519813920716 1.0000000180025095e-35 299500.00000000006 570.50000000000011 173850.00000000003 -0.026182632189531548 35500.000000000007 1.0000000180025095e-35 6.5000000000000009 0.048786158779653657 -0.029868958076130946
decision_type=2 2 2 2 2 2 2 2 2 2 2 2
left_child=1 6 5 -4 11 -3 8 -8 -1 10 -6 -2
right_child=4 2 3 -5 9 -7 7 -9 -10 -11 -12 -13
leaf_value=0.0074971295504142211 0.0033375658441339977 0.0040163713517052183 -0.00013108479053580875 -0.012567103905599564 0.0030904350953353706 -0.0063930495550827016 0.012588616132199457 -0.0031250293184423806 -0.010324942870186466 0.013154089819016957 -0.0015097501080687725 0.019346757204611757
leaf_weight=40.490884974598885 27.149949714541435 145.83882787823677 70.025837585330009 183.32696125656366 693.65993125736713 72.2016871124506 126.79539278149605 33.130878575146198 35.091682888567448 39.742472544312477 251.42804838716984 32.030013352632523
leaf_count=90 65 377 220 773 1700 203 302 116 131 83 668 54
internal_value=0.00129638 -0.00110674 -0.00470792 -0.00922249 0.00294218 0.00046465 0.00600622 0.00920985 -0.00054297 0.00233471 0.00184518 0.0125121
internal_weight=1750.91 706.902 471.393 253.353 1044.01 218.041 235.509 159.926 75.5826 984.83 945.088 59.18
internal_count=4782 2212 1573 993 2570 580 639 418 221 2451 2368 119
is_linear=0
shrinkage=0.02


Tree=159
num_leaves=8
num_cat=0
split_feature=12 3 6 27 22 12 16
split_gain=22.428 15.9225 15.8173 24.1167 14.951 11.0821 6.24632
threshold=23.500000000000004 2.5000000000000004 12.598624724114385 0.19334049503768966 0.37316245979512241 7.5000000000000009 0.18331817834063543
decision_type=2 2 2 2 2 2 2
left_child=1 2 3 -1 -4 6 -3
right_child=-2 5 4 -5 -6 -7 -8
leaf_value=-0.00010096872109283574 -0.017317741485690898 0.011234210002904208 0.0011332802052464968 -0.013538787571222705 0.0066786690865207957 0.018905250234477304 -0.0012353190131779734
leaf_weight=553.61344810575247 24.415128082036972 25.702629789710045 753.34879234433174 58.515656091272831 267.61156339198351 32.981733039021492 33.93880994617939
leaf_count=1718 91 49 1900 236 649 54 85
internal_value=0.0012713 0.00155576 0.00108139 -0.00143814 0.00261151 0.00960505 0.00390529
internal_weight=1750.13 1725.71 1633.09 612.129 1020.96 92.6232 59.6414
internal_count=4782 4691 4503 1954 2549 188 134
is_linear=0
shrinkage=0.02


Tree=160
num_leaves=12
num_cat=0
split_feature=2 4 1 6 3 19 27 17 15 4 18
split_gain=27.228 12.9505 20.4602 9.93132 9.85871 8.66988 13.6909 8.40928 7.51407 7.22007 6.34798
threshold=1.0000000180025095e-35 1.0000000180025095e-35 1.0000000180025095e-35 14.051057663012687 1.5000000000000002 -0.029868958076130946 0.19288890078608964 575500.00000000012 1.0000000180025095e-35 2.5000000000000004 -0.19119895748302287
decision_type=2 2 2 2 2 2 2 2 2 2 2
left_child=1 2 3 -1 9 6 -3 -7 -4 10 -2
right_child=4 5 8 -5 -6 7 -8 -9 -10 -11 -12
leaf_value=-0.0045978816494626614 0.001163761793089389 0.007699832242138425 0.001184369792589589 0.0045054580868569595 0.015565139732192522 0.0024728104865762578 -0.0051504579508787861 -0.0069098198452785644 0.0087387105566668882 0.015579906359512967 0.0076006617341936172
leaf_weight=434.04752613604069 138.62102782726288 222.89800605177879 433.03425265848637 50.877919316291809 47.551271095871925 170.72871170938015 36.276226878166199 47.883878514170647 61.007439106702805 26.108559399843216 123.50445333123207
leaf_count=1569 326 521 1065 132 77 443 111 157 127 43 269
internal_value=0.00183719 0.000636747 -0.000663942 -0.0035943 0.00696841 0.0033394 0.00581144 0.000304508 0.0021734 0.00543211 0.00428998
internal_weight=1792.54 1456.75 978.967 484.925 335.785 477.787 259.174 218.613 494.042 288.234 262.125
internal_count=4840 4125 2893 1701 715 1232 632 600 1192 638 595
is_linear=0
shrinkage=0.02


Tree=161
num_leaves=12
num_cat=0
split_feature=2 10 5 20 17 17 3 20 17 17 1
split_gain=26.2364 24.1585 26.6015 20.176 9.82439 10.8895 9.54454 9.34194 6.60108 11.8981 6.88365
threshold=1.0000000180025095e-35 1.5000000000000002 1.0000000180025095e-35 1.3729623668701121 1121500.0000000002 575500.00000000012 1.5000000000000002 0.19456468080453251 439500.00000000006 342500.00000000006 45.000000000000007
decision_type=2 2 2 2 2 2 2 2 2 2 2
left_child=1 2 7 -4 5 -3 8 -1 9 -2 -10
right_child=6 4 3 -5 -6 -7 -8 -9 10 -11 -12
leaf_value=0.00043178878546299294 0.0068015295094209938 0.0055665140777708807 -0.0028356371561031692 -0.017734768173773043 0.017935517451166231 -0.0024975995577838622 0.015325413777958043 0.0064876402195440707 0.0051455173741796461 -0.0045090531719080545 0.015459039937064257
leaf_weight=313.97998653352261 92.03714507818222 317.3032710403204 528.40977577120066 38.927413299679756 21.118026211857796 80.386943101882935 47.34689636528492 155.95097041130066 94.705283090472221 59.127446800470352 42.140315681695938
leaf_count=777 193 795 1727 178 48 236 77 364 221 155 69
internal_value=0.00180323 0.000624672 -0.000996921 -0.00392253 0.00468134 0.00388414 0.00684384 0.00249346 0.00533212 0.00224544 0.00855567
internal_weight=1791.43 1456.08 1037.27 567.337 418.808 397.69 335.357 469.931 288.01 151.165 136.846
internal_count=4840 4125 3046 1905 1079 1031 715 1141 638 348 290
is_linear=0
shrinkage=0.02


Tree=162
num_leaves=13
num_cat=0
split_feature=10 5 22 9 27 27 11 24 27 24 24 13
split_gain=24.7639 23.1254 20.1332 17.4996 15.8558 14.398 13.6539 18.2386 9.00606 8.41202 11.7586 4.39904
threshold=1.5000000000000002 1.0000000180025095e-35 -0.94450682100432748 3.0725000000000002 0.18903018479738418 0.19405232375496628 733.50000000000011 10.810757212086516 0.18514455441116337 11.037321863309979 9.3102659650360433 0.23450000000000001
decision_type=2 2 2 2 2 2 2 2 2 2 2 2
left_child=1 6 4 -4 -3 9 8 -8 -1 10 -2 -11
right_child=5 2 3 -5 -6 -7 7 -9 -10 11 -12 -13
leaf_value=0.0013741781867786915 0.010164366790832277 0.013214612256959957 -0.0022442175564024703 -0.013959415548276484 -0.0057462138552793378 -0.0093589542574849492 0.00063829218311329725 -0.020433287267009392 0.0075055977612636287 0.019034034593066428 0.0028755420085494229 0.005799747398772391
leaf_weight=168.63203872740269 134.40611396729946 54.885301783680916 573.56620206683874 56.236606642603874 23.37417995929718 22.938455685973167 133.72773924469948 17.507228940725327 254.3650997877121 31.062304727733135 295.41740196943283 24.369280613958836
leaf_count=397 291 124 1850 184 72 81 333 66 558 59 764 61
internal_value=0.00176929 0.000270871 -0.00212957 -0.00334247 0.0072981 0.00550292 0.00326408 -0.00178781 0.00511742 0.00626438 0.00521949 0.0137762
internal_weight=1790.49 1282.29 708.062 629.803 78.2595 508.194 574.232 151.235 422.997 485.255 429.824 55.4316
internal_count=4840 3584 2230 2034 196 1256 1354 399 955 1175 1055 120
is_linear=0
shrinkage=0.02


Tree=163
num_leaves=15
num_cat=0
split_feature=2 26 23 0 24 20 17 3 13 7 11 20 12 24
split_gain=25.3063 14.9681 14.4108 19.2719 12.8193 11.9082 11.4353 11.2833 11.2287 11.1231 10.237 16.586 9.38206 0.64917
threshold=1.0000000180025095e-35 -0.067468935754904036 23500.000000000004 1.0000000180025095e-35 9.7671481279758705 0.81182061160078856 439500.00000000006 1.0000000180025095e-35 0.46550000000000008 376350.00000000006 707.50000000000011 -0.534919601045588 7.5000000000000009 9.0654134975587528
decision_type=2 2 2 2 2 2 2 2 2 2 2 2 2 2
left_child=1 5 8 -4 10 7 9 -1 -3 -6 13 -12 -8 -2
right_child=4 2 3 -5 6 -7 12 -9 -10 -11 11 -13 -14 -15
leaf_value=0.0035722139369733009 0.010815678085541741 0.0018269186606604171 -0.0037125592077514873 0.0015577596908139784 0.0021634071521613321 -0.0071426871649564209 0.0095185117444016587 0.014327557051245441 0.014527091987872585 -0.01507494102825248 -0.007959273985160149 0.013404980156277675 -0.0034742907716775705 0.017243238884651197
leaf_weight=128.17601194232702 44.950512334704399 98.62618725001812 545.37702243775129 557.02469645440578 37.547195628285408 24.155365817248821 92.240270227193832 61.066494211554527 40.814301788806915 22.163335427641869 25.089028105139732 30.405045911669731 25.993984937667847 56.280448988080025
leaf_count=343 84 257 1895 1344 92 83 187 122 81 66 69 54 71 92
internal_value=0.00173501 0.000577713 -0.000249219 -0.00103243 0.00669096 0.00546194 0.00283848 0.00720504 0.00576365 -0.0040486 0.0108925 0.0034222 0.00648911 0.0147185
internal_weight=1789.91 1455.24 1241.84 1102.4 334.67 213.398 177.945 189.243 139.44 59.7105 156.725 55.4941 118.234 101.231
internal_count=4840 4125 3577 3239 715 548 416 465 338 158 299 123 258 176
is_linear=0
shrinkage=0.02


Tree=164
num_leaves=13
num_cat=0
split_feature=4 0 16 24 22 24 22 22 24 9 18 16
split_gain=13.1125 15.0188 13.2108 18.9636 12.6896 10.7558 17.0997 8.90375 10.7812 9.32477 7.91479 7.62748
threshold=1.0000000180025095e-35 1.0000000180025095e-35 0.18267519813920716 9.3102659650360433 1.5279737395968878 10.771658344709737 2.0313530154079138 1.4391421026890596 11.217896244343716 4.9895000000000005 0.10586681448516182 0.18972266096469223
decision_type=2 2 2 2 2 2 2 2 2 2 2 2
left_child=1 2 3 -1 -4 10 -7 9 -9 11 -3 -2
right_child=7 5 4 -5 -6 6 -8 8 -10 -11 -12 -13
leaf_value=0.01183601588244567 0.0063647508564209296 0.0022226902945488283 -0.0028334058131740674 -0.0015180926933557946 -0.019017991596710155 -0.0081043055723669464 0.012741248604750748 -0.016103639169048382 0.0052106370897158794 -0.0059301026830714367 0.0078761555283548175 -0.0004808855901078961
leaf_weight=60.09259620308876 454.18967027962208 353.5501770824194 398.85776709765196 133.26471290737391 20.041740708053112 71.068026542663574 18.654778331518173 17.673707515001297 16.642806716263294 28.187049254775047 147.02695791423321 69.570256650447845
leaf_count=139 1083 828 1323 440 98 205 36 67 40 75 319 187
internal_value=0.00170286 0.000487255 -0.00168586 0.00256881 -0.00369882 0.00277406 -0.00345707 0.00415719 -0.0053455 0.00479277 0.00393546 0.00541816
internal_weight=1788.82 1202.56 612.257 193.357 418.9 590.3 89.7228 586.263 34.3165 551.947 500.577 523.76
internal_count=4840 3388 2000 579 1421 1388 241 1452 107 1345 1147 1270
is_linear=0
shrinkage=0.02


Tree=165
num_leaves=12
num_cat=0
split_feature=12 0 15 13 24 20 27 20 27 25 27
split_gain=20.0504 14.9145 14.4978 19.9406 14.0864 14.1943 6.23559 4.72107 5.75736 4.11195 0.431364
threshold=17.500000000000004 3.5000000000000004 1.0000000180025095e-35 0.62450000000000017 10.458836081028521 -0.70326212762638507 0.19328664151774191 -0.36657707446479099 0.18407325585217613 2.5000000000000004 0.18407325585217613
decision_type=2 2 2 2 2 2 2 2 2 2 2
left_child=1 2 3 -1 5 -2 -4 10 -9 -7 -3
right_child=4 7 6 -5 -6 9 -8 8 -10 -11 -12
leaf_value=0.00031637195982727948 0 0.016686405224970766 0.0087995794222221844 0.0071281372451690592 0.0033403393866470615 -0.0081180016529523828 -0.0013527159748663304 -0.0015209677510944295 0.0095846527614610929 -0.026194868653057039 0.0092394475931530384
leaf_weight=1195.726473890245 21.971564114093781 29.322627857327461 158.30027086287737 201.32675832509995 30.275185197591782 12.829036533832548 24.344894856214523 27.547752603888512 42.486910194158554 22.594592288136482 31.388668641448021
leaf_count=3391 60 45 373 485 80 44 73 64 79 95 58
internal_value=0.00209866 0.00258666 0.00202968 0.0013167 -0.00711848 -0.0129406 0.00733747 0.00909793 0.00497485 -0.0205999 0.0133724
internal_weight=1798.11 1710.44 1579.7 1397.05 87.6704 57.3952 182.645 130.746 70.0347 35.4236 60.7113
internal_count=4847 4568 4322 3876 279 199 446 246 143 139 103
is_linear=0
shrinkage=0.02


Tree=166
num_leaves=7
num_cat=0
split_feature=12 4 23 0 23 24
split_gain=19.429 18.5596 18.5534 18.4803 8.24897 7.7496
threshold=25.500000000000004 1.5000000000000002 10500.000000000002 3.5000000000000004 151500.00000000003 10.83073751748686
decision_type=2 2 2 2 2 2
left_child=1 2 -1 -4 5 -3
right_child=-2 4 3 -5 -6 -7
leaf_value=0.017780451641886269 -0.016284007709553218 0.0063143690697890558 0.00034997796068280833 0.0087668908069881597 -0.0024851579876588275 0.01620399417159973
leaf_weight=26.139163941144943 21.556891404092312 233.54067228734493 1331.9160540252924 112.90056811273098 30.688590079545975 40.890495032072067
leaf_count=47 77 529 3816 214 86 78
internal_value=0.00205784 0.00230075 0.00135031 0.00102713 0.00679805 0.00791403
internal_weight=1797.63 1776.08 1470.96 1444.82 305.12 274.431
internal_count=4847 4770 4077 4030 693 607
is_linear=0
shrinkage=0.02


Tree=167
num_leaves=12
num_cat=0
split_feature=12 1 20 16 10 16 24 20 13 24 13
split_gain=19.0045 20.6941 14.3464 13.8579 12.4052 12.3732 10.1365 14.365 8.53442 8.22368 2.2623
threshold=17.500000000000004 105.00000000000001 -1.0399471807879792 0.1844182657850322 2.5000000000000004 0.1807561341783944 10.467407334675094 -0.70326212762638507 0.27750000000000008 9.571568835735162 0.23450000000000001
decision_type=2 2 2 2 2 2 2 2 2 2 2
left_child=1 2 5 8 -4 -1 7 -5 -2 -3 -11
right_child=3 9 4 6 -6 -7 -8 -9 -10 10 -12
leaf_value=0.016056938923494853 -0.027784893795136927 0.0018213427435695134 0.0004764340864389772 0.0056479650627070093 0.0067766038338683259 0.0036937056118860651 0.0093958186252217843 -0.018060690955405009 -0.0035276863117595586 0.0086220052182854785 0.016498072851576971
leaf_weight=46.980694934725761 15.864340595901014 42.632372125983238 1257.6515209749341 16.304756730794907 139.22668994963169 123.19709192216396 21.25150503218174 21.513658046722412 12.581069260835646 49.113107487559319 50.786071881651878
leaf_count=85 68 95 3576 39 327 301 51 83 38 97 87
internal_value=0.00201808 0.0024933 0.00181058 -0.0069625 0.00112308 0.0072975 -0.000995581 -0.00744171 -0.0182196 0.00979517 0.012948
internal_weight=1797.1 1709.59 1567.06 87.5153 1396.88 170.178 59.0699 37.8184 28.4454 142.532 99.8992
internal_count=4847 4568 4289 279 3903 386 173 122 106 279 184
is_linear=0
shrinkage=0.02


Tree=168
num_leaves=7
num_cat=0
split_feature=12 4 22 0 22 12
split_gain=18.3515 17.8018 17.7446 17.7745 7.94526 7.29656
threshold=25.500000000000004 1.5000000000000002 -1.136975367637955 3.5000000000000004 0.95056809969600498 2.5000000000000004
decision_type=2 2 2 2 2 2
left_child=1 2 -1 -4 5 -3
right_child=-2 4 3 -5 -6 -7
leaf_value=0.017362688884021708 -0.015868103380873161 0.011279893430748113 0.0003053247616906436 0.0085728402268136356 -0.0024812189670955086 0.0043693689651622576
leaf_weight=26.104312032461166 21.497119314968586 128.8566522449255 1331.7839120551944 112.50143082439899 30.678899973630905 145.20192387700081
leaf_count=47 77 257 3816 214 86 350
internal_value=0.00197959 0.0022158 0.00128488 0.00096864 0.00662325 0.00772046
internal_weight=1796.62 1775.13 1470.39 1444.29 304.737 274.059
internal_count=4847 4770 4077 4030 693 607
is_linear=0
shrinkage=0.02


Tree=169
num_leaves=12
num_cat=0
split_feature=12 4 0 5 16 13 27 22 12 27 22
split_gain=17.9906 16.1739 15.5088 13.9128 13.4225 8.24151 7.94498 7.18627 6.4723 6.14683 1.84628
threshold=17.500000000000004 1.5000000000000002 3.5000000000000004 1.0000000180025095e-35 0.1844182657850322 0.27750000000000008 0.18903018479738418 0.95056809969600498 2.5000000000000004 0.19225258231910597 1.0000000180025095e-35
decision_type=2 2 2 2 2 2 2 2 2 2 2
left_child=1 2 3 -1 5 -2 -4 8 -3 10 -6
right_child=4 7 6 -5 9 -7 -8 -9 -10 -11 -12
leaf_value=0.0031802248699899266 -0.027340831624961974 0.011074727039825235 0.012234112229751863 -0.00095587397219176187 -0.011284439863296317 -0.0034416234196949819 0 -0.0019804621336044835 0.0043931341931958403 0.0057095638601961608 -0.00025828151184556307
leaf_weight=582.24255752563477 15.779787838459017 128.6396536231041 76.240932658314705 724.36827727407217 17.46762640029192 12.573390260338781 32.571310192346573 30.207285597920418 134.42431081831455 26.487374238669872 15.031139388680456
leaf_count=1393 68 257 133 2304 59 38 73 84 324 69 45
internal_value=0.00194137 0.00240382 0.00149739 0.000872952 -0.00680427 -0.0179022 0.00873721 0.00669062 0.00776577 -0.000926822 -0.00694167
internal_weight=1796.03 1708.69 1415.42 1306.61 87.3393 28.3532 108.812 293.271 263.064 58.9861 32.4988
internal_count=4847 4568 3903 3697 279 106 206 665 581 173 104
is_linear=0
shrinkage=0.02


Tree=170
num_leaves=14
num_cat=0
split_feature=20 11 27 16 3 23 11 27 27 16 23 5 7
split_gain=22.5992 29.0238 19.1964 18.7512 16.8877 21.5413 16.2784 12.9424 12.4542 9.49935 9.20107 6.44667 0.77205
threshold=0.36290720738532961 807.50000000000011 0.18024884102216188 0.17453423675653898 1.0000000180025095e-35 133500.00000000003 703.50000000000011 0.18442599351543257 0.18024884102216188 0.1807561341783944 99500.000000000015 1.5000000000000002 346250.00000000006
decision_type=2 2 2 2 2 2 2 2 2 2 2 2 2
left_child=4 2 10 -4 5 6 -1 -7 11 -10 -2 -6 -3
right_child=1 12 3 -5 8 7 -8 -9 9 -11 -12 -13 -14
leaf_value=0.0026139883343147753 -0.00027705446416929544 -0.013981190127060785 0.015451955731117286 -0.00096339174132383594 0.016498551491301493 0.020409805687649839 -0.0028668152551852262 0.0029891996751689838 0.012453616037624324 0.0026373701265825235 -0.018031324872269296 0.0034307695929573839 -0.030883824795420768
leaf_weight=514.16099353134632 20.651571348309517 11.536044210195543 29.770517230033875 281.10120629519224 60.722923994064331 34.300823450088501 372.03752724081278 39.961215734481812 47.408402115106583 280.98813709616661 35.532732434570789 26.45820064842701 11.388674437999724
leaf_count=1344 62 50 65 834 105 71 1120 109 96 682 133 65 51
internal_value=0.00146026 -0.00275952 -0.00130698 0.000588994 0.00267184 0.00118582 0.000289896 0.0114656 0.00604715 0.0041487 -0.0119741 0.0128434 -0.024154
internal_weight=1766.02 389.981 367.056 310.872 1376.04 960.461 886.199 74.262 415.578 328.397 56.1843 87.1811 22.9247
internal_count=4787 1195 1094 899 3592 2644 2464 180 948 778 195 170 101
is_linear=0
shrinkage=0.02


Tree=171
num_leaves=12
num_cat=0
split_feature=0 9 6 11 4 17 11 14 11 6 11
split_gain=21.997 23.3584 13.164 13.1048 13.5027 12.4747 12.412 8.95301 5.60704 6.95186 4.08849
threshold=3.5000000000000004 0.92850000000000021 13.615413140724991 806.50000000000011 1.5000000000000002 441500.00000000006 757.50000000000011 -0.09667983533581874 661.50000000000011 11.989476315798941 703.50000000000011
decision_type=2 2 2 2 2 2 2 2 2 2 2
left_child=1 3 7 4 -1 -5 -4 -3 -2 -10 -11
right_child=8 2 6 5 -6 -7 -8 -9 9 10 -12
leaf_value=-0.0021641497516408426 0.0016180138987886181 0.011005782698074545 0.001479419904841269 0 0.004859407018349215 -0.018971450507641419 -0.0098677661270125915 0.0037916170125287191 0.019936508759639569 0.013802725082767761 0.0026928491587144927
leaf_weight=611.97022189199924 34.425720363855362 86.347985967993736 255.56383574008942 25.515389896929264 131.23636449873447 31.764225512742996 44.297549664974213 448.05246043205261 30.941757649183273 25.168722882866859 40.222858786582947
leaf_count=1992 74 178 622 90 331 133 136 1060 45 41 85
internal_value=0.00143179 0.000784313 0.00313261 -0.00163897 -0.000892184 -0.0108038 -0.000157614 0.00501301 0.00930739 0.0118049 0.00741369
internal_weight=1765.51 1634.75 834.262 800.486 743.207 57.2796 299.861 534.4 130.759 96.3333 65.3916
internal_count=4787 4542 1996 2546 2323 223 758 1238 245 171 126
is_linear=0
shrinkage=0.02


Tree=172
num_leaves=13
num_cat=0
split_feature=13 5 9 21 26 3 0 9 27 9 27 13
split_gain=30.0701 19.4251 17.6001 16.0028 14.5968 11.3786 13.8923 10.9312 6.26118 10.9571 3.90592 1.05278
threshold=0.63650000000000018 2.5000000000000004 0.19250000000000003 37500.000000000007 0.0070746139465644505 1.0000000180025095e-35 3.5000000000000004 0.83350000000000002 0.17202358031990014 0.62800000000000011 0.18364112106850497 0.80850000000000011
decision_type=2 2 2 2 2 2 2 2 2 2 2 2
left_child=1 5 11 4 -3 6 -1 -7 -4 -10 -5 -2
right_child=2 3 8 10 -6 7 -8 -9 9 -11 -12 -13
leaf_value=-0.00051475360695359248 -0.00037183174853529233 0.0026143919228312673 0 -0.0053587423959750424 -0.0069918816749664093 0.00049914905711917978 0.0088794717611265644 0.0075856206721583103 0.018619747117629735 0.0075987001425178802 -0.019821085312730757 -0.0092571620019385788
leaf_weight=800.69306047260761 15.837380170822145 124.0058669000864 24.151148021221161 17.282022595405579 123.56119264662266 165.73384879529476 67.22216135263443 199.1427945047617 59.848864689469337 123.36726316809654 28.60178416967392 15.191963657736776
leaf_count=2290 48 348 62 67 409 453 126 412 125 264 131 52
internal_value=0.00140499 0.000357326 0.00799922 -0.00424115 -0.0021085 0.0014707 0.000199217 0.00443164 0.0101318 0.0113889 -0.0150309 -0.00549972
internal_weight=1764.64 1526.24 238.397 293.451 247.567 1232.79 867.915 364.877 207.367 183.216 45.8838 31.0293
internal_count=4787 4236 551 955 757 3281 2416 865 451 389 198 100
is_linear=0
shrinkage=0.02


Tree=173
num_leaves=14
num_cat=0
split_feature=13 11 11 11 13 22 12 6 27 1 12 27 6
split_gain=28.8963 23.8325 16.4848 15.9517 11.8959 20.7047 9.9047 16.774 11.6718 8.13572 4.60676 7.5828 6.07401
threshold=0.63650000000000018 703.50000000000011 731.50000000000011 837.50000000000011 0.32850000000000007 -0.55956972773707248 2.5000000000000004 12.625936906112875 0.18267832021355362 45.000000000000007 3.5000000000000004 0.19185465140429267 12.396903705401945
decision_type=2 2 2 2 2 2 2 2 2 2 2 2 2
left_child=3 10 -3 6 5 -5 8 -8 -1 -4 12 -12 -2
right_child=1 2 9 4 -6 -7 7 -9 -10 -11 11 -13 -14
leaf_value=-0.0028775911597697934 0.0061391697113453471 -0.014560723979790254 -5.0145957493411945e-05 0 0.001778218362177564 -0.031636377277839176 -0.0043313656609598643 0.0014429742035817618 0.0041025846450010945 0.013661421933825078 0.0028033602045566637 0.017645907944885856 0.020155475971874375
leaf_weight=115.06675146520138 23.265912607312202 22.747071027755737 44.084088884294033 16.515897013247013 17.98385114967823 17.701099321246147 310.4613453745842 561.92606438696384 485.85375995188951 24.790314391255379 45.453638732433319 22.262154713273048 55.704378187656403
leaf_count=319 58 76 126 45 49 84 1062 1451 1226 45 110 45 91
internal_value=0.00137749 0.00784297 0 0.00034991 -0.0103844 -0.0172138 0.00075059 -0.000591679 0.0027302 0.00472378 0.0128149 0.00815981 0.0164045
internal_weight=1763.82 238.308 91.6215 1525.51 52.2008 34.217 1473.31 872.387 600.921 68.8744 146.686 67.7158 78.9703
internal_count=4787 551 247 4236 178 129 4058 2513 1545 171 304 155 149
is_linear=0
shrinkage=0.02


Tree=174
num_leaves=13
num_cat=0
split_feature=20 11 24 16 3 23 24 20 23 20 9 6
split_gain=20.8814 27.1339 21.3668 17.694 16.4132 14.8467 12.1157 11.1515 10.1107 4.86807 3.91996 0.833051
threshold=0.36290720738532961 807.50000000000011 10.951700499574024 0.17453423675653898 1.0000000180025095e-35 156500.00000000003 9.3801586309040967 2.49524587740876 81500.000000000015 -0.086006196830129181 1.0155000000000001 12.754919214139912
decision_type=2 2 2 2 2 2 2 2 2 2 2 2
left_child=2 3 4 -2 5 -1 -6 -5 10 -10 -4 -3
right_child=1 11 8 7 6 -7 -8 -9 9 -11 -12 -13
leaf_value=-0.0001688836526741087 0.012693365259478846 -0.01337816104914949 0.0085951035919518051 -0.0041430810090199799 0.009416159610721217 0.014538612692944044 0.0020893893028667131 0.0066350023577257259 0.0087989061344658469 0.023548849770958107 -0.0025008512211508829 -0.030250898560329566
leaf_weight=861.36709742993116 31.443528167903423 11.370362415909769 28.894221059978008 293.05280639976263 162.39192725718021 27.300913147628307 224.03009760379791 42.005642704665661 23.674626603722572 28.667237110435963 17.758987680077553 11.246858343482016
leaf_count=2404 73 50 76 908 335 62 558 113 57 54 46 51
internal_value=0.00135086 -0.00270967 0.00251642 -0.00130918 0.00179808 0.000276301 0.00523641 -0.00271662 0.0114583 0.0175423 0.00398778 -0.0235409
internal_weight=1763.2 389.119 1374.09 366.502 1275.09 888.668 386.422 335.058 98.9951 52.3419 46.6532 22.6172
internal_count=4787 1195 3592 1094 3359 2466 893 1021 233 111 122 101
is_linear=0
shrinkage=0.02


Tree=175
num_leaves=13
num_cat=0
split_feature=2 15 1 21 4 9 24 11 4 1 24 14
split_gain=21.038 15.6181 17.4031 25.2187 10.4692 15.7887 9.81257 9.1832 8.55815 9.10075 12.2858 1.94364
threshold=1.0000000180025095e-35 1.0000000180025095e-35 105.00000000000001 40500.000000000007 1.0000000180025095e-35 1.7545000000000002 9.7556211914649591 639.50000000000011 2.5000000000000004 45.000000000000007 9.7556211914649591 1.0000000180025095e-35
decision_type=2 2 2 2 2 2 2 2 2 2 2 2
left_child=1 2 3 -1 7 -6 -4 -3 9 10 -2 -11
right_child=8 4 6 -5 5 -7 -8 -9 -10 11 -12 -13
leaf_value=5.6231946521142759e-05 0.0074275882517209381 0.018611956951887242 0 -0.0085627137870052956 -0.013136137991016712 0.010700043649612056 0.012087484891324607 0.0054844875727690801 0.015746202614853887 0.013377674963256593 -0.0022255397980088187 0.0054951125583419073
leaf_weight=1010.4494482725859 99.753768548369408 31.529902905225754 39.850451946258545 155.09037973731756 23.276831388473511 19.019145488739014 65.324105218052864 89.131021574139595 33.539704546332359 48.286658972501755 105.44384801387787 34.939195916056633
leaf_count=2874 208 60 94 564 77 36 123 233 56 83 282 71
internal_value=0.00142884 0.000374846 -0.000359584 -0.00107984 0.00619108 -0.00195626 0.00736893 0.009204 0.00604454 0.00479675 0.00238345 0.0104105
internal_weight=1755.63 1433.67 1270.71 1165.54 162.957 42.296 105.175 120.661 321.963 288.423 205.198 83.2259
internal_count=4761 4061 3655 3438 406 113 217 293 700 644 490 154
is_linear=0
shrinkage=0.02


Tree=176
num_leaves=12
num_cat=0
split_feature=1 3 15 27 9 21 16 13 24 16 26
split_gain=14.1779 15.2423 18.2025 21.3682 16.8846 15.7888 6.47865 5.59068 4.91287 6.19379 4.86056
threshold=105.00000000000001 1.0000000180025095e-35 1.0000000180025095e-35 0.19005922201075573 0.15150000000000002 39500.000000000007 0.18206107778962169 0.24050000000000002 9.7556211914649591 0.18793162875957242 0.014316328915725301
decision_type=2 2 2 2 2 2 2 2 2 2 2
left_child=1 2 5 -4 7 -1 -6 -3 9 -2 -10
right_child=8 4 3 -5 6 -7 -8 -9 10 -11 -12
leaf_value=-0.00026579095489677381 -0.0042581515621612264 0.018295348643506834 0.011309085759361374 -0.0065933704701430706 0.0074267917760931987 -0.0073766401408002008 0.00098062949837751266 0.0052480743090837613 0.014702862815113429 0.0088236667988236227 0.0036840572181729763
leaf_weight=851.47314389050007 25.432464927434921 38.277873143553734 98.187969297170639 34.206304654479027 78.700957551598549 146.833939217031 340.71391297876835 29.359205655753613 50.224247679114342 28.465199530124664 32.845381319522858
leaf_count=2441 64 81 220 113 177 518 852 78 89 56 72
internal_value=0.00140268 0.000863286 -0.000395423 0.006519 0.00382121 -0.00133802 0.00225258 0.0130823 0.00757621 0.00232137 0.0106796
internal_weight=1754.72 1617.75 1130.7 132.394 487.052 998.307 419.415 67.6371 136.967 53.8977 83.0696
internal_count=4761 4480 3292 333 1188 2959 1029 159 281 120 161
is_linear=0
shrinkage=0.02


Tree=177
num_leaves=13
num_cat=0
split_feature=2 27 27 13 7 12 22 7 4 9 12 3
split_gain=20.4149 19.9954 21.8754 15.4693 14.0809 13.6646 11.9553 10.3735 8.31376 8.00022 7.68203 6.80491
threshold=1.0000000180025095e-35 0.18903018479738418 0.18442599351543257 0.49150000000000005 1354450.0000000002 14.500000000000002 -0.55956972773707248 1748950.0000000002 2.5000000000000004 1.5965000000000003 3.5000000000000004 1.5000000000000002
decision_type=2 2 2 2 2 2 2 2 2 2 2 2
left_child=1 2 5 -4 6 -1 -3 -6 9 11 -11 -2
right_child=8 4 3 -5 7 -7 -8 -9 -10 10 -12 -13
leaf_value=0.00078800188020044474 0.00487903732272879 0.00031837692782050509 0.0086574037265379506 -0.0029254432519436671 0.015474137263115487 -0.011082700401180009 -0.0060071619998473338 -0.0020361975140372442 0.015512052046471419 -0.0087408956614432494 0.0045492324243601757 0.015200061055398353
leaf_weight=539.75087026506662 188.12211756408215 181.53370621800423 249.90628322958946 53.067003399133682 27.193089634180069 40.770656570792198 318.4982840269804 22.254318922758102 33.401069268584251 29.777710065245628 37.640887513756752 32.396150842308998
leaf_count=1492 432 513 613 148 51 142 1042 60 56 80 80 52
internal_value=0.00137623 0.000338192 0.0022128 0.00655988 -0.00263816 -2.89224e-05 -0.00367474 0.00731283 0.00592779 0.00469694 -0.00107045 0.00654735
internal_weight=1754.31 1432.97 883.495 302.973 549.479 580.522 500.032 49.4474 321.338 287.937 67.4186 220.518
internal_count=4761 4061 2395 761 1666 1634 1555 111 700 644 160 484
is_linear=0
shrinkage=0.02


Tree=178
num_leaves=12
num_cat=0
split_feature=1 3 15 27 4 9 26 26 23 9 8
split_gain=13.6524 14.629 17.4919 20.3813 19.4482 16.2076 6.4682 5.37794 5.09064 5.22291 6.97003
threshold=105.00000000000001 1.0000000180025095e-35 1.0000000180025095e-35 0.19005922201075573 2.5000000000000004 0.15150000000000002 -0.025264546212969748 1.0000000180025095e-35 98500.000000000015 1.6705000000000003 0.033696364886692552
decision_type=2 2 2 2 2 2 2 2 2 2 2
left_child=1 2 4 -4 -1 7 -7 -3 9 10 -2
right_child=8 5 3 -5 -6 6 -8 -9 -10 -11 -12
leaf_value=-0.0021905024715068236 0.0038017182012586317 0.019737186331160499 0.011043977582532592 -0.006440550783720975 0.0079009926329072153 0.0059607333527046833 0.00046888834249037638 0.0068791062345753742 0.00095954168725112922 0.0025837661552967402 0.0188157202714179
leaf_weight=916.12577906996012 24.576056122779846 28.480323359370232 98.184982463717461 34.168379336595535 81.721582368016243 126.23617650568485 292.9045692384243 39.171515479683876 41.301291823387146 32.71975488960743 38.11783704161644
leaf_count=2780 55 54 220 113 179 286 743 105 97 71 58
internal_value=0.00135004 0.000820734 -0.000412385 0.00636574 -0.00133692 0.00371968 0.00218077 0.0127921 0.0074137 0.00996111 0.0133963
internal_weight=1753.71 1616.99 1130.2 132.353 997.847 486.793 419.141 67.6518 136.715 95.4136 62.6939
internal_count=4761 4480 3292 333 2959 1188 1029 159 281 184 113
is_linear=0
shrinkage=0.02


Tree=179
num_leaves=9
num_cat=0
split_feature=2 12 3 6 11 11 6 6
split_gain=19.8977 13.291 12.2483 17.4834 15.3659 9.07208 1.89817 2.51619
threshold=1.5000000000000002 24.500000000000004 1.0000000180025095e-35 11.449995747705866 651.50000000000011 635.50000000000011 13.223747794783449 12.637695945209369
decision_type=2 2 2 2 2 2 2 2
left_child=1 2 4 -4 -1 -2 7 -7
right_child=5 -3 3 -5 -6 6 -8 -9
leaf_value=0.0034565957060690633 -0.0018031057303108449 -0.015312408328619027 0.012212794509555799 0.0018405486636134899 -0.0016870237609091828 0.0087923109092194855 0.0055748369611841398 0.018315265775385607
leaf_weight=324.79962895810604 22.344291046261787 19.29769042134285 78.708911180496216 398.77983798086643 805.05800535529852 41.927716478705406 29.688809752464294 32.553690865635872
leaf_count=856 55 72 180 985 2417 87 60 49
internal_value=0.00132586 0.000715632 0.0009299 0.00361405 -0.000188955 0.00894778 0.0114392 0.013407
internal_weight=1753.16 1626.64 1607.35 477.489 1129.86 126.515 104.17 74.4814
internal_count=4761 4510 4438 1165 3273 251 196 136
is_linear=0
shrinkage=0.02


Tree=180
num_leaves=15
num_cat=0
split_feature=1 5 17 24 24 24 24 14 19 11 22 17 22 6
split_gain=22.2137 18.1544 16.6939 17.5446 16.2192 13.3329 22.8964 8.53819 20.3945 13.2414 9.95545 9.80055 8.77861 8.18394
threshold=45.000000000000007 1.0000000180025095e-35 433500.00000000006 8.7873438609466223 10.346600338278607 11.584790100416347 10.595408199002058 0.013627581934317302 -0.029868958076130946 674.50000000000011 -0.15982736165184608 1035500.0000000001 -0.88528572973244202 12.902342437871235
decision_type=2 2 2 2 2 2 2 2 2 2 2 2 2 2
left_child=1 2 3 -1 -4 6 -3 10 9 -9 12 -12 -2 -10
right_child=7 5 4 -5 -6 -7 -8 8 13 -11 11 -13 -14 -15
leaf_value=0.0071431315208869538 0 -0.0014367747162116727 0.0093729772623997818 -0.0045709236890195612 9.3685784408476685e-05 0.010865398275058761 -0.011608989208922775 -0.018511040220326198 0.011295995004633524 -0.00033277796306735398 0.00011354168676034762 0.014450087716284548 0.011305029589593698 -0.00027972124175700225
leaf_weight=67.837891280651093 35.707803815603256 540.79601360112429 176.70484021306038 191.91793079674244 138.50676845014095 26.76727032661438 106.66993443667889 25.171026885509491 60.459561824798584 47.548242717981339 132.77024619281292 21.885123550891876 162.67036499083042 35.034551247954369
leaf_count=141 82 1738 386 519 369 77 426 80 127 122 315 42 308 82
internal_value=0.00111449 -0.000318411 0.002272 -0.00141932 0.00537201 -0.00255715 -0.00315881 0.00458087 0.000730194 -0.00706204 0.00635191 0.00235058 0.00934359 0.00688298
internal_weight=1770.45 1249.2 574.967 259.756 315.212 674.233 647.466 521.247 168.213 72.7193 353.034 154.655 198.378 95.4941
internal_count=4814 3656 1415 660 755 2241 2164 1158 411 202 747 357 390 209
is_linear=0
shrinkage=0.02


Tree=181
num_leaves=15
num_cat=0
split_feature=1 3 17 22 6 17 16 4 9 14 16 9 13 20
split_gain=21.3573 15.9007 14.2738 30.0407 18.84 12.3076 9.69459 8.92114 8.77461 19.692 22.7172 17.0452 12.2936 7.09592
threshold=45.000000000000007 1.5000000000000002 401500.00000000006 -0.50034863646518712 12.892575292121105 451500.00000000006 0.18267519813920716 1.0000000180025095e-35 0.19850000000000004 0.048786158779653657 0.18632254174799392 0.33950000000000008 0.34650000000000003 0.30679303185839729
decision_type=2 2 2 2 2 2 2 2 2 2 2 2 2 2
left_child=1 2 3 -1 -4 6 -3 -7 12 11 -11 -10 13 -2
right_child=8 5 4 -5 -6 7 -8 -9 9 10 -12 -13 -14 -15
leaf_value=-0.00032720504986785465 0.0071729589562818377 0.016742894169467674 -0.0029005202871191255 -0.011542153741064572 0.003994082223350499 -0.0068036122983761507 0.0040005494178914245 0.0080699722236119969 -0.0093193552402306788 -0.015339427601660759 0.0030210896739365435 0.0071443024928703582 -0.001805588348050709 0.021611277665047147
leaf_weight=298.92838957160711 35.642363101243973 43.400062099099159 302.37678164988756 142.21094682812691 328.61464375257492 43.719700545072556 65.834549143910408 23.645385578274727 25.61621330678463 42.331589832901955 67.391574457287788 295.79629023373127 22.244025036692619 31.854367852210999
leaf_count=854 80 71 1086 487 831 130 145 52 75 129 152 603 61 58
internal_value=0.00109343 -0.000311388 -0.0012436 -0.00400575 0.000659119 0.00521055 0.00935061 -0.00124871 0.00449375 0.00322651 -0.0039564 0.0057453 0.0102588 0.014495
internal_weight=1769.61 1248.73 1072.13 441.139 630.991 176.6 109.235 67.3651 520.876 431.136 109.723 321.413 89.7408 67.4967
internal_count=4814 3656 3258 1341 1917 398 216 182 1158 959 281 678 199 138
is_linear=0
shrinkage=0.02


Tree=182
num_leaves=15
num_cat=0
split_feature=1 3 15 23 17 12 24 9 14 19 9 13 20 20
split_gain=20.5322 15.313 13.756 16.6186 11.8601 11.4058 9.24475 8.43232 18.9315 18.3303 16.4142 11.8554 7.26148 6.78411
threshold=45.000000000000007 1.5000000000000002 1.0000000180025095e-35 25500.000000000004 451500.00000000006 6.5000000000000009 10.802651953825547 0.19850000000000004 0.048786158779653657 -0.029868958076130946 0.33950000000000008 0.34650000000000003 -0.7593763031533175 0.30679303185839729
decision_type=2 2 2 2 2 2 2 2 2 2 2 2 2 2
left_child=1 2 3 -1 12 -4 -6 11 10 -10 -9 13 -3 -2
right_child=7 4 5 -5 6 -7 -8 8 9 -11 -12 -13 -14 -15
leaf_value=0.0044899751502553518 0.0070384678116274212 0.00055365833610770032 0.0083924928029492796 -0.0031666441730977823 -0.0070921148000934551 -0.0043033179954479871 0.0078934577769748607 -0.0091330784510657553 -0.013404854258735036 0.0028347692331566368 0.0070131368087595816 -0.0017709039077622713 0.012526856354600806 0.021189815022224497
leaf_weight=129.00470280647278 35.616320669651031 32.41419018805027 96.379882514476776 809.49874910712242 42.415365904569626 36.858102396130562 24.929171249270439 25.636095345020294 46.167331993579865 63.603134945034981 295.32544432580471 22.24566525220871 76.632142439484596 31.858030736446381
leaf_count=333 80 74 225 2581 125 119 57 75 137 144 603 61 142 58
internal_value=0.00107247 -0.00030481 -0.00121977 -0.00208923 0.00511724 0.00472552 -0.00121789 0.00440803 0.00316346 -0.0038741 0.00563701 0.0100619 0.00918692 0.014224
internal_weight=1768.58 1248.13 1071.74 938.503 176.391 133.238 67.3445 520.452 430.732 109.77 320.962 89.72 109.046 67.4744
internal_count=4814 3656 3258 2914 398 344 182 1158 959 281 678 199 216 138
is_linear=0
shrinkage=0.02


Tree=183
num_leaves=15
num_cat=0
split_feature=1 5 3 7 18 27 23 5 9 9 26 12 20 20
split_gain=19.733 17.4183 27.7946 18.0858 16.0361 25.9243 16.1995 13.5457 8.10448 14.8345 9.20134 4.77075 3.10009 1.37422
threshold=45.000000000000007 1.0000000180025095e-35 1.5000000000000002 414350.00000000006 -0.20807769452666972 0.19334049503768966 26500.000000000004 1.5000000000000002 0.19850000000000004 0.55750000000000022 -0.067468935754904036 4.5000000000000009 0.47513555843919436 -0.19823454788399394
decision_type=2 2 2 2 2 2 2 2 2 2 2 2 2 2
left_child=1 4 3 -3 6 -6 -1 -4 12 11 -11 -10 13 -2
right_child=8 2 7 -5 5 -7 -8 -9 9 10 -12 -13 -14 -15
leaf_value=0.0062064969392752294 0.0072451316504265999 -0.0077783187073802518 0.014163799444492064 -0.00056699263574280074 0.0070261945675500551 -0.01357424556161577 -0.0046590715260427873 0 -0.0075818086107798024 0.013541777420356465 0.0036802868448157439 0.00092201650944744625 0.003308795333166917 0.015999547497793549
leaf_weight=76.236873805522919 27.424776673316956 287.63782589137554 50.872945293784142 281.29139286279678 289.81436678767204 25.160612113773823 183.25082857906818 53.354749470949173 53.986721709370613 45.723282337188721 287.34603932499886 43.282198637723923 28.874022409319878 33.394676089286804
leaf_count=162 61 1191 98 813 666 89 498 139 152 79 620 108 73 65
internal_value=0.00105243 -0.000297561 -0.00249301 -0.00425522 0.00224018 0.00527956 -0.00137844 0.006885 0.00432398 0.00310161 0.00513041 -0.00362342 0.00986937 0.0125566
internal_weight=1767.65 1247.62 673.157 568.929 574.463 314.975 259.488 104.228 520.032 430.338 333.069 97.2689 89.6935 60.8195
internal_count=4814 3656 2241 2004 1415 755 660 237 1158 959 699 260 199 126
is_linear=0
shrinkage=0.02


Tree=184
num_leaves=15
num_cat=0
split_feature=14 18 4 16 6 9 24 6 11 20 18 9 26 16
split_gain=13.8567 16.2903 17.8225 12.2404 13.9361 11.785 23.1132 18.9757 13.6491 10.4842 10.1805 9.40895 9.26529 8.82848
threshold=0.013627581934317302 -0.28234413751871595 1.0000000180025095e-35 0.18702985632599903 12.690506026312372 0.92850000000000021 8.56612847738044 11.179562146411753 643.50000000000011 0.36290720738532961 -0.97099660889950778 0.36550000000000005 -0.10932354321400588 0.18921335627843924
decision_type=2 2 2 2 2 2 2 2 2 2 2 2 2 2
left_child=5 3 9 4 -2 6 -1 -8 13 -3 -5 -4 -10 -7
right_child=1 2 11 10 -6 8 7 -9 12 -11 -12 -13 -14 -15
leaf_value=-0.021392349520848244 0.0080412556933827147 0.0016886339489359228 -0.00017743555702737273 0 -0.0067342818840137554 0.011107974773089039 0.0075314410381737851 -0.0011129278532180859 0.013398447749201729 -0.0071230875954333625 -0.012138850127353018 0.011311672176330785 0.0015367319444426423 -0.0012150676387671225
leaf_weight=18.157904759049416 45.864633172750473 121.77949653565884 38.255443409085274 37.71442349255085 55.098215967416763 139.48530030250549 132.38407520204782 416.23712853342295 27.860640555620193 92.24740844219923 108.47010527551174 82.010676026344299 426.52247859537601 24.230076536536217
leaf_count=73 113 332 115 99 154 275 384 1264 50 313 363 174 1043 62
internal_value=0.00103315 -0.00147312 0.00135745 -0.00537241 0 0.00228009 0.000159194 0.000946505 0.0041892 -0.00203174 -0.00905136 0.00752085 0.00233578 0.00916642
internal_weight=1766.32 581.44 334.293 247.147 100.963 1184.88 566.779 548.621 618.098 214.027 146.185 120.266 454.383 163.715
internal_count=4814 1663 934 729 267 3151 1721 1648 1430 645 462 289 1093 337
is_linear=0
shrinkage=0.02


Tree=185
num_leaves=15
num_cat=0
split_feature=3 0 8 17 9 12 9 24 8 22 17 26 8 24
split_gain=27.1983 20.8598 22.9382 14.6684 11.7548 18.2959 14.6743 12.745 11.5744 10.3925 9.20315 8.38937 7.49806 7.09127
threshold=1.0000000180025095e-35 1.5000000000000002 0.015392857714020653 679500.00000000012 0.21550000000000002 5.5000000000000009 0.41350000000000003 9.3801586309040967 0.11550640502806692 0.43238355106700782 422500.00000000006 1.0000000180025095e-35 0.17754162068800075 9.4454837321870073
decision_type=2 2 2 2 2 2 2 2 2 2 2 2 2 2
left_child=1 2 13 -4 5 11 9 -8 10 -6 -3 -2 -10 -1
right_child=4 8 3 -5 6 -7 7 -9 12 -11 -12 -13 -14 -15
leaf_value=-0.017721199357397278 0.012674188866490986 0.0098121512220516217 -0.0018743975937450664 0.0051188027697694717 -0.016347728254070319 0.021028036594870066 0.0095919276157616067 0.0019352962488565829 -0.010851214807567235 0.0025803919051857051 0.0020395999796229028 -0.0021158951021892306 0.0024937691808520953 -0.0061253354333153714
leaf_weight=36.93665137141943 23.55262616276741 129.42052310705185 660.07869033515453 144.85790704190731 22.613003820180893 43.953156918287277 144.50251862406731 239.62764690816402 28.613827988505363 19.336721628904343 130.46188214421272 35.830480352044106 34.437250167131424 71.639061078429222
leaf_count=160 48 255 1945 428 87 84 288 581 78 55 308 105 74 298
internal_value=0.00138746 -0.000222124 -0.00178207 -0.000586282 0.00517768 0.0112955 0.00362413 0.00488493 0.00412079 -0.00730022 0.00600974 0.0035317 -0.00332506 -0.0103784
internal_weight=1765.86 1236.45 913.512 804.937 529.416 103.336 426.08 384.13 322.933 41.9497 259.882 59.3831 63.0511 108.576
internal_count=4794 3546 2831 2373 1248 237 1011 869 715 142 563 153 152 458
is_linear=0
shrinkage=0.02


Tree=186
num_leaves=15
num_cat=0
split_feature=3 2 13 1 6 5 12 17 13 20 13 22 6 26
split_gain=26.1677 28.9116 24.7688 23.4338 21.8929 15.4895 25.5012 11.787 8.08907 17.3119 7.91446 7.6543 8.7288 7.55202
threshold=1.0000000180025095e-35 1.5000000000000002 0.64350000000000007 1.0000000180025095e-35 11.716690126411976 1.0000000180025095e-35 8.5000000000000018 575500.00000000012 0.17150000000000001 -0.59103377657252032 0.42250000000000004 -0.60398554619098654 12.702447344418255 0.0070746139465644505
decision_type=2 2 2 2 2 2 2 2 2 2 2 2 2 2
left_child=1 2 3 -1 -4 8 7 -7 9 -2 -10 -3 -13 -8
right_child=5 11 4 -5 -6 6 13 -9 10 -11 -12 12 -14 -15
leaf_value=-0.0053898144108623178 -0.0097195134583545392 0.018096750126150002 -0.011033056195214526 0.00073803552740954763 0.0097268870807829949 0.00052767179688844711 0.014915665952567466 -0.011031110318618283 0.016769285207121225 0.009322717674022275 0.0053137079824078608 -0.002879297498986758 0.011283688294823537 0.0027860098968294769
leaf_weight=493.40721266716719 23.702953308820724 32.858414053916931 22.473642662167549 493.7912429869175 126.22973576188087 166.91032744944096 60.124300375580788 42.84752057492733 75.714138701558113 75.110490158200264 46.011199936270714 25.911754414439201 41.225467011332512 38.652521073818207
leaf_count=1762 65 52 86 1218 286 438 119 145 127 157 98 68 74 99
internal_value=0.00136099 -0.000217744 -0.00114436 -0.00230681 0.00640308 0.00508005 0.00209055 -0.0017797 0.00914378 0.00450296 0.0126807 0.0100173 0.00556189 0.0104451
internal_weight=1764.97 1235.9 1135.9 987.198 148.703 529.073 308.535 209.758 220.539 98.8134 121.725 99.9956 67.1372 98.7768
internal_count=4794 3546 3352 2980 372 1248 801 583 447 222 225 194 142 218
is_linear=0
shrinkage=0.02


Tree=187
num_leaves=14
num_cat=0
split_feature=3 2 13 0 8 8 3 26 18 23 8 18 8
split_gain=25.1801 27.8616 23.786 22.5487 21.0737 9.22168 14.2421 9.3389 13.3898 7.41291 8.43365 7.11083 6.95005
threshold=1.0000000180025095e-35 1.5000000000000002 0.64350000000000007 1.0000000180025095e-35 0.019606902397287653 0.13392985654656239 1.5000000000000002 0.0070746139465644505 -0.71781555324480484 46500.000000000007 0.052543619760431107 -0.46801024499883143 0.18554590669929152
decision_type=2 2 2 2 2 2 2 2 2 2 2 2 2
left_child=1 2 3 -1 -4 7 12 11 -9 -3 -11 -2 -7
right_child=5 9 4 -5 -6 6 -8 8 -10 10 -12 -13 -14
leaf_value=-0.0052891276841589797 0.0036374807663827973 0.017824204646680209 -0.010845909333151653 0.00072335042591087622 0.0095354301920038756 -0.015661436941694126 0.0073386527203288116 0.01210602628443924 0 -0.0028228571379482858 0.01109758331014429 0.01155099780343621 0
leaf_weight=492.76950315386057 78.331329748034477 32.710415184497833 22.4219781011343 493.76030658185482 126.20923276245594 23.873582646250725 43.706885322928429 47.609656617045403 157.9240730702877 25.921136796474457 41.096553936600685 153.29122596979141 23.881200507283211
leaf_count=1762 184 52 86 1218 286 75 87 93 424 68 74 325 60
internal_value=0.00133638 -0.000212581 -0.00112199 -0.00226193 0.00627518 0.0049862 -0.00058724 0.0061966 0.00292589 0.00984866 0.00545704 0.00898788 -0.00825325
internal_weight=1763.51 1234.89 1135.16 986.53 148.631 528.618 91.4617 437.156 205.534 99.7281 67.0177 231.623 47.7548
internal_count=4794 3546 3352 2980 372 1248 222 1026 517 194 142 509 135
is_linear=0
shrinkage=0.02


Tree=188
num_leaves=14
num_cat=0
split_feature=3 2 13 6 12 9 12 9 24 22 22 6 12
split_gain=24.2096 26.8503 22.8423 15.6417 15.0037 11.1495 17.4195 14.2046 12.2752 10.0111 7.17999 9.4022 6.58499
threshold=1.0000000180025095e-35 1.5000000000000002 0.64350000000000007 11.739670443640273 21.500000000000004 0.21550000000000002 5.5000000000000009 0.41350000000000003 9.3801586309040967 0.43238355106700782 -0.60398554619098654 12.668708562420486 1.5000000000000002
decision_type=2 2 2 2 2 2 2 2 2 2 2 2 2
left_child=1 2 4 -4 -1 6 12 9 -9 -7 -3 -12 -2
right_child=5 10 3 -5 -6 7 -8 8 -10 -11 11 -13 -14
leaf_value=-0.0018015150498428029 0.0092973326923580027 0.017556804024553577 -0.0080982128440843602 0.009042895581198699 -0.017858229301378658 -0.016262160715260422 0.020337398325657917 0.0092486112907211402 0.0017262799598280001 0.0022906070369458297 -0.0036428965249768836 0.0111965049158764 -0.0035701840205414745
leaf_weight=962.63532800972462 32.841893747448921 32.561181798577309 23.601662740111351 124.95333464443684 23.233714707195759 22.571397319436073 43.96237213909626 143.89864972233772 239.26772981882095 19.36007171869278 25.139060154557228 41.759223580360413 26.452729642391205
leaf_count=2888 71 52 88 284 92 87 84 288 581 55 67 75 82
internal_value=0.00131178 -0.000207519 -0.00110005 0.00614993 -0.0022179 0.00489132 0.0108486 0.00337527 0.00462008 -0.00737652 0.0096831 0.00535407 0.00326112
internal_weight=1762.24 1233.88 1134.42 148.555 985.869 528.355 103.257 425.098 383.166 41.9315 99.4595 66.8983 59.2946
internal_count=4794 3546 3352 372 2980 1248 237 1011 869 142 194 142 153
is_linear=0
shrinkage=0.02


Tree=189
num_leaves=14
num_cat=0
split_feature=3 2 0 9 5 12 9 25 26 22 9 9 24
split_gain=23.2924 25.8805 20.3006 25.1651 14.9709 24.188 13.0289 9.72973 7.18575 6.95431 4.74199 4.71825 8.17298
threshold=1.0000000180025095e-35 1.5000000000000002 1.0000000180025095e-35 0.19250000000000003 1.0000000180025095e-35 8.5000000000000018 0.46750000000000008 3.5000000000000004 0.0070746139465644505 -0.60398554619098654 0.5485000000000001 0.21550000000000002 9.2253153707558528
decision_type=2 2 2 2 2 2 2 2 2 2 2 2 2
left_child=1 2 3 -1 11 6 -6 -4 -7 -3 -11 -2 -13
right_child=4 9 7 -5 5 8 -8 -9 -10 10 -12 12 -14
leaf_value=-0.015619165773089335 0.014301080872883808 0.017294359694625561 0.0029569861534476374 -0.0022027357635821467 -0.010496051302630401 0.014372816222369076 0.00086329087636899241 -0.0034803077306468748 0.0025341657479866788 -0.0010018161328522496 0.0093135315394912953 0.013774751380686024 0.0036577589910115659
leaf_weight=62.947519689798355 53.912447452545166 32.41089141368866 446.49414595961571 509.20805503427982 52.176635041832924 60.006565138697624 157.44353625178337 115.48590287566185 38.609331682324409 24.639970242977142 42.132351011037827 48.785294815897942 117.04881645739079
leaf_count=331 101 52 1057 1658 188 119 395 306 99 63 79 83 263
internal_value=0.00128681 -0.000203339 -0.00107902 -0.00373836 0.00479927 0.00186217 -0.00190562 0.00159478 0.0100106 0.00952104 0.00525329 0.00880141 0.00681859
internal_weight=1761.3 1233.32 1134.14 572.156 527.983 308.236 209.62 561.98 98.6159 99.1832 66.7723 219.747 165.834
internal_count=4794 3546 3352 1989 1248 801 583 1363 218 194 142 447 346
is_linear=0
shrinkage=0.02


Tree=190
num_leaves=14
num_cat=0
split_feature=13 11 2 5 1 1 11 11 6 11 6 26 17
split_gain=22.0497 24.6179 17.9155 11.3552 12.244 8.73606 7.90194 7.53052 7.21563 6.78403 6.5528 5.58161 2.88148
threshold=0.64350000000000007 704.50000000000011 1.5000000000000002 1.0000000180025095e-35 45.000000000000007 1.0000000180025095e-35 679.50000000000011 625.50000000000011 12.71213995515035 767.50000000000011 13.332787971660968 -0.025264546212969748 427500.00000000006
decision_type=2 2 2 2 2 2 2 2 2 2 2 2 2
left_child=2 6 3 7 -5 10 11 -1 12 -7 -3 -2 -4
right_child=1 5 8 4 -6 9 -8 -9 -10 -11 -12 -13 -14
leaf_value=-0.0030358154353242934 0.014560912648260109 -0.013142753719010478 0.006273492064600289 -0.0036234289511923334 0.0016768396868971573 -0.0022259954829021347 0.018436206311306297 0.0027288598335203466 0.012662160096833521 0.012278498981356053 0.0024255380894576011 0.0039631419980965541 -0.0028793867708293763
leaf_weight=105.68555954098701 34.931110724806786 29.341879114508629 27.92376446723938 527.94519670307636 253.37847706675529 24.225308269262314 51.444094941020012 523.06366162002087 61.10672914981842 22.352649331092834 13.384172499179838 64.658426314592361 22.072463065385818
leaf_count=272 65 113 58 1868 617 62 97 1251 107 41 32 160 58
internal_value=0.00124514 0.00686578 0.000340039 -0.000257836 -0.00187907 -0.00125468 0.0117755 0.00172484 0.00804104 0.00442608 -0.00786457 0.00798695 0.00186324
internal_weight=1761.51 240.338 1521.18 1410.07 781.324 89.304 151.034 628.749 111.103 46.578 42.7261 99.5895 49.9962
internal_count=4801 570 4231 4008 2485 248 322 1523 223 103 145 225 116
is_linear=0
shrinkage=0.02


Tree=191
num_leaves=11
num_cat=0
split_feature=13 9 11 0 9 8 9 0 11 9
split_gain=21.2408 26.813 21.7228 14.1955 12.4974 16.7507 12.0343 9.98943 6.07164 6.03078
threshold=0.64350000000000007 0.20950000000000002 704.50000000000011 4.5000000000000009 0.85350000000000004 0.027803099361896056 1.4125000000000003 1.5000000000000002 679.50000000000011 0.075500000000000012
decision_type=2 2 2 2 2 2 2 2 2 2
left_child=3 9 8 4 5 -1 -6 -4 -3 -2
right_child=1 2 7 -5 6 -7 -8 -9 -10 -11
leaf_value=0.00094429473548963256 0 0.010705782947724549 -0.0039701339512541317 0.01071577250807714 0.0049831702468004233 -0.0053320290577474573 -0.00011256306799027515 0.011262204097192547 0.021178586957167792 -0.016599969085752536
leaf_weight=350.04159945249557 13.956217959523199 88.536623775959015 52.179508164525032 49.922514215111732 281.74350672960281 321.62851367145777 517.02397626638412 24.174307987093925 42.311862170696259 18.920563489198685
leaf_count=1107 41 185 153 90 667 1065 1302 44 71 76
internal_value=0.00122225 0.00674207 0.00945346 0.000333613 -1.23207e-05 -0.00203484 0.00166379 0.000677257 0.014379 -0.0095304
internal_weight=1760.44 240.079 207.202 1520.36 1470.44 671.67 798.767 76.3538 130.848 32.8768
internal_count=4801 570 453 4231 4141 2172 1969 197 256 117
is_linear=0
shrinkage=0.02


Tree=192
num_leaves=13
num_cat=0
split_feature=13 9 11 9 23 9 5 10 11 9 11 19
split_gain=20.4449 25.8286 20.9158 12.7841 16.9919 16.1054 14.449 12.0297 9.66734 5.83671 5.82165 5.37106
threshold=0.64350000000000007 0.20950000000000002 704.50000000000011 0.85350000000000004 22500.000000000004 1.7185000000000004 1.0000000180025095e-35 1.5000000000000002 609.50000000000011 0.075500000000000012 679.50000000000011 -0.029868958076130946
decision_type=2 2 2 2 2 2 2 2 2 2 2 2
left_child=3 9 10 4 -1 8 -6 -7 -5 -2 -3 -4
right_child=1 2 11 5 6 7 -8 -9 -10 -11 -12 -13
leaf_value=0.011001995600218972 0 0.010508413954737381 0.0052241316996338586 -0.0033471803064091732 0.00065231106413989027 -0.0028446805993381677 -0.0052233940251844285 0.0044926996626324829 0.0060792698493632117 -0.016332147398213381 0.020794028289296086 -0.005359779231415244
leaf_weight=38.543127074837685 13.956217959523199 88.415537193417549 45.358627073466778 46.141879573464394 310.17685854434967 300.35265719890594 349.1091674938798 125.0962615609169 350.50342586636543 18.863193236291409 42.251572772860527 30.921074315905571
leaf_count=94 41 185 108 122 812 794 1318 288 803 76 71 89
internal_value=0.00119903 0.00661844 0.00928162 0.00032719 -0.00164664 0.00202693 -0.00243194 -0.00063487 0.00492673 -0.00936111 0.0141189 0.000661152
internal_weight=1759.69 239.766 206.947 1519.92 697.829 822.094 659.286 425.449 396.645 32.8194 130.667 76.2797
internal_count=4801 570 453 4231 2224 2007 2130 1082 925 117 256 197
is_linear=0
shrinkage=0.02


Tree=193
num_leaves=13
num_cat=0
split_feature=13 9 2 9 9 6 9 13 6 9 19 17
split_gain=19.6697 24.8738 17.2935 12.4531 19.4861 16.3323 8.57737 7.75201 6.91516 5.64932 4.72075 2.75353
threshold=0.64350000000000007 0.20950000000000002 1.5000000000000002 0.85350000000000004 1.7185000000000004 12.065953848146968 0.62800000000000011 0.9425 12.71213995515035 0.075500000000000012 -0.029868958076130946 427500.00000000006
decision_type=2 2 2 2 2 2 2 2 2 2 2 2
left_child=2 9 3 5 -5 -1 10 -8 11 -2 -3 -4
right_child=1 6 8 4 -6 -7 7 -9 -10 -11 -12 -13
leaf_value=0.00068741217786610919 0 0.020827943910840942 0.0061620662979619944 0.004741325666302274 -0.00160464739896415 -0.0056486547567720907 0.0095665868704421838 0 0.012440023575198338 -0.01606931306551378 0.0071851083802326908 -0.0027782387769211508
leaf_weight=332.6254533752799 13.956217959523199 34.642940908670425 27.859989389777184 370.61266396939754 396.93491286039352 308.39964858442545 96.237957581877708 51.676278576254845 60.825538545846939 18.805234089493752 24.182330206036568 22.07209724187851
leaf_count=1066 41 66 58 873 1032 1037 196 127 107 76 64 58
internal_value=0.00117624 0.00649518 0.000320908 -0.000266011 0.00143568 -0.00233379 0.00911012 0.00624001 0.00789967 -0.00919496 0.0157677 0.00184044
internal_weight=1758.83 239.501 1519.33 1408.57 767.548 641.025 206.74 147.914 110.758 32.7615 58.8253 49.9321
internal_count=4801 570 4231 4008 1905 2103 453 323 223 117 130 116
is_linear=0
shrinkage=0.02


Tree=194
num_leaves=13
num_cat=0
split_feature=27 22 14 10 9 17 24 24 9 11 11 17
split_gain=12.6552 20.8267 14.2644 14.3831 11.4663 18.1411 17.3896 11.4171 11.3278 12.2847 9.17584 3.99931
threshold=0.16657228936356769 -0.54476445491910108 0.013627581934317302 1.5000000000000002 0.41950000000000004 755500.00000000012 10.269898431660735 9.5854090950247315 3.0725000000000002 612.50000000000011 655.50000000000011 329500.00000000006
decision_type=2 2 2 2 2 2 2 2 2 2 2 2
left_child=1 11 3 -3 5 7 -7 -2 9 -6 -10 -1
right_child=4 2 -4 -5 8 6 -8 -9 10 -11 -12 -13
leaf_value=0.0088908110079449366 -0.0048385921900864813 -0.013358154551884173 -0.02454745383648075 0.0075609934935479215 -0.0023859580335293539 -0.028303171772611782 -0.004664974053489244 0.0032705551265919943 0.0041626489806814784 0.0043722604458058499 -0.0047046985408707174 -0.001956009830368264
leaf_weight=32.650075033307076 93.693577609956264 32.286095008254051 23.189840704202652 19.618982389569283 118.03528134524822 14.740273639559744 80.770974732935429 251.12430422008038 68.703604683279991 871.98935948312283 133.26694460213184 18.024635121226311
leaf_count=73 316 114 93 45 317 77 285 749 155 2161 362 54
internal_value=0.00115415 -0.0048953 -0.0115979 -0.00507968 0.00163521 -0.00108888 -0.00877576 0.00100169 0.00265834 0.00354474 -0.00158414 0.00468245
internal_weight=1758.09 125.77 75.0949 51.9051 1632.32 440.329 95.5112 344.818 1192 990.025 201.971 50.6747
internal_count=4801 379 252 159 4422 1427 362 1065 2995 2478 517 127
is_linear=0
shrinkage=0.02


Tree=195
num_leaves=11
num_cat=0
split_feature=0 2 15 12 24 9 9 24 19 22
split_gain=20.8739 14.9894 18.8522 14.7878 10.5727 8.89245 13.2224 8.38478 4.43114 4.46612
threshold=3.5000000000000004 1.0000000180025095e-35 1.0000000180025095e-35 14.500000000000002 10.248882567993238 1.7385000000000004 2.6210000000000004 9.906031197669785 1.0000000180025095e-35 -0.41151699955735899
decision_type=2 2 2 2 2 2 2 2 2 2
left_child=1 2 3 -1 -4 7 -7 -3 9 -2
right_child=8 5 4 -5 -6 6 -8 -9 -10 -11
leaf_value=-0.00091565055213868704 0.015190538483758067 0.010043972148129562 0.0098261267011748171 -0.0094666890182309813 -0.0011683705243525388 -0.013820223939595212 0.0042396488312997169 0.0022941903689528511 0.00071746345411490551 0.0053816141691784341
leaf_weight=1076.2945238426328 49.49641777575016 111.35797239840031 96.936613008379936 87.510791681706905 49.429856404662132 23.973439767956734 43.274644047021866 129.52394533157349 26.762310191988945 45.380876466631889
leaf_count=3184 81 220 223 309 145 70 92 313 59 92
internal_value=0.000819221 0.00020356 -0.000717612 -0.00158338 0.00599469 0.00417474 -0.00201368 0.00598626 0.00877849 0.0108125
internal_weight=1739.94 1618.3 1310.17 1163.81 146.366 308.13 67.2481 240.882 121.64 94.8773
internal_count=4788 4556 3861 3493 368 695 162 533 232 173
is_linear=0
shrinkage=0.02


end of trees

feature_importances:
credit_score=169
debt_to_income_ratio=162
estimated_monthly_emi_log=142
num_delinquent_accounts=127
years_with_current_employer=125
emi_bounce_count_12m=124
total_outstanding_debt_log=124
balance_volatility=123
loan_purpose_target_enc=120
num_written_off_accounts=114
avg_monthly_balance_standardized=106
annual_income=98
num_bounced_checks_12m=97
max_dpd_last_12m=85
years_employed=80
employment_type_target_enc=68
total_outstanding_debt=66
avg_monthly_spending_standardized=66
city_woe=64
annual_income_standardized=61
min_balance_breaches_12m=59
industry_woe=55
avg_monthly_balance=35
num_settled_accounts=28
total_outstanding_debt_normalized=25
education_woe=20
avg_monthly_spending=20
education_score=13
education_normalized_PHD=1

parameters:
[boosting: gbdt]
[objective: binary]
[metric: auc]
[tree_learner: serial]
[device_type: cpu]
[data_sample_strategy: bagging]
[data: ]
[valid: ]
[num_iterations: 196]
[learning_rate: 0.02]
[num_leaves: 15]
[num_threads: -1]
[seed: 42]
[deterministic: 0]
[force_col_wise: 0]
[force_row_wise: 0]
[histogram_pool_size: -1]
[max_depth: 4]
[min_data_in_leaf: 50]
[min_sum_hessian_in_leaf: 0.001]
[bagging_fraction: 0.6]
[pos_bagging_fraction: 1]
[neg_bagging_fraction: 1]
[bagging_freq: 5]
[bagging_seed: 400]
[bagging_by_query: 0]
[feature_fraction: 0.6]
[feature_fraction_bynode: 1]
[feature_fraction_seed: 30056]
[extra_trees: 0]
[extra_seed: 12879]
[early_stopping_round: 0]
[early_stopping_min_delta: 0]
[first_metric_only: 0]
[max_delta_step: 0]
[lambda_l1: 1]
[lambda_l2: 1]
[linear_lambda: 0]
[min_gain_to_split: 0.1]
[drop_rate: 0.1]
[max_drop: 50]
[skip_drop: 0.5]
[xgboost_dart_mode: 0]
[uniform_drop: 0]
[drop_seed: 17869]
[top_rate: 0.2]
[other_rate: 0.1]
[min_data_per_group: 100]
[max_cat_threshold: 32]
[cat_l2: 10]
[cat_smooth: 10]
[max_cat_to_onehot: 4]
[top_k: 20]
[monotone_constraints: ]
[monotone_constraints_method: basic]
[monotone_penalty: 0]
[feature_contri: ]
[forcedsplits_filename: ]
[refit_decay_rate: 0.9]
[cegb_tradeoff: 1]
[cegb_penalty_split: 0]
[cegb_penalty_feature_lazy: ]
[cegb_penalty_feature_coupled: ]
[path_smooth: 0]
[interaction_constraints: ]
[verbosity: -1]
[saved_feature_importance_type: 0]
[use_quantized_grad: 0]
[num_grad_quant_bins: 4]
[quant_train_renew_leaf: 0]
[stochastic_rounding: 1]
[linear_tree: 0]
[max_bin: 255]
[max_bin_by_feature: ]
[min_data_in_bin: 3]
[bin_construct_sample_cnt: 200000]
[data_random_seed: 175]
[is_enable_sparse: 1]
[enable_bundle: 1]
[use_missing: 1]
[zero_as_missing: 0]
[feature_pre_filter: 1]
[pre_partition: 0]
[two_round: 0]
[header: 0]
[label_column: ]
[weight_column: ]
[group_column: ]
[ignore_column: ]
[categorical_feature: ]
[forcedbins_filename: ]
[precise_float_parser: 0]
[parser_config_file: ]
[objective_seed: 16083]
[num_class: 1]
[is_unbalance: 0]
[scale_pos_weight: 4.39811]
[sigmoid: 1]
[boost_from_average: 1]
[reg_sqrt: 0]
[alpha: 0.9]
[fair_c: 1]
[poisson_max_delta_step: 0.7]
[tweedie_variance_power: 1.5]
[lambdarank_truncation_level: 30]
[lambdarank_norm: 1]
[label_gain: ]
[lambdarank_position_bias_regularization: 0]
[eval_at: ]
[multi_error_top_k: 1]
[auc_mu_weights: ]
[num_machines: 1]
[local_listen_port: 12400]
[time_out: 120]
[machine_list_filename: ]
[machines: ]
[gpu_platform_id: -1]
[gpu_device_id: -1]
[gpu_use_dp: 0]
[num_gpu: 1]

end of parameters

pandas_categorical:[]
