tree
version=v4
num_class=1
num_tree_per_iteration=1
label_index=0
max_feature_idx=92
objective=binary sigmoid:1
feature_names=age dependents years_at_current_residence annual_income years_employed years_with_current_employer loan_amount_requested loan_tenure_months interest_rate credit_score num_credit_accounts num_active_accounts credit_history_months num_delinquent_accounts max_dpd_last_12m num_enquiries_6m num_enquiries_12m total_outstanding_debt secured_loan_percentage num_written_off_accounts num_settled_accounts avg_monthly_balance balance_volatility avg_monthly_spending essential_spending_pct discretionary_spending_pct num_bounced_checks_12m salary_credit_regularity num_digital_txns_monthly cash_withdrawal_pct min_balance_breaches_12m emi_bounce_count_12m debt_to_income_ratio loan_to_income_ratio credit_utilization estimated_monthly_emi emi_to_income_ratio savings_rate account_age_factor annual_income_standardized avg_monthly_balance_standardized avg_monthly_spending_standardized loan_amount_requested_log total_outstanding_debt_log estimated_monthly_emi_log loan_amount_requested_normalized total_outstanding_debt_normalized estimated_monthly_emi_normalized is_salaried is_self_employed is_business_owner employment_stability_score is_secured_loan loan_risk_score education_score is_married is_home_owner is_male gender_normalized_MALE education_normalized_HIGH_SCHOOL education_normalized_MASTER education_normalized_OTHER education_normalized_PHD marital_status_normalized_MARRIED marital_status_normalized_SINGLE marital_status_normalized_WIDOWED residence_type_normalized_OWNED residence_type_normalized_RENTED residence_type_normalized_WITH_PARENTS employment_type_normalized_FREELANCER employment_type_normalized_RETIRED employment_type_normalized_SALARIED employment_type_normalized_SELF_EMPLOYED loan_purpose_normalized_BUSINESS_LOAN loan_purpose_normalized_CONSUMER_DURABLE loan_purpose_normalized_CREDIT_CARD loan_purpose_normalized_EDUCATION_LOAN loan_purpose_normalized_HOME_LOAN loan_purpose_normalized_PERSONAL_LOAN loan_risk_category_LOW_RISK loan_risk_category_MEDIUM_RISK gender_woe education_woe marital_status_woe residence_type_woe employment_type_woe loan_purpose_woe city_woe industry_woe city_target_enc industry_target_enc employment_type_target_enc loan_purpose_target_enc
feature_infos=[21:65] [0:6] [0:30] [100000:2581000] [0:35] [0:18] [11000:16072000] [6:360] [7.5:41.960000000000001] [400:900] [0:11] [0:7] [0:360] [0:5] [0:180] [0:8] [0:13] [0:6252900] [0:100] [0:3] [0:2] [5000:752000] [0.050000000000000003:2] [3000:161000] [30:70] [30:70] [0:5] [70:100] [10:58] [5:40] [0:8] [0:4] [0:28.641999999999999] [0.10000000000000001:9.9939999999999998] [0.10000000000000001:0.90000000000000002] [700:369900] [0.058000000000000003:4.1580000000000004] [0.59999999999999998:3.6000000000000001] [0:30] [-1.3338894553379157:7.0413398657196575] [-1.2184043681367975:9.8411344268877983] [-1.3485751461861073:7.5174645870692043] [9.3057414567394368:16.592589247696914] [0:15.648556074023654] [6.5525078870345901:12.820990681250253] [0:1.0000000000000002] [0:1] [0:1] [0:1] [0:1] [0:1] [2:5] [0:1] [1:3] [1:5] [0:1] [0:1] [0:1] [0:1] [0:1] [0:1] [0:1] [0:1] [0:1] [0:1] [0:1] [0:1] [0:1] [0:1] [0:1] [0:1] [0:1] [0:1] [0:1] [0:1] [0:1] [0:1] [0:1] [0:1] [0:1] [0:1] [-0.0228138875302525:0.036478809501012698] [-0.079511575540850796:0.26212549103334098] [-0.0341773244623471:0.056850193549976898] [-0.037870080990771403:0.045563059149080799] [-0.0148612923016918:0.033991632717542603] [-0.038698725711155603:0.1466126039114968] [-0.1180185874462384:0.0824549626109429] [-0.098810217766246294:0.146522865498909] [0.1682557041699449:0.21836718749999989] [0.15977024291497971:0.21064936440677959] [0.170509009009009:0.20379111111111109] [0.1579777777777778:0.20237564102564101]
tree_sizes=3334 3380 3382 3389 3384 3378 3394 3404 3392 3391 3363 3385 3407 3378 3410 3407 3421 3402 3418 3404 3393 3404 3392 3393 3398 3415 3398 3374 3396 3397 3392 3428 3409 3413 3405 3397 3417 3391 3393 3404 3402 3404 3400 3400 3399 3409 3439 3433 3439 3416 3416 3414 3411 3427 3416 3428 3425 3417 3398 3403 3404 3397

Tree=0
num_leaves=31
num_cat=0
split_feature=13 32 13 5 5 19 19 17 5 35 6 36 22 12 19 2 7 28 12 7 1 18 6 20 27 8 33 9 24 2
split_gain=660.497 300.16 201.182 172.576 159.478 159.056 113.81 108.488 97.0944 71.5996 68.7464 47.7835 47.6496 45.6168 44.7599 57.8975 43.9057 43.0815 39.2426 53.0681 40.1026 37.8853 37.6477 37.4882 36.8855 55.1692 36.6139 38.9026 39.219 36.24
threshold=1.0000000180025095e-35 0.85350000000000004 2.5000000000000004 1.0000000180025095e-35 1.0000000180025095e-35 1.0000000180025095e-35 1.0000000180025095e-35 344850.00000000006 1.0000000180025095e-35 40650.000000000007 2268000.0000000005 0.8025000000000001 0.71050000000000002 90.500000000000014 1.5000000000000002 1.0000000180025095e-35 78.000000000000014 26.500000000000004 32.500000000000007 10.500000000000002 2.5000000000000004 15.050000000000002 4659500.0000000009 1.0000000180025095e-35 88.350000000000009 13.925000000000002 2.6550000000000007 740.50000000000011 61.150000000000013 1.0000000180025095e-35
decision_type=2 2 2 2 2 2 2 2 2 2 2 2 2 2 2 2 2 2 2 2 2 2 2 2 2 2 2 2 2 2
left_child=1 5 3 16 26 8 7 11 13 24 14 -5 -9 23 15 -6 -2 -12 20 -20 -10 -19 -11 -1 25 -7 29 -28 -29 -3
right_child=2 4 -4 6 10 9 -8 12 18 22 17 -13 -14 -15 -16 -17 -18 21 19 -21 -22 -23 -24 -25 -26 -27 27 28 -30 -31
leaf_value=-1.4502840416813163 -1.3472383957947369 -1.3968324266269769 -1.303069161409699 -1.4656353507178836 -1.3756482897982591 -1.3564482776624849 -1.3212719215653181 -1.3844169608989085 -1.4732487181442784 -1.5210018790749602 -1.4720761618922269 -1.3908978331230788 -1.3004286898326578 -1.3687261735983305 -1.343289113977415 -1.4427361064398327 -1.3014352977591996 -1.5371428971103953 -1.3202828986709065 -1.5067877457354024 -1.3927649750316569 -1.3154614593544753 -1.349667890666481 -1.3547969792810837 -1.3057313266937429 -1.5402845030896308 -1.3552096838704504 -1.4995288898423262 -1.3321026135910952 -1.3150516036886046
leaf_weight=88.103804171085358 120.38338655233383 16.508871734142303 220.29292249679565 65.679236471652985 42.070838212966919 23.539757013320926 56.553223788738251 123.67884558439255 63.385918855667114 10.625358045101164 6.1574729681015006 31.810284018516541 19.886621952056885 30.270202994346619 17.563973188400269 138.71912866830826 98.407339453697205 1.9621216058731068 3.8627297878265372 98.614688754081726 20.462446093559265 33.798885643482208 4.4664595127105704 11.618946075439451 27.763013958930969 4.8298377990722647 66.816629111766815 10.383581042289732 5.1302770972251883 94.636879801750183
leaf_count=458 434 72 644 357 170 88 181 517 352 67 34 136 57 119 62 705 285 13 12 599 88 105 16 43 82 32 249 62 17 294
internal_value=-1.37755 -1.40841 -1.34317 -1.36032 -1.37984 -1.44043 -1.3852 -1.40028 -1.45567 -1.37295 -1.40714 -1.44113 -1.37263 -1.42252 -1.41954 -1.42705 -1.32654 -1.34888 -1.47884 -1.49956 -1.45347 -1.32789 -1.47009 -1.43899 -1.34699 -1.38802 -1.34601 -1.37179 -1.44388 -1.32707
internal_weight=1557.98 821.292 736.692 516.399 433.749 387.543 297.608 241.055 316.319 71.2244 240.272 97.4895 143.565 129.993 198.354 180.79 218.791 41.9185 186.326 102.477 83.8484 35.761 15.0918 99.7228 56.1326 28.3696 193.476 82.3305 15.5139 111.146
internal_count=6350 3739 2611 1967 1783 1956 1248 1067 1671 285 1089 493 574 620 937 875 719 152 1051 611 440 118 83 501 202 120 694 328 79 366
is_linear=0
shrinkage=1


Tree=1
num_leaves=31
num_cat=0
split_feature=13 32 13 5 19 5 5 19 17 31 35 8 31 12 28 6 0 24 27 64 33 28 24 89 27 92 12 7 31 33
split_gain=488.407 237.211 137.757 123.07 120.798 107.15 90.4652 82.9099 84.5492 67.9277 63.2014 60.8986 57.9046 59.6406 54.8676 39.9035 38.7477 37.9641 36.2836 35.5099 54.8432 44.5855 33.0109 32.1257 36.8242 32.1067 29.4829 29.3294 40.9327 32.8535
threshold=1.0000000180025095e-35 0.83350000000000002 2.5000000000000004 1.0000000180025095e-35 1.0000000180025095e-35 1.0000000180025095e-35 1.0000000180025095e-35 1.0000000180025095e-35 344850.00000000006 1.5000000000000002 40650.000000000007 11.835000000000003 1.0000000180025095e-35 27.500000000000004 26.500000000000004 4659500.0000000009 45.500000000000007 39.350000000000001 73.550000000000011 1.0000000180025095e-35 5.5275000000000007 30.500000000000004 36.650000000000013 0.1855403419572125 97.450000000000017 0.19405232375496628 160.50000000000003 78.000000000000014 1.0000000180025095e-35 2.3825000000000007
decision_type=2 2 2 2 2 2 2 2 2 2 2 2 2 2 2 2 2 2 2 2 2 2 2 2 2 2 2 2 2 2
left_child=1 4 3 27 6 16 19 8 22 11 23 14 -8 -14 -7 -12 25 -13 -10 21 -21 -1 -5 -6 -25 26 -3 28 29 -2
right_child=2 5 -4 7 10 9 12 -9 18 -11 15 17 13 -15 -16 -17 -18 -19 -20 20 -22 -23 -24 24 -26 -27 -28 -29 -30 -31
leaf_value=0.096934269235818937 0.11688616858932895 0.10467384844438442 0.15156763529564221 0.092212675529827245 0.14782724683660703 0.015960500596341947 -0.017217752141068569 0.13757881107986636 0.022816268535756953 0.12763833979812039 -0.059759255139799461 -0.047092100644055473 0.10756901772052108 0.00053411197887063969 0.095031060622500288 0.11539532627927496 0.16172231583677854 0.039470973307505257 0.1044346724718114 -0.021674514857827478 0.12548257798532422 0.02698601363241019 0.021972114065602115 0.03964149696019819 0.19056604067850766 0.011862275343379329 0.18625902214272386 0.15282449654144542 0.15910680233981961 0.049115650620527355
leaf_weight=60.746339380741119 64.698931992053986 152.01571053266525 245.20829647779465 21.304647326469421 35.356968283653259 28.110571816563606 129.58433194458485 62.29317718744278 15.35528653860092 40.44747506082058 9.4182729721069318 15.367101743817328 21.985043048858643 31.92146235704422 103.26536071300507 4.8389472365379325 39.03720323741436 69.117581501603127 138.07079857587814 27.444290101528168 8.1128868758678419 36.947869658470154 78.646030873060226 19.222306802868847 5.0976049304008475 8.7588371038436872 12.252462565898893 109.63981707394123 40.499897629022598 25.41049987077713
leaf_count=238 215 534 644 86 100 146 770 181 75 138 64 95 85 182 398 16 102 330 499 159 28 185 407 88 10 44 27 285 108 111
internal_value=0.092165 0.0659495 0.120258 0.106414 0.0371451 0.089952 0.0236753 0.0857917 0.0729907 0.0681035 0.0946737 0.0568709 0.000870941 0.0443978 0.0781753 0 0.116291 0.0236297 0.0963188 0.0550158 0.012019 0.0705857 0.0370712 0.117235 0.0721318 0.105924 0.110899 0.133442 0.117029 0.0979062
internal_weight=1660.18 859.049 801.127 555.919 390.676 468.372 316.742 315.67 253.377 256.308 73.9341 215.861 183.491 53.9065 131.376 14.2572 212.064 84.4847 153.426 133.251 35.5572 97.6942 99.9507 59.6769 24.3199 173.027 164.268 240.249 130.609 90.1094
internal_count=6350 3739 2611 1967 1925 1814 1647 1248 1067 1107 278 969 1037 267 544 80 707 425 574 610 187 423 493 198 98 605 561 719 434 326
is_linear=0
shrinkage=0.05


Tree=2
num_leaves=31
num_cat=0
split_feature=13 32 13 19 5 5 5 19 17 31 31 35 52 23 17 6 91 92 82 25 21 64 17 23 8 89 27 19 0 87
split_gain=376.194 190.768 100.959 99.5276 92.462 82.6904 77.6639 63.2513 67.4448 52.4778 51.2918 50.4434 50.4061 49.0582 41.5786 35.0229 33.6864 30.0455 41.4388 29.9544 29.7083 30.2769 26.3953 36.0073 32.7142 25.6448 29.7882 25.589 25.2919 25.2614
threshold=1.0000000180025095e-35 0.83350000000000002 2.5000000000000004 1.0000000180025095e-35 1.0000000180025095e-35 1.0000000180025095e-35 1.0000000180025095e-35 1.0000000180025095e-35 344850.00000000006 1.5000000000000002 1.0000000180025095e-35 40650.000000000007 1.0000000180025095e-35 45500.000000000007 73850.000000000015 4659500.0000000009 0.18835821214892481 0.19405232375496628 -1.0000000180025095e-35 63.550000000000004 207500.00000000003 1.0000000180025095e-35 364100.00000000006 38500.000000000007 10.825000000000001 0.17785757539718741 86.550000000000011 1.5000000000000002 45.500000000000007 0.035423488896213405
decision_type=2 2 2 2 2 2 2 2 2 2 2 2 2 2 2 2 2 2 2 2 2 2 2 2 2 2 2 2 2 2
left_child=1 3 4 6 -2 17 20 8 19 12 -8 25 13 -7 -12 -13 -10 28 -19 -6 21 -1 23 -4 -25 -5 -27 -14 -3 -11
right_child=2 5 22 11 7 9 10 -9 16 29 14 15 27 -15 -16 -17 -18 18 -20 -21 -22 -23 -24 24 -26 26 -28 -29 -30 -31
leaf_value=0.071080824072030716 0.11747536863166341 0.098770722939710703 0.12543736063796909 0.15536859052791352 0.020086572258415456 0.019449210704066314 -0.016540937598686443 0.12085798283032106 0.067116402717904464 0.13148198973131819 0.10629756656338217 -0.05908679618038775 0.068412494846119262 0.13568745313310046 0.012109399533665688 0.10272237355263932 0.11383356385013853 -0.061373482789712122 0.13875343349725017 0.0859863404934543 -0.037072791124286547 0.015712931108276675 0.14758505483811477 0.10886674189603321 -0.034056814829786515 0.033172166317247252 0.11625983837811048 0.1486123825919787 0.14309419931849957 0.035376323258580741
leaf_weight=95.029527395963669 258.73528066277504 174.93105234205723 111.44470763206482 17.855633705854416 80.198359474539757 107.05358788371086 128.18284995853901 67.238798677921295 95.545805409550667 34.788225248456001 16.85083732008934 9.0594186782836896 95.102567166090012 9.850914999842642 38.538228034973145 5.1672484278678885 66.681831732392311 6.2407725900411606 4.2574897110462171 22.032264173030853 8.9214601367712003 33.774908930063248 139.02737545967102 8.7216462194919568 7.1906168162822715 18.090547695755959 27.789208337664604 11.271231129765509 41.048918470740318 8.8062686026096326
leaf_count=384 719 561 281 39 410 530 770 181 367 99 62 64 382 29 205 16 207 38 12 83 52 174 303 24 36 81 78 28 96 39
internal_value=0.0829331 0.0601919 0.106609 0.0344625 0.0950119 0.0809929 0.0221299 0.0774444 0.0663461 0.0620455 0.000804695 0.08513 0.0521636 0.0293943 0.040994 0 0.0864081 0.10326 0.0198581 0.034408 0.0504964 0.0566246 0.132248 0.115364 0.0441592 0.104105 0.0837502 0.0770889 0.10728 0.112308
internal_weight=1749.43 892.611 856.817 399.26 590.432 493.351 321.298 331.697 264.458 266.873 183.572 77.9621 223.278 116.905 55.3891 14.2267 162.228 226.478 10.4983 102.231 137.726 128.804 266.384 127.357 15.9123 63.7354 45.8798 106.374 215.98 43.5945
internal_count=6350 3739 2611 1925 1967 1814 1647 1248 1067 1107 1037 278 969 559 267 80 574 707 50 493 610 558 644 341 60 198 159 410 657 138
is_linear=0
shrinkage=0.05


Tree=3
num_leaves=31
num_cat=0
split_feature=14 5 19 17 19 5 17 17 6 92 33 3 28 91 33 27 10 5 9 22 28 34 12 22 22 12 4 19 12 9
split_gain=298.59 145.695 97.6957 63.6177 63.552 60.8614 72.1997 55.2169 63.6361 55.306 48.2982 45.9331 44.4286 43.9581 43.4455 35.7511 45.3657 39.4327 33.6144 28.8505 31.3787 27.1559 26.7142 26.3824 25.5917 25.2287 24.9853 24.8596 24.6485 23.6994
threshold=1.0000000180025095e-35 1.0000000180025095e-35 1.0000000180025095e-35 563350.00000000012 1.0000000180025095e-35 1.0000000180025095e-35 339700.00000000006 58450.000000000007 830500.00000000012 0.19288890078608964 1.3455000000000001 436500.00000000006 26.500000000000004 0.18632254174799392 5.1290000000000004 94.250000000000014 3.5000000000000004 1.5000000000000002 714.50000000000011 0.56950000000000001 27.500000000000004 0.6645000000000002 127.50000000000001 0.24050000000000002 0.71050000000000002 2.5000000000000004 7.5000000000000009 1.0000000180025095e-35 151.50000000000003 735.50000000000011
decision_type=2 2 2 2 2 2 2 2 2 2 2 2 2 2 2 2 2 2 2 2 2 2 2 2 2 2 2 2 2 2
left_child=1 7 3 11 5 25 15 14 27 29 -5 13 -12 -3 -1 17 -17 -7 -13 20 22 -11 -4 -22 26 -2 -8 28 -9 -10
right_child=4 2 19 10 -6 6 24 8 9 21 12 18 -14 -15 -16 16 -18 -19 -20 -21 23 -23 -24 -25 -26 -27 -28 -29 -30 -31
leaf_value=-0.023861533199772897 0.016059345474508199 0.065595282259673579 -0.028456821999618621 -0.0037665641677824034 0.12362498907617381 -0.0041320817334345276 0.097360400096955499 0.08471278774375568 0.085929513279075928 -0.021236960223291385 0.0046288373300345676 0.0099770073055321373 0.082983470451803779 0.0076335047616634746 0.11665581589891859 0.11850823079084923 -0.00084154281047833898 0.056784216437047112 -0.043017917281556697 0.13763610641438898 0.1066306870204673 0.066275647113417629 0.10648420914800619 0.02717561634282973 0.13493755595948762 0.1078371362406404 0.059354750527894774 0.13570835942469919 0.1489918660796834 0.040949557686334584
leaf_weight=22.220862761139873 7.8401278108358374 56.419730380177498 12.654455825686457 29.661302044987679 167.90214821696281 40.542712330818176 159.91914589703083 130.06048220396042 122.05191364884377 25.795718774199486 22.673660784959793 79.583557888865471 92.435077756643295 78.264614924788475 7.1912562847137442 32.232491791248322 10.4513983130455 76.090940922498703 47.734221935272217 19.389001071453094 42.196070909500122 13.354940280318258 5.0382037907838813 14.230063050985335 32.594388335943222 316.21768219769001 61.288906902074814 44.462438702583313 17.294206827878952 39.548276260495186
leaf_count=119 31 239 69 153 379 204 466 419 401 135 115 431 326 408 21 92 51 302 300 47 129 50 15 61 71 799 216 99 37 165
internal_value=0.0753131 0.0552672 0.0369842 0.0263599 0.0957255 0.0893483 0.0765361 0.076917 0.0818686 0.0620701 0.0529592 0.0116287 0.0676103 0.0319816 0.0106044 0.050034 0.0892342 0.035581 -0.00987088 0.0830707 0.0685631 0.00858046 0.0100708 0.086765 0.0931261 0.105638 0.0868846 0.10252 0.0923867 0.0749847
internal_weight=1827.34 922.26 500.28 406.772 905.08 737.178 413.12 421.98 392.568 200.751 144.77 262.002 115.109 134.684 29.4121 159.318 42.6839 116.634 127.318 93.5078 74.1188 39.1507 17.6927 56.4261 253.802 324.058 221.208 191.817 147.355 161.6
internal_count=6350 3739 2293 1972 2611 2232 1402 1446 1306 751 594 1378 441 647 140 649 143 506 731 321 274 185 84 190 753 830 682 555 456 566
is_linear=0
shrinkage=0.05


Tree=4
num_leaves=31
num_cat=0
split_feature=13 32 31 13 5 5 5 31 17 12 14 36 26 17 34 22 6 12 0 6 12 32 34 32 20 2 32 6 3 14
split_gain=242.835 143.464 88.0456 76.0878 73.169 61.6675 50.4491 45.7532 45.566 45.5016 42.8354 40.3466 38.4287 36.804 35.9744 33.025 31.6473 30.7849 30.4072 61.2178 28.464 28.0306 27.5963 26.9235 26.2412 24.9993 23.7815 23.5015 22.6203 20.8514
threshold=1.0000000180025095e-35 0.45250000000000007 1.5000000000000002 2.5000000000000004 1.0000000180025095e-35 1.0000000180025095e-35 1.0000000180025095e-35 1.5000000000000002 91450.000000000015 9.5000000000000018 105.00000000000001 0.7915000000000002 1.5000000000000002 632000.00000000012 0.46950000000000003 0.55850000000000011 1368500.0000000002 32.500000000000007 45.500000000000007 2287500.0000000005 90.500000000000014 0.26350000000000007 0.61150000000000004 1.0285000000000002 1.0000000180025095e-35 6.5000000000000009 0.8005000000000001 1591500.0000000002 373500.00000000006 45.000000000000007
decision_type=2 2 2 2 2 2 2 2 2 2 2 2 2 2 2 2 2 2 2 2 2 2 2 2 2 2 2 2 2 2
left_child=1 2 6 5 18 -2 9 11 -4 -1 16 15 -8 -13 28 -6 21 -14 19 24 -11 -7 -10 -21 -3 -9 -18 -16 -12 -5
right_child=3 4 8 29 7 10 12 25 22 20 14 13 17 -15 27 -17 26 -19 -20 23 -22 -23 -24 -25 -26 -27 -28 -29 -30 -31
leaf_value=-0.06268799971697761 0.094403338162099892 0.074700840912690872 0.13339229658567306 0.08799467727414928 0.04209774988435986 -0.009077531563894202 -0.027134709129640958 0.1032783683112948 -0.036785793514380105 0.025881138319944808 0.052751077777542066 -0.017621745812035971 0.088992572252872937 0.047443449206648419 0.081400937093549425 0.091521175496108179 0.052934739729753245 -0.032606872261043376 0.11331994061522617 -0.047394587430903232 0.086001177953312247 0.049127258750343128 0.083357327337887144 0.049675672517150098 0.12320584247070994 0.010101232439023925 0.096446202726742647 -0.028213788905735029 0.15337800897319165 0.11701992695138866
leaf_weight=10.880875810980795 289.16954551637173 195.33426271378994 23.084548816084862 94.658621519804001 178.18772360682487 23.942666307091713 101.00486680865288 47.989375919103622 8.6714696884155291 63.091739371418953 7.2932017594575873 48.500496715307236 14.307170227169992 39.137618407607079 22.232878133654598 42.095245242118835 66.635947301983833 8.007933706045149 59.226286128163338 13.374803811311724 28.878184363245964 144.43534861505032 10.334597110748289 15.084195271134375 33.287390902638435 8.6354669928550702 61.682514876127243 6.1273878514766684 28.906460776925087 202.23144334554672
leaf_count=65 719 608 57 235 765 120 602 139 50 277 26 266 53 157 70 141 250 51 138 74 92 525 37 55 74 38 168 31 58 409
internal_value=0.0688519 0.0509545 0.0199483 0.0867707 0.0631591 0.077142 0.00755099 0.0478334 0.0862698 0.0334069 0.063289 0.0401837 -0.0139823 0.0113992 0.100312 0.0516023 0.055185 0.0451819 0.0807856 0.0732298 0.0448858 0.0408206 0.028375 0.00387452 0.0818358 0.0891996 0.0739484 0.0575265 0.133443 0.107815
internal_weight=1896.43 949.114 268.261 947.316 680.853 650.426 226.171 364.546 42.0906 102.851 361.256 307.921 123.32 87.6381 64.5599 220.283 296.696 22.3151 316.307 257.081 91.9699 168.378 19.0061 28.459 228.622 56.6248 128.318 28.3603 36.1997 296.89
internal_count=6350 3739 1284 2611 2455 1967 1140 1506 144 434 1248 1329 706 423 185 906 1063 104 949 811 369 645 87 129 682 177 418 101 84 644
is_linear=0
shrinkage=0.05


Tree=5
num_leaves=31
num_cat=0
split_feature=13 32 30 13 26 17 26 37 18 29 26 2 35 37 88 23 22 16 37 29 92 16 22 6 32 2 37 11 22 32
split_gain=177.705 101.984 44.9247 41.495 44.1678 50.8726 40.6328 40.0438 38.0361 35.7805 35.4324 42.8378 32.7242 32.5871 29.949 29.352 27.7027 34.6157 34.1372 27.0521 25.8885 24.7819 32.9777 24.2289 24.0596 23.5433 28.6749 22.2628 21.6352 22.1158
threshold=1.0000000180025095e-35 0.83350000000000002 2.5000000000000004 3.5000000000000004 1.5000000000000002 321950.00000000006 1.0000000180025095e-35 3.4005000000000005 95.950000000000017 16.450000000000003 1.5000000000000002 3.5000000000000004 8050.0000000000009 2.7705000000000006 0.12797823308432582 15500.000000000002 0.32050000000000006 2.5000000000000004 2.8825000000000007 6.5500000000000007 0.16929397240377628 3.5000000000000004 0.51250000000000007 82500.000000000015 4.7805000000000009 4.5000000000000009 1.9925000000000004 1.5000000000000002 0.5545000000000001 3.7060000000000008
decision_type=2 2 2 2 2 2 2 2 2 2 2 2 2 2 2 2 2 2 2 2 2 2 2 2 2 2 2 2 2 2
left_child=1 2 7 4 5 19 9 10 14 16 13 -12 -11 -1 -7 -14 17 -3 -18 -2 -6 22 -4 -21 28 -22 -27 -26 29 -8
right_child=3 6 21 -5 20 8 24 -9 -10 12 11 -13 15 -15 -16 -17 18 -19 -20 23 25 -23 -24 -25 27 26 -28 -29 -30 -31
leaf_value=0.0098864602520975908 0.11496136316254116 -0.065108623378888383 -0.024058517403509425 0.10115426842646412 0.018942967980130902 0.086707136073183144 0.071179310637322996 -0.049888749160525388 -0.010613063653400645 0.094180953903783268 0.013123178541633085 0.099362020289997868 0.018927906904740058 0.047886190499571192 0.04206057874994662 0.063860673206853139 0.02367663898473632 0.026100173743624749 0.11278649168968068 -0.025942969045654352 0.11730686981081349 0.10215755570465522 0.12250942554445268 0.050134290787434727 -0.063907308174512387 0.016713499978212313 0.10217912012592296 0.068611333738744118 0.12422582412587964 0.14930399147445234
leaf_weight=220.3761418312788 15.57089328765869 12.513803973793982 11.122535541653635 159.90501840412617 9.9240019470453245 341.15025287866592 109.5337275415659 17.772912576794624 11.364110514521597 63.761048048734665 25.568380862474442 33.411872833967209 48.834033221006393 76.015562534332275 43.050457671284676 147.40249481797218 26.584574103355408 58.889661878347397 18.238172516226768 10.783548250794409 96.105766668915749 30.114223226904869 5.7116878926753989 245.96748937666416 5.0736545175313941 15.350498363375662 28.119505167007446 8.0275990366935712 33.079181388020515 10.044781744480131
leaf_count=1081 39 69 59 326 37 861 349 109 47 175 122 111 201 313 137 484 105 230 46 51 196 95 15 816 28 58 67 26 73 19
internal_value=0.0626997 0.0474228 0.0288991 0.0777274 0.0731264 0.0675802 0.0617633 0.0230669 0.0790621 0.0526111 0.0267427 0.062147 0.0629392 0.019662 0.0817297 0.0527198 0.0294299 0.00997676 0.0602167 0.0508609 0.0978087 0.0749993 0.0258051 0.0469107 0.0824618 0.103363 0.0722212 0.0168174 0.0880481 0.077903
internal_weight=1939.37 962.076 420.093 977.292 817.387 667.887 541.983 373.145 395.565 376.224 355.372 58.9803 259.998 296.392 384.201 196.237 116.226 71.4035 44.8227 272.322 149.5 46.9484 16.8342 256.751 165.759 139.576 43.47 13.1013 152.658 119.579
internal_count=6345 3710 1905 2635 2309 1951 1805 1736 1045 1310 1627 233 860 1394 998 685 450 299 151 906 358 169 74 867 495 321 125 54 441 368
is_linear=0
shrinkage=0.05


Tree=6
num_leaves=31
num_cat=0
split_feature=19 5 13 31 32 32 18 34 7 13 20 7 18 43 33 92 18 44 27 8 18 2 33 36 33 5 18 92 12 15
split_gain=173.719 161.488 131.563 94.493 62.1241 61.2515 47.4784 43.1642 43.1381 37.3552 41.3771 35.764 35.6288 34.5941 37.9766 34.4265 34.2069 30.852 28.8776 24.9128 21.5857 20.3054 24.1245 20.2263 19.2853 18.6218 18.0995 27.0568 17.6732 17.408
threshold=1.0000000180025095e-35 1.0000000180025095e-35 1.0000000180025095e-35 1.5000000000000002 0.5355000000000002 0.86350000000000005 39.250000000000007 0.19350000000000003 30.000000000000004 1.0000000180025095e-35 1.0000000180025095e-35 10.500000000000002 11.250000000000002 11.112461709833049 5.5275000000000007 0.19288890078608964 90.050000000000011 9.2544415020295645 92.250000000000014 15.255000000000001 77.450000000000017 1.0000000180025095e-35 1.3975000000000002 0.89850000000000019 2.8775000000000004 2.5000000000000004 80.250000000000014 0.18514455441116337 124.50000000000001 2.5000000000000004
decision_type=2 2 2 2 2 2 2 2 2 2 2 2 2 2 2 2 2 2 2 2 2 2 2 2 2 2 2 2 2 2
left_child=1 9 3 5 7 11 12 25 -7 10 13 -3 -5 14 -1 -9 20 -15 -18 23 -6 29 -23 -2 -25 -4 27 -26 -24 -21
right_child=19 2 4 6 16 8 -8 15 -10 -11 -12 -13 -14 17 -16 -17 18 -19 -20 21 -22 22 28 24 26 -27 -28 -29 -30 -31
leaf_value=-0.040740976240530642 0.10035537235684816 0.11534010000709401 0.043375558583796311 0.081599697266581367 0.065250734688638762 -0.023428074228355317 0.098165700273546458 0.025704468395916731 0.03583371234294852 0.07933315184311697 0.09990110631080773 -0.021527882196079599 -0.06505571315795225 0.080610015032650459 0.096845813466263281 -0.052386614794163927 -0.036263636327022952 0.044296679596868109 0.078497575613518625 -0.066300694208289809 0.10104084868856709 0.091503171728830268 -0.012634242360483142 0.10642963322143434 0.064621204532308324 0.1333887139546053 0.10260192395284473 -0.030765288727088443 0.097454366373907336 0.063131401458256881
leaf_weight=19.37304745614529 253.39153727889061 4.8176816403865805 11.790297135710718 7.3125580698251751 239.33466416597366 37.834877073764801 46.427062749862671 103.73612688481808 159.65175497531891 366.62027345597744 47.943544507026672 153.65077829360962 9.284004330635069 83.171797841787338 6.6504396051168433 16.2052361369133 14.050550386309625 203.91776770353317 8.8329124152660352 5.3393757641315442 52.446785897016525 43.237826719880104 11.860638409852983 22.237862080335617 19.480599105358127 11.819649890065191 11.289775386452673 11.826608270406721 5.1159990429878226 4.8636981397867203
leaf_count=108 552 15 42 22 669 196 129 405 624 840 115 915 51 218 19 85 66 719 24 28 117 102 52 48 57 22 25 55 11 14
internal_value=0.0578939 0.0506171 0.0361521 0.0158795 0.0546703 0.00586436 0.0722668 0.0273271 0.0244488 0.06804 0.0565402 -0.0172652 -3.71693e-05 0.049855 -0.00515242 0.0150771 0.0671159 0.0548587 0.00796492 0.0879091 0.0717334 0.0606301 0.0716703 0.0939088 0.0685213 0.0890215 0.0484111 0.0284456 0.0206252 -0.00410258
internal_weight=1993.52 1604.87 877.195 418.979 458.216 355.955 63.0236 143.551 197.487 727.677 361.057 158.468 16.5966 313.113 26.0235 119.941 314.665 287.09 22.8835 388.644 291.781 70.4175 60.2145 318.226 64.8348 23.6099 42.597 31.3072 16.9766 10.2031
internal_count=6345 5401 3382 1952 1430 1750 202 554 820 2019 1179 930 73 1064 127 490 876 937 90 944 786 207 165 737 185 64 137 112 63 42
is_linear=0
shrinkage=0.05


Tree=7
num_leaves=31
num_cat=0
split_feature=19 5 13 31 26 32 32 18 34 36 13 17 18 12 18 9 9 8 33 14 35 27 4 33 29 14 17 9 27 11
split_gain=145.254 137.392 113.586 81.3541 70.3436 52.8277 40.692 39.4889 36.7972 35.4078 32.1375 32.2353 32.0021 29.8091 29.0442 25.6967 22.7821 20.534 33.3641 21.1579 23.2627 20.5131 19.9199 18.4451 17.9228 17.8979 16.165 35.5999 22.4975 16.0876
threshold=1.0000000180025095e-35 1.0000000180025095e-35 1.0000000180025095e-35 1.5000000000000002 1.0000000180025095e-35 0.5355000000000002 0.89950000000000008 39.250000000000007 0.19350000000000003 0.31850000000000006 1.0000000180025095e-35 36750.000000000007 11.250000000000002 40.500000000000007 90.050000000000011 656.50000000000011 762.50000000000011 15.725000000000003 1.4510000000000003 45.000000000000007 15850.000000000002 95.850000000000009 17.500000000000004 2.1165000000000007 29.750000000000004 75.000000000000014 688300.00000000012 698.50000000000011 89.250000000000014 1.5000000000000002
decision_type=2 2 2 2 2 2 2 2 2 2 2 2 2 2 2 2 2 2 2 2 2 2 2 2 2 2 2 2 2 2
left_child=1 10 3 4 6 8 -3 12 25 -6 11 -1 -5 -10 16 -16 -7 19 -19 20 29 -20 23 -13 -24 -4 27 -22 -28 -2
right_child=17 2 5 7 9 14 -8 -9 13 -11 -12 22 -14 -15 15 -17 -18 18 21 -21 26 -23 24 -25 -26 -27 28 -29 -30 -31
leaf_value=-0.027182700252507033 0.073894600724566148 -0.031785839612599245 0.032046532436544421 0.074560771632748032 -0.033351134107767147 0.072152064164857921 0.0092046284639878961 0.088955831219865306 -0.013705394772105984 0.049001709806012511 0.073228082985831555 0.070475362871955202 -0.064008518854520385 0.036241767298382542 0.071235028569118078 -0.035942285612834315 0.034101881233498936 0.072508114206159768 -0.066498105957686807 0.10449099593919325 0.013105114192244192 0.062405116583693999 -0.043777533342959467 0.046963645791153502 0.078188594318852889 0.1191560906713429 0.10983341649833019 0.076545459405484434 0.026390474091427564 0.11538220094757708
leaf_weight=12.177336931228636 46.491127207875252 111.65543143451214 10.769815146923067 7.6041839271783855 14.901607587933539 252.77932599186897 131.78403230011463 48.621580898761749 53.211073592305183 98.316798448562622 377.0489364117384 152.77487364411354 8.9736072123050672 67.591320991516113 9.3228218704462069 13.621392697095869 47.553894728422165 50.002395808696747 8.0105357915163022 104.63041910529137 36.838301733136177 4.8597179949283591 9.2056783288717252 191.60684041678905 4.3477947115898123 13.751046165823935 32.505810812115669 56.217792570590973 11.067170903086661 51.373575702309608
leaf_count=66 115 694 38 22 84 637 575 129 240 397 840 421 51 250 27 63 149 126 43 173 138 14 44 637 11 26 63 144 36 92
internal_value=0.0537099 0.047086 0.0338013 0.0149581 0.00554711 0.0507473 -0.00958077 0.0662749 0.0256244 0.0380986 0.0629053 0.0523586 -8.14412e-05 0.0142065 0.0620139 0.00750977 0.0661573 0.0806627 0.0540394 0.0855665 0.0770602 -0.0173338 0.0550855 0.0574259 -0.00399992 0.0813853 0.0635261 0.0515259 0.0888631 0.0958199
internal_weight=2039.62 1637.62 890.458 421.857 356.658 468.601 243.439 65.1994 145.323 113.218 747.161 370.113 16.5778 120.802 323.277 22.9442 300.333 401.997 62.8726 339.124 234.494 12.8703 357.935 344.382 13.5535 24.5209 136.629 93.0561 43.573 97.8647
internal_count=6345 5401 3382 1952 1750 1430 1269 202 554 481 2019 1179 73 490 876 90 786 944 183 761 588 57 1113 1058 55 64 381 282 99 207
is_linear=0
shrinkage=0.05


Tree=8
num_leaves=31
num_cat=0
split_feature=19 5 13 32 31 18 31 18 2 9 3 13 20 32 33 91 18 8 91 26 0 8 36 37 8 17 12 36 12 2
split_gain=123.562 117.872 103.115 94.0576 45.6431 41.9344 40.6595 34.7323 32.3296 29.9817 33.6935 28.0905 33.231 29.7675 52.4982 24.7835 23.4645 17.3255 19.8978 32.945 30.6765 17.4617 16.8613 14.3137 14.0611 13.486 16.5427 13.4456 19.3996 14.5686
threshold=1.0000000180025095e-35 1.0000000180025095e-35 2.5000000000000004 0.73350000000000015 1.5000000000000002 25.150000000000002 2.5000000000000004 13.750000000000002 3.5000000000000004 736.50000000000011 299500.00000000006 1.0000000180025095e-35 1.0000000180025095e-35 0.98350000000000015 5.1945000000000006 0.18702985632599903 14.15 15.255000000000001 0.18793162875957242 1.0000000180025095e-35 39.500000000000007 9.0250000000000004 0.89850000000000019 3.2165000000000004 8.8750000000000018 344850.00000000006 86.500000000000014 0.99250000000000005 25.500000000000004 1.0000000180025095e-35
decision_type=2 2 2 2 2 2 2 2 2 2 2 2 2 2 2 2 2 2 2 2 2 2 2 2 2 2 2 2 2 2
left_child=1 11 3 5 7 24 -7 -5 -6 -4 -11 12 13 14 -1 -12 -15 21 19 20 -19 22 23 -2 -3 26 -20 29 -29 -23
right_child=17 2 9 4 8 6 -8 -9 -10 10 15 -13 -14 16 -16 -17 -18 18 25 -21 -22 27 -24 -25 -26 -27 -28 28 -30 -31
leaf_value=0.011652303353075438 0.074269400894278512 0.0012975268333642841 0.082177174169534295 -0.0096379036681848509 0.10120563985014625 0.0063345674445738622 0.09083035968334624 0.036930195476021797 0.028995753737696972 0.094060314753790661 0.041102249680486334 0.067914629868610105 0.086220415934494962 -0.0011809864355323905 0.082193298933882983 -0.055721621219809975 0.063019643874523856 -0.068566729638444707 -0.010750903963712991 0.076871478513071814 0.05560363127794931 0.05883112960817876 -0.0011453479935876528 0.0050181958290348022 -0.048616661640197179 0.10280912456505345 0.098379522162847399 -0.0017233534603112903 0.078888755890618084 0.098952733181980057
leaf_weight=122.88672797381878 90.601408526301384 20.126687556505203 113.31030309200287 45.12604920566082 44.352903544902802 211.83544392883778 15.184460327029226 341.66947029531002 24.30590857565403 14.091923952102659 14.983231380581858 385.98458370566368 51.088320434093475 15.494832023978232 33.587216794490814 11.659313663840292 155.3272116035223 11.82998824119568 7.5014294832944852 17.309208087623119 8.4042627215385419 27.784727662801743 9.3660825639963132 8.3168422579765302 45.592566758394241 22.330863460898399 6.2260088473558426 9.358157739043234 34.482148289680481 159.67151506245136
leaf_count=511 197 101 222 196 92 1046 43 1211 83 25 40 840 115 56 96 49 401 61 31 39 22 69 35 29 274 43 11 35 82 290
internal_value=0.0500025 0.0439219 0.0316647 0.0239785 0.0381893 0.00184619 0.0120457 0.0314833 0.0757947 0.0689244 0.0318261 0.0583775 0.0486202 0.0427113 0.0268687 -0.00113277 0.0571696 0.0745005 0.0521679 0.0263828 -0.0167271 0.0793094 0.062442 0.0685083 -0.0332756 0.0787295 0.0387366 0.0871541 0.0616027 0.0930671
internal_weight=2079.79 1666.61 902.238 748.193 455.454 292.739 227.02 386.796 68.6588 154.045 40.7345 764.369 378.384 327.296 156.474 26.6425 170.822 413.183 73.6018 37.5435 20.2343 339.581 108.284 98.9183 65.7193 36.0583 13.7274 231.297 43.8403 187.456
internal_count=6345 5401 3382 3046 1582 1464 1089 1407 175 336 114 2019 1179 1064 607 89 457 944 207 122 83 737 261 226 375 85 42 476 117 359
is_linear=0
shrinkage=0.05


Tree=9
num_leaves=31
num_cat=0
split_feature=13 32 37 92 13 31 26 17 21 3 8 18 34 8 89 92 26 0 15 21 29 21 29 83 87 89 17 12 8 88
split_gain=106.116 62.1689 32.7382 31.777 31.4003 33.4951 36.2337 41.908 30.7163 29.3142 28.8258 27.3054 27.1737 26.9269 40.0032 27.6641 25.7434 32.3106 22.3969 24.7505 18.6084 18.3263 16.9828 16.975 20.151 16.2018 16.0232 15.3596 15.162 13.7128
threshold=1.0000000180025095e-35 0.83350000000000002 3.4005000000000005 0.19405232375496628 3.5000000000000004 1.5000000000000002 1.5000000000000002 321950.00000000006 41500.000000000007 493500.00000000006 8.4850000000000012 90.050000000000011 0.13050000000000003 13.925000000000002 0.19520499858935228 0.19288890078608964 1.0000000180025095e-35 37.500000000000007 3.5000000000000004 94500.000000000015 6.5500000000000007 31500.000000000004 14.350000000000003 1.0000000180025095e-35 0.035423488896213405 0.18504705212994968 51350.000000000007 157.50000000000003 11.365 0.12797823308432582
decision_type=2 2 2 2 2 2 2 2 2 2 2 2 2 2 2 2 2 2 2 2 2 2 2 2 2 2 2 2 2 2
left_child=1 2 10 12 5 6 7 20 21 -7 23 -9 28 15 -15 -12 17 -14 19 -8 -2 -5 -18 -1 -25 -11 -6 -4 -3 -28
right_child=4 3 27 8 26 9 18 11 -10 25 13 -13 16 14 -16 -17 22 -19 -20 -21 -22 -23 -24 24 -26 -27 29 -29 -30 -31
leaf_value=0.063410559404719499 0.082712967199275178 -0.068487981948940055 -0.062132544970007142 -0.0035083672979127228 0.00616690827977947 0.095652015809007493 0.077391195635804322 0.059172749172572571 -0.052878302215719181 0.061606978252508396 0.046939161717406315 0.0068567653838182132 0.030891000482002936 0.020794723191588756 -0.063505672122493279 0.0064679435929753185 0.089475250825148483 0.060720385157534508 0.11358508940357177 0.027716953590181947 0.025916793562547075 0.11543275560757145 0.055368357578406462 -0.043929446892531698 0.028229613814305939 -0.021607451127633924 0.084338110425103793 0.04904759402165064 0.028555056079409516 0.028268393051602354
leaf_weight=6.587739646434783 15.373504132032393 7.2803215980529776 16.305876642465595 6.8788210451602954 7.7812565118074408 79.246627047657967 88.483432441949844 359.82475315034389 15.540285214781759 17.499173238873485 197.34339685738087 27.062888756394386 225.69931122660637 105.16608963906765 16.128109857439995 54.134163826704025 55.378560751676559 153.66126278042793 27.426143020391464 35.695154547691345 240.71848532557487 5.8814994096755981 115.13494625687599 31.463323965668678 13.783571660518644 8.5886639803647977 156.25534109771252 3.7022895067930213 8.6859353929758054 12.156004980206488
leaf_count=21 36 36 105 29 24 147 188 851 79 42 738 92 748 451 97 247 123 425 39 103 777 13 323 175 57 34 270 14 29 32
internal_value=0.0466869 0.0352685 0.0211003 0.0458573 0.0576999 0.0538883 0.0503462 0.0451267 -0.00567083 0.0804875 0.0240553 0.0555289 0.0484439 0.0289161 0.0095013 0.0382531 0.0503132 0.0429995 0.0724056 0.0631864 0.0293768 0.0513966 0.0665207 -0.0107935 -0.0218236 0.0340422 0.0770978 -0.0411696 -0.0155344 0.0803398
internal_weight=2114.87 1038.76 444.615 594.141 1076.11 899.919 794.584 642.98 28.3006 105.334 424.606 386.888 565.84 372.772 121.294 251.478 549.874 379.361 151.605 124.179 256.092 12.7603 170.514 51.8346 45.2469 26.0878 176.193 20.0082 15.9663 168.411
internal_count=6345 3710 1905 1805 2635 2309 2086 1756 121 223 1786 943 1684 1533 548 985 1619 1173 330 291 813 42 446 253 232 76 326 119 65 302
is_linear=0
shrinkage=0.05


Tree=10
num_leaves=31
num_cat=0
split_feature=13 31 32 30 19 9 42 36 10 4 8 19 87 8 19 29 1 90 23 8 35 42 25 42 4 17 25 8 8 17
split_gain=132.537 96.9124 97.8535 61.5576 45.2631 53.7786 28.0302 29.5479 31.5707 26.0501 25.8568 25.5386 24.7485 21.7334 21.6589 24.9791 24.1655 22.191 31.1559 23.0145 19.9319 18.7556 25.7043 23.3801 17.4844 31.9734 17.0699 16.9462 17.1936 15.7507
threshold=1.5000000000000002 1.5000000000000002 0.85350000000000004 2.5000000000000004 1.0000000180025095e-35 720.50000000000011 15.1247891373368 0.68050000000000022 4.5000000000000009 8.5000000000000018 9.0250000000000004 1.0000000180025095e-35 -0.067468935754904036 8.4850000000000012 1.5000000000000002 9.9500000000000011 1.0000000180025095e-35 0.17416293825930659 32500.000000000004 10.005000000000001 17850.000000000004 12.674514458164669 50.650000000000013 14.467575780465804 13.500000000000002 344850.00000000006 33.050000000000004 15.125000000000002 8.5250000000000004 20450.000000000004
decision_type=2 2 2 2 2 2 2 2 2 2 2 2 2 2 2 2 2 2 2 2 2 2 2 2 2 2 2 2 2 2
left_child=1 2 3 4 5 -1 7 8 -4 10 13 -9 -6 -3 15 16 -2 18 20 -20 -17 22 -12 -23 29 -26 -11 28 -5 -19
right_child=14 9 6 27 12 -7 -8 11 -10 26 21 -13 -14 -15 -16 17 -18 24 19 -21 -22 23 -24 -25 25 -27 -28 -29 -30 -31
leaf_value=0.017666652777714797 0.025743094993245071 0.0449296625907014 0.055698251860995779 0 -0.044193617377774178 -0.020192387555233601 0.086004220753445229 0.020776798497583002 0.019691436225993664 -0.063193031220704507 0.062206921664722761 0.060406537179289899 0.045968090483773885 -0.048699072021277851 0.096275405053786622 0.022880765722318328 0.096173977823715118 0.10849566683268337 0.03409707884215997 -0.073871669079132882 0.073354833218396934 0.091638171306417646 -0.043828723152525735 0.02379520412510526 -0.049053033587648641 0.063250739405793663 0.09763486479565911 0.0015913953910859672 0.085832007958832904 0.063539379650567135
leaf_weight=275.03982464969158 14.619784340262411 18.016614794731144 399.53642953932285 6.5379309356212607 8.0396974086761457 142.15006387978792 39.860348954796791 200.48223227262497 72.527417615056038 1.5866973996162403 19.1361477971077 51.260225221514702 110.47346995025873 9.2914984375238401 52.691169291734695 36.589681044220924 82.760462507605553 21.241166815161705 9.7062749564647692 9.7817525863647443 43.175472587347031 68.865578830242157 7.9929542541503897 15.928817108273504 9.5049799382686633 18.404903545975685 71.101733803749084 9.25663775205612 47.446458861231804 325.63071355223656
leaf_count=1155 40 48 1065 29 36 709 88 674 233 8 48 122 305 41 75 103 138 34 26 45 86 146 35 54 42 39 137 39 124 696
internal_value=0.0458351 0.0380941 0.0331905 0.0180424 0.0125168 0.00475313 0.0450607 0.0427875 0.0501821 0.0695689 0.0567339 0.0288869 0.0397774 0.0128289 0.0653473 0.0624703 0.0856887 0.057673 0.0364693 -0.0199416 0.0503217 0.0673806 0.0307361 0.0789957 0.0632638 0.0247875 0.0939735 0.0646761 0.0753778 0.0663372
internal_weight=2198.64 1574.53 1362.61 598.944 535.703 417.19 763.667 723.806 472.064 211.92 139.232 251.742 118.513 27.3081 624.106 571.415 97.3802 474.035 99.2532 19.488 79.7652 111.923 27.1291 84.7944 374.782 27.9099 72.6884 63.241 53.9844 346.872
internal_count=6420 5096 4579 2397 2205 1864 2182 2094 1298 517 372 796 341 89 1324 1249 178 1071 260 71 189 283 83 200 811 81 145 192 153 730
is_linear=0
shrinkage=0.05


Tree=11
num_leaves=31
num_cat=0
split_feature=13 31 32 36 9 19 89 22 15 22 36 87 28 54 6 9 91 85 12 13 33 19 29 90 18 29 33 92 9 2
split_gain=116.771 86.848 81.9682 38.798 38.6599 32.9124 33.9967 32.8526 31.9271 31.313 45.7321 26.9763 24.9942 32.0023 24.9673 23.9449 22.6795 35.2749 20.7583 19.801 26.7171 21.2896 26.8027 25.2456 19.0599 17.9093 13.351 13.0846 11.0862 7.09454
threshold=1.5000000000000002 1.0000000180025095e-35 0.28050000000000008 2.4255000000000004 737.50000000000011 1.0000000180025095e-35 0.16941202256944446 0.53150000000000019 5.5000000000000009 0.61450000000000016 0.83650000000000013 -0.10932354321400588 28.500000000000004 2.5000000000000004 3474500.0000000005 715.50000000000011 0.18267519813920716 0.023497473608859853 139.50000000000003 3.5000000000000004 0.18350000000000002 1.0000000180025095e-35 9.9500000000000011 0.17260849271402548 45.050000000000004 21.850000000000005 0.13350000000000004 0.19140056168389352 662.50000000000011 6.5000000000000009
decision_type=2 2 2 2 2 2 2 2 2 2 2 2 2 2 2 2 2 2 2 2 2 2 2 2 2 2 2 2 2 2
left_child=1 2 5 11 9 6 15 25 -8 14 -11 28 24 -14 -4 -1 18 -18 -13 20 26 22 27 -24 -6 -7 -2 -22 -3 -21
right_child=19 3 4 -5 12 7 8 -9 -10 10 -12 16 13 -15 -16 -17 17 -19 -20 29 21 -23 23 -25 -26 -27 -28 -29 -30 -31
leaf_value=0.091594873012441236 0.032502286151247804 0.056978980682290403 0.032651549075112238 -0.046489474091066865 -0.033700540419479577 0.013657446052356321 -0.026290898322593584 -0.072368536827976684 0.099714854313426901 0.082639816065721627 0 0.073616519352413742 -0.0083856412828125556 0.043276952759622844 0.070113764342585913 -0.029873866635146969 0.049018589130955609 -0.01833641517430919 -0.012383582136020723 0.07902399021883505 0.092406512470694369 0.079810044256392848 0.013470145062500636 0.052036087688250611 0.015363277175913709 0.07828004736750438 -0.073594526155131318 0.035600479360232334 0.11909251712865501 0.053722250690968615
leaf_weight=12.148465216159822 5.9167409986257535 11.518447279930113 535.95097331702709 9.3804696053266508 34.874605312943459 19.657812088727951 127.6798121035099 6.2025717049837104 5.1215347051620475 82.016388639807701 21.057718470692635 130.23004432022572 41.529433339834213 106.00591296702623 48.812033072113991 5.9289510548114768 276.99301970005035 20.742310702800751 7.2836979627609244 159.98075318336487 50.775399014353752 84.168882891535759 52.861036568880081 224.87874417006969 45.381339892745018 24.203821703791618 5.6925973296165466 13.271937966346739 22.634685561060905 36.411435723304749
leaf_count=32 16 30 1693 44 154 66 666 29 13 183 78 311 165 327 126 29 778 86 29 261 84 136 161 533 166 53 26 34 38 73
internal_value=0.042923 0.0356976 0.0280445 0.0535253 0.0343904 -0.000849347 -0.0125315 0.0342124 -0.0213224 0.040308 0.0657826 0.0555441 0.01649 0.0287049 0.0357986 0.0515358 0.0521387 0.0443048 0.0690193 0.0610893 0.0550933 0.0571361 0.051516 0.0447215 -0.00591021 0.0495283 -0.0192791 0.0807869 0.0985177 0.0743882
internal_weight=2229.31 1595.35 1116.57 478.783 915.628 200.943 150.879 50.0642 132.801 687.837 103.074 469.402 227.791 147.535 584.763 18.0774 435.249 297.735 137.514 633.958 437.565 425.956 341.787 277.74 80.2559 43.8616 11.6093 64.0473 34.1531 196.392
internal_count=6420 5096 3780 1316 2892 888 740 148 679 2080 261 1272 812 492 1819 61 1204 864 340 1324 990 948 812 694 320 119 42 118 68 334
is_linear=0
shrinkage=0.05


Tree=12
num_leaves=31
num_cat=0
split_feature=13 5 32 19 30 9 32 7 88 12 37 37 18 20 9 29 37 17 92 19 4 92 19 13 9 23 28 5 35 21
split_gain=103.903 64.1615 49.3886 49.1027 47.0874 36.1532 41.27 29.2106 37.8294 31.0435 27.7095 40.5285 26.9928 25.9638 24.7429 24.2289 23.598 21.185 24.3081 20.3731 22.987 18.2542 17.8603 19.7762 21.9295 39.1755 21.2641 20.3575 15.9606 15.0041
threshold=1.5000000000000002 1.0000000180025095e-35 1.0415000000000003 1.0000000180025095e-35 2.5000000000000004 820.50000000000011 0.84250000000000014 102.00000000000001 1.0000000180025095e-35 134.50000000000003 1.7950000000000002 2.8115000000000001 37.750000000000007 1.0000000180025095e-35 725.50000000000011 37.750000000000007 2.1285000000000003 228950.00000000003 0.19288890078608964 1.0000000180025095e-35 1.0000000180025095e-35 0.18336523571818647 1.5000000000000002 3.5000000000000004 716.50000000000011 27500.000000000004 25.500000000000004 1.0000000180025095e-35 20650.000000000004 53500.000000000007
decision_type=2 2 2 2 2 2 2 2 2 2 2 2 2 2 2 2 2 2 2 2 2 2 2 2 2 2 2 2 2 2
left_child=1 5 3 4 12 13 -7 8 15 -10 21 -12 -3 19 -6 -4 -8 18 -5 20 -1 -9 23 24 -2 26 -26 -27 -21 -19
right_child=22 2 7 17 14 6 16 10 9 -11 11 -13 -14 -15 -16 -17 -18 29 -20 28 -22 -23 -24 -25 25 27 -28 -29 -30 -31
leaf_value=0.024128155862518263 0.05700090989824378 -0.024764809059066119 0.033931290621771047 0.033914883579261555 0.079855622259722453 -0.069597300085269667 0.082623545337540488 0.11418155898080123 -0.010360077111552627 0.066278829791922608 0.0021592453672593264 0.065211847999641706 0.0071248710496915335 0.070680264308901772 -0.0082924717403516004 0.097911277295023622 -0.037999445618432992 0.12367081235126264 -0.070721764486844849 0.078916279530692288 0.046583144176028962 0.058840086040826169 0.084980520137654891 0.068394793897090744 -0.0097118020981925776 0.031039445332113287 0.058946439224488702 -0.038117494763811495 0.041287691831556637 0.052894882177930563
leaf_weight=181.70022043585777 263.14210934937 99.208755776286125 143.74458749592304 47.292421273887157 27.951363280415535 14.537529855966566 12.231938749551775 21.895465895533562 85.118265762925148 15.534530043601988 48.94583086669445 53.473684534430504 199.58684464544058 97.967241495847702 10.95349672436714 16.567625924944878 5.9035398662090293 9.6896678358316404 6.1667722612619391 62.878999039530754 313.0519567579031 50.538554504513741 54.240852415561676 184.06630973517895 12.83428832888603 18.991920053958893 84.793227225542068 23.867828518152237 53.258438974618912 36.334848649799824
leaf_count=550 566 534 447 133 82 74 23 34 328 38 170 131 907 198 49 34 23 12 30 112 835 125 75 315 43 45 182 98 141 86
internal_value=0.0402681 0.0334914 0.0242876 0.0123919 0.00327643 0.0443155 -0.00695558 0.0362034 0.0255536 0.00147262 0.0520458 0.0351596 -0.00345144 0.0466864 0.0549521 0.0406315 0.0430906 0.0432503 0.0216417 0.0428194 0.0383531 0.0757721 0.0572966 0.054719 0.0484547 0.0323824 0.0498686 -0.00735551 0.0617539 0.0681398
internal_weight=2256.47 1614.53 873.003 437.184 337.7 741.53 32.673 435.819 260.965 100.653 174.854 102.42 298.796 708.857 38.9049 160.312 18.1355 99.4837 53.4592 610.89 494.752 72.434 641.937 587.696 403.629 140.487 97.6275 42.8597 116.137 46.0245
internal_count=6420 5096 3140 1833 1572 1956 120 1307 847 366 460 301 1441 1836 131 481 46 261 163 1638 1385 159 1324 1249 934 368 225 143 253 98
is_linear=0
shrinkage=0.05


Tree=13
num_leaves=31
num_cat=0
split_feature=13 26 31 5 43 18 82 27 8 35 34 4 36 12 12 4 4 35 54 12 0 27 23 37 28 37 92 30 90 36
split_gain=92.7583 75.0903 77.896 56.1916 71.0672 31.7423 30.8602 35.1727 32.3249 29.2823 25.4634 25.0554 28.4368 24.8442 21.3281 18.0101 16.7366 18.5809 17.2564 16.5576 16.3996 15.6159 16.9389 14.8006 14.1784 21.6711 16.6273 13.879 15.5066 14.265
threshold=1.5000000000000002 1.5000000000000002 1.0000000180025095e-35 1.0000000180025095e-35 12.490879267318356 18.050000000000004 -0.029868958076130946 81.15000000000002 8.9750000000000032 9550.0000000000018 0.88850000000000018 11.500000000000002 2.3470000000000004 8.5000000000000018 45.500000000000007 13.500000000000002 14.500000000000002 40250.000000000007 2.5000000000000004 6.5000000000000009 42.500000000000007 74.050000000000011 28500.000000000004 1.7950000000000002 31.500000000000004 1.9185000000000001 0.18442599351543257 1.5000000000000002 0.16248532174301131 0.9405
decision_type=2 2 2 2 2 2 2 2 2 2 2 2 2 2 2 2 2 2 2 2 2 2 2 2 2 2 2 2 2 2
left_child=1 2 3 13 10 -6 24 21 -9 -4 -5 12 -11 19 -15 -13 27 18 -18 -1 -20 -8 -23 -10 -3 26 -26 28 -2 -29
right_child=16 6 9 4 5 -7 7 8 23 11 -12 15 -14 14 -16 -17 17 -19 20 -21 -22 22 -24 -25 25 -27 -28 29 -30 -31
leaf_value=0.0098373964162716057 0.0017071473179325978 0.080253154229846246 0.068051905277837166 -0.025915059070712256 -0.017249342847598728 0.025532669196794894 0.035696072281673805 -0.02063085943154002 0.092327171949416781 0.03305780561090494 0.081909936168212405 0.1008558520335132 -0.069856341343523226 0.047917947760541466 0.024447044109490022 0.042978780053198926 0.052414120950407074 0.066610867473093568 -0.060586447744190343 -0.071995462516771677 0.044609270923433669 -0.070708110529059218 0.017652632701281517 0.04558325566694104 0.051140569411869313 0.068630250826118622 -0.046518355454542672 0.059077059450170923 0.052987166098910077 0.091710171825409859
leaf_weight=35.889732509851456 15.499149754643438 104.6578244715929 101.59776203334332 143.20157549530268 50.399078093469143 302.22284728288651 13.476504161953924 12.461794182658194 30.993424609303474 247.99847613275051 5.5771038159728041 23.433493077754974 6.7778814584016791 187.62461778521538 203.50064148008823 33.124923065304756 9.5846683681011218 15.765678986907004 12.785694509744646 7.3544596284627906 5.0624023973941794 12.405955895781519 9.3903834074735624 39.605608105659485 8.5390160530805606 41.414655968546867 8.6890765279531461 125.5801015496254 416.51445262134075 47.573874920606613
leaf_count=120 46 224 220 755 223 1019 38 50 60 742 15 44 34 482 586 94 20 29 54 35 12 62 31 111 23 89 39 242 849 72
internal_value=0.0378683 0.0314956 0.0265812 0.0185865 0.00716724 0.0194006 0.0549939 0.0354156 0.0531683 0.0446776 -0.0217873 0.0370144 0.030274 0.0317518 0.0357283 0.0671826 0.0538777 0.0235351 -0.00119109 -0.0040984 -0.030388 -0.00627923 -0.0325051 0.0662764 0.0691201 0.0490633 0.00161303 0.0560312 0.0511598 0.0681196
internal_weight=2278.7 1630.34 1348.7 935.77 501.401 352.622 281.634 118.334 83.0608 412.933 148.779 311.335 254.776 434.369 391.125 56.5584 648.366 43.1984 27.4328 43.2442 17.8481 35.2728 21.7963 70.599 163.301 58.6427 17.2281 605.168 432.014 173.154
internal_count=6420 5096 4369 3235 2012 1242 727 352 221 1134 770 914 776 1223 1068 138 1324 115 86 155 66 131 93 171 375 151 62 1209 895 314
is_linear=0
shrinkage=0.05


Tree=14
num_leaves=31
num_cat=0
split_feature=13 32 30 19 5 35 18 87 6 17 92 27 92 25 19 88 19 13 33 4 9 90 9 54 12 33 12 30 9 91
split_gain=83.0916 54.4549 51.5072 51.9165 39.9288 30.5741 26.5252 23.3527 22.9774 29.4199 23.6266 22.0691 29.1409 25.097 17.5749 22.1161 16.3412 18.0557 19.391 17.4442 15.9496 15.2579 14.6262 13.6336 11.8005 11.5846 11.5494 23.0836 21.5449 13.5336
threshold=1.5000000000000002 1.0155000000000001 2.5000000000000004 1.0000000180025095e-35 1.0000000180025095e-35 17250.000000000004 37.750000000000007 -0.067468935754904036 2581500.0000000005 364100.00000000006 0.19328664151774191 80.65000000000002 0.18903018479738418 67.550000000000011 1.0000000180025095e-35 -0.064699320430944993 1.5000000000000002 3.5000000000000004 0.18350000000000002 19.500000000000004 716.50000000000011 0.19666637556302982 784.50000000000011 2.5000000000000004 9.5000000000000018 0.13350000000000004 85.500000000000014 3.5000000000000004 722.50000000000011 0.18331817834063543
decision_type=2 2 2 2 2 2 2 2 2 2 2 2 2 2 2 2 2 2 2 2 2 2 2 2 2 2 2 2 2 2
left_child=1 2 3 4 5 -1 -6 -5 9 14 23 13 -13 -11 15 -3 17 18 25 20 -20 -12 -9 -10 -25 -2 27 28 -4 -29
right_child=16 8 26 7 6 -7 -8 22 10 11 21 12 -14 -15 -16 -17 -18 -19 19 -21 -22 -23 -24 24 -26 -27 -28 29 -30 -31
leaf_value=-0.0034181470382585281 0.025638011004640471 0.082477216904362868 0.077576287762568724 -0.03228747537787148 -0.025402983254865626 0.033485936024337359 0.0065549951470129462 0.05073605423452722 0.022506115549274092 0.020026863916928088 -0.068924460235621696 0.047524176005556792 0.019298241136689091 -0.074302913937277643 0.087470690935042214 0.03136047559138571 0.077040139454564796 0.061277852982589934 0.053387890443288934 -0.017955637425206374 0.031964839913736574 0.050767112976080588 0.00065893512723258192 0.022624850266563416 0.085598281850256308 -0.073451665436216729 0.084090449496417946 0.037377260713411402 0.0082029761303466231 -0.068035069126160946
leaf_weight=78.862440779805183 6.0994685143232328 29.823933303356171 39.691002726554871 10.145918563008307 95.983521863818169 192.40492321550846 199.80732382833958 139.54663046449423 13.240247532725332 175.07619532942772 5.2494936287403089 253.50833560526371 144.48245044052601 7.2303640991449347 34.50789050757885 75.234865933656693 54.925504326820374 186.84848757088184 254.68351718783379 10.803405106067656 135.13507813215256 5.1779066771268845 16.510493844747543 8.7345720976591092 65.849284321069717 5.4652722775936127 25.996400192379951 5.6234282702207548 15.841069355607031 6.3450036495923996
leaf_count=280 16 57 89 41 526 578 898 324 39 519 26 621 428 33 53 216 75 315 520 38 335 14 54 25 113 25 57 15 57 33
internal_value=0.0356477 0.0296431 0.0205762 0.0161055 0.00888797 0.0227415 -0.00380349 0.0406803 0.038796 0.035674 0.0615598 0.0306881 0.0372973 0.0162196 0.0563324 0.0459836 0.0507361 0.0483035 0.0423965 0.0442435 0.0459843 -0.00909692 0.0454738 0.0700066 0.0783305 -0.0209894 0.0555307 0.0443494 0.0579271 -0.0181929
internal_weight=2298.83 1644.87 826.758 733.261 567.058 271.267 295.791 166.203 818.116 719.864 98.2515 580.297 397.991 182.307 139.567 105.059 653.961 599.035 412.187 400.622 389.819 10.4274 156.057 87.8241 74.5839 11.5647 93.4969 67.5005 55.5321 11.9684
internal_count=6420 5096 2952 2701 2282 858 1424 419 2144 1927 217 1601 1049 552 326 273 1324 1249 934 893 855 40 378 177 138 41 251 194 146 48
is_linear=0
shrinkage=0.05


Tree=15
num_leaves=31
num_cat=0
split_feature=14 5 31 26 21 17 18 1 17 14 15 17 17 1 9 3 17 67 37 37 89 2 18 12 26 15 20 36 28 87
split_gain=89.4119 48.7137 50.8355 48.4861 41.6754 44.6003 38.5582 36.2765 35.3443 34.4544 33.7134 27.2557 24.6275 24.3096 23.9715 23.1894 27.154 28.3847 28.2153 22.0662 30.7168 19.3366 18.4014 18.2568 17.7524 23.8667 17.6809 16.622 15.7025 20.447
threshold=1.0000000180025095e-35 1.0000000180025095e-35 1.5000000000000002 1.5000000000000002 16500.000000000004 246250.00000000003 95.950000000000017 1.0000000180025095e-35 36750.000000000007 105.00000000000001 2.5000000000000004 96250.000000000015 304350.00000000006 1.0000000180025095e-35 622.50000000000011 305500.00000000006 125450.00000000001 1.0000000180025095e-35 2.7625000000000006 3.2165000000000004 0.17835261883000048 7.5000000000000009 95.950000000000017 4.5000000000000009 1.5000000000000002 2.5000000000000004 1.0000000180025095e-35 1.0595000000000001 31.500000000000004 0.014316328915725301
decision_type=2 2 2 2 2 2 2 2 2 2 2 2 2 2 2 2 2 2 2 2 2 2 2 2 2 2 2 2 2 2
left_child=1 6 3 4 13 -6 8 -5 -1 12 -9 -4 15 -3 28 24 17 -17 -18 20 -10 27 -16 -11 25 -2 -21 -13 29 -14
right_child=9 2 11 7 5 -7 -8 10 19 23 -12 21 14 -15 22 16 18 -19 -20 26 -22 -23 -24 -25 -26 -27 -28 -29 -30 -31
leaf_value=-0.038634758535654026 0.015616078032316225 0.11665591399318245 0.097323098419244441 -0.036122818098849978 -0.034253445599696182 0.0044507448138428989 -0.054589040473844622 0.071217957762132231 0.058844698027799028 -0.0081991775675545053 -0.0077490963608705362 0.02924655851913301 0.062725884655645103 0.021131154520307546 0.041015384586289602 0.048350078820895689 -0.01223449312376892 -0.0016040160693926615 0.039746767274782276 -0.0055595464447885101 0.031323740002887734 -0.03128664422872407 -0.021243776013195256 0.064435548406234319 0.087180399305506195 0.071360036273499461 0.082383643257067832 0.092786155716187035 0.085434507898784068 -0.0056248761352305455
leaf_weight=15.465854078531263 50.755090966820717 10.431392922997476 19.930471003055573 13.4123088568449 102.6300015822053 269.60147275030613 12.049495071172712 57.513012558221817 160.36793480813503 8.9190264195203763 17.490686520934105 54.965582445263863 50.50686351954937 18.737294033169746 476.22322268784046 105.69556953012943 88.218890249729156 38.62007163465023 36.937119036912918 42.999296307563782 281.05138725042343 10.413105368614195 12.006652921438215 187.89454960823059 22.746362790465355 31.17136737704277 6.4793347120285025 12.778758704662321 52.017339408397675 13.773029148578642
leaf_count=78 142 21 35 64 594 1067 54 149 363 28 73 155 89 66 1042 250 296 126 89 148 784 43 44 352 35 59 10 23 76 41
internal_value=0.0323677 0.0221525 0.0122835 0.00568829 -0.00168588 -0.00621351 0.0333303 0.0391869 0.0354427 0.0419749 0.0527507 0.0451273 0.0381146 0.0557457 0.0443717 0.027982 0.020179 0.0349555 0.00308623 0.0377941 0.0413445 0.0316459 0.03947 0.0611161 0.0479842 0.0369476 0.0059989 0.041425 0.064855 0.048017
internal_weight=2281.8 1106.32 587.904 489.816 401.4 372.231 518.413 88.416 506.364 1175.49 75.0037 98.0879 978.672 29.1687 604.527 374.144 269.472 144.316 125.156 490.898 441.419 78.1574 488.23 196.814 104.673 81.9265 49.4786 67.7443 116.297 64.2799
internal_count=6396 3727 2290 2034 1748 1661 1437 286 1383 2669 222 256 2289 87 1292 997 761 376 385 1305 1147 221 1086 380 236 201 158 178 206 130
is_linear=0
shrinkage=0.05


Tree=16
num_leaves=31
num_cat=0
split_feature=14 19 5 31 30 3 26 9 18 17 40 54 17 5 35 26 32 89 89 23 15 12 17 16 20 89 27 81 88 40
split_gain=79.9406 46.7023 49.8421 36.837 45.3696 33.1209 32.2311 31.1968 30.4363 26.4466 26.4096 25.2147 23.1268 22.7312 22.0586 27.3317 21.7239 20.8248 35.4328 20.6075 20.4809 20.4147 18.8544 22.9282 18.5705 25.9239 18.0905 17.7896 16.8448 20.3896
threshold=1.0000000180025095e-35 1.0000000180025095e-35 1.0000000180025095e-35 1.5000000000000002 1.5000000000000002 315500.00000000006 1.5000000000000002 760.50000000000011 93.850000000000009 423050.00000000006 -1.0333384579121554 3.5000000000000004 96250.000000000015 1.0000000180025095e-35 18850.000000000004 2.5000000000000004 0.65950000000000009 0.17699832205962265 0.17751258740830297 55500.000000000007 2.5000000000000004 17.500000000000004 235250.00000000003 2.5000000000000004 1.0000000180025095e-35 0.17835261883000048 73.65000000000002 1.0000000180025095e-35 0.12797823308432582 -0.011774633472132598
decision_type=2 2 2 2 2 2 2 2 2 2 2 2 2 2 2 2 2 2 2 2 2 2 2 2 2 2 2 2 2 2
left_child=1 2 8 4 10 -6 7 9 24 17 -4 19 -5 -13 26 22 -14 21 -19 20 -9 -2 27 -24 25 -1 -3 -16 -11 -30
right_child=6 14 3 12 5 -7 -8 11 -10 28 -12 13 16 -15 15 -17 -18 18 -20 -21 -22 -23 23 -25 -26 -27 -28 -29 29 -31
leaf_value=0.045185979248576848 -0.00061794471989081877 -0.020761386935405302 0.042584692612909314 0.089946610647296532 -0.022903438457779656 0.038465383847913398 0.057476120947961645 0.013546817893617953 -0.036205666623764766 0.053458742649546781 -0.017946529964962276 0.018845902382346468 -0.034700319235737929 -0.063901760627134457 -0.069747510812931998 0.083776485671292256 0.037332153742686836 -0.043657423237187853 0.029854502461696193 -0.050294029155555177 0.052916098124027158 0.066623442408672559 -0.036869401564061648 0.041100781663119396 0.057191580647196455 0.016416439742606009 0.059508016739545581 0.017258767719425125 0.048116849467209517 -0.025987295983500289
leaf_weight=120.9726752191782 13.501959338784216 7.3090990036725989 19.305700093507767 15.674555465579031 28.843639984726906 90.538854375481606 208.98462882637978 77.75016687810421 17.4654331356287 331.00061248242855 246.04905417561531 16.365420311689377 13.182950317859648 16.53089228272438 11.592845752835274 15.760855317115782 48.549101248383522 17.100836738944054 332.95683839917183 8.258793964982031 58.062936261296272 64.398795738816261 11.440809249877928 50.475796088576317 57.985631182789803 224.82956682145596 120.66387732326984 11.604888871312141 22.851173922419548 15.409963741898535
leaf_count=308 42 25 63 29 131 342 392 214 73 632 1204 40 62 72 59 27 123 65 841 34 119 119 47 126 120 708 242 38 47 52
internal_value=0.030558 0.0209215 0.0156943 0.00434086 -0.00198158 0.0235896 0.03961 0.0357667 0.028134 0.0399871 -0.0135094 0.0167141 0.0357921 -0.0226522 0.0410618 0.0234556 0.0218374 0.0314818 0.0262376 0.0257469 0.0304413 0.054919 0.0121419 0.0265768 0.0309376 0.0265056 0.0548718 -0.0261199 0.0498197 0.0181506
internal_weight=2295.42 1112.25 883.397 462.144 384.737 119.382 1183.17 974.188 421.253 797.22 265.355 176.968 77.4066 32.8963 228.848 100.875 61.7321 427.958 350.058 144.072 135.813 77.9008 85.1143 61.9166 403.788 345.802 127.973 23.1977 369.262 38.2611
internal_count=6396 3727 3163 1954 1740 473 2669 2277 1209 1798 1267 479 214 112 564 297 185 1067 906 367 333 161 270 173 1136 1016 267 97 731 99
is_linear=0
shrinkage=0.05


Tree=17
num_leaves=31
num_cat=0
split_feature=13 26 5 32 22 21 18 30 28 3 32 22 11 32 54 4 21 33 18 42 14 17 41 3 8 8 24 39 0 36
split_gain=73.806 53.6983 64.4859 43.9806 33.3617 33.4349 26.528 24.8556 30.8994 25.7524 22.8397 34.6403 22.2733 21.3339 20.3181 21.5098 25.9896 19.3472 21.3982 19.8769 18.1857 14.8041 25.1568 16.8292 15.3241 19.2612 14.6892 14.2936 17.8253 18.3975
threshold=1.5000000000000002 1.5000000000000002 1.0000000180025095e-35 0.73350000000000015 0.69750000000000012 323500.00000000006 95.950000000000017 1.0000000180025095e-35 25.500000000000004 332500.00000000006 0.33950000000000008 0.50850000000000006 3.5000000000000004 0.20950000000000002 3.5000000000000004 15.500000000000002 71500.000000000015 2.4185000000000003 80.550000000000011 12.649156539252488 105.00000000000001 335850.00000000006 1.2046198402893153 528500.00000000012 7.8850000000000007 9.2250000000000032 41.550000000000004 -0.60304014134800632 39.500000000000007 0.20550000000000002
decision_type=2 2 2 2 2 2 2 2 2 2 2 2 2 2 2 2 2 2 2 2 2 2 2 2 2 2 2 2 2 2
left_child=1 2 6 4 5 -4 10 8 -5 -9 11 -1 -12 -6 15 27 -17 18 19 -16 21 22 23 -3 -23 -26 -21 -2 29 -29
right_child=14 20 3 7 13 -7 -8 9 -10 -11 12 -13 -14 -15 17 16 -18 -19 -20 26 -22 24 -24 -25 25 -27 -28 28 -30 -31
leaf_value=0.024043369624825617 0.063840902374192612 0.019202500035027225 -0.016489071199420315 -0.052402737590784856 -0.020340851485710607 0.074739686570826747 -0.033507437537220131 0.0072275525065871472 0.011328363021791894 0.03730294845538927 0.039494547135459523 -0.050290177921075867 -0.014814158447343628 0.072789396045995269 0.045930092689304036 -0.059552895426649169 0.041809378857134809 0.04069222474843729 -0.081679852774241182 0.02124761172617548 0.087873844874780754 0.10595006094745418 -0.068741377561622102 0.064496712660747399 0.0099681141445051597 0.055058318176889255 -0.064668740737640423 -0.02470164602199924 0.025323455944991725 0.053563649131175006
leaf_weight=116.09189677238464 137.76296785473824 76.375652179121971 236.63128164410591 22.278557345271111 8.7169181853532809 10.373833186924456 15.503562614321707 111.11887721717358 126.40066985785961 200.48938703536987 475.75443597137928 17.987625107169151 19.473268702626228 19.917278587818146 22.422535225749016 9.9723958373069781 16.866083279252052 77.465776205062866 6.7183507978916159 9.5411313772201556 21.209232449531555 11.318352952599524 6.5287051498889914 28.300632700324059 30.763808518648148 107.93523295223713 10.07771575450897 7.5934193879365912 90.166887030005455 254.60603651404381
leaf_count=350 225 241 1151 102 44 31 62 371 404 554 1105 78 63 65 45 40 38 158 29 22 30 14 34 77 89 236 39 26 208 465
internal_value=0.0288848 0.0233134 0.019241 0.00911488 -0.00666559 -0.0126087 0.030787 0.0185751 0.00171629 0.0265999 0.032384 0.0140037 0.0373464 0.0442922 0.0432775 0.0476816 0.00387925 0.0251773 0.000393191 0.0137901 0.0431909 0.0395116 0.0255568 0.031546 0.0497988 0.0451076 -0.0227361 0.0500686 0.0446534 0.0512694
internal_weight=2306.36 1663.17 1380.74 735.927 275.639 247.005 644.811 460.287 148.679 311.608 629.307 134.08 495.228 28.6342 643.193 516.968 26.8385 126.226 48.7597 42.0414 282.432 261.222 111.205 104.676 150.017 138.699 19.6188 490.129 352.366 262.199
internal_count=6396 5101 4380 2722 1291 1182 1658 1431 506 925 1596 428 1168 109 1295 1002 78 293 135 106 721 691 352 318 339 325 61 924 699 491
is_linear=0
shrinkage=0.05


Tree=18
num_leaves=31
num_cat=0
split_feature=13 19 5 31 14 13 9 82 18 31 3 46 10 46 16 25 19 46 34 35 35 46 18 88 57 13 89 20 89 12
split_gain=67.1153 41.6225 40.3447 32.9281 28.7838 26.2809 33.7868 35.772 25.5982 24.4822 26.0989 25.6739 23.9771 33.8482 26.9879 22.5138 22.4691 21.2566 23.8973 19.3376 20.6586 19.3369 17.7829 20.3335 17.6664 16.819 16.5383 16.4735 22.434 16.0968
threshold=1.0000000180025095e-35 1.0000000180025095e-35 1.0000000180025095e-35 1.5000000000000002 105.00000000000001 2.5000000000000004 736.50000000000011 1.0000000180025095e-35 93.850000000000009 1.5000000000000002 476500.00000000006 0.070711190007836364 2.5000000000000004 0.093948407938716408 1.5000000000000002 68.450000000000017 1.5000000000000002 0.015392857714020653 0.50050000000000006 17450.000000000004 13550.000000000002 0.037622543139983013 25.150000000000002 0.12797823308432582 1.0000000180025095e-35 3.5000000000000004 0.17849466766602626 1.0000000180025095e-35 0.17835261883000048 4.5000000000000009
decision_type=2 2 2 2 2 2 2 2 2 2 2 2 2 2 2 2 2 2 2 2 2 2 2 2 2 2 2 2 2 2
left_child=1 2 8 12 5 9 -7 25 27 11 -11 16 13 -4 -14 -13 -2 -5 -19 20 -3 24 -23 -24 -21 -8 -10 28 -1 -6
right_child=4 19 3 17 29 6 7 -9 26 10 -12 15 14 -15 -16 -17 -18 18 -20 21 -22 22 23 -25 -26 -27 -28 -29 -30 -31
leaf_value=0.040249336779408111 0.009255467853721824 0.037952275852487311 -0.0066400944960407909 0.084259872482770282 -0.011736126329377997 0.054486430701933791 -0.006807626089236316 -0.06754660239454971 0.031789753580368035 0.067572891507340804 0.0079533247706129774 0.036751589640887476 0.037602049183586297 0.038511238319437598 -0.019975620030315531 -0.040611583627817006 0.05549193361829137 0.043641563109645704 -0.020120316686742766 0.024221016922863988 0.083886790852118268 0.070472343530830095 0.0052642857807992764 0.082227323318435186 -0.054394700999492264 0.047654988653812375 -0.070360976757344332 0.051730783678518605 0.013737119597587465 0.056004625763605445
leaf_weight=123.56109488010406 293.82052607834339 85.738301873207092 104.55004288256168 16.015711009502411 9.031128525733946 220.21740624308586 20.8415547311306 10.937307476997374 5.9364146292209652 65.841785237193108 25.753447696566582 273.34898626804352 22.641653157770634 68.560854941606522 190.35324200987816 9.5988300889730436 28.8412054926157 38.80552650988102 23.414159968495369 14.826056197285652 34.865339934825897 24.256688728928566 47.548710271716118 10.424938678741453 13.54170823097229 43.106417238712311 11.249341651797293 58.977293372154236 228.05445170402527 191.27985125780106
leaf_count=308 885 192 522 29 28 363 58 42 17 114 72 598 85 206 927 33 49 96 89 45 54 47 143 17 66 75 56 120 708 352
internal_value=0.0273211 0.0185387 0.0136274 0.00340782 0.0355867 0.0320774 0.0446141 0.0154818 0.0247054 0.0267583 0.0508914 0.0230922 -0.00257624 0.0112252 -0.0138168 0.034096 0.0134197 0.0329697 0.019573 0.0374538 0.0513314 0.0222428 0.0345285 0.0193078 -0.0131908 0.0298439 -0.0348064 0.0272164 0.0230768 0.0529212
internal_weight=2315.94 1123.32 892.12 464.341 1192.62 992.307 295.103 74.8853 427.779 697.205 91.5952 605.61 386.106 173.111 212.995 282.948 322.662 78.2354 62.2197 231.202 120.604 110.598 82.2303 57.9736 28.3678 63.948 17.1858 410.593 351.616 200.311
internal_count=6396 3727 3163 1954 2669 2289 538 175 1209 1751 186 1565 1740 728 1012 631 934 214 185 564 246 318 207 160 111 133 73 1136 1016 380
is_linear=0
shrinkage=0.05


Tree=19
num_leaves=31
num_cat=0
split_feature=13 31 32 30 17 26 37 9 19 18 39 28 37 21 35 91 36 2 55 37 55 0 4 9 86 34 92 12 12 13
split_gain=61.3843 55.7295 51.917 31.4635 28.4039 26.8096 28.7088 25.2883 25.2845 32.1628 21.8225 20.6569 25.9973 19.6612 17.4242 22.0384 17.0774 22.6163 22.5886 15.7531 15.192 16.3085 14.9378 24.7985 23.8722 14.0829 13.7142 14.3017 13.3333 11.9574
threshold=1.5000000000000002 1.5000000000000002 0.45250000000000007 2.5000000000000004 119650.00000000001 1.5000000000000002 0.94850000000000001 709.50000000000011 1.5000000000000002 92.750000000000014 -0.15406573598699977 25.500000000000004 2.6625000000000001 152500.00000000003 28250.000000000004 0.18360511595672871 0.39850000000000008 8.5000000000000018 1.0000000180025095e-35 2.9115000000000006 1.0000000180025095e-35 37.500000000000007 8.5000000000000018 709.50000000000011 -0.033880261207420645 0.77850000000000008 0.19140056168389352 50.500000000000007 55.500000000000007 2.5000000000000004
decision_type=2 2 2 2 2 2 2 2 2 2 2 2 2 2 2 2 2 2 2 2 2 2 2 2 2 2 2 2 2 2
left_child=1 2 3 5 -4 6 -1 29 9 -6 22 12 -9 -7 15 -12 17 18 -13 25 21 -5 23 24 -3 -16 -18 -28 -17 -2
right_child=7 10 4 20 8 13 -8 11 -10 -11 14 16 -14 -15 19 28 26 -19 -20 -21 -22 -23 -24 -25 -26 -27 27 -29 -30 -31
leaf_value=0.031481195925284887 0.036954641207299521 0.068162072011516611 -0.054290431903743143 -0.067678250300168358 0.023521398853037473 0.036068106033228291 -0.016569364181105023 -0.056720239731995442 0.050564374345475185 -0.019029040839463912 -0.073738066279753975 0.019318481347419612 0.029455373061476327 -0.037699626263622055 0.0045383852489888623 0.038985571509884402 0.049128006462287301 0.060435775502778094 -0.060113361447739426 0.082837549661946952 0.063832764330699995 0.046112368580293453 0.076402810093831763 0.065516606622474854 -0.010311180209526151 0.074660919763232345 0.037819313399826554 -0.02216889623356777 -0.044221150632410958 0.054523686486296213
leaf_weight=35.515975892543793 178.27063117921352 14.178747892379759 11.666949421167372 5.3688463568687421 912.7767246440053 57.736952275037766 241.80636218190193 15.75292533636093 81.181871369481087 46.478764116764069 8.5377434790134412 21.174911007285118 19.382455930113792 10.556653514504431 27.568097367882729 19.471922174096111 116.6069890409708 14.070052757859228 15.293577849864958 15.839061111211775 27.684121772646904 7.3138553351163864 52.552982032299042 54.80786544084549 29.866960376501083 9.6644890457391721 26.812388554215431 15.558179616928099 6.2470446676015845 222.72072161734104
leaf_count=128 385 26 55 29 2614 174 1085 60 159 178 40 50 42 44 83 47 216 24 58 28 67 23 81 102 95 18 57 47 25 356
internal_value=0.0258791 0.0208265 0.0171045 0.0014054 0.0228586 -0.00346436 -0.0103885 0.0389886 0.0237337 0.0214527 0.0432091 0.0262551 -0.00909083 0.0245537 0.023166 -0.00449931 0.0322078 0.00675409 -0.013929 0.0410923 0.0431288 -0.00181898 0.0547137 0.0430672 0.0149341 0.0230253 0.0402588 0.015674 0.0184883 0.0467366
internal_weight=2322.46 1676.82 1438.09 385.983 1052.1 345.616 277.322 645.643 1040.44 959.255 238.735 244.651 35.1354 68.2936 87.3284 34.2567 209.516 50.5385 36.4685 53.0716 40.3668 12.6827 151.407 98.8536 44.0457 37.2326 158.978 42.3706 25.719 400.991
internal_count=6396 5101 4556 1550 3006 1431 1213 1295 2951 2792 545 554 102 218 241 112 452 132 108 129 119 52 304 223 121 101 320 104 72 741
is_linear=0
shrinkage=0.05


Tree=20
num_leaves=31
num_cat=0
split_feature=14 5 19 18 31 22 17 26 34 18 27 92 12 24 22 21 88 24 24 27 13 54 91 28 21 30 57 89 17 36
split_gain=59.3486 63.1384 40.7361 42.7648 30.6329 30.524 27.9556 21.7163 21.3821 24.2182 21.3555 19.6685 31.0304 28.6973 18.4542 17.066 15.9249 42.1568 24.1059 30.4816 19.7247 18.5783 31.1504 15.3072 14.9197 14.5677 14.02 13.9259 13.5102 27.1936
threshold=45.000000000000007 1.0000000180025095e-35 1.5000000000000002 65.950000000000017 1.0000000180025095e-35 0.71050000000000002 410250.00000000006 3.5000000000000004 0.83050000000000013 75.65000000000002 92.050000000000011 0.19328664151774191 9.5000000000000018 65.250000000000014 0.10250000000000001 172500.00000000003 0.12797823308432582 39.95000000000001 59.050000000000004 81.250000000000014 3.5000000000000004 4.5000000000000009 0.18267519813920716 31.500000000000004 30500.000000000004 1.0000000180025095e-35 1.0000000180025095e-35 0.18271165329579747 210700.00000000003 0.28350000000000003
decision_type=2 2 2 2 2 2 2 2 2 2 2 2 2 2 2 2 2 2 2 2 2 2 2 2 2 2 2 2 2 2
left_child=1 8 3 4 7 6 -5 -3 11 10 -10 15 -13 -14 -4 23 20 -18 25 -20 21 28 -23 -1 -6 -19 -17 -7 29 -2
right_child=16 2 14 5 24 27 -8 -9 9 -11 -12 12 13 -15 -16 26 17 18 19 -21 -22 22 -24 -25 -26 -27 -28 -29 -30 -31
leaf_value=0.044893746089894555 -0.045400856000363157 -0.013298414694859519 -0.012220487955452405 0 0.047792680124150722 0.025586901609756737 0.032243355034076993 0.051926511713170566 -0.0093719526710224245 -0.079426433617607275 0.060636486148329297 -0.074141387135320466 0.03105485747408623 -0.077662217586487406 0.055112039561057952 -0.033057888760836984 -0.065263030196375249 0.084745042493576284 0.045679148448413739 -0.068158582106389906 0.058672128164680787 0.051113404276249809 -0.082087693450378155 0.027616392088904165 0.0088781354684620561 0.024565025326427861 0.02711230200666543 0.093843532011065073 0.043167466992023867 0.031664308660329411
leaf_weight=382.10231491923332 12.320492774248121 299.5741057023406 11.754371181130407 126.50714702159166 30.709090456366539 12.330609530210493 142.63881076872349 13.204898774623869 31.183491915464401 7.8363321274518958 16.551471129059792 9.3550360351800901 70.877839297056198 6.5203684717416754 69.141522258520126 14.757241845130919 13.014246448874472 21.313008219003677 12.483031049370767 10.920762091875075 122.49776205420494 8.7948450297117251 8.5379917621612531 196.94476811587811 125.95365113019943 19.734774380922318 27.559365026652813 20.262374937534332 374.20756669342518 140.91567303240299
leaf_count=832 49 1264 37 527 81 37 391 33 96 35 34 44 185 29 132 57 53 32 25 43 182 16 37 486 420 51 74 42 751 342
internal_value=0.0262778 0.0208861 0.0115175 0.00796567 -0.00146471 0.0226495 0.0170757 -0.0105131 0.0313295 0.00136776 0.014874 0.0336732 0.0112724 0.0217431 0.0452637 0.0367904 0.0379645 0.0163685 0.0330048 -0.00729148 0.0404613 0.0363472 -0.0143079 0.0390318 0.0165637 0.0560635 0.00598256 0.0683308 0.0380237 0.0254099
internal_weight=2360.5 1615.76 852.077 771.181 469.442 301.739 269.146 312.779 763.688 55.5713 47.735 708.117 86.7532 77.3982 80.8959 621.364 744.74 77.4658 64.4516 23.4038 667.274 544.777 17.3328 579.047 156.663 41.0478 42.3166 32.593 527.444 153.236
internal_count=6417 4836 2964 2795 1798 997 918 1297 1872 165 130 1707 258 214 169 1449 1581 204 151 68 1377 1195 53 1318 501 83 131 79 1142 391
is_linear=0
shrinkage=0.05


Tree=21
num_leaves=31
num_cat=0
split_feature=14 32 22 21 4 6 21 9 22 30 2 41 28 19 32 9 37 50 17 8 35 51 35 26 37 88 24 24 27 17
split_gain=53.7177 38.4705 25.3685 38.0014 24.2369 24.656 28.9883 22.5956 25.7794 22.9945 22.0831 19.7289 17.9071 22.6477 17.8685 18.0756 17.4068 17.1024 16.1549 15.8752 26.7165 19.1808 15.6926 15.5383 19.9862 19.6966 24.3751 21.5598 28.5601 19.89
threshold=45.000000000000007 0.92850000000000021 0.38050000000000006 153500.00000000003 1.5000000000000002 2268000.0000000005 23500.000000000004 716.50000000000011 0.49550000000000005 1.5000000000000002 2.5000000000000004 -0.98383300526104689 29.500000000000004 1.0000000180025095e-35 2.7745000000000002 609.50000000000011 3.2055000000000002 1.0000000180025095e-35 77550.000000000015 14.625000000000002 20050.000000000004 3.5000000000000004 16850.000000000004 1.5000000000000002 0.69750000000000012 0.12797823308432582 39.95000000000001 59.050000000000004 81.250000000000014 321950.00000000006
decision_type=2 2 2 2 2 2 2 2 2 2 2 2 2 2 2 2 2 2 2 2 2 2 2 2 2 2 2 2 2 2
left_child=1 2 11 7 19 6 17 9 -9 -4 -8 -1 16 -14 15 -7 -13 -6 -5 -3 22 -22 -21 25 -25 29 -27 -28 -29 -2
right_child=23 4 3 18 5 14 10 8 -10 -11 -12 12 13 -15 -16 -17 -18 -19 -20 20 21 -23 -24 24 -26 26 27 28 -30 -31
leaf_value=-0.048093013434359289 0.023700059237075997 0.046220166314555972 0.030404495341170297 0.039676631710957949 0.04928657857470696 -0.036096177593111727 0.022168138231930409 0.048034615427753502 -0.019935744094503442 0.073638248513074378 -0.0014893765726382577 0.0203745726109196 -0.010508211852812421 0.025572015977421564 -0.011721602170972621 0.05877408370068872 -0.025550943445907998 -0.013785610554667656 -0.042412234407858712 0.021975579754083471 0.035051381965971809 -0.079939535985911941 0.093701772066068598 -0.083527450534988917 0.053180116414083649 -0.060134343277937874 0.046420379586283936 0.037785632295557009 -0.083696612972774725 0.043392387378297738
leaf_weight=16.539971731603146 216.90714047849178 206.45090074837208 99.674720548093319 7.6149607449769965 84.356559872627258 5.2322364300489417 203.06595215201378 22.971207872033119 35.095654368400574 45.069607116281986 190.98990899324417 237.43799441307783 192.91234944015741 56.015898063778877 12.154294058680533 78.40414322912693 22.417181298136711 12.135131329298018 26.227328523993492 41.132153943181038 5.4928985685110066 10.069693148136139 9.3971071839332563 2.6101267337799063 144.17955157160759 11.385753750801085 30.879037067294121 9.8695750832557696 9.2572995871305448 320.83572299778461
leaf_count=79 540 432 294 26 185 20 541 70 146 101 595 777 807 142 39 155 99 39 121 100 13 44 11 11 247 47 67 21 40 608
internal_value=0.0248936 0.0197745 0.0115826 0.0251776 0.0270342 0.0212827 0.0167291 0.0333711 0.00690367 0.0439424 0.0106917 0.00544497 0.00720436 -0.00236205 0.0445079 0.0527433 0.0163851 0.0412966 -0.0237314 0.0393771 0.0178885 -0.039069 0.0355722 0.0360063 0.05066 0.0323999 0.00546257 0.0205882 -0.0208805 0.0354644
internal_weight=2366.78 1620.86 761.977 236.653 858.881 586.338 490.548 202.811 58.0669 144.744 394.056 525.323 508.783 248.928 95.7907 83.6364 259.855 96.4917 33.8423 272.543 66.0919 15.5626 50.5293 745.924 146.79 599.135 61.3917 50.0059 19.1269 537.743
internal_count=6417 4836 2662 758 2174 1574 1360 611 216 395 1136 1904 1825 949 214 175 876 224 147 600 168 57 111 1581 258 1323 175 128 61 1148
is_linear=0
shrinkage=0.05


Tree=22
num_leaves=31
num_cat=0
split_feature=5 22 13 32 19 28 89 3 32 4 34 33 34 36 31 7 89 27 38 91 33 38 27 18 32 28 34 43 32 43
split_gain=51.0114 38.3616 37.196 39.6622 33.6592 25.8181 20.7997 20.6912 20.5544 20.3577 21.3702 18.8684 26.1743 18.7522 18.3255 22.7614 23.44 27.64 23.2793 34.4928 22.0291 28.1149 19.5597 17.8185 17.1514 25.2102 21.5616 16.9878 16.95 14.7852
threshold=1.0000000180025095e-35 0.71050000000000002 3.5000000000000004 0.92850000000000021 1.0000000180025095e-35 26.500000000000004 0.18628449655034499 437500.00000000006 0.19250000000000003 8.5000000000000018 0.43550000000000005 0.15150000000000002 0.13050000000000003 0.41750000000000004 1.0000000180025095e-35 42.000000000000007 0.19585303326871267 87.750000000000014 0.75000000000000011 0.18331817834063543 4.1705000000000014 2.3500000000000001 80.65000000000002 60.250000000000007 0.38050000000000006 25.500000000000004 0.43550000000000005 13.356646242888241 1.304 13.041155114741935
decision_type=2 2 2 2 2 2 2 2 2 2 2 2 2 2 2 2 2 2 2 2 2 2 2 2 2 2 2 2 2 2
left_child=14 2 3 4 5 -2 -4 -8 -3 10 -10 -5 -13 -12 15 16 24 -18 19 -17 -16 28 -23 -6 26 -26 -1 -21 -22 -24
right_child=1 8 6 11 23 -7 7 -9 9 -11 13 12 -14 -15 20 18 17 -19 -20 27 21 22 29 -25 25 -27 -28 -29 -30 -31
leaf_value=-0.051891226436852393 0.013321795252575944 -0.015768986302587683 0.05760147614056961 -0.051135094910467874 0.002539861851004493 -0.01528974453552576 0.035824956791185691 -0.052526625464125169 0.057307290797311221 0.076565701027021649 -0.046239205962295908 -0.058084907207205522 0.022742352901018396 0.028605256947922753 0.049237786771988146 -0.080204621505597345 -0.082682272309261839 0.014771534724927702 0.036997323143487609 0.035536097055798313 -0.077811417067075686 0.072512403311053839 0.032471158467129696 0.042582599913091053 -0.023983909887465973 0.035632388413305391 0.017433054847663609 -0.041399182744567956 0.014093932761365478 -0.053910395243724166
leaf_weight=16.317457035183907 112.68669804185629 13.997453697025774 70.906818673014641 9.0198654234409315 51.028200134634972 261.07644548267126 21.050842344760898 9.5298783928155881 45.483357734978199 41.492298319935799 11.536433368921278 10.077668994665144 543.15770554542542 29.549251660704613 235.65555383265018 10.087829574942587 12.560219734907152 16.893526613712311 475.74783062934875 38.460737124085426 10.220297858119013 21.382172077894211 16.146928355097774 61.661484256386757 19.99708017706871 146.61901551485062 35.214901402592659 8.6726980805397016 9.5633514225482923 7.0106954127550116
leaf_count=69 442 60 107 38 151 1184 38 32 90 80 45 42 1451 76 453 45 55 44 1026 91 46 35 38 130 63 313 96 29 22 26
internal_value=0.0235851 0.0168708 0.0138342 0.0110282 0.000563193 -0.00664896 0.0427415 0.0080475 0.0413943 0.0476889 0.0337182 0.0200717 0.0212507 0.00740706 0.031608 0.0275455 0.0149733 -0.0267565 0.033373 0.00314028 0.0421495 0.0160671 0.0381261 0.0245131 0.0206401 0.0284372 -0.00447927 0.0212162 -0.0332858 0.00598583
internal_weight=2372.8 1292.25 1150.2 1048.71 486.453 373.763 101.488 30.5807 142.059 128.061 86.569 562.255 553.235 41.0857 1080.55 780.571 247.602 29.4537 532.969 57.2213 299.979 64.3234 44.5398 112.69 218.148 166.616 51.5324 47.1334 19.7836 23.1576
internal_count=6417 3966 3615 3438 1907 1626 177 70 351 291 211 1531 1493 121 2451 1831 640 99 1191 165 620 167 99 281 541 376 165 120 68 64
is_linear=0
shrinkage=0.05


Tree=23
num_leaves=31
num_cat=0
split_feature=14 5 26 17 16 38 17 22 87 29 20 32 29 29 24 32 38 87 16 36 42 3 29 17 9 82 24 24 18 13
split_gain=48.28 50.7869 34.6111 33.588 31.6462 26.4413 31.0723 24.7305 22.9155 22.2009 22.0787 23.9945 21.2878 20.5383 31.1914 20.1616 25.502 19.2095 29.8091 21.541 19.1433 18.6677 25.9832 15.1517 14.277 17.6105 17.3586 13.5158 12.9687 12.9625
threshold=45.000000000000007 1.0000000180025095e-35 1.0000000180025095e-35 287350.00000000006 2.5000000000000004 0.65000000000000002 125450.00000000001 0.69750000000000012 0.0070746139465644505 37.95000000000001 1.0000000180025095e-35 0.9165000000000002 9.5500000000000025 34.350000000000001 60.050000000000004 0.78150000000000019 0.8500000000000002 0.066243369258329618 5.5000000000000009 0.74150000000000016 12.136188286220493 689500.00000000012 34.45000000000001 806600.00000000012 664.50000000000011 -0.029868958076130946 48.750000000000007 33.95000000000001 61.95000000000001 3.5000000000000004
decision_type=2 2 2 2 2 2 2 2 2 2 2 2 2 2 2 2 2 2 2 2 2 2 2 2 2 2 2 2 2 2
left_child=1 10 3 5 9 6 -3 -6 21 -5 11 15 -7 29 -15 20 -17 18 -10 -19 -1 28 -23 27 25 -13 -26 -12 -4 -2
right_child=13 2 8 4 7 12 -8 -9 17 -11 23 24 -14 14 -16 16 -18 19 -20 -21 -22 22 -24 -25 26 -27 -28 -29 -30 -31
leaf_value=-0.02756330508315415 0.032771863469083964 0.073597750643238438 0.028003180568607035 -0.026728432585886048 0.01226835600041982 0.015175569700154965 -0.032875365626408748 0.055218069212891019 -0.024576507871866847 0.063760273994184519 -0.079384523929627818 0.022477020527330333 -0.032094871321635951 0.025691050103079052 -0.04498029619585199 0.047687581565526854 -0.059973352276744191 0.0024974454716361269 0.040784441900104634 0.073375956342885962 0.020958045879979358 -0.054531051207779305 0.077488515446621484 0.0024958103613153659 0.0075961722448123631 0.05976229997728888 0.036037306622543383 0.059400819308538327 0.059641299293100858 0.051371973568164891
leaf_weight=21.865543007850647 535.11631074547768 16.360817417502407 68.051483355462551 70.696678690612316 280.95726253837347 29.029122531414032 11.585307016968725 38.097000613808632 60.302371099591255 7.3738988935947409 1.677699252963065 52.702473878860474 128.13470088690519 75.96133191883564 19.514259025454521 7.6470009088516262 18.66034409403801 23.48667211830616 24.403152301907539 19.869473412632942 262.05493366718292 11.541163206100466 5.368769831955432 15.445673555135725 90.831387713551521 82.042286783456802 133.01603619754314 85.447066649794579 63.92255437374115 115.5328508913517
leaf_count=83 1161 53 199 282 885 111 56 82 236 15 7 121 648 173 70 15 74 80 64 42 738 58 10 39 234 137 278 146 143 177
internal_value=0.0223656 0.0175365 0.00916475 0.00223278 0.0104387 -0.015341 0.0293203 0.0174282 0.023714 -0.018047 0.026852 0.0235183 -0.0233278 0.0329085 0.0111623 0.0133025 -0.0284271 0.00814638 -0.00566156 0.0351892 0.0171953 0.0370564 -0.0121128 0.0484973 0.0323362 0.0452435 0.0245275 0.0565831 0.0433987 0.0360897
internal_weight=2376.7 1630.57 859.18 582.235 397.125 185.11 27.9461 319.054 276.946 78.0706 771.39 668.82 157.164 746.125 95.4756 310.228 26.3073 128.062 84.7055 43.3561 283.92 148.884 16.9099 102.57 358.592 134.745 223.847 87.1248 131.974 650.649
internal_count=6417 4836 2964 2132 1264 868 109 967 832 297 1872 1680 759 1581 243 910 89 422 300 122 821 410 68 192 770 258 512 153 342 1338
is_linear=0
shrinkage=0.05


Tree=24
num_leaves=31
num_cat=0
split_feature=14 5 19 31 29 3 3 22 10 20 32 13 32 52 29 44 33 1 43 89 19 9 5 5 36 31 43 37 9 82
split_gain=43.6928 45.6292 34.7956 31.8447 30.1002 30.1872 29.8138 26.6568 22.7025 19.857 21.642 19.4699 23.6536 18.9799 18.5136 17.4126 17.3207 16.3604 13.5835 13.4293 13.3795 14.5201 14.2736 17.9615 14.5856 13.7382 22.4546 13.7345 12.8434 15.8104
threshold=45.000000000000007 1.0000000180025095e-35 1.5000000000000002 1.5000000000000002 37.750000000000007 335500.00000000006 446500.00000000006 0.60950000000000004 2.5000000000000004 1.0000000180025095e-35 0.9165000000000002 3.5000000000000004 0.78150000000000019 1.0000000180025095e-35 34.350000000000001 10.802651953825547 2.1805000000000008 1.0000000180025095e-35 13.600584209063671 0.18271165329579747 1.0000000180025095e-35 715.50000000000011 3.5000000000000004 6.5000000000000009 1.2495000000000003 1.0000000180025095e-35 12.625936906112875 3.1215000000000006 664.50000000000011 -0.029868958076130946
decision_type=2 2 2 2 2 2 2 2 2 2 2 2 2 2 2 2 2 2 2 2 2 2 2 2 2 2 2 2 2 2
left_child=1 9 3 4 7 -6 -5 -3 -4 10 11 12 -1 -10 20 -8 -16 -18 -11 -19 21 25 24 -24 -23 26 -2 -22 29 -12
right_child=14 2 8 6 5 -7 15 -9 13 18 28 -13 -14 -15 16 -17 17 19 -20 -21 27 22 23 -25 -26 -27 -28 -29 -30 -31
leaf_value=0.013765099244336922 0.0081978775882604656 -0.0068475941052790062 0.066487887463333326 0.045515308262196366 -0.048272027927488623 0.052065769009466446 -0.029628432197255514 0.021874324624841911 -0.025478206305588738 0.05358813248380602 0.021320267026916515 0.063891139769718983 -0.037988459272866794 0.042859597958436524 0.031617150439675709 0.042011647835225742 0.035726316826756782 0 0.0023715606563319606 -0.063121431008782147 0.055679207315406334 0.028973385618429756 -0.055105625594006696 0.047879259385916362 -0.021378921097638767 0.051996299959235152 0.040813572868117695 0.0049134363200239103 0.023254983863201083 0.056623161912952184
leaf_weight=269.72685477137566 78.859685212373734 503.13897337019444 40.229419007897377 84.090329766273499 8.7817003279924375 47.022728815674782 27.012823402881622 96.093150779604912 17.635924503207207 87.378874018788338 52.786950185894966 17.398768842220306 23.907131314277649 23.550847828388214 48.356435298919678 12.215773120522497 13.308125883340834 18.102181971073151 15.447346881031988 15.701734468340872 106.48885595798492 147.92158685624599 12.869169533252718 6.1508734226226798 15.741590917110441 105.02269516885281 162.40499767661095 15.500096306204794 224.29628819227219 82.260282844305038
leaf_count=800 216 2013 64 176 39 129 104 304 59 153 121 23 87 46 107 30 28 48 39 60 161 324 49 12 50 186 304 36 512 137
internal_value=0.0212213 0.0166321 0.00869569 0.00543252 0.00103479 0.0361285 0.0287318 -0.00223051 0.039786 0.0254484 0.0222895 0.0125998 0.0095229 0.0134858 0.0312509 -0.0071425 0.010599 -0.0108897 0.0459523 -0.0294404 0.0342699 0.0307905 0.0193104 -0.0214637 0.0240897 0.036825 0.0301813 0.0492791 0.0306568 0.042887
internal_weight=2379.4 1632.97 859.772 778.355 655.037 55.8044 123.319 599.232 81.4162 773.202 670.376 311.033 293.634 41.1868 746.428 39.2286 95.4685 47.112 102.826 33.8039 650.96 528.971 182.683 19.02 163.663 346.287 241.265 121.989 359.344 135.047
internal_count=6417 4836 2964 2795 2485 168 310 2317 169 1872 1680 910 887 105 1581 134 243 136 192 108 1338 1141 435 61 374 706 520 197 770 258
is_linear=0
shrinkage=0.05


Tree=25
num_leaves=31
num_cat=0
split_feature=14 32 9 64 36 26 5 8 10 21 35 9 6 33 35 35 9 90 14 84 9 0 24 38 35 7 64 21 17 32
split_gain=33.8102 33.2533 26.8542 25.2378 24.5595 24.3609 30.2382 23.574 20.8544 18.9838 30.8537 26.9048 21.5327 17.3869 19.674 43.5888 17.3161 16.9798 15.0494 13.8418 13.227 19.5553 14.124 13.2524 12.2623 11.3079 10.7357 19.373 10.6567 10.3083
threshold=105.00000000000001 0.85350000000000004 804.50000000000011 1.0000000180025095e-35 1.7475000000000003 1.0000000180025095e-35 1.0000000180025095e-35 8.4350000000000005 4.5000000000000009 133500.00000000003 34250.000000000007 582.50000000000011 1839500.0000000002 3.9575000000000005 10650.000000000002 24150.000000000004 593.50000000000011 0.16557597728009507 1.0000000180025095e-35 1.0000000180025095e-35 646.50000000000011 23.500000000000004 55.45000000000001 0.35000000000000003 40650.000000000007 54.000000000000007 1.0000000180025095e-35 81500.000000000015 12450.000000000002 0.33950000000000008
decision_type=2 2 2 2 2 2 2 2 2 2 2 2 2 2 2 2 2 2 2 2 2 2 2 2 2 2 2 2 2 2
left_child=1 2 3 5 18 6 -1 -7 9 10 11 -3 -12 14 19 -16 -11 -4 -5 -10 29 22 -22 -23 -15 -6 -19 -28 -25 -2
right_child=20 8 17 4 25 7 -8 -9 13 16 12 -13 -14 24 15 -17 -18 26 -20 -21 21 23 -24 28 -26 -27 27 -29 -30 -31
leaf_value=0.023546357730913882 0.017014479525082168 0.055840813467563158 0.048282509132457879 -0.019215948924332472 0.018456069415936107 -0.014549820946483849 -0.0027890645897773948 0.036764147980249608 -0.0083483967104033881 -0.079580480650350033 -0.022076514411195819 0.023810904415564691 0.018953254099271951 0.039626906785908037 -0.064962786751761897 0.015071325779438703 0.050337546161525984 -0.04397386683831922 0.0066628170625735606 0.041186708527452348 -0.066743714813085303 -0.043342511070824603 0.030657061715477375 -0.076907686595026892 -0.028199213849831224 0.09589731349508375 0.031202262320329289 -0.07019274550093195 0.041138678397268459 0.067982025402122045
leaf_weight=219.40523322671652 12.881580784916876 72.745073169469833 7.9546932056546202 111.47924149036407 11.249438911676409 25.071378163993359 215.87148666381836 195.47323653101921 25.99282693862915 2.5229114890098563 58.19080862402916 690.58857809007168 70.724939733743668 47.421699225902557 31.306946277618408 36.892679303884506 91.678322270512581 40.313075944781303 112.69533762335777 30.303728267550468 8.4336203634738904 4.9202546328306189 6.4401380419731131 1.8251752853393544 7.5886654406785956 8.353586941957472 15.011805526912214 6.7440077364444724 119.78937375545502 49.033868744969368
leaf_count=547 30 130 21 504 35 89 883 504 76 11 188 1656 180 100 126 96 179 185 306 63 32 17 13 8 26 14 44 37 225 69
internal_value=0.0186392 0.0167786 0.00992605 0.0122514 -0.00146559 0.0173573 0.0104764 0.0309042 0.0224717 0.0253259 0.0230562 0.0268768 0.000391465 0.00675346 -0.00355836 -0.0216363 0.0467243 -0.019852 -0.00618691 0.0182528 0.0381394 0.029591 -0.0243135 0.0359809 0.0301454 0.0520297 -0.0287281 -0.000177398 0.0392642 0.0575033
internal_weight=2338.9 2135.58 969.623 899.599 243.778 655.821 435.277 220.545 1165.96 986.451 892.249 763.334 128.916 179.507 124.496 68.1996 94.2012 70.0236 224.175 56.2966 203.324 141.409 14.8738 126.535 55.0104 19.603 62.0689 21.7558 121.615 61.9154
internal_count=6394 6000 3169 2882 859 2023 1430 593 2831 2344 2154 1786 368 487 361 222 190 287 810 139 394 295 45 250 126 49 266 81 233 99
is_linear=0
shrinkage=0.05


Tree=26
num_leaves=31
num_cat=0
split_feature=19 13 43 5 24 24 43 8 22 0 37 37 39 33 8 90 43 28 43 9 6 90 3 36 34 82 29 37 22 23
split_gain=49.5275 36.7643 28.8314 26.5535 25.1805 25.7743 19.2327 18.9869 38.6969 19.935 12.9416 21.6053 19.191 24.8043 13.4981 17.0327 14.3083 14.1602 12.7129 12.537 15.1796 23.852 17.7364 11.7301 11.5884 11.2252 8.59154 7.85916 14.4107 8.80383
threshold=1.0000000180025095e-35 2.5000000000000004 8.7719603986732384 1.0000000180025095e-35 49.850000000000001 65.450000000000017 13.241658060218873 9.0750000000000011 0.16250000000000003 45.500000000000007 2.7255000000000007 2.2705000000000006 -0.72456704806226357 2.9335000000000004 15.495000000000003 0.17508568748908102 12.750867624067086 27.500000000000004 9.7439598325753938 612.50000000000011 2658000.0000000005 0.20278871898951192 689500.00000000012 0.46550000000000008 0.7875000000000002 -0.029868958076130946 32.250000000000007 3.1085000000000007 0.061500000000000006 27500.000000000004
decision_type=2 2 2 2 2 2 2 2 2 2 2 2 2 2 2 2 2 2 2 2 2 2 2 2 2 2 2 2 2 2
left_child=1 2 -1 7 6 -6 -5 8 -4 -9 11 14 -13 26 15 -2 -16 -17 -12 -3 21 22 -21 -18 27 -15 -14 29 -29 -20
right_child=10 19 3 4 5 -7 -8 9 -10 -11 18 12 13 25 16 17 23 -19 24 20 -22 -23 -24 -25 -26 -27 -28 28 -30 -31
leaf_value=-0.070867393147922716 0.058358011991046566 0.053762657079924892 -0.026029059992571629 -0.01184168177851949 0.019860736327866575 -0.008824211323407577 0.010795097428859856 0.01901629535781095 0.022050683014489602 0.044347824380757794 -0.073947645769644063 0.053732810982062409 -0.083974659611879596 0.039429450076377298 -0.043365672084037354 0.0013431728397164066 0.046790363665713521 0.036857518364426113 0.07739289976994794 0.02874063748413613 0.051706540152005355 -0.049541808886103364 -0.028149897496944434 -0.021768537574268665 0.0054332952472057917 -0.028063780235928822 -0.0057087515817498408 -0.046483021423962018 0.045652636068238966 0.036018628957071093
leaf_weight=10.535926491022108 68.333107456564903 48.779717460274696 65.180314600467682 251.79636859148741 364.1460879817605 99.424413859844208 149.27102096378803 443.00756859779358 116.34532597661018 94.737930312752724 2.0984050258994094 12.195107653737066 12.770095512270929 16.301010668277744 10.711104564368723 37.529940724372864 18.861781030893329 114.90985096991062 42.70490001142025 165.92089711129665 45.784219831228256 11.591239422559736 14.765378311276434 9.1117168962955457 15.428879521787165 9.6983605623245221 5.0345445275306693 4.4355940520763388 59.70769290626049 19.56920663267374
leaf_count=58 112 72 213 1050 1183 383 430 1105 275 188 10 19 56 31 41 98 34 228 54 318 72 37 44 28 41 31 14 16 113 40
internal_value=0.0176918 0.0140916 0.0111207 0.0116737 0.00575963 0.0136972 -0.00340357 0.0187742 0.00475436 0.0234958 0.0324175 0.0266934 -0.00138539 -0.0169317 0.0327712 0.0375471 0.00535966 0.0281534 0.0449 0.0305787 0.0257867 0.0195651 0.024051 0.0242828 0.0467443 0.0140503 -0.0622785 0.0517384 0.0391411 0.0645501
internal_weight=2340.69 1881.29 1594.44 1583.91 864.638 463.571 401.067 719.271 181.526 537.745 459.401 315.457 55.9991 43.804 259.458 220.773 38.6846 152.44 143.945 286.841 238.062 192.278 180.686 27.9735 141.846 25.9994 17.8046 126.417 64.1433 62.2741
internal_count=6394 5428 4885 4827 3046 1566 1480 1781 488 1293 966 692 151 132 541 438 103 326 274 543 471 399 362 62 264 62 70 223 129 94
is_linear=0
shrinkage=0.05


Tree=27
num_leaves=31
num_cat=0
split_feature=19 32 4 32 92 14 18 24 38 9 21 92 18 34 35 13 36 34 29 91 35 8 35 13 42 0 0 7 24 35
split_gain=44.9479 33.9576 27.5441 31.5828 31.2913 29.1232 24.9271 21.0627 24.4022 26.829 22.0024 20.7604 20.1427 27.6516 22.2169 19.3311 18.5174 16.8388 14.3053 14.1422 11.8946 16.5186 15.4051 20.8054 13.8919 12.8981 16.1508 11.7646 11.5833 15.831
threshold=1.0000000180025095e-35 0.84250000000000014 14.500000000000002 0.78150000000000019 0.19868627852296242 75.000000000000014 71.450000000000017 63.95000000000001 1.1500000000000001 754.50000000000011 154500.00000000003 0.18383144517256447 93.15000000000002 0.68650000000000022 3450.0000000000005 2.5000000000000004 0.42850000000000005 0.76450000000000007 9.7500000000000018 0.18793162875957242 17450.000000000004 27.23 27750.000000000004 1.0000000180025095e-35 13.641753244655002 28.500000000000004 39.500000000000007 210.00000000000003 43.650000000000013 42550.000000000007
decision_type=2 2 2 2 2 2 2 2 2 2 2 2 2 2 2 2 2 2 2 2 2 2 2 2 2 2 2 2 2 2
left_child=1 2 3 4 5 -1 7 8 9 -3 -10 16 14 19 -8 -13 -9 -4 -16 -14 21 -2 23 25 -24 -22 -27 -5 -26 -30
right_child=20 6 17 27 -6 -7 12 11 10 -11 -12 15 13 -15 18 -17 -18 -19 -20 -21 22 -23 24 -25 28 26 -28 -29 29 -31
leaf_value=0.0064429939929284202 0.043559581128252339 0.0073727295004376615 -0.042150111740279682 -0.0600822203859862 -0.057534424919102267 0.030543581480460841 -0.039698625194454197 -0.023387399855899986 0.019406457536214242 -0.058413238160281891 0.059846902674290964 -0.038808743468613828 0.040472164747177318 -0.064279012079401163 0.062941517859385385 0.027619088437516294 0.045185031243665748 0.022344348559008867 0.033061101376083639 -0.020981326086598695 0.017642415662384402 -0.0091549474019090808 -0.015445350696485156 0.029283189350392202 0.052921081324549195 -0.080670638360625754 0 0.013685954828936989 0.043523298060433709 0.00087499081736971517
leaf_weight=558.52409829944372 195.92904955148697 95.948949068784714 44.583200365304947 22.402925163507465 16.494844637811184 161.89466553926468 9.2492462843656522 15.175742134451864 463.19013725221157 18.369717091321945 36.361465200781822 50.34941691160202 30.079907238483429 11.895843669772146 49.579798087477684 13.820718988776205 27.319439113140106 12.903987184166906 223.64135745167732 13.378272444009779 13.505657985806463 15.879530534148214 13.885034903883932 43.022887453436852 63.043821796774864 13.085321247577669 11.657425299286841 6.9356726557016364 49.266448467969894 39.352181404829025
leaf_count=2010 350 250 204 102 85 359 33 47 1144 73 63 180 67 49 81 26 52 43 495 44 33 46 42 82 117 58 33 21 93 112
internal_value=0.0168067 0.0133805 0.00575812 0.00826852 0.0103015 0.0118694 0.0193073 0.0140369 0.0176021 -0.00319645 0.0223714 -0.00643198 0.030526 0.00284151 0.0359305 -0.0244033 0.0205819 -0.0275727 0.0385227 0.0214346 0.0308502 0.0395815 0.0233243 0.0054129 0.0320786 -0.021313 -0.0427633 -0.0424863 0.0364698 0.0246635
internal_weight=2340.73 1882.1 823.739 766.252 736.914 720.419 1058.36 720.536 613.87 114.319 499.552 106.665 337.824 55.354 282.47 64.1701 42.4952 57.4872 273.221 43.4582 458.627 211.809 246.819 81.2713 165.547 38.2484 24.7427 29.3386 151.662 88.6186
internal_count=6394 5428 2824 2577 2454 2369 2604 1835 1530 323 1207 305 769 160 609 206 99 247 576 111 966 396 570 206 364 124 91 123 322 205
is_linear=0
shrinkage=0.05


Tree=28
num_leaves=31
num_cat=0
split_feature=31 13 17 19 33 8 14 9 92 14 9 27 23 12 32 13 4 12 90 37 22 17 35 77 11 31 8 27 26 51
split_gain=51.4049 45.9003 41.077 27.0931 24.9841 27.1262 24.4821 22.8084 34.1299 21.1703 18.389 18.3399 17.545 17.0616 15.304 16.1911 14.3585 14.1954 18.2336 13.9655 13.2453 21.3148 23.31 13.8046 14.602 13.0347 12.1285 11.3772 14.6229 15.8184
threshold=1.5000000000000002 2.5000000000000004 213450.00000000003 1.0000000180025095e-35 0.32450000000000007 10.785000000000002 75.000000000000014 652.50000000000011 0.19288890078608964 105.00000000000001 675.50000000000011 71.050000000000011 28500.000000000004 181.50000000000003 1.5755000000000001 1.5000000000000002 9.5000000000000018 40.500000000000007 0.1885970896573306 2.7255000000000007 0.12550000000000003 185650.00000000003 10850.000000000002 1.0000000180025095e-35 1.5000000000000002 1.0000000180025095e-35 10.135000000000003 71.250000000000014 1.0000000180025095e-35 3.5000000000000004
decision_type=2 2 2 2 2 2 2 2 2 2 2 2 2 2 2 2 2 2 2 2 2 2 2 2 2 2 2 2 2 2
left_child=1 2 4 7 10 11 -7 9 -9 -4 25 -6 16 19 15 17 20 -14 -19 -5 21 -2 -23 -22 -25 -1 -3 -28 29 -29
right_child=12 26 3 13 5 6 -8 8 -10 -11 -12 -13 14 -15 -16 -17 -18 18 -20 -21 23 22 -24 24 -26 -27 27 28 -30 -31
leaf_value=-0.034715478484156702 0.056390563168142588 0.04162387540851295 0.018308740784201135 0.023223460787856903 0.04749029030419577 0.0041566199696816747 0.044990127435326349 0.011030061106601549 -0.017998623603393393 0.064640556568056923 -0.071251215688092867 -0.016401572608238796 0.053090622085938489 -0.041189839080185545 -0.043603997177803722 -0.033321312375751456 0.062810197412076427 0.033310560800110023 -0.052509340757120208 0.048925707489954257 0.054275413368035874 0.026888412286711617 -0.06139203790562963 -0.031621659282864929 0.045430988241494163 0.054946965323830615 0.067538702549392551 -0.038758993555996032 0.038011095763779958 0.015129078907005798
leaf_weight=11.146280869841577 17.186629176139832 141.25128455460072 269.66105142235756 161.76443499326706 11.810445033013819 174.78827556967735 46.497226476669312 596.05947853624821 121.77404625713825 27.191538512706757 21.941790565848351 189.00549610704184 37.135858789086342 8.1507993191480619 9.4421708881854993 10.631700202822683 63.991037502884865 19.346927613019947 8.9622728824615461 79.777539893984795 80.502180024981499 16.262760639190677 13.619908735156057 10.894106492400171 13.764387056231497 6.2308018356561652 12.548209220170973 16.080971360206604 58.180462121963501 85.05164261162281
leaf_count=51 33 235 735 356 32 652 100 1727 424 40 118 752 72 27 32 36 97 47 38 141 141 34 50 36 27 14 15 50 99 183
internal_value=0.0159655 0.0131098 0.00990892 0.0145692 -0.0028508 0.000692471 0.0127757 0.0109286 0.00609682 0.0225899 -0.0409212 -0.0125973 0.0352343 0.0293334 0.0159443 0.0234483 0.0428298 0.0327837 0.00587606 0.0317499 0.0343623 0.0121367 -0.0132518 0.044242 0.011197 -0.0021492 0.0307275 0.0217238 0.0180438 0.00648119
internal_weight=2340.65 2038.91 1725.8 1264.38 461.42 422.101 221.286 1014.69 717.834 296.853 39.3189 200.816 301.74 249.693 85.5189 76.0768 216.221 65.4451 28.3092 241.542 152.23 47.0693 29.8827 105.161 24.6585 17.3771 313.113 171.861 159.313 101.133
internal_count=6394 5751 5169 3450 1719 1536 752 2926 2151 775 183 784 643 524 225 193 418 157 85 497 321 117 84 204 63 65 582 347 332 233
is_linear=0
shrinkage=0.05


Tree=29
num_leaves=31
num_cat=0
split_feature=31 13 26 32 13 30 3 5 21 91 8 87 0 22 0 8 8 34 35 80 18 37 35 90 91 29 32 18 27 33
split_gain=46.4139 42.0463 32.5613 41.6079 31.3597 27.9206 25.023 23.9024 27.4856 21.5557 25.9197 20.0106 16.5877 16.3113 16.0127 14.4434 14.356 12.6325 14.4301 13.1638 18.7326 14.1992 12.0915 14.8443 14.8355 14.7184 13.1204 15.2951 11.3663 10.755
threshold=1.5000000000000002 3.5000000000000004 1.5000000000000002 0.46050000000000008 1.0000000180025095e-35 2.5000000000000004 437500.00000000006 1.0000000180025095e-35 112500.00000000001 0.18835821214892481 9.2250000000000032 0.0070746139465644505 45.500000000000007 0.48250000000000004 25.500000000000004 8.4550000000000018 11.055000000000001 0.28450000000000003 4250.0000000000009 1.0000000180025095e-35 69.950000000000017 2.1765000000000003 19450.000000000004 0.19367985735491031 0.18883886706591832 24.850000000000005 0.15150000000000002 84.850000000000009 78.850000000000009 0.21050000000000002
decision_type=2 2 2 2 2 2 2 2 2 2 2 2 2 2 2 2 2 2 2 2 2 2 2 2 2 2 2 2 2 2
left_child=1 2 3 4 5 -1 29 12 -9 14 15 -12 -5 -6 28 -11 -16 18 -3 -19 21 -21 23 -8 26 -26 -24 -28 -4 -2
right_child=6 17 9 7 13 -7 22 8 -10 10 11 -13 -14 -15 16 -17 -18 19 -20 20 -22 -23 24 -25 25 -27 27 -29 -30 -31
leaf_value=-0.026381182099818198 -0.034829045400883787 -0.10672386401893533 0.0079923996698556526 0.016259871322889616 0.012784450853574013 0.033131396114870468 -0.053040405211789023 5.5477433996334405e-05 0.025528822133876462 -0.0050150861701158964 0.041697014468510797 -0.010712392625342324 0.04033850503891151 -0.024681195848246615 0.011426881221745643 -0.081125303584236849 0.04000803808463918 0.038011625754178276 0.060836629965805557 0.001363185258537383 0.042258642377683148 -0.084836463040540461 0.070280157130100662 0.029278384963228765 -0.080432817441624865 0.031788119025436296 0.0035964933127556756 0.059081531241805686 0.074147091426529657 0.046235369588661659
leaf_weight=184.246971167624 4.0438834875822058 1.2086840271949757 8.274914622306822 415.00940153002739 188.90875722467899 21.910689771175385 12.884596467018129 477.34821790456772 136.12834504246712 14.794679552316667 44.681738495826721 30.43028125166893 86.936042845249176 34.162409082055092 82.070782378315926 10.885271042585371 96.269870489835739 82.982696205377579 51.227099224925041 12.965375795960428 15.981343254446982 7.3613812029361716 16.490216389298439 9.3050839155912382 6.3458568304777128 5.1890427470207214 43.020505577325821 17.49744687974453 33.863046824932098 186.78670164942741
leaf_count=924 14 5 23 972 521 71 50 1526 372 45 98 100 164 116 214 49 208 140 67 30 26 27 30 24 28 12 120 28 53 337
internal_value=0.0151773 0.0124627 0.0102788 0.00726101 -0.00595886 -0.0200189 0.0334927 0.0123528 0.00571931 0.024766 0.00554386 0.0204118 0.0204474 0.00701585 0.0335242 -0.0376603 0.026897 0.0361434 0.0566833 0.0270331 0.00176854 -0.0298719 0.0144998 -0.0183198 0.0227925 -0.0296805 0.0307455 0.0197923 0.0613239 0.044474
internal_weight=2339.21 2037.65 1865.92 1544.65 429.229 206.158 301.563 1115.42 613.477 321.271 100.792 75.112 501.945 223.071 220.479 25.68 178.341 171.727 52.4358 119.291 36.3081 20.3268 110.733 22.1897 88.5431 11.5349 77.0082 60.518 42.138 190.831
internal_count=6394 5751 5456 4666 1632 995 643 3034 1898 790 292 198 1136 637 498 94 422 295 72 223 83 57 292 74 218 40 178 148 76 351
is_linear=0
shrinkage=0.05


Tree=30
num_leaves=31
num_cat=0
split_feature=19 31 14 20 33 26 24 16 36 9 38 38 32 32 11 28 54 21 21 21 3 92 21 29 3 31 7 26 36 32
split_gain=47.6147 42.9132 32.039 35.368 25.3238 23.5979 30.1498 22.9976 22.9314 22.6287 29.5341 20.7212 20.606 18.221 25.8337 16.5066 15.7241 16.349 15.6087 36.27 19.2323 12.7413 12.2018 12.1232 11.4327 12.7884 22.3892 18.3006 11.9848 10.8644
threshold=1.0000000180025095e-35 1.0000000180025095e-35 1.0000000180025095e-35 1.0000000180025095e-35 3.9920000000000004 2.5000000000000004 53.150000000000013 6.5000000000000009 0.35350000000000004 561.50000000000011 12.850000000000003 1.2500000000000002 0.13050000000000003 0.77150000000000019 1.5000000000000002 26.500000000000004 4.5000000000000009 47500.000000000007 95500.000000000015 124500.00000000001 711500.00000000012 0.19185465140429267 239500.00000000003 20.750000000000004 711500.00000000012 1.5000000000000002 54.000000000000007 1.5000000000000002 0.32950000000000007 1.304
decision_type=2 2 2 2 2 2 2 2 2 2 2 2 2 2 2 2 2 2 2 2 2 2 2 2 2 2 2 2 2 2
left_child=1 2 3 5 11 8 -7 9 -1 -3 12 -5 -11 14 -9 -12 18 -18 20 -20 -4 -16 24 -6 25 26 27 -2 -28 -19
right_child=22 7 16 4 23 6 -8 13 -10 10 15 -13 -14 -15 21 -17 17 29 19 -21 -22 -23 -24 -25 -26 -27 28 -29 -30 -31
leaf_value=-0.029540791470188822 -0.0028173890543129656 0.060792700987602491 0.023134344442556996 0.087326847969590796 0.013805570768307877 -0.023842479004662211 0.062991977469906937 -0.054163105528107394 -0.0031586305488609727 0.046453834236683686 0.022315699942551157 0.025283452837450045 0.015340449892265596 0.065525011246861553 0.0074173581275187089 -0.069105922124137034 -0.088005372550775243 -0.03096488151010033 -0.02683532798527298 0.018625745321820236 -0.03492222801638091 0.093600769855136379 -0.020917333378907096 -0.071739719603184413 0.050386202956893694 0.052882147237326198 0.05542481216879485 0.043004840829817738 0.02767836955846302 0.049037875418666707
leaf_weight=104.10197880864143 95.699224174022675 31.230480164289474 443.10187490284443 18.943252973258495 8.6931364387273806 15.904513716697691 26.33039777725935 8.9352296888828295 396.05705162882805 61.790512353181839 7.1747882068157223 47.693271517753601 392.23927729576826 52.843780562281609 8.9277602434158343 14.993772462010382 7.085774868726733 10.296693339943888 63.161969363689423 142.83021178841591 14.586262956261633 8.4393479973077756 11.280579179525374 7.6352166384458533 67.686301879584789 45.835222393274307 51.427637279033661 28.049334779381752 169.37820924818516 7.0636116266250601
leaf_count=456 265 58 988 35 26 60 53 39 1502 144 18 133 1022 81 27 66 31 34 199 343 49 14 37 39 123 72 80 48 350 12
internal_value=0.0157759 0.0122474 0.0072195 -0.000964682 0.0294088 -0.00562441 0.0301953 0.0234946 -0.00866456 0.0195608 0.016834 0.0431003 0.0195951 0.0485957 0.0142743 -0.0393257 0.0146635 -0.0245673 0.0161195 0.00465581 0.021266 0.0498796 0.0300433 -0.0260847 0.0313135 0.0279818 0.0246405 0.00755482 0.0341856 0.00139493
internal_weight=2369.42 1900.06 1313.49 625.359 82.9649 542.394 42.2349 586.575 500.159 507.429 476.198 66.6365 454.03 79.1461 26.3023 22.1686 688.126 24.4461 663.68 205.992 457.688 17.3671 469.357 16.3284 458.076 390.39 344.554 123.749 220.806 17.3603
internal_count=6404 5429 3960 2304 233 2071 113 1469 1958 1308 1250 168 1166 161 80 84 1656 77 1579 542 1037 41 975 65 938 815 743 313 430 46
is_linear=0
shrinkage=0.05


Tree=31
num_leaves=31
num_cat=0
split_feature=19 31 14 9 92 26 4 87 24 59 31 25 36 32 89 22 14 39 42 0 9 4 39 12 14 89 80 42 43 21
split_gain=43.2314 38.5823 28.9147 26.6446 22.5077 22.3277 24.5544 21.3315 21.3261 20.1794 28.8353 20.5804 18.6333 18.1303 17.1009 20.1874 15.208 18.7469 19.1612 18.3683 33.5758 17.0615 14.8751 12.2764 11.3706 16.0251 14.1515 15.6438 19.9781 13.9803
threshold=1.0000000180025095e-35 1.0000000180025095e-35 1.0000000180025095e-35 763.50000000000011 0.19868627852296242 2.5000000000000004 1.5000000000000002 0.014316328915725301 53.150000000000013 1.0000000180025095e-35 2.5000000000000004 59.150000000000013 0.37950000000000006 5.1845000000000008 0.18912928574102383 0.12150000000000001 105.00000000000001 -0.60304014134800632 14.982560307357401 32.500000000000007 646.50000000000011 14.500000000000002 -1.2950683601375275 51.500000000000007 45.000000000000007 0.19794046421987596 1.0000000180025095e-35 14.129226471444513 12.955248011152316 51500.000000000007
decision_type=2 2 2 2 2 2 2 2 2 2 2 2 2 2 2 2 2 2 2 2 2 2 2 2 2 2 2 2 2 2
left_child=1 2 3 5 7 6 -1 12 -7 10 -9 -11 23 -14 15 -5 17 21 -19 20 -18 -4 -21 -3 25 -2 27 28 -26 -27
right_child=24 4 16 14 -6 8 -8 9 -10 11 -12 -13 13 -15 -16 -17 19 18 -20 22 -22 -23 -24 -25 26 29 -28 -29 -30 -31
leaf_value=0.017410256168831482 0.026601518948824759 0.058441155483462827 0.028599022853765574 -0.056543030915697415 -0.058864102634046726 -0.011832578583381879 -0.0068440612951097754 -0.01495790044616592 0.067086803139711673 0.048330987598513238 0.044545512389893183 -0.037845276143520623 0.02515303377284437 -0.045392620431133762 -0.056448578722092926 0.0050410841298414765 0.061172629931898204 -0.0006385913627154333 0.02822393900701807 -0.098041238201778916 -0.030139119896648386 -0.033791263609600407 0.047400965084324426 0.02430653699306563 0.022722410275703084 0.022013482655815719 0.056251683602634876 0.044473334769793794 -0.067489410062922348 -0.052638960739972811
leaf_weight=151.02261656522751 301.45429771393538 76.558308154344559 158.98614865541458 17.864481329917908 8.2948508486151677 12.757948756217955 336.93540408462286 96.096940986812115 25.167385444045067 43.956104680895805 25.715877950191498 8.0779624730348569 277.99259062111378 9.2781239300966245 29.726028695702553 50.846982374787331 15.849214896559713 325.04304429888725 69.682932168245316 1.6863458454608906 27.168461665511131 11.61390997469425 77.880567669868469 41.401486396789551 21.333333328366283 12.440083473920824 71.258481159806252 41.00272111594677 8.4924552887678129 12.354010924696921
leaf_count=444 663 135 332 96 35 45 1333 313 46 90 50 29 684 32 151 189 23 880 155 7 85 39 135 101 42 28 101 64 29 48
internal_value=0.0149962 0.0116362 0.00686229 -0.000921201 0.0222898 0.00354072 0.000654415 0.0234709 0.0404458 0.00877196 -0.0023289 0.0348098 0.0297607 0.0228422 -0.0247883 -0.0109566 0.0139327 0.0104537 0.00444985 0.0299143 0.00345121 0.0243051 0.0441365 0.0465337 0.0286089 0.0234176 0.0404687 0.0244626 -0.00293669 -0.0150443
internal_weight=2367.94 1899.6 1312.23 624.321 587.372 525.883 487.958 579.077 37.9253 173.847 121.813 52.0341 405.231 287.271 98.4375 68.7115 687.911 565.326 394.726 122.585 43.0177 170.6 79.5669 117.96 468.335 326.248 142.087 70.8285 29.8258 24.7941
internal_count=6404 5429 3960 2304 1469 1868 1777 1434 91 482 363 119 952 716 436 285 1656 1406 1035 250 108 371 142 236 975 739 236 135 71 76
is_linear=0
shrinkage=0.05


Tree=32
num_leaves=31
num_cat=0
split_feature=19 13 5 32 92 18 31 42 34 21 91 12 12 90 14 88 8 12 37 21 13 12 37 36 31 37 8 4 86 44
split_gain=39.2853 36.1781 42.34 30.9835 32.6284 26.2874 24.794 21.405 20.7236 19.8528 19.5575 18.6504 17.8978 17.5076 17.1273 15.3412 31.8872 12.5431 11.88 11.1877 12.7504 16.4134 16.0452 12.1905 11.4169 10.1807 9.74002 9.41278 8.55682 7.48386
threshold=1.0000000180025095e-35 3.5000000000000004 1.0000000180025095e-35 0.59250000000000014 0.19288890078608964 31.950000000000003 1.0000000180025095e-35 13.652404224042746 0.18650000000000003 50500.000000000007 0.19026671976206624 106.50000000000001 45.500000000000007 0.1709379148071862 45.000000000000007 0.048786158779653657 12.475000000000003 7.5000000000000009 2.2455000000000003 239500.00000000003 1.5000000000000002 206.50000000000003 1.3085000000000002 0.32950000000000007 1.5000000000000002 2.6725000000000008 8.1450000000000014 2.5000000000000004 -0.012826364801189148 10.432672503194519
decision_type=2 2 2 2 2 2 2 2 2 2 2 2 2 2 2 2 2 2 2 2 2 2 2 2 2 2 2 2 2 2
left_child=1 2 6 4 5 -4 11 26 9 -5 -10 12 -1 -13 -9 18 -17 -6 29 20 21 23 -22 27 -25 -20 -8 -2 -27 -3
right_child=19 15 3 8 17 -7 7 14 10 -11 -12 13 -14 -15 -16 16 -18 -19 25 -21 22 -23 -24 24 -26 28 -28 -29 -30 -31
leaf_value=0.014082354456762404 0.016454005526984002 0.059547543059543455 -0.030016186838425149 0.012725895657972348 -0.00062394690864481792 0.0060121782708043433 -0.088011231551200053 0.0045983466730674018 0.01226967082120238 -0.043384782922300552 -0.058121814054364854 -0.013034626558863805 -0.0070383551205132639 0.039026140474583769 0.044547676214068126 0.030365962569286697 -0.10098145325780004 -0.061499881983693785 -0.027501588687963038 -0.021560762233922389 -0.0027783542598910594 -0.044105176179692285 0.05075850810342665 0.015793419776262682 0.048204271741750418 -3.6022250642574798e-05 0.04770494005999297 0.053350962868377427 0.048676185410283117 0.023247443795447399
leaf_weight=298.60216223448515 25.533685252070427 67.351872816681862 70.260919086635113 27.6643405854702 11.002413108944891 180.05014519393444 1.2235137373208989 90.706247895956039 560.1382964476943 36.112263679504395 9.9240175485610944 19.382307350635529 150.58717477321625 91.704812273383141 38.223161995410919 18.367827326059345 6.06030648946762 39.147278442978859 8.8602410703897458 11.266876712441443 16.133851945400238 8.5773651003837568 97.05604887008667 219.95870664715767 31.193438410758972 13.699995860457419 115.42297308146954 57.336243376135826 25.159668371081352 18.848824262619019
leaf_count=756 57 90 356 76 40 715 5 249 1611 138 43 58 429 182 62 33 25 235 24 37 38 29 141 527 52 31 197 94 38 36
internal_value=0.0142604 0.0110589 0.00897173 0.00172206 -0.0114935 -0.00408876 0.0173695 0.0306269 0.00799539 -0.0189856 0.0110255 0.0115452 0.00699068 0.0298941 0.0165061 0.0339444 -0.00229464 -0.0482715 0.0405888 0.0272577 0.0284799 0.023628 0.0430876 0.0253949 0.0198564 0.0203394 0.0461644 0.0420762 0.0314183 0.0517042
internal_weight=2365.56 1898.5 1740.15 934.3 300.461 250.311 805.852 245.576 633.839 63.7766 570.062 560.276 449.189 111.087 128.929 158.349 24.4281 50.1497 133.921 467.056 455.789 342.599 113.19 334.022 251.152 47.7199 116.646 82.8699 38.8597 86.2007
internal_count=6404 5429 5152 3214 1346 1071 1938 513 1868 214 1654 1425 1185 240 311 277 58 275 219 975 938 759 179 730 579 93 202 151 69 126
is_linear=0
shrinkage=0.05


Tree=33
num_leaves=31
num_cat=0
split_feature=14 5 91 30 26 7 19 40 29 25 16 40 39 6 9 36 34 89 89 8 87 26 25 89 39 32 0 86 36 12
split_gain=37.2137 33.5548 41.0166 30.7577 33.0534 28.5114 22.5309 29.5959 28.7754 24.2337 22.9333 22.3786 32.7213 26.335 21.5401 20.0698 21.817 19.8952 19.8521 27.6242 18.3969 18.3292 18.1009 16.7645 15.3832 15.3692 14.6464 17.8324 14.2917 14.1388
threshold=45.000000000000007 1.0000000180025095e-35 0.18331817834063543 1.5000000000000002 2.5000000000000004 54.000000000000007 1.0000000180025095e-35 -0.88528572973244202 37.95000000000001 53.350000000000001 4.5000000000000009 0.10666754907163811 -0.30935011678855084 440500.00000000006 856.50000000000011 0.70250000000000001 0.82850000000000013 0.17174438248657584 0.18588371472068638 30.820000000000004 -0.10932354321400588 1.5000000000000002 63.95000000000001 0.18588371472068638 0.11261830930262055 2.1085000000000007 40.500000000000007 -0.025690540836167147 0.62650000000000017 35.500000000000007
decision_type=2 2 2 2 2 2 2 2 2 2 2 2 2 2 2 2 2 2 2 2 2 2 2 2 2 2 2 2 2 2
left_child=1 14 3 4 5 -3 7 -4 -9 23 -11 21 -13 29 15 18 20 -5 28 -20 -17 -2 -19 -8 -18 -23 -15 -28 -1 -14
right_child=11 2 6 17 -6 -7 9 8 -10 10 -12 12 13 26 -16 16 24 22 19 -21 -22 25 -24 -25 -26 -27 27 -29 -30 -31
leaf_value=0.026974751848150205 0.023639032021242862 -0.02616054141868316 0.018148740419589315 -0.031993691192322704 0.062627650802670368 0.014417059403343497 -0.036683007788974598 -0.020821253628743663 0.028737055493069985 0.050856552354713896 -0.020261840743834261 -0.076707838824839031 0.0036574610074237568 0.027258151124559406 -0.059967386974031603 0.061104061566247404 -0.087192896178804297 0.055266640579186545 0.016142304705244966 -0.059215484203947066 0.0066393955697521562 0.056260032882658267 -0.023109540019341995 0.018234897524834936 0.013368599480847156 0.010810656879016507 -0.051343591735692209 0.016504005589831523 0.056990049823614421 -0.072583509442619584
leaf_weight=261.86531236767769 397.67920702695847 68.1655008867383 73.921171247959137 8.3887500017881376 23.290592327713966 118.20480240881443 28.914858967065811 334.9112486243248 31.92956405878067 49.664822831749916 14.504194378852842 10.289198398590086 11.705660670995714 154.6804550588131 8.8509581536054593 16.592855855822563 10.040511533617972 78.972322650253773 164.20285796374083 13.01378984749317 225.56254272162914 88.221140280365944 7.9741062223911277 26.456082403659821 5.9220005571842185 23.996262580156326 14.194436147809027 29.824284613132477 47.275586783885956 12.274529129266737
leaf_count=574 846 286 228 33 41 372 95 1416 98 88 45 41 30 322 38 29 43 180 412 48 601 131 30 65 15 53 49 66 79 50
internal_value=0.0135711 0.00931274 0.00258824 0.0173438 0.00660105 -0.000403577 -0.00543659 -0.0106644 -0.0164875 0.0137902 0.0346973 0.0228404 0.00996287 0.0140227 0.0170287 0.0179588 0.00665945 0.0408852 0.0239426 0.01055 0.0104157 0.0287111 0.0480028 -0.0103677 -0.0497229 0.0466041 0.020015 -0.00532783 0.031598 -0.0352991
internal_weight=2361.49 1618.62 865.298 304.996 209.661 186.37 560.302 440.762 366.841 119.54 64.169 742.865 232.969 222.679 753.326 744.475 258.118 95.3352 486.358 177.217 242.155 509.897 86.9464 55.3709 15.9625 112.217 198.699 44.0187 309.141 23.9802
internal_count=6404 4816 2977 942 699 658 2035 1742 1514 293 133 1588 558 517 1839 1801 688 243 1113 460 630 1030 210 160 58 184 437 115 653 80
is_linear=0
shrinkage=0.05


Tree=34
num_leaves=31
num_cat=0
split_feature=31 13 26 5 30 32 88 92 74 87 27 33 16 20 19 92 89 4 34 92 27 22 28 13 23 2 4 6 22 23
split_gain=35.3158 40.0042 34.4722 33.5364 32.2274 30.2252 22.431 18.0645 15.6204 14.5588 13.8335 21.5079 20.3313 13.0681 18.1111 14.2607 12.8349 12.5208 11.3226 22.1929 17.5122 10.8594 10.0633 9.8668 13.6283 9.68412 9.44445 6.68926 6.17857 5.80856
threshold=1.0000000180025095e-35 2.5000000000000004 2.5000000000000004 1.0000000180025095e-35 1.5000000000000002 0.85350000000000004 -0.064699320430944993 0.19868627852296242 1.0000000180025095e-35 -0.10932354321400588 95.250000000000014 2.7065000000000006 6.5000000000000009 1.0000000180025095e-35 1.0000000180025095e-35 0.18383144517256447 0.17174438248657584 2.5000000000000004 0.64850000000000019 0.18383144517256447 94.050000000000011 0.63050000000000017 27.500000000000004 4.5000000000000009 38500.000000000007 2.5000000000000004 6.5000000000000009 707000.00000000012 0.13150000000000003 16500.000000000004
decision_type=2 2 2 2 2 2 2 2 2 2 2 2 2 2 2 2 2 2 2 2 2 2 2 2 2 2 2 2 2 2
left_child=1 2 3 13 5 -5 -6 8 9 17 12 -12 -11 14 -1 -15 25 -2 19 -4 -21 23 -20 24 -18 -3 -9 -24 -19 -10
right_child=7 16 18 4 6 -7 -8 26 29 10 11 -13 -14 15 -16 -17 21 28 22 20 -22 -23 27 -25 -26 -27 -28 -29 -30 -31
leaf_value=0.0037866574423355333 0.013823866887324726 0.020758699736362927 0.047943793743791867 -0.026987014557468443 0.036324608033347347 -0.00111403641879794 0.00041115474067405443 -0.082980265954403776 0.027484268631474847 0.011982567800405478 0.053463301515743702 0.010326349361469088 0.041565450146240392 0.057211226206812217 0.026893388917378774 0.013922704203762005 0.023911291350007434 0.0992300278022058 0.014126834895924274 -0.030233774946180181 0.042320439040459373 0.050880999981077139 0.10041488469199214 0.044469250514973947 -0.019445228679741459 -0.055593769087420454 0.0076556727352019016 0.049740997368289235 0.049608703896189869 0.072321936850393093
leaf_weight=405.88459154218435 16.267753273248672 8.3972313702106494 34.61235186457634 194.13509778678417 64.491953872144222 270.53945265710354 133.90186139941216 5.9576936587691289 11.784608691930769 439.15450563281775 67.541810765862465 51.122843697667122 67.109531462192535 30.561843514442444 107.37387669086456 51.509448736906052 136.78196573257446 10.978701397776605 13.338758081197737 26.158750265836716 12.044651970267294 47.763461217284203 10.18603226542473 46.751325786113739 20.685960486531258 7.9340818822383872 5.2639925330877304 21.260401338338852 17.168313473463058 21.476664319634438
leaf_count=1108 39 16 63 956 169 827 479 28 26 1137 121 134 138 47 222 117 264 13 33 88 24 70 12 73 57 26 14 39 31 33
internal_value=0.0129102 0.00887267 0.00542328 0.00299838 -0.00473025 -0.0119377 0.0121232 0.0222012 0.0232127 0.0215321 0.0195468 0.0349456 0.0159213 0.0116141 0.00863463 0.0301534 0.026535 0.049248 0.031304 0.018985 -0.0071778 0.0293262 0.051135 0.024238 0.0181753 -0.0161432 -0.04033 0.0665799 0.0694232 0.0567156
internal_weight=2358.14 1644.31 1376 1258.4 663.068 464.675 198.394 713.826 702.605 669.343 624.929 118.665 506.264 595.33 513.258 82.0713 268.314 44.4148 117.601 72.8158 38.2034 251.983 44.7852 204.219 157.468 16.3313 11.2217 31.4464 28.147 33.2613
internal_count=6404 4690 4184 3925 2431 1783 648 1714 1672 1613 1530 255 1275 1494 1330 164 506 83 259 175 112 464 84 394 321 42 42 51 44 59
is_linear=0
shrinkage=0.05


Tree=35
num_leaves=31
num_cat=0
split_feature=31 13 33 4 15 46 89 34 27 27 36 57 91 36 4 8 34 29 14 34 47 90 7 34 5 89 7 14 24 7
split_gain=37.8655 39.9334 28.9662 26.9752 27.6342 24.6869 18.5804 14.5756 16.7413 14.0732 14.0142 13.5768 19.6282 17.4432 14.5356 13.8101 12.9506 12.8769 20.43 20.3147 17.7327 15.4215 12.7755 12.448 12.3364 11.428 14.7594 18.6312 10.2874 9.34466
threshold=1.0000000180025095e-35 2.5000000000000004 0.13350000000000004 22.500000000000004 5.5000000000000009 0.006860816581106351 0.16941202256944446 0.37650000000000006 72.850000000000009 83.550000000000011 2.3470000000000004 1.0000000180025095e-35 0.18883886706591832 0.54550000000000021 5.5000000000000009 9.4250000000000025 0.14950000000000002 19.950000000000003 45.000000000000007 0.75050000000000006 0.037513542795232856 0.16557597728009507 270.00000000000006 0.28450000000000003 2.5000000000000004 0.1855403419572125 102.00000000000001 45.000000000000007 33.550000000000004 150.00000000000003
decision_type=2 2 2 2 2 2 2 2 2 2 2 2 2 2 2 2 2 2 2 2 2 2 2 2 2 2 2 2 2 2
left_child=1 2 -1 4 5 -4 -3 8 23 -6 17 15 14 -14 -13 29 -17 18 20 21 -9 -19 -5 -2 -21 -8 27 -27 -20 -10
right_child=7 6 3 22 9 -7 25 10 11 -11 -12 12 13 -15 -16 16 -18 19 28 24 -22 -23 -24 -25 -26 26 -28 -29 -30 -31
leaf_value=-0.065948092594195415 -0.058076608016497201 -0.032760761239697254 -0.023575457500853981 -0.066592865577765947 -0.0043618572095511744 0.0069334293810400828 0.037678702832387036 0.017372622715394869 0.04136478978010779 0.073363673746019334 -0.041972504512325197 0.016080766942830775 0.011313651481593036 -0.085966924740067063 0.052312114107716037 0.0031477149134736121 0.063083861199661764 -0.049441535967844216 -0.094303676608037013 0.050380440170241916 -0.02252875603289204 0.017821571491011153 0.02108044395533816 0.02858117234646379 -0.004597294085483877 -0.044135204643288566 0.038489818178968564 0.017107325670222107 0.036617545177730117 -0.019534059456421522
leaf_weight=14.241874836385248 8.7324090749025363 12.74362953007221 69.883677192032337 18.566184416413311 7.6589618027210262 1242.4049038141966 149.48476523160934 49.199704900383949 13.932080313563349 22.602137766778469 9.9206587672233564 65.286850735545158 13.458463832736017 6.8394860178232184 48.868560880422592 10.368390977382658 79.898898929357529 8.89144319295883 1.4326652586460102 81.012171521782875 63.71989968419075 153.65162342786789 5.1913441866636267 7.638999566435813 11.465614944696425 16.894281774759293 43.42921544611454 46.002649039030075 50.510600045323372 11.223445445299147
leaf_count=65 35 37 324 86 25 3715 252 121 29 38 39 159 34 31 86 28 130 33 6 148 224 373 13 16 35 53 72 93 95 37
internal_value=0.012285 0.00815166 0.00471465 0.00545965 0.00639898 0.00530325 0.0257932 0.0220679 0.0312825 0.0535774 0.0163423 0.0344984 0.0235962 -0.0214811 0.0316669 0.0471234 0.0562658 0.0177417 0.00680385 0.0247876 -0.00509927 0.0140833 -0.0472174 -0.01741 0.0435126 0.0287414 0.0161058 0.000534104 0.0327362 0.0140263
internal_weight=2345.16 1649.1 1380.55 1366.31 1342.55 1312.29 268.555 696.052 266.248 30.2611 429.804 249.876 134.453 20.2979 114.155 115.423 90.2673 419.884 164.863 255.021 112.92 162.543 23.7575 16.3714 92.4778 255.811 106.326 62.8969 51.9433 25.1555
internal_count=6432 4773 4266 4201 4102 4039 507 1659 585 63 1074 534 310 65 245 224 158 1035 446 589 345 406 99 51 183 470 218 146 101 66
is_linear=0
shrinkage=0.05


Tree=36
num_leaves=31
num_cat=0
split_feature=31 13 33 26 20 15 24 89 29 26 18 9 56 23 14 32 33 18 35 88 90 32 37 18 89 7 32 42 30 0
split_gain=34.2511 36.4498 26.5967 24.9133 25.7238 22.1945 19.9733 16.8817 16.8156 21.3635 15.8016 15.8761 15.5168 19.3548 18.3675 15.4135 24.5194 18.3519 14.1522 13.6439 23.7772 13.2741 11.3218 20.2886 10.4776 13.4942 19.7967 8.89213 7.65146 10.5003
threshold=1.0000000180025095e-35 2.5000000000000004 0.13350000000000004 1.0000000180025095e-35 1.0000000180025095e-35 5.5000000000000009 35.750000000000007 0.16941202256944446 18.050000000000004 3.5000000000000004 84.350000000000009 572.50000000000011 1.0000000180025095e-35 26500.000000000004 45.000000000000007 3.0725000000000002 2.9135000000000004 9.5500000000000025 30550.000000000004 0.048786158779653657 0.17076857720034858 0.22150000000000003 2.3435000000000001 53.850000000000001 0.1855403419572125 102.00000000000001 0.44550000000000006 14.710169210499993 1.0000000180025095e-35 43.500000000000007
decision_type=2 2 2 2 2 2 2 2 2 2 2 2 2 2 2 2 2 2 2 2 2 2 2 2 2 2 2 2 2 2
left_child=1 2 -1 4 5 -4 -6 -3 21 -10 11 22 13 18 -15 17 -17 -14 -13 27 -21 -5 23 -2 -9 26 -26 28 29 -12
right_child=10 7 3 8 6 -7 -8 24 9 -11 19 12 15 14 -16 16 -18 -19 -20 20 -22 -23 -24 -25 25 -27 -28 -29 -30 -31
leaf_value=-0.063863486441482181 0.051508974274489389 -0.031012438644899651 -0.0039559917525594538 -0.0071008439215967242 -0.037823469324048967 0.051704511332831285 0.029952968151468435 0.036108779570904317 0.0013497232640070013 0.042240765318180933 0.0023750467067286314 0.0080509395695157106 -0.015133137263702308 -0.03163738094405899 0.018924147481780243 0.017653463120398366 -0.089609232433433231 0.029865230798558458 0.047179328967828345 0.035668015854607743 -0.061229072296067291 0.032263892330212922 0.073370208005050661 -0.053271874257608112 -0.04963519413673341 0.036913679655922106 0.016232678462825636 0.0045202408456907787 0.061342791649869027 0.072662006820333358
leaf_weight=13.98132812976837 16.075036033988003 12.793249011039732 786.16171442717314 24.620116747915745 12.022060133516787 18.218481585383415 101.66731164604425 148.22173731029034 233.76543020457029 36.953905686736107 15.376885712146761 115.1977387368679 24.686778672039509 53.307892575860023 26.852779269218445 17.194298893213276 7.5765476524829856 251.48041690886021 28.990976139903069 21.984690189361576 8.7603429406881315 153.28518915176392 20.647090896964073 6.336708575487136 14.860745549201964 43.033843874931335 47.906559318304062 11.497917190194128 60.885065577924252 8.1537281870841962
leaf_count=65 28 37 2625 98 44 41 265 252 708 72 45 292 78 195 58 38 32 562 53 46 36 348 30 24 50 72 96 33 98 11
internal_value=0.0116839 0.00775135 0.00447666 0.00518406 0.000458998 -0.00268285 0.0227151 0.0246699 0.0148401 0.00696346 0.0209962 0.0174149 0.0150021 0.00501726 -0.0146352 0.0224251 -0.0151818 0.0258207 0.0159801 0.0370004 0.00778753 0.0267872 0.0466297 0.021556 0.027505 0.0153816 0.000504166 0.0462946 0.0519133 0.0271466
internal_weight=2342.5 1647.49 1380.68 1366.69 918.07 804.38 113.689 266.816 448.625 270.719 695.005 568.346 525.287 224.349 80.1607 300.938 24.7708 276.167 144.189 126.659 30.745 177.905 43.0588 22.4117 254.023 105.801 62.7673 95.9136 84.4157 23.5306
internal_count=6432 4773 4266 4201 2975 2666 309 507 1226 780 1659 1390 1308 598 253 710 70 640 345 269 82 446 82 52 470 218 146 187 154 56
is_linear=0
shrinkage=0.05


Tree=37
num_leaves=31
num_cat=0
split_feature=31 13 4 19 26 20 73 89 18 0 3 35 87 0 36 91 88 90 7 89 7 14 6 6 27 43 37 25 30 34
split_gain=30.9789 33.2764 24.6153 23.1145 21.009 28.4957 18.7091 15.3447 14.3499 12.746 17.9669 20.4807 14.0068 21.2854 13.8094 13.4985 12.3419 21.636 11.8243 9.60543 12.3398 16.4769 8.06728 8.05325 6.94342 7.34889 7.27082 6.9291 6.90939 10.8604
threshold=1.0000000180025095e-35 2.5000000000000004 22.500000000000004 1.5000000000000002 1.0000000180025095e-35 1.0000000180025095e-35 1.0000000180025095e-35 0.16941202256944446 84.350000000000009 48.500000000000007 699500.00000000012 32150.000000000004 0.014316328915725301 41.500000000000007 0.5635 0.1807561341783944 0.048786158779653657 0.17076857720034858 270.00000000000006 0.1855403419572125 102.00000000000001 45.000000000000007 2446500.0000000005 252500.00000000003 77.250000000000014 12.735820924603155 2.0935000000000001 44.650000000000013 1.0000000180025095e-35 0.6645000000000002
decision_type=2 2 2 2 2 2 2 2 2 2 2 2 2 2 2 2 2 2 2 2 2 2 2 2 2 2 2 2 2 2
left_child=1 2 3 4 5 -1 -6 -3 9 10 12 -12 15 -14 -13 -2 22 27 -4 24 21 -21 28 -11 25 -9 -26 -18 29 -10
right_child=8 7 18 -5 6 -7 -8 19 16 23 11 14 13 -15 -16 -17 17 -19 -20 20 -22 -23 -24 -25 26 -27 -28 -29 -30 -31
leaf_value=-0.0047854279329968465 0.047316830036372076 -0.02937654689705585 -0.064778418245934194 0.027327133648600278 0.0085971387707354154 0.022895716458989177 0.041824577129719438 0.025438276148378288 -0.007352349929642607 -0.019325424374961167 -0.06852766808738818 0.036658744078880361 0.01090141315901679 -0.056451013991575587 -0.014708939034258815 0.01896562064157184 0.062933845391223098 -0.0589467711493935 0.019548709561725289 -0.041505917436466339 0.035410906085965886 0.016145785010474003 0.0042958011097639949 0.043595729621247095 0.040024062503308373 0.066825838884176078 0.012863469392335647 0.0062829255611516746 0.058442882220015917 0.060143653467577357
leaf_weight=736.01932895928621 51.223129749298096 12.834831461310385 18.533624000847343 108.00247371196747 358.29858750104904 106.28973919153214 48.107746385037899 18.353396162390709 11.881316900253298 5.4148046523332587 12.066415056586264 19.759915918111801 129.43279703706503 12.786417737603186 38.158319056034088 242.22542148083448 10.563882082700735 8.6512060761451703 5.1929484009742728 16.885760799050331 42.631742581725121 45.719085320830345 11.498907938599585 56.579156637191772 52.168642818927765 28.203672185540199 48.208879634737968 11.421412020921705 60.71972144395113 11.592616513371466
leaf_count=2511 100 37 88 225 1031 289 109 35 36 17 52 45 329 50 119 572 17 36 13 53 72 93 33 106 85 33 99 29 98 20
internal_value=0.0111157 0.0073735 0.00425284 0.00514058 0.0032156 -0.00128415 0.012552 0.0236027 0.0199791 0.0165653 0.0139208 -0.00953755 0.0177019 0.00477546 0.00276293 0.023946 0.0352538 0.00740657 -0.0461076 0.0263296 0.0146952 0.000474852 0.0441 0.0379971 0.0346127 0.050707 0.027055 0.0338917 0.0494655 0.0258822
internal_weight=2339.43 1645.45 1380.44 1356.72 1248.72 842.309 406.406 265.006 693.975 567.646 505.652 69.9847 435.668 142.219 57.9182 293.449 126.329 30.6365 23.7266 252.171 105.237 62.6048 95.6926 61.994 146.935 46.5571 100.378 21.9853 84.1937 23.4739
internal_count=6432 4773 4266 4165 3940 2800 1140 507 1659 1390 1267 216 1051 379 164 672 269 82 101 470 218 146 187 123 252 68 184 46 154 56
is_linear=0
shrinkage=0.05


Tree=38
num_leaves=31
num_cat=0
split_feature=31 13 33 32 22 26 20 9 9 9 18 32 43 9 9 0 32 4 33 36 18 22 39 33 90 4 43 27 21 33
split_gain=27.9854 30.4101 24.3939 24.1583 39.2367 21.6544 22.7788 21.2308 14.5781 14.1186 13.0659 14.8359 17.0358 14.705 15.4145 17.1295 13.2207 12.1347 12.039 11.3941 11.0002 11.1468 9.4673 9.39881 9.16889 15.9517 14.12 9.01483 8.292 9.02951
threshold=1.0000000180025095e-35 2.5000000000000004 0.13350000000000004 0.18250000000000002 0.52650000000000008 3.5000000000000004 1.0000000180025095e-35 599.50000000000011 554.50000000000011 633.50000000000011 84.350000000000009 3.8795000000000006 14.573530435230554 585.50000000000011 620.50000000000011 27.500000000000004 0.97450000000000003 13.500000000000002 4.8410000000000011 1.2495000000000003 59.050000000000004 0.27150000000000007 0.65948938951677916 2.6010000000000004 0.18205803757756198 6.5000000000000009 12.966880783714972 83.350000000000009 23500.000000000004 3.9920000000000004
decision_type=2 2 2 2 2 2 2 2 2 2 2 2 2 2 2 2 2 2 2 2 2 2 2 2 2 2 2 2 2 2
left_child=1 2 -1 4 7 6 -5 -4 -3 -10 11 13 20 28 15 -15 -16 22 24 -20 21 -13 -11 -19 25 26 -12 -7 -2 -30
right_child=10 8 3 5 -6 27 -8 -9 9 17 18 12 -14 14 16 -17 -18 23 19 -21 -22 -23 -24 -25 -26 -27 -28 -29 29 -31
leaf_value=-0.062073299559806921 -0.038140149642022919 -0.073516999164436214 -0.070737787667749491 0.0031639396916120438 -0.070935394816848629 0.012469267352204962 0.024340173504506592 0.002551638648319695 0.049082889827484273 0.026227172403726857 -0.0089699840401456579 0.011122492082504529 0.048001524807272745 -0.090623131087771147 0.0099589265364437591 -3.7720144162218192e-05 0.027375932722834641 -0.05960865350733139 -0.045699311764962565 0.037104928846948333 -0.093220332279190216 -0.059668425180439001 -0.0059193167876839588 0.016683012263700277 0.049377827581693678 -0.041791060057816833 0.06638753213591915 0.058127186655334395 0.063115144675259235 0.015598511743096385
leaf_weight=13.702049292623995 2.794032856822013 3.7679391056299201 10.575607471168039 1007.1983791738749 24.840790547430515 17.995259836316109 145.3910792991519 131.80169770866632 46.379996731877327 170.99997235834599 9.9528277665376681 13.87154564261437 8.2560716420412046 6.2882061600685111 247.00114466249943 29.115914031863213 196.99406836926937 8.3482129573822004 8.6094862371683138 7.8129127323627463 5.930873215198516 9.0604503601789457 26.122284710407257 7.5195285379886618 75.32338285446167 8.3177202641963941 15.907779380679129 28.508136615157127 32.958885431289673 14.895316034555433
leaf_count=65 9 13 59 3045 136 42 358 516 68 317 31 32 14 28 683 77 400 28 32 19 25 32 65 16 135 30 22 45 53 37
internal_value=0.0105763 0.00701665 0.00404121 0.00471239 -0.0130756 0.00719805 0.00584139 -0.00290294 0.0225947 0.0240381 0.0190061 0.0157496 -0.0147045 0.0178941 0.0151647 -0.0164776 0.0177023 0.0185404 0.0336094 -0.00601665 -0.0329177 -0.0167676 0.021941 -0.0232638 0.0395979 0.0178176 0.0372697 0.0406311 0.0435491 0.0484925
internal_weight=2336.24 1643.15 1380.01 1366.31 167.218 1199.09 1152.59 142.377 263.138 259.37 693.091 567.167 37.1189 530.048 479.399 35.4041 443.995 212.99 125.924 16.4224 28.8629 22.932 197.122 15.8677 109.502 34.1783 25.8606 46.5034 50.6482 47.8542
internal_count=6432 4773 4266 4201 711 3490 3403 575 507 494 1659 1390 103 1287 1188 105 1083 426 269 51 89 64 382 44 218 83 53 87 99 90
is_linear=0
shrinkage=0.05


Tree=39
num_leaves=31
num_cat=0
split_feature=19 9 26 73 5 27 32 24 36 35 0 38 92 33 18 2 0 15 91 9 3 90 36 16 0 29 35 18 27 27
split_gain=23.0369 26.1428 30.1171 22.6367 22.4745 20.9239 50.8135 21.456 20.5791 33.6316 21.4458 17.9322 32.698 21.2951 16.7313 16.357 15.3281 15.0656 14.1584 13.4649 12.6906 11.1751 12.0631 11.8519 10.2207 10.09 10.7941 10.0766 9.13622 11.2032
threshold=1.0000000180025095e-35 587.50000000000011 1.0000000180025095e-35 1.0000000180025095e-35 1.0000000180025095e-35 96.65000000000002 0.9165000000000002 68.65000000000002 0.36750000000000005 24550.000000000004 38.500000000000007 1.0500000000000003 0.19140056168389352 0.21050000000000002 63.750000000000007 3.5000000000000004 50.500000000000007 5.5000000000000009 0.18883886706591832 742.50000000000011 451500.00000000006 0.17076857720034858 0.63550000000000006 7.5000000000000009 32.500000000000007 37.150000000000013 18450.000000000004 5.4500000000000011 86.350000000000009 80.950000000000017
decision_type=2 2 2 2 2 2 2 2 2 2 2 2 2 2 2 2 2 2 2 2 2 2 2 2 2 2 2 2 2 2
left_child=1 8 4 11 16 7 -7 -6 14 28 15 12 -4 -13 -1 -11 17 -3 -18 20 -5 22 -2 25 -24 27 -27 -23 29 -10
right_child=21 2 3 19 5 6 -8 -9 9 10 -12 13 -14 -15 -16 -17 18 -19 -20 -21 -22 23 24 -25 -26 26 -28 -29 -30 -31
leaf_value=0.0098593882117095008 0.049440634926364899 0.0048777058771331738 0.0091468289872339795 0.025624945359413454 -0.0073246200053237081 -0.032612447789315664 0.047669836632375055 -0.074364820597794201 0.052135830831675195 0.043511988298247747 -0.05600584898587968 -0.044505458867983128 -0.061266008548642739 0.018149798565990308 -0.077022441889079224 -0.022317421284026421 0.017655856208817929 0.061899166038121303 0.080900509316489899 -0.0042849595871767314 0.075840136038172176 -0.026939276814002263 -0.030787117099870573 -0.033731740662150483 0.028968313719408691 0.020876929446715955 -0.053464218918064327 0.021700723307123037 0.067716487871922887 -0.0059184791087985725
leaf_weight=22.322480507194999 59.186868339776993 481.05089318007231 63.175881244242191 22.779609262943268 529.01776134967804 31.158684551715851 53.07947550714016 12.132730163633822 27.542684949934483 26.240636639297009 11.92272763699293 13.903678819537161 22.166911065578461 397.42059322446585 7.2365077733993521 14.514525085687636 28.066452831029892 11.79103873670101 13.0831111818552 11.926195994019507 29.540256351232529 10.858738675713537 9.7649351805448514 11.353334590792654 25.561516501009464 9.3709468841552752 9.8700877130031568 306.28736557811499 48.937292188405991 11.645312398672102
leaf_count=64 97 1246 175 52 1905 157 108 63 49 62 48 56 92 1014 36 49 63 19 17 37 47 33 31 35 53 19 35 658 80 32
internal_value=0.0100616 0.00765355 0.00579871 0.0153097 0.00119204 -0.00523533 0.0179116 -0.00885038 0.0263397 0.0343067 0.00258881 0.011678 -0.00913396 0.0160095 -0.0114301 0.0199479 0.00872843 0.00626434 0.0380325 0.0432455 0.0541629 0.0203407 0.0356275 0.0161624 0.0122693 0.0178708 -0.0170786 0.0200116 0.0531854 0.0347857
internal_weight=2332.91 1890.66 1720.29 560.913 1159.38 625.389 84.2382 541.15 170.362 140.803 52.6779 496.667 85.3428 411.324 29.559 40.7552 533.991 492.842 41.1496 64.2461 52.3199 442.254 94.5133 347.74 35.3265 336.387 19.241 317.146 88.1253 39.188
internal_count=6432 5471 5051 1473 3578 2233 265 1968 420 320 159 1337 267 1070 100 111 1345 1265 80 136 99 961 181 780 84 745 54 691 161 81
is_linear=0
shrinkage=0.05


Tree=40
num_leaves=31
num_cat=0
split_feature=30 26 31 5 21 2 27 92 24 32 0 4 4 7 7 32 17 87 86 27 52 85 17 28 3 28 35 32 2 2
split_gain=29.8196 25.92 27.4594 26.9386 20.4194 23.7871 20.3341 15.6338 21.0282 16.8412 12.5854 12.3594 15.8462 15.1813 11.6627 18.4561 14.8267 9.01174 30.8408 19.2719 14.4587 16.9936 19.5404 18.0744 12.4531 12.4013 11.4186 9.61517 12.2534 8.28539
threshold=2.5000000000000004 1.5000000000000002 3.5000000000000004 1.0000000180025095e-35 11500.000000000002 14.500000000000002 98.15000000000002 0.19058064585440668 41.550000000000004 0.90750000000000008 37.500000000000007 14.500000000000002 8.5000000000000018 42.000000000000007 78.000000000000014 1.7965000000000002 321950.00000000006 0.0070746139465644505 1.0000000180025095e-35 97.050000000000011 1.0000000180025095e-35 1.0000000180025095e-35 660750.00000000012 23.500000000000004 233500.00000000003 25.500000000000004 16250.000000000002 0.20950000000000002 8.5000000000000018 3.5000000000000004
decision_type=2 2 2 2 2 2 2 2 2 2 2 2 2 2 2 2 2 2 2 2 2 2 2 2 2 2 2 2 2 2
left_child=1 2 3 7 10 -6 11 9 -9 -1 -5 12 14 -13 16 -16 -2 20 19 25 24 23 -23 -22 -3 -19 -26 -20 -29 -14
right_child=6 17 -4 4 5 -7 -8 8 -10 -11 -12 13 29 -15 15 -17 -18 18 27 -21 21 22 -24 -25 26 -27 -28 28 -30 -31
leaf_value=0.0066911739146035768 0.0090564482030891531 -0.0060778097299688319 0.052835210816268366 0.0084302789478810473 -0.00089371864519145749 -0.042116547578711382 -0.047425842682841148 -0.02548520651400614 0.0089109352778356677 0.024554030029229203 0.08616539757750194 0.032594191604423062 0.034147649663777382 -0.075679789657572313 0.022329395457402482 -0.042767724568460591 0.05012838493103175 -0.0066039689056284143 0.0084007046056985054 -0.049198225368568896 0.085690319009006033 -0.064344196781774818 0.040833629476390784 0.0096154820516634702 0.062967673565876348 0.031670386887973141 0.028962403565569658 -0.078131349167224251 0.012955786892082705 0.076925091638868612
leaf_weight=253.88235546648502 34.082739651203156 13.618404686450956 29.609659180045128 10.726694010198118 869.83976189047098 36.378415748476982 8.7754515334963781 58.106407895684242 187.58951266109943 277.06164744496346 10.362335771322249 6.7909027040004712 21.338702797889709 5.9616288989782333 50.906241953372955 13.713940277695654 63.736013427376747 25.353611513972282 8.1476697623729724 9.1709080338478071 9.7777823507785779 13.2638186365366 6.4533185213804236 38.431487455964088 46.089729450643063 121.09585352241993 55.556630939245224 14.71766918897629 4.7648582160472861 26.236782819032669
leaf_count=668 96 36 48 32 2890 159 33 185 471 556 15 16 47 29 121 45 114 72 25 33 12 55 11 96 74 256 125 62 12 35
internal_value=0.00960426 0.00772249 0.00516401 0.00432963 -0.00141908 -0.00255851 0.0266389 0.0111993 0.000748942 0.0160248 0.0470887 0.0295989 0.0325097 -0.0178283 0.0249954 0.00839225 0.0358927 0.0198078 0.01191 0.0205761 0.02767 0.00925583 -0.0296354 0.0252939 0.0384609 0.0250102 0.0444774 -0.0366175 -0.0556464 0.0579552
internal_weight=2331.54 2100 1733.56 1703.95 927.307 906.218 231.542 776.64 245.696 530.944 21.089 222.767 210.014 12.7525 162.439 64.6202 97.8188 366.442 183.251 155.62 183.191 67.9264 19.7171 48.2093 115.265 146.449 101.646 27.6302 19.4825 47.5755
internal_count=6429 5893 5024 4976 3096 3049 536 1880 656 1224 47 503 458 45 376 166 210 869 460 361 409 174 66 108 235 328 199 99 74 82
is_linear=0
shrinkage=0.05


Tree=41
num_leaves=31
num_cat=0
split_feature=19 14 31 9 43 33 25 8 84 33 6 91 8 33 84 22 87 87 25 21 87 39 18 84 43 35 8 29 35 6
split_gain=28.3412 23.5093 26.6603 27.6653 21.0365 21.5441 16.9334 16.3289 16.4882 19.2462 14.5607 15.9863 14.3516 13.6221 14.9958 16.4694 14.0632 11.7734 12.4507 12.0788 16.6582 11.7868 12.673 11.6955 8.87591 8.36907 12.1577 8.67945 8.32633 26.1893
threshold=1.5000000000000002 105.00000000000001 1.0000000180025095e-35 781.50000000000011 12.598624724114385 0.24450000000000002 34.95000000000001 8.9950000000000028 0.028116831299683804 3.0060000000000007 696500.00000000012 0.18331817834063543 13.435 7.7415000000000012 0.028116831299683804 0.71650000000000003 0.035423488896213405 0.014316328915725301 31.350000000000005 95500.000000000015 0.066243369258329618 -0.33973184346711521 71.850000000000009 0.028116831299683804 9.7439598325753938 12850.000000000002 11.495000000000003 13.850000000000003 32150.000000000004 1708500.0000000002
decision_type=2 2 2 2 2 2 2 2 2 2 2 2 2 2 2 2 2 2 2 2 2 2 2 2 2 2 2 2 2 2
left_child=1 2 3 4 5 -1 -6 8 9 -2 12 -12 -5 14 16 -16 -4 18 -3 21 -21 22 -19 -15 -9 26 -20 -27 -26 -30
right_child=7 17 13 10 6 -7 -8 24 -10 -11 11 -13 -14 23 15 -17 -18 19 25 20 -22 -23 -24 -25 28 27 -28 -29 29 -31
leaf_value=-0.051318911039255177 0.062701456224455304 -0.089547559778119512 0.026471535563620203 -0.074205972547539079 -0.0099128892182012342 -0.0014328961657769901 0.012451458586209357 -0.083729020716818078 -0.047915115514160465 -0.021640254424422675 0.0178403985408668 -0.02135218955447403 -0.019650056413629449 -0.08501251638592329 -0.00089203837694498038 0.048059352255545133 0.0044806224747999382 -0.041520538574430971 -0.027123051812493609 -0.093072189947703776 0.01685191183398493 0.044391616139891114 0.039161670656162939 0.0048853245452313582 0.046299231564316715 0.066164823776128048 0.036179280498342299 0.032342373225830813 -0.038832559953760205 0.048355034988426242
leaf_weight=22.777586884796619 13.921041116118433 1.8994472622871388 310.43751657009125 18.332772359251976 96.305282898247242 406.80594664812088 681.82486136257648 1.3907315284013737 12.154759913682936 12.878247931599615 41.603355638682842 68.797205194830894 36.256385818123817 6.0993556454777691 166.81429554522038 19.033815711736679 95.735903099179268 11.825681373476984 11.447537779808043 6.3923867195844633 7.1614929735660553 21.945437476038933 8.0885571092367154 8.4327286630868912 94.31589874625206 29.565394625067711 21.746841192245483 56.987819835543633 13.013975769281386 24.828867942094803
leaf_count=111 18 8 703 85 289 1433 1783 6 39 37 120 259 135 27 472 34 256 37 32 27 17 36 14 22 154 41 40 109 43 42
internal_value=0.00913617 0.00757209 0.0060065 0.00214442 0.00477159 -0.00410094 0.00967619 0.0286428 2.81372e-05 0.0220559 -0.0170473 -0.00653482 -0.0381653 0.0147368 0.0159181 0.00411763 0.0213029 0.0250314 0.0337365 0.00580505 -0.0349271 0.0191648 -0.00846813 -0.0328277 0.0369455 0.0358068 0.0141825 0.0440164 0.0383156 0.0182165
internal_weight=2328.82 2156.32 1979.26 1372.7 1207.71 429.584 778.13 172.504 38.954 26.7993 164.99 110.401 54.5892 606.554 592.022 185.848 406.173 177.061 121.647 55.4136 13.5539 41.8597 19.9142 14.5321 133.549 119.748 33.1944 86.5532 132.159 37.8428
internal_count=6429 6090 5729 4215 3616 1544 2072 339 94 55 599 379 220 1514 1465 506 959 361 230 131 44 87 51 49 245 222 72 150 239 85
is_linear=0
shrinkage=0.05


Tree=42
num_leaves=31
num_cat=0
split_feature=19 14 31 9 89 43 12 25 36 8 67 33 16 25 32 33 12 38 32 87 32 15 10 43 27 35 23 25 92 90
split_gain=25.8623 21.4176 24.0785 25.0593 19.9403 18.9786 23.5621 17.0332 15.504 14.8792 14.8796 17.6951 13.543 17.8041 17.0014 13.7839 12.6391 12.1869 10.7444 9.23291 10.8754 9.65059 9.21622 8.12636 8.69588 7.61372 21.9263 7.06013 5.45365 6.50987
threshold=1.5000000000000002 105.00000000000001 1.0000000180025095e-35 781.50000000000011 0.17713563559949638 12.598624724114385 167.50000000000003 47.550000000000004 1.0245000000000002 8.9950000000000028 1.0000000180025095e-35 3.0060000000000007 6.5000000000000009 49.750000000000007 0.16150000000000003 0.92600000000000016 33.500000000000007 0.35000000000000003 0.77150000000000019 -0.031690448026959493 3.2670000000000008 1.5000000000000002 2.5000000000000004 9.7439598325753938 73.750000000000014 32150.000000000004 37500.000000000007 45.250000000000007 0.18383144517256447 0.18205803757756198
decision_type=2 2 2 2 2 2 2 2 2 2 2 2 2 2 2 2 2 2 2 2 2 2 2 2 2 2 2 2 2 2
left_child=1 2 3 5 16 6 -1 -6 -7 10 11 -2 13 15 -15 -4 -5 -3 22 28 21 -21 -14 -11 -25 -26 -27 -20 -19 -30
right_child=9 17 12 4 7 8 -8 -9 -10 23 -12 -13 18 14 -16 -17 -18 19 27 20 -22 -23 -24 24 25 26 -28 -29 29 -31
leaf_value=-0.0075950401936772704 0.060626905115250297 -0.03154116567241002 0.039680699296683518 -0.027610176544957073 -0.0071512216072456732 0.012316978205176552 0.033335738906515998 -0.043961602816196287 -0.0066980517349923751 -0.080664824251270528 -0.045313096343003338 -0.02052012492758129 -0.035196240639701941 0.031096990241859725 -0.0045936736163894 0.013502515261673679 0.034722661617246249 0.065357014968404278 0.021274767508515809 0.0039470972120231543 -0.025373567490612026 0.035622849985024192 0.0271970738056749 -0.0024905648431837271 0.048461985033540517 -0.028464308026651758 0.055726665088902685 0.06057918055125934 0.055863806552125743 0.0072812414920684632
leaf_weight=390.56698137521744 13.686920940876009 9.2235378921031934 65.950934171676636 11.595127530395983 62.576302014291286 650.69106597453356 38.510776586830616 63.900239408016205 127.90863313525915 1.3755584955215443 12.214209154248236 12.906864136457441 8.4301930218935031 39.741299048066139 204.87765735387802 216.70304889976978 26.236271262168884 20.401645332574844 18.325612038373947 37.543814390897751 11.999650850892065 68.846641600131989 19.033880114555359 12.569335505366324 87.430105611681938 13.461466625332834 17.776550605893135 33.251987025141716 13.36656926572323 14.757998555898665
leaf_count=1444 18 29 131 45 213 1687 100 277 385 6 39 37 32 100 575 543 64 26 38 90 33 130 47 32 137 42 28 48 19 34
internal_value=0.00869011 0.00719894 0.00570735 0.0020357 -0.0162717 0.00453176 -0.00390284 -0.0258086 0.0091863 0.027387 2.46974e-05 0.0211269 0.0140057 0.011094 0.00119461 0.0196402 0.0154637 0.0239105 0.0333275 0.0270216 0.0193911 0.024506 0.00780563 0.0353506 0.0366652 0.0408533 0.0193115 0.0467792 0.0454571 0.030664
internal_weight=2325.86 2154.44 1978.3 1371.99 164.308 1207.68 429.078 126.477 778.6 171.421 38.808 26.5938 606.315 527.273 244.619 282.654 37.8314 176.14 79.0417 166.916 118.39 106.39 27.4641 132.613 131.237 118.668 31.238 51.5776 48.5262 28.1246
internal_count=6429 6090 5729 4215 599 3616 1544 490 2072 339 94 55 1514 1349 675 674 109 361 165 332 253 220 79 245 239 207 70 86 79 53
is_linear=0
shrinkage=0.05


Tree=43
num_leaves=31
num_cat=0
split_feature=30 22 19 87 92 29 5 9 22 38 17 90 12 35 29 17 15 28 36 23 7 28 12 92 17 87 15 34 92 35
split_gain=26.8523 21.6059 23.1707 19.1463 21.3368 24.4538 18.421 16.544 16.2437 18.4603 15.6785 17.5787 13.072 12.1639 21.3945 14.5854 14.8372 13.5332 11.7436 31.9573 17.5716 15.6532 10.0036 10.0137 9.69427 9.29955 15.5096 7.98632 17.1173 7.80928
threshold=2.5000000000000004 0.69350000000000012 1.5000000000000002 -0.067468935754904036 0.19288890078608964 22.350000000000005 2.5000000000000004 703.50000000000011 0.52150000000000019 1.6500000000000001 806600.00000000012 0.19666637556302982 21.500000000000004 28850.000000000004 34.95000000000001 151850.00000000003 2.5000000000000004 32.500000000000007 0.94650000000000001 20500.000000000004 78.000000000000014 35.500000000000007 89.500000000000014 0.18364112106850497 847650.00000000012 0.035423488896213405 1.5000000000000002 0.35750000000000004 0.17400229822096261 7150.0000000000009
decision_type=2 2 2 2 2 2 2 2 2 2 2 2 2 2 2 2 2 2 2 2 2 2 2 2 2 2 2 2 2 2
left_child=1 2 3 8 6 -6 -5 13 24 -10 11 12 -9 15 17 16 -3 -15 20 -20 25 22 23 -22 -1 27 -27 28 -2 -17
right_child=18 7 -4 4 5 -7 -8 10 9 -11 -12 -13 -14 14 -16 29 -18 -19 19 -21 21 -23 -24 -25 -26 26 -28 -29 -30 -31
leaf_value=0.024678889448902747 0.069770159986108291 -0.055904256149365353 0.024391990570436353 0.0068694713161111687 0.0029681700984417734 -0.02684853678339429 -0.0087789160991310119 0.031182975959733246 0.034125813453419564 -0.07067908577911923 0.03614085796540302 -0.082531573618735976 -0.019001251672388308 0.0031042182607757115 0.073927242800655879 0.015659937472342376 0.043503430316168511 -0.083498599515231073 -0.061214146395817307 0.031729508794534421 -0.019199727205824583 -0.043394488334906035 0.053723503312050239 0.025267456102137115 -0.0035116557980882641 0.050973697934427159 -0.032622655603546748 0.060791952198209757 -0.019079750285198829 0.056514642141894902
leaf_weight=184.12753331661224 10.545988097786905 7.1267641782760602 138.78664706647396 989.49324820190668 140.97930470854044 133.61814855784178 231.86246857792139 21.061993390321732 6.7328044474124935 10.682921342551706 27.254748225212097 7.1360547244548789 33.436619132757187 18.065351203083996 8.4359306991100294 14.624362975358961 7.6928772255778313 5.8662206381559363 13.88749350607395 27.195654034614563 18.666057854890823 10.674426846206186 17.74098639190197 38.3632772564888 36.156940594315529 12.652541041374208 9.6656521111726743 60.164003252983093 10.847211666405199 69.034236639738083
leaf_count=479 15 32 281 2703 431 489 809 49 17 46 52 35 110 53 15 32 19 27 55 61 58 36 29 91 99 23 32 101 35 115
internal_value=0.00826868 0.00648061 0.00473592 0.00315816 0.0010596 -0.0115268 0.00389421 0.0213161 0.0163383 -0.0299132 0.00459692 -0.00930671 0.000323382 0.0326238 0.00582909 0.041365 -0.00402087 -0.0181753 0.0244737 0.000117651 0.0297298 0.0128295 0.0209702 0.0106174 0.0200296 0.0435577 0.0145624 0.0514035 0.0246079 0.0494597
internal_weight=2322.58 2092.18 1872.44 1733.65 1495.95 274.597 1221.36 219.735 237.7 17.4157 88.8894 61.6347 54.4986 130.846 32.3675 98.4782 14.8196 23.9316 230.403 41.0831 189.32 85.4447 74.7703 57.0293 220.284 103.875 22.3182 81.5572 21.3932 83.6586
internal_count=6429 5893 5354 5073 4432 920 3512 539 641 63 246 194 159 293 95 198 51 80 536 116 420 214 178 149 578 206 55 151 50 147
is_linear=0
shrinkage=0.05


Tree=44
num_leaves=31
num_cat=0
split_feature=30 26 31 32 92 15 27 13 31 89 44 33 3 29 24 38 9 24 19 10 26 29 32 1 27 91 21 13 38 6
split_gain=24.3218 23.9295 24.8333 20.0243 23.191 27.1767 17.4736 16.0621 23.817 22.4654 13.6761 10.3039 19.4998 15.0569 19.3355 10.824 8.58358 9.65901 12.7235 12.2169 10.4703 12.4974 11.7038 8.20705 16.6702 13.9139 9.7798 7.35187 6.6188 3.94116
threshold=2.5000000000000004 1.5000000000000002 3.5000000000000004 0.85350000000000004 0.18903018479738418 1.5000000000000002 98.15000000000002 1.5000000000000002 1.5000000000000002 0.19041432453930793 11.615942134477855 3.9055000000000004 366500.00000000006 16.250000000000004 50.750000000000007 6.4500000000000011 558.50000000000011 37.850000000000001 1.0000000180025095e-35 3.5000000000000004 3.5000000000000004 6.5500000000000007 0.36050000000000004 2.5000000000000004 75.15000000000002 0.18883886706591832 108500.00000000001 1.0000000180025095e-35 2.3500000000000001 849500.00000000012
decision_type=2 2 2 2 2 2 2 2 2 2 2 2 2 2 2 2 2 2 2 2 2 2 2 2 2 2 2 2 2 2
left_child=1 2 3 7 10 -6 11 8 -1 -9 -5 23 15 -14 -15 -13 -3 18 19 -18 22 -22 -19 24 27 -26 28 -2 -25 -4
right_child=6 16 29 4 5 -7 -8 9 -10 -11 -12 12 13 14 -16 -17 17 20 -20 -21 21 -23 -24 26 25 -27 -28 -29 -30 -31
leaf_value=-0.012089213863180829 -0.05706162749995939 0.053598817517183234 0.068783555302565608 0.01284295150736643 -0.020467698618801045 0.0082735305227744256 -0.045349427655618203 -0.0039080861878841439 0.017672376866609173 0.029241783766902042 0.069816889140311963 -0.083327653707369553 0.055789554019064602 0.042370287616061014 -0.052314039711480201 0.0049367381076611261 0.0033308647011399692 0.031906033844423726 0.036342431839160722 -0.050304307785080972 -0.086463080326846922 0.04136103697918854 0.0068666834524859421 0.05921254333822943 0.042196089490093763 -0.0012780041633490553 0.082269546935931928 0.0084330047547415739 0.0028204265634860816 0.030809374674424184
leaf_weight=461.76877308264375 7.3329456448555019 16.062930762767792 13.993622541427614 574.7087878882885 130.14764808118343 222.88026583194733 8.7714678198099119 138.45131041109562 78.462465181946754 80.705942302942276 10.680133298039435 7.6503909379243833 19.776672825217247 10.741235524415972 10.607588216662405 6.0911040604114532 31.225961923599243 68.279679082334042 16.36279234290123 15.860319942235945 1.8556054681539524 64.164198070764542 149.58828833699226 10.051186963915827 88.773651525378227 22.925066113471985 16.268935084342957 9.8144546747207624 11.100658595561979 15.222853198647497
leaf_count=1899 31 26 18 1371 403 572 33 358 196 163 14 36 31 23 41 16 89 167 29 58 8 118 374 16 173 63 21 23 29 30
internal_value=0.00786328 0.00616169 0.00370358 0.00291243 0.00779831 -0.00231088 0.0233039 -0.00311895 -0.00775496 0.00828451 0.0139027 0.026069 0.00714687 0.0244533 -0.00446695 -0.044089 0.0178256 0.0161419 -0.00141989 -0.0146977 0.0200837 0.0375674 0.014748 0.0322751 0.026175 0.0332356 0.0530195 -0.0194538 0.0300053 0.0493408
internal_weight=2320.33 2090.42 1727.02 1697.81 938.417 353.028 229.905 759.388 540.231 219.157 585.389 221.134 54.867 41.1255 21.3488 13.7415 363.4 347.337 63.4491 47.0863 283.888 66.0198 217.868 166.267 128.846 111.699 37.4208 17.1474 21.1518 29.2165
internal_count=6429 5893 5024 4976 2360 975 536 2616 2095 521 1385 503 147 95 64 52 869 843 176 147 667 126 541 356 290 236 66 54 45 48
is_linear=0
shrinkage=0.05


Tree=45
num_leaves=31
num_cat=0
split_feature=14 12 91 17 8 24 85 12 17 33 92 27 16 34 8 24 85 92 10 16 89 18 90 34 0 88 8 8 14 91
split_gain=32.8528 17.2391 26.1111 19.6966 23.6331 19.1809 17.9754 23.3298 27.8029 25.5997 18.9082 18.0116 17.0168 16.5815 16.5406 16.3082 27.0068 14.888 14.8553 14.1692 13.5607 12.8341 12.5028 16.0007 15.6134 14.6999 18.4356 19.8261 17.3555 16.4882
threshold=1.0000000180025095e-35 39.500000000000007 0.18267519813920716 317650.00000000006 8.5050000000000008 40.150000000000013 0.010944724421513801 84.500000000000014 660750.00000000012 2.6550000000000007 0.19328664151774191 80.350000000000009 7.5000000000000009 0.15650000000000003 7.8550000000000013 68.750000000000014 0.010944724421513801 0.18024884102216188 3.5000000000000004 6.5000000000000009 0.19133559082316784 61.45000000000001 0.20876907912383461 0.78150000000000019 32.500000000000007 0.013627581934317302 24.145000000000003 8.9750000000000032 45.000000000000007 0.18921335627843924
decision_type=2 2 2 2 2 2 2 2 2 2 2 2 2 2 2 2 2 2 2 2 2 2 2 2 2 2 2 2 2 2
left_child=1 2 13 4 -4 -6 11 8 -8 -10 17 20 19 -1 -5 22 -17 -9 -16 -13 21 -3 25 24 -24 29 27 -27 -28 -2
right_child=15 6 3 14 5 -7 7 10 9 -11 -12 12 -14 -15 18 16 -18 -19 -20 -21 -22 -23 23 -25 -26 26 28 -29 -30 -31
leaf_value=-0.042002210065146268 0.021820001240545575 -0.023342387961619412 -0.070623203524292855 0.058986784998966105 0.024071564322019411 -0.019665096625439929 -0.061174004566864532 -0.045446455564241664 0.028275254110503457 -0.078519097292209156 -0.071222620829046998 0.0061103482542759074 -0.062511703035438529 0.026728502478996798 0.013139227320919118 0.008719414627296862 -0.095954324050530504 0.016791936792942452 -0.013878944339577957 0.045647655529242229 -0.048318258665596359 0.014365393303036843 0.0038192294579234838 0.041810397492921467 -0.095430598266879732 -0.012527777137366726 -0.083994280395693566 0.0165495595231821 0 -0.0014097657406377637
leaf_weight=9.1094026640057546 646.90268944203854 51.24096442013979 16.660814702510834 15.120100781321524 34.814426779747009 88.345321834087372 49.651984341442585 11.179145596921442 21.446418032050136 7.48696544766426 8.4063683524727804 249.94942893832922 8.2873512730002385 170.44083116948605 173.44984824955463 19.498682007193569 8.852907329797743 63.972817935049534 71.738946385681629 24.901244983077049 25.063866458833218 40.019711174070835 7.1324981003999737 6.6011552512645713 8.5413346737623197 75.875194534659386 10.279318429529669 254.57220485806465 15.35132686793804 86.145871192216873
leaf_count=35 1380 194 92 26 117 382 248 48 49 34 45 753 36 468 474 47 38 187 235 57 108 118 17 12 36 208 47 580 42 217
internal_value=0.00730643 0.00130482 0.00735622 0.000233625 -0.0148838 -0.00725169 -0.00493262 -0.0189687 -0.038508 0.000293068 -0.000508453 0.000755502 0.00757253 0.0231922 0.00837547 0.0133111 -0.0240121 0.0074192 0.00521125 0.00972588 -0.0157867 -0.00675439 0.0142698 -0.0226524 -0.0502113 0.0150315 0.00667279 0.00985611 -0.0340532 0.0190835
internal_weight=2281.04 1141.29 579.68 400.129 139.821 123.16 561.606 162.144 78.5854 28.9334 83.5583 399.463 283.138 179.55 260.309 1139.75 28.3516 75.152 245.189 274.851 116.325 91.2607 1111.4 22.275 15.6738 1089.13 356.078 330.447 25.6306 733.049
internal_count=6330 3706 1829 1326 591 499 1877 611 331 83 280 1266 846 503 735 2624 85 235 709 810 420 312 2539 65 53 2474 877 788 89 1597
is_linear=0
shrinkage=0.05


Tree=46
num_leaves=31
num_cat=0
split_feature=13 22 34 90 2 37 31 24 33 35 26 35 22 24 22 34 33 24 85 2 28 24 21 30 43 28 25 37 0 90
split_gain=29.7398 23.0637 28.1642 19.1688 17.152 36.8411 30.2049 29.0014 23.7203 22.0097 21.6898 17.2363 16.8634 16.8006 15.0699 29.9949 14.7921 14.7634 24.6596 14.7149 13.2454 16.2485 14.1236 12.8484 24.9969 21.8274 19.8604 16.5788 16.3437 12.3625
threshold=1.0000000180025095e-35 0.58550000000000002 0.23950000000000002 0.16248532174301131 2.5000000000000004 1.7425000000000004 1.5000000000000002 38.250000000000007 5.0785000000000009 10650.000000000002 1.5000000000000002 20850.000000000004 0.27150000000000007 62.650000000000013 0.10550000000000001 0.41550000000000004 1.6745000000000003 68.750000000000014 0.010944724421513801 1.0000000180025095e-35 31.500000000000004 41.350000000000001 23500.000000000004 1.5000000000000002 12.625936906112875 32.500000000000007 42.150000000000013 1.2565000000000002 24.500000000000004 0.17416293825930659
decision_type=2 2 2 2 2 2 2 2 2 2 2 2 2 2 2 2 2 2 2 2 2 2 2 2 2 2 2 2 2 2
left_child=1 4 16 -4 6 7 8 29 9 -1 13 -9 -12 -7 15 -8 -3 23 -19 -10 22 -22 -5 24 25 27 -27 -2 -26 -6
right_child=17 2 3 20 5 10 14 11 19 -11 12 -13 -14 -15 -16 -17 -18 18 -20 -21 21 -23 -24 -25 28 26 -28 -29 -30 -31
leaf_value=0.011164317754532761 -0.022868459788526932 0.010774761609385647 0.090888562692029856 0.068216443989003103 0.0077634870949481226 -0.020431118396335921 0.043459305963721662 0.028658645859695187 0.045044359438323953 -0.017951557075035172 -0.017090191072238605 -0.0020500630834046625 0.040182844546306065 -0.056460194702178605 0.046158482837081495 -0.081741263739737974 -0.078323779682293426 0.0082897044513056076 -0.092033334487493887 0.0020402307884343201 0.035071428051260331 -0.019960080994694818 0.020855068198220125 0.022198426613429838 0.037329046721310273 -0.066048583248307299 -0.0089369342950085234 0.013453756536750381 0.012972362996472829 -0.059603322106781743
leaf_weight=100.03651538491249 37.981884777545929 7.8578535541892078 9.8023539781570417 19.284362778067589 9.9224878326058406 197.44252149015665 12.511786282062532 101.4659588932991 39.082251124083996 183.72177920490503 27.605385534465313 82.522368356585503 23.783650040626526 38.962306901812553 58.335375055670738 7.6011241823434821 10.959234796464441 19.489380732178692 8.7747268080711347 40.943573765456676 20.831406071782112 37.239210084080696 88.68358851224184 311.92687657475471 82.858126327395439 20.339379280805588 60.913011610507965 177.76478006690741 417.49683533608913 20.651559174060822
leaf_count=293 118 23 17 32 28 741 23 269 97 717 97 289 54 183 101 34 52 47 38 142 51 132 240 659 148 81 177 439 917 91
internal_value=0.00695021 0.00123488 0.0169044 0.0231483 -0.00199041 -0.00831505 0.00518306 0.00734786 -0.000874601 -0.00766908 -0.0200083 0.0148644 0.00934612 -0.0264116 0.0333029 -0.00377977 -0.0409924 0.0126691 -0.0228944 0.0231346 0.0190667 -0.000106572 0.0294159 0.0135817 0.0102022 -0.00127293 -0.0233584 0.00702849 0.0170224 -0.0376231
internal_weight=2276.79 1139.25 194.658 175.841 944.589 502.356 442.232 214.562 363.784 283.758 287.794 183.988 51.389 236.405 78.4483 20.1129 18.8171 1137.55 28.2641 80.0258 166.039 58.0706 107.968 1109.28 797.354 296.999 81.2524 215.747 500.355 30.574
internal_count=6330 3706 547 472 3159 1752 1407 677 1249 1010 1075 558 151 924 158 57 75 2624 85 239 455 183 272 2539 1880 815 258 557 1065 119
is_linear=0
shrinkage=0.05


Tree=47
num_leaves=31
num_cat=0
split_feature=13 22 33 21 88 2 37 31 24 33 36 24 24 88 12 17 28 18 22 24 85 13 26 4 18 9 2 10 56 37
split_gain=26.9098 20.8214 18.475 17.9434 16.6495 15.5409 33.4508 27.4429 26.3398 21.3684 21.4095 19.9251 21.4675 19.4992 18.7129 15.0597 14.2357 13.7099 13.6442 13.3733 22.603 12.4535 14.9423 14.4682 24.9002 13.8953 12.256 16.0064 17.2112 11.8769
threshold=1.0000000180025095e-35 0.58550000000000002 0.24450000000000002 175500.00000000003 0.013627581934317302 2.5000000000000004 1.7425000000000004 1.5000000000000002 38.250000000000007 5.0785000000000009 0.7915000000000002 62.650000000000013 59.850000000000001 1.0000000180025095e-35 38.500000000000007 660750.00000000012 32.500000000000007 79.350000000000009 0.10550000000000001 68.750000000000014 0.010944724421513801 3.5000000000000004 1.5000000000000002 14.500000000000002 33.650000000000013 641.50000000000011 4.5000000000000009 4.5000000000000009 1.0000000180025095e-35 3.0645000000000002
decision_type=2 2 2 2 2 2 2 2 2 2 2 2 2 2 2 2 2 2 2 2 2 2 2 2 2 2 2 2 2 2
left_child=1 5 -3 4 15 7 8 9 -7 10 -1 12 -8 -11 -10 -4 -6 -13 -9 21 -21 22 23 25 -25 -2 -23 28 -28 -24
right_child=19 2 3 -5 16 6 11 18 14 13 -12 17 -14 -15 -16 -17 -18 -19 -20 20 -22 26 29 24 -26 -27 27 -29 -30 -31
leaf_value=-0.00086447088909775071 0.021809201189689792 -0.056361812541485881 -0.002495328916117312 -0.048633441679284448 0.054815885336988883 -0.036157519352561285 -0.018594719149839994 -0.0036354907534310726 0.028568379361157078 0.040368366199518571 -0.036761761112717825 -0.06443796556729435 0.029577442930351458 -0.010783885504009851 -0.0033821922796276878 0.035343030317105048 -0.0041031476623520644 0.0029457361481237949 0.044069558183013544 0.0078812100351219744 -0.088564171005211204 0.035575093792372808 0.028440041591119253 -0.078483189002674481 0.0023756446919557558 0.005531715678758594 -0.05459331923975224 0.053159888738722433 0.014245591105814618 -0.010473244667218008
leaf_weight=232.44330938905478 173.42351818829775 8.2986733987927419 71.912092573940754 9.0947217494249326 51.655985094606876 30.235694624483585 216.18049126118422 19.920013591647148 100.9373781234026 51.405454508960247 50.558256834745407 34.815086752176285 25.733930706977844 28.928684957325459 83.369477406144142 41.148609772324562 12.574602782726286 9.4412267878651601 58.057277992367744 19.479994013905529 8.6690558791160566 107.14757540822029 159.08251883089542 12.705859199166296 36.671164080500603 542.89888726174831 13.882961541414259 13.371644690632818 25.641990840435028 22.108346298336983
leaf_count=785 376 36 239 46 103 119 806 57 276 127 225 171 65 112 282 81 42 33 101 47 38 181 309 53 99 1349 44 19 52 57
internal_value=0.00661614 0.00117316 0.016057 0.0193367 0.0228771 -0.0018989 -0.00793115 0.0049342 0.00697579 -0.000831411 -0.00730591 -0.0191229 -0.0134396 0.0218955 0.0140947 0.0112509 0.043215 -0.049976 0.0318298 0.0120619 -0.0218524 0.0129308 0.0107393 0.00767229 -0.0184467 0.00948201 0.0258506 0.0060284 -0.00988434 0.0236612
internal_weight=2271.79 1136.71 194.685 186.386 177.291 942.026 500.713 441.313 214.543 363.336 283.002 286.171 241.914 80.3341 184.307 113.061 64.2306 44.2563 77.9773 1135.08 28.149 1106.93 946.89 765.699 49.377 716.322 160.044 52.8966 39.525 181.191
internal_count=6330 3706 547 511 465 3159 1752 1407 677 1249 1010 1075 871 239 558 320 145 204 158 2624 85 2539 2243 1877 152 1725 296 115 96 366
is_linear=0
shrinkage=0.05


Tree=48
num_leaves=31
num_cat=0
split_feature=13 22 34 12 90 15 17 12 2 12 37 25 91 92 33 31 90 34 90 14 28 89 17 9 28 56 27 88 23 40
split_gain=24.3843 18.8118 25.2756 17.5432 17.4712 15.6785 15.0099 16.8565 30.7354 30.2071 23.2828 25.6263 21.0334 17.0023 13.8379 12.1301 19.893 17.2691 16.701 15.1707 20.5333 20.0236 14.293 18.5143 17.2153 12.6726 15.9701 16.0321 25.9527 12.6248
threshold=1.0000000180025095e-35 0.58550000000000002 0.23950000000000002 176.50000000000003 0.17739512694512691 1.0000000180025095e-35 24550.000000000004 39.500000000000007 2.5000000000000004 85.500000000000014 0.98450000000000004 61.650000000000013 0.18373995243587457 0.19548378885620968 1.6745000000000003 1.0000000180025095e-35 0.20876907912383461 0.78150000000000019 0.18432699758261209 75.000000000000014 38.500000000000007 0.19577211877257619 296150.00000000006 713.50000000000011 22.500000000000004 1.0000000180025095e-35 95.15000000000002 0.048786158779653657 18500.000000000004 -1.0481437307301269
decision_type=2 2 2 2 2 2 2 2 2 2 2 2 2 2 2 2 2 2 2 2 2 2 2 2 2 2 2 2 2 2
left_child=1 6 14 4 -4 -6 -1 10 13 -10 11 -8 -12 -9 -3 16 18 -18 19 20 -2 -21 24 -24 -20 26 27 -17 -29 -27
right_child=15 2 3 -5 5 -7 7 8 9 -11 12 -13 -14 -15 -16 25 17 -19 22 21 -22 -23 23 -25 -26 29 -28 28 -30 -31
leaf_value=-0.03895369266109628 -0.01188823267673034 0.0099040895158683112 0.049341311793741245 -0.057617218592217793 0.051177604061258264 0.0050706105985088342 0.046609480147582885 0.0077861248263368446 -0.039400978632891853 -0.0025417752991317979 0.015574461601761045 -0.051858453976314368 -0.0077514206810549158 -0.070976036004504792 -0.076749787738319086 0.0080192262441993647 -0.082386049537994485 0.025544617568162405 0.055318725327939605 0.020296455877711991 0.042927764971617037 -0.0482943008799675 0.031899602108069705 0.0052807382648359181 -0.0013338551947280443 -0.095590982823767309 0.038694747699591414 0.01743572242689883 -0.094445644266291359 0.029174431578131727
leaf_weight=26.341332845389843 195.84915029257536 7.8331222161650684 49.411939263343811 6.6691860407590857 22.772565923631191 97.008587293326855 54.01163637638092 219.64043329656124 110.33331380784512 112.56887686997652 160.80523940175772 7.3962577506899825 241.70853512734175 6.9637936949729911 10.708912827074526 75.500215783715248 10.889458581805231 5.443575605750083 14.643384605646132 122.57588689029217 18.589153870940208 11.51944340765476 184.59079572558403 101.90275092422962 146.73781131207943 1.9361675083637226 30.804995357990265 9.6633326411247271 10.861472800374029 190.65469637513161
leaf_count=144 552 23 107 28 48 289 129 670 459 379 474 31 835 38 52 172 44 11 25 270 34 39 344 239 398 8 53 21 46 368
internal_value=0.00629943 0.00111257 0.0152691 0.0211462 0.0243126 0.0139135 -0.00181191 -0.000731198 -0.00763555 -0.0208184 0.00594805 0.0346032 0.00155646 0.00531338 -0.0400177 0.0114905 0.0082337 -0.0461734 0.00936144 0.00113738 -0.00709526 0.0143353 0.0157485 0.0224541 0.00380679 0.0197565 0.00742207 -0.00258806 -0.0416989 0.0278452
internal_weight=2266.34 1134.17 194.404 175.862 169.193 119.781 939.769 913.428 449.506 222.902 463.922 61.4079 402.514 226.604 18.542 1132.16 812.741 16.333 796.408 348.534 214.438 134.095 447.875 286.494 161.381 319.421 126.83 96.025 20.5248 192.591
internal_count=6330 3706 547 472 444 337 3159 3015 1546 838 1469 160 1309 708 75 2624 1956 55 1901 895 586 309 1006 583 423 668 292 239 67 376
is_linear=0
shrinkage=0.05


Tree=49
num_leaves=31
num_cat=0
split_feature=26 30 18 4 33 91 8 22 18 34 18 21 27 9 23 21 8 18 18 25 25 21 8 27 87 23 27 8 86 21
split_gain=24.2668 26.4886 24.1078 23.4839 20.5316 19.875 18.9957 21.2935 20.6003 20.2455 19.2126 18.7035 18.4847 15.3095 21.0327 16.4142 15.8943 13.0835 13.7512 16.1375 14.9362 12.7271 17.2117 13.469 11.5571 21.5051 15.8541 14.0477 13.6348 13.4331
threshold=1.5000000000000002 1.5000000000000002 24.850000000000005 13.500000000000002 0.20150000000000004 0.18360511595672871 16.355000000000004 0.40050000000000008 93.550000000000011 0.23250000000000004 33.350000000000001 17500.000000000004 83.250000000000014 716.50000000000011 24500.000000000004 50500.000000000007 9.5850000000000026 5.4500000000000011 76.850000000000009 51.650000000000013 34.95000000000001 103500.00000000001 15.545000000000002 93.850000000000009 0.0070746139465644505 42500.000000000007 97.250000000000014 10.785000000000002 0.086792254386548015 98500.000000000015
decision_type=2 2 2 2 2 2 2 2 2 2 2 2 2 2 2 2 2 2 2 2 2 2 2 2 2 2 2 2 2 2
left_child=1 2 3 4 -1 17 7 10 12 -9 -4 -6 -8 21 15 -15 -16 -3 20 -20 -19 22 -7 -23 25 -2 28 -27 -26 -28
right_child=24 5 6 -5 11 13 8 9 -10 -11 -12 -13 -14 14 16 -17 -18 18 19 -21 -22 23 -24 -25 26 27 29 -29 -30 -31
leaf_value=-0.080464890955171661 0.030765030212946201 0.068257626754826148 0.024044994542978329 -0.058166952152469691 0.040197051613342041 0.013248456849635701 -0.029350097254731103 -0.013874218672958075 -0.077422351986316765 0.024309668557420963 -0.0021476638280749087 -0.0094195961948541247 0.0076929708270447039 -0.019576134787163371 -0.080855233521111222 0.028483431616756469 -0.016288541115666744 -0.045313450487254624 0.064424032810149398 0.00087749984440294742 0.018219717595575752 0.018671647253913168 -0.032975830633771915 0.07140117780731807 0.015708963093491245 -0.081461922410490689 -0.089013599901502927 0.0086327065254402022 -0.040089642354086602 0.017706291164932601
leaf_weight=9.4148277640342695 183.15012373030186 16.666073769330978 80.405034497380257 25.633757404983044 20.408378809690475 124.81239356100559 57.063223317265511 40.956393964588642 11.344232894480227 220.39432287216187 535.93415613472462 253.12028639018536 81.56874542683363 30.100919410586357 13.044826261699198 42.850502006709576 36.043386273086071 9.897193565964697 32.608287014067173 14.619580715894697 118.87842036038637 46.793109983205795 23.872779317200184 16.510491669178009 174.34712721407413 6.962756201624873 7.2909280210733396 10.909592390060423 11.542069911956785 4.7457083612680435
leaf_count=46 381 27 206 110 41 327 200 130 57 545 1603 810 231 104 64 98 118 39 55 39 297 118 89 30 421 33 32 27 41 11
internal_value=0.00599517 0.00359469 -0.000145015 -0.0124023 -0.00821946 0.0130901 0.00353147 0.00634553 -0.0128969 0.0183037 0.00126456 -0.00568601 -0.0075287 0.00569112 -0.00838705 0.00858519 -0.0336778 0.0258821 0.0218046 0.044902 0.0132666 0.0138195 0.00577594 0.0325941 0.0171883 0.025643 0.00856738 -0.0264464 0.0121978 -0.0467258
internal_weight=2261.89 1862.94 1336.24 308.577 282.943 526.698 1027.67 877.69 149.976 261.351 616.339 273.529 138.632 334.028 122.04 72.9514 49.0882 192.67 176.003 47.2279 128.776 211.989 148.685 63.3036 398.948 201.022 197.926 17.8723 185.889 12.0366
internal_count=6330 5384 3979 1007 897 1405 2972 2484 488 675 1809 851 431 948 384 202 182 457 430 94 336 564 416 148 946 441 505 60 462 43
is_linear=0
shrinkage=0.05


Tree=50
num_leaves=31
num_cat=0
split_feature=19 13 31 34 17 20 49 91 12 89 12 8 16 44 6 8 4 37 9 6 17 0 37 2 25 21 33 84 89 85
split_gain=28.0934 25.7486 17.8722 28.3368 20.3858 20.5364 18.4882 17.0242 14.6989 12.9901 12.128 21.6608 16.1773 14.9208 26.0703 12.1169 14.2696 13.0866 16.1231 12.7556 11.4114 11.2805 10.2746 9.41636 10.9827 10.119 9.75959 8.93201 10.255 9.61801
threshold=1.5000000000000002 1.0000000180025095e-35 1.5000000000000002 0.77250000000000008 36750.000000000007 1.0000000180025095e-35 1.0000000180025095e-35 0.19026671976206624 115.50000000000001 0.19200737595401099 18.500000000000004 8.1250000000000018 2.5000000000000004 11.16550729187159 4531000.0000000009 8.8250000000000011 11.500000000000002 2.2975000000000008 672.50000000000011 2287500.0000000005 262050.00000000003 40.500000000000007 3.1450000000000005 1.5000000000000002 57.750000000000007 81500.000000000015 0.22050000000000003 1.0000000180025095e-35 0.18271165329579747 0.010944724421513801
decision_type=2 2 2 2 2 2 2 2 2 2 2 2 2 2 2 2 2 2 2 2 2 2 2 2 2 2 2 2 2 2
left_child=1 2 3 4 9 -6 8 10 -5 -1 11 20 -13 14 -12 16 19 18 -17 -4 -3 -15 -19 24 25 -2 -25 -28 -29 -30
right_child=23 7 15 6 5 -7 -8 -9 -10 -11 13 12 -14 21 -16 17 -18 22 -20 -21 -22 -23 -24 26 -26 -27 27 28 29 -31
leaf_value=-0.0638280934111254 0.043157969928836373 -0.0078877467408013015 -0.073451556639046775 -0.010820658582282365 -0.0016665655229420085 0.022847837497966993 -0.074656004098562018 -0.053784496372228298 -0.065186093085743899 0.011667063291876268 0.012665666180646002 0.025120917054746818 -0.0031302527035194727 0.04248005893276869 -0.071447383432916747 -0.046320193934993245 0.038361687276979348 0.045243057348875834 0.016350757272184668 0.0050724358784180615 -0.097946009615634405 -0.00507949768978809 -0.0012561018875820139 -0.082016131398281178 -0.036744017151308546 -0.013431735719999758 0.046609230870018725 0.039103067811846304 -0.038461970476695979 0.032275507326458404
leaf_weight=19.631950236856941 20.015288308262825 6.5459932386875135 11.197789460420614 95.655402041971684 630.94830369949341 98.673127271234989 16.587017811834812 10.160336613655089 14.282986350357531 7.8269126340746871 707.54880654066801 71.004636138677597 175.52311618626118 68.714078769087791 9.2187694907188398 12.523924589157103 8.6507557481527311 55.877799019217491 54.450178697705269 9.309063106775282 7.893911600112915 14.979193672537802 14.810320541262625 1.6736934036016453 10.856804043054579 12.767953827977179 71.365345895290375 24.761803463101387 11.511646151542665 8.0496315658092481
leaf_count=133 32 20 45 353 2183 261 87 37 68 38 1616 149 455 124 38 46 17 100 128 24 33 40 39 7 34 35 118 43 37 15
internal_value=0.00631721 0.00478587 -0.0007727 -0.00361138 4.37149e-05 0.00164456 -0.0255043 0.0102389 -0.017982 -0.0421632 0.0108615 0.00147883 0.00499323 0.0139136 0.011567 0.0142263 -0.0149164 0.0204415 0.00450538 -0.0377114 -0.0577991 0.0339124 0.0354421 0.0264538 0.00646316 0.0209923 0.0338328 0.0356214 0.017752 -0.00908249
internal_weight=2283.02 2122.01 1050.43 883.606 757.08 729.621 126.525 1071.59 109.938 27.4589 1061.43 260.968 246.528 800.461 716.768 166.82 29.1576 137.662 66.9741 20.5069 14.4399 83.6933 70.6881 161.002 43.64 32.7832 117.362 115.688 44.3231 19.5613
internal_count=6355 6034 3522 3123 2615 2444 508 2512 421 171 2475 657 604 1818 1654 399 86 313 174 69 53 164 139 321 101 67 220 213 95 52
is_linear=0
shrinkage=0.05


Tree=51
num_leaves=31
num_cat=0
split_feature=19 14 5 90 38 33 30 21 39 8 18 24 31 34 24 37 8 9 2 21 14 33 17 56 89 85 24 48 35 34
split_gain=25.6302 25.3253 20.0626 16.7763 21.8425 16.1523 15.7211 20.8332 20.0716 15.553 20.9686 13.6094 12.3015 11.06 12.3239 13.905 12.5414 11.5716 8.60966 10.0884 14.1705 8.94148 8.48768 8.1959 9.35452 8.70067 7.86169 5.82988 7.33327 3.68845
threshold=1.5000000000000002 105.00000000000001 1.0000000180025095e-35 0.20631176093718123 5.1500000000000012 9.7260000000000009 1.5000000000000002 56500.000000000007 -0.62329462580038253 9.0750000000000011 52.750000000000007 57.750000000000007 1.0000000180025095e-35 0.21550000000000002 63.550000000000004 2.8635000000000006 8.0750000000000011 774.50000000000011 1.5000000000000002 79500.000000000015 45.000000000000007 0.22050000000000003 632000.00000000012 1.0000000180025095e-35 0.18271165329579747 0.010944724421513801 46.250000000000007 1.0000000180025095e-35 17850.000000000004 0.60050000000000014
decision_type=2 2 2 2 2 2 2 2 2 2 2 2 2 2 2 2 2 2 2 2 2 2 2 2 2 2 2 2 2 2
left_child=1 2 3 9 11 6 7 -4 -8 10 -1 -5 -11 -3 15 16 -15 -17 19 26 -21 -20 -16 24 -23 -26 -2 28 -25 -29
right_child=18 13 5 4 -6 -7 8 -9 -10 12 -12 -13 -14 14 22 17 -18 -19 21 20 -22 23 -24 27 25 -27 -28 29 -30 -31
leaf_value=0.012023401777332321 -0.0099332300813705504 0.04982000497759758 0.0034692413159815119 0.013938162096517825 -0.092390055506929469 0.064276946451368569 -0.015985154033673284 -0.013299999237753614 0.014614780631624531 0.0093140739494854859 -0.019527877143926634 -0.070781142949380968 0.024596337673016375 -0.062377573917429908 -0.063592822332468754 -0.026253805863039645 0.034349082665466858 0.042388445417299567 -0.079088856345602962 -0.068297607039555772 0.024638811675493099 0.037496862658572092 0.012138294728134207 0.05512541541891023 -0.03650110263266286 0.030870294890160462 0.045260087554191218 0.06760095890698635 0.0029561669725325698 0.035823893396332067
leaf_weight=121.16774424910545 10.027984574437143 31.17901822924614 322.94285913556814 23.574370801448826 8.8184568434953672 9.0883639454841596 69.804918751120567 432.86841196194291 228.16856756061316 438.78905400633812 92.926262579858303 5.8210023641586295 189.41417999565601 3.3489684760570517 7.4404776543378812 22.410923674702648 95.038741260766983 8.3145156353712064 1.653073877096175 8.6562770307064074 7.539512872695922 24.541342481970787 7.033591091632843 12.191197231411936 11.528459012508394 8.0010555088520032 17.217454716563225 27.488049700856209 15.411116346716879 15.588696762919424
leaf_count=291 26 49 1002 56 39 19 236 1592 671 1090 273 23 389 11 27 64 173 14 7 34 14 43 15 17 37 15 27 36 37 28
internal_value=0.00601277 0.00455229 0.00290923 0.00849132 -0.023832 -0.00171078 -0.00229068 -0.00612872 0.00742654 0.00996637 -0.00165063 -0.00285191 0.0139331 0.0227823 0.0168459 0.0217739 0.0309459 -0.00743928 0.0253198 0.00616385 -0.024841 0.0324144 -0.0266179 0.0341317 0.0169705 -0.00862831 0.0248007 0.0447225 0.0262942 0.0563268
internal_weight=2277.99 2118.15 1943.38 880.511 38.2138 1062.87 1053.78 755.811 297.973 842.297 214.094 29.3954 628.203 174.766 143.587 129.113 98.3877 30.7254 159.844 43.4412 16.1958 116.403 14.4741 114.75 44.0709 19.5295 27.2454 70.6791 27.6023 43.0767
internal_count=6355 6034 5681 2161 118 3520 3501 2594 907 2043 564 79 1479 353 304 262 184 78 321 101 48 220 42 213 95 52 53 118 54 64
is_linear=0
shrinkage=0.05


Tree=52
num_leaves=31
num_cat=0
split_feature=14 31 34 20 9 92 35 32 33 9 91 91 17 32 37 40 36 40 22 91 16 3 12 23 6 26 90 29 32 24
split_gain=22.2618 16.6502 20.343 21.0281 17.3114 17.8147 15.3592 16.0189 15.0046 14.4088 14.6195 20.8455 14.0038 15.1754 21.5401 13.6998 15.764 20.4416 20.366 16.371 16.1696 14.5067 14.4906 12.2012 17.193 12.0136 13.9006 15.907 12.7676 12.4564
threshold=45.000000000000007 1.5000000000000002 0.79550000000000021 1.0000000180025095e-35 793.50000000000011 0.19334049503768966 107450.00000000001 0.12550000000000003 8.6960000000000033 788.50000000000011 0.17866860097984474 0.18793162875957242 96250.000000000015 0.38750000000000007 2.9115000000000006 0.10666754907163811 0.27950000000000008 0.38796773261309375 0.16950000000000004 0.18331817834063543 3.5000000000000004 735500.00000000012 90.500000000000014 31500.000000000004 1606500.0000000002 1.5000000000000002 0.20500123225997968 26.750000000000004 1.8160000000000001 62.050000000000004
decision_type=2 2 2 2 2 2 2 2 2 2 2 2 2 2 2 2 2 2 2 2 2 2 2 2 2 2 2 2 2 2
left_child=1 2 3 6 5 -5 7 -1 -8 10 -4 -12 -3 14 -14 21 19 18 20 -17 -18 25 -20 -19 -25 26 29 -28 -27 -2
right_child=15 12 9 4 -6 -7 8 -9 -10 -11 11 -13 13 -15 -16 16 17 23 22 -21 -22 -23 -24 24 -26 28 27 -29 -30 -31
leaf_value=-0.022147464368868778 0.022118310805761904 0.039218147920710822 -0.059324573416439819 0.029226778614350142 -0.055615546348926563 -0.039047519502293911 0.043133108103940915 0.0006992274955850827 -0.035004578869804702 -0.062494285905612949 0.012678318690411784 -0.028159068783993147 -0.067312071983339675 0.013878797019544484 0.042730494626633288 0.0082264100027684608 0.046375483921919036 0.034695036076885642 -0.086741660236966514 -0.075921500607155579 -0.030834741992208561 -0.031815461868638893 0.0027312991329884024 -0.035016451097499839 0.016405717193652518 0.04425522481153818 -0.0693975345174936 0.01876073676663188 0.0031441945176589508 -0.0017462140780396291
leaf_weight=83.578847259283066 276.54648503661156 47.352368161082268 14.307527489960192 129.06793320178986 7.0176527425646773 10.171723648905752 35.053743556141853 919.62918345630169 7.2951140850782386 15.421393170952795 67.824408657848835 57.657565526664257 13.772562488913538 153.62795236706734 6.4061257913708678 10.731436342000963 13.323522895574571 56.536401629447937 14.137618854641916 12.144312873482702 13.556404441595076 14.115388780832289 6.4686949402093878 20.54790972173214 75.88244454562664 78.898624941706657 10.066325202584268 10.104172527790068 25.192188873887062 67.657806888222694
leaf_count=378 572 90 63 306 29 43 89 2839 28 77 205 209 61 350 14 28 24 102 57 49 42 44 15 64 168 126 36 22 57 168
internal_value=0.00572362 0.00240027 0.000308455 0.00252995 0.0202807 0.0241789 4.04081e-05 -0.0012012 0.0295044 -0.0167081 -0.0115802 -0.00605367 0.0151125 0.00849754 -0.0320919 0.013098 0.00283046 0.00734424 -0.0212377 -0.0363645 0.00728062 0.0178377 -0.0585355 0.0162578 0.00537168 0.0193509 0.0150396 -0.0251143 0.034366 0.0174138
internal_weight=2274.09 1568.18 1347.03 1191.81 146.257 139.24 1045.56 1003.21 42.3489 155.211 139.79 125.482 221.159 173.807 20.1787 705.91 223.329 200.453 47.4862 22.8757 26.8799 482.581 20.6063 152.967 96.4304 468.466 364.375 20.1705 104.091 344.204
internal_count=6355 4781 4266 3712 378 349 3334 3217 117 554 477 414 515 425 75 1574 549 472 138 77 66 1025 72 334 232 981 798 58 183 740
is_linear=0
shrinkage=0.05


Tree=53
num_leaves=31
num_cat=0
split_feature=19 13 65 40 0 34 31 91 12 31 26 12 8 22 91 27 27 17 0 2 25 21 33 56 89 85 48 35 34 8
split_gain=23.4503 21.6821 17.6558 18.4343 20.5848 16.9677 17.5442 15.3837 13.6212 12.5143 11.2449 10.9397 18.8925 14.7734 13.7943 17.4324 17.0477 10.1522 9.2112 7.88234 9.35493 8.33418 8.21047 7.57038 8.49294 7.89218 5.46672 6.83547 3.41158 2.73642
threshold=1.5000000000000002 1.0000000180025095e-35 1.0000000180025095e-35 1.8092739231383435 21.500000000000004 0.77250000000000008 1.5000000000000002 0.19026671976206624 42.500000000000007 1.5000000000000002 1.5000000000000002 18.500000000000004 8.1250000000000018 0.78650000000000009 0.18921335627843924 84.350000000000009 98.750000000000014 262050.00000000003 25.500000000000004 1.5000000000000002 57.750000000000007 81500.000000000015 0.22050000000000003 1.0000000180025095e-35 0.18271165329579747 0.010944724421513801 1.0000000180025095e-35 17850.000000000004 0.60050000000000014 9.2550000000000008
decision_type=2 2 2 2 2 2 2 2 2 2 2 2 2 2 2 2 2 2 2 2 2 2 2 2 2 2 2 2 2 2
left_child=1 2 3 5 -5 8 -7 11 -1 -6 18 12 17 -14 16 -16 -13 -3 -4 20 21 -2 -21 24 29 -26 27 -25 -28 -24
right_child=19 7 10 4 9 6 -8 -9 -10 -11 -12 14 13 -15 15 -17 -18 -19 -20 22 -22 -23 23 26 25 -27 28 -29 -30 -31
leaf_value=0.0099999587007374643 0.039870189794144285 -0.0075806233116992409 0.0032861243288884977 0.050553915732870297 -0.063286062401299123 -0.023332088192768372 0.019980442712629224 -0.051997934932805912 -0.0027686332638462534 0.016288685010358489 0.023737145019574295 0.016289730621796221 -0.00023630844822062426 0.039118160657445472 0.014836798616826036 -0.030205025764811579 -0.027468818323088614 -0.092735267775618815 -0.077245261779582894 -0.076749768973770824 -0.034123649662457109 -0.011909923555040065 0.012205555238919379 0.052988841199166414 -0.03499205602141342 0.029348619425907219 0.06504699928247093 0.0023203172645710076 0.034239894469403606 0.04829158672371734
leaf_weight=447.10301769524813 19.385567754507065 6.5312123298645002 4.4285664856433931 6.0080613270401946 27.355096250772476 114.93210768699646 29.140009924769402 10.08900887519121 390.97307042777538 5.8664717823266974 4.9675654619932166 686.74656645208597 218.62242383509874 26.633576154708862 45.510256886482239 40.401925876736641 22.832436785101891 7.8518350571393967 15.576088078320025 1.6274161040782917 10.875065788626669 12.665876805782316 8.6752238720655459 11.980959430336954 11.499478548765184 7.9361129254102698 27.058447957038879 15.332422301173208 15.386018171906469 15.552551150321959
leaf_count=1392 32 20 14 15 157 462 66 37 1306 16 13 1527 556 48 104 119 68 33 81 7 34 35 18 17 37 15 36 37 28 25
internal_value=0.0054477 0.00405406 -0.00105377 -3.13171e-05 -0.033602 0.00130778 -0.0145292 0.00907574 0.00403766 -0.0490775 -0.0425065 0.00966933 0.000736886 0.00403121 0.012578 -0.00629738 0.014871 -0.0547319 -0.0592411 0.0240297 0.00558594 0.0192792 0.0308571 0.0325114 0.0159483 -0.00844821 0.0427694 0.0248406 0.0541038 0.0356791
internal_weight=2269.54 2111.57 1046.35 1021.38 39.2296 982.148 144.072 1065.22 838.076 33.2216 24.9722 1055.13 259.639 245.256 795.491 85.9122 709.579 14.383 20.0047 157.975 42.9265 32.0514 115.049 113.421 43.6634 19.4356 69.7578 27.3134 42.4445 24.2278
internal_count=6355 6034 3522 3414 188 3226 528 2512 2698 173 108 2475 657 604 1818 223 1595 53 95 321 101 67 220 213 95 52 118 54 64 43
is_linear=0
shrinkage=0.05


Tree=54
num_leaves=31
num_cat=0
split_feature=19 13 91 31 34 17 49 12 5 89 8 4 37 24 6 12 8 16 44 6 27 37 17 24 27 28 9 33 16 17
split_gain=21.4425 19.6033 13.9568 13.8806 21.9156 18.2058 17.3193 16.8841 14.1009 12.369 10.6822 12.7392 11.8922 15.4223 11.4338 9.90082 17.1831 14.5268 13.0145 23.1966 10.5126 9.49509 9.33584 7.38213 13.9806 12.0288 14.6385 11.5754 11.4252 11.6751
threshold=1.5000000000000002 1.0000000180025095e-35 0.19026671976206624 1.5000000000000002 0.77250000000000008 36750.000000000007 1.0000000180025095e-35 42.500000000000007 2.5000000000000004 0.19200737595401099 8.8250000000000011 11.500000000000002 2.2975000000000008 51.550000000000004 2287500.0000000005 18.500000000000004 8.1250000000000018 2.5000000000000004 11.16550729187159 4531000.0000000009 71.050000000000011 3.1450000000000005 262050.00000000003 49.850000000000001 81.350000000000009 33.500000000000007 667.50000000000011 0.22050000000000003 4.5000000000000009 679400.00000000012
decision_type=2 2 2 2 2 2 2 2 2 2 2 2 2 2 2 2 2 2 2 2 2 2 2 2 2 2 2 2 2 2
left_child=1 3 15 4 5 9 8 -7 -6 -1 11 14 13 -12 -5 16 22 -18 19 -17 -20 -14 -3 24 25 26 -2 -25 -26 -30
right_child=23 2 -4 10 6 7 -8 -9 -10 -11 12 -13 21 -15 -16 18 17 -19 20 -21 -22 -23 -24 27 28 -27 -28 -29 29 -31
leaf_value=-0.062900248043591775 -0.002969177203341672 -0.0072096496354170092 -0.049687022584375844 -0.070844400191164919 -0.0063269856157178068 0.0082511896678779603 -0.071897173683328694 -0.0070048095342850327 -0.050598752652106505 0.01122958849177948 -0.024085843038344951 0.035208635469433917 0.041983210506533641 0.024274830146823977 0.0037891122481267 0.010809809061948908 0.023004874401229961 -0.0038706194965895282 -0.078294820539096352 -0.068938086473570193 0.03363327176056561 -0.0027460699950695223 -0.089101844668251676 -0.075474108052149061 0.041020010854410004 0.02906677667335944 -0.10512901558614665 0.036325013400211881 -0.048414692314590405 0.038621608726616782
leaf_weight=18.731898203492168 7.9542171508073825 6.5291132628917676 10.03631269931793 11.10161922127009 85.273197785019875 390.95172844827175 15.757159650325773 337.93580576404929 22.835839383304119 7.8359689563512793 29.352008506655693 8.6080370247364026 55.33142776787281 37.282569169998169 9.2289298027753812 702.18060774356127 70.379603505134583 174.71471095085144 2.0357296019792548 9.124281778931616 80.877919554710388 14.818781584501265 7.7695145159959793 2.2639570981264105 35.784841611981392 7.3423755615949622 6.331024244427681 81.640856549143791 8.6973775178194028 6.717075288295745
leaf_count=133 21 20 37 45 299 1259 87 1185 122 38 94 17 100 80 24 1616 149 455 9 38 155 39 33 10 62 14 28 146 29 11
internal_value=0.00518459 0.00385496 0.00863368 -0.00100439 -0.00351073 -0.000306593 -0.0229963 0.00117117 -0.0157628 -0.0408887 0.0122581 -0.0152082 0.0181123 0.00289324 -0.0368675 0.00919863 0.000696556 0.00383261 0.0119687 0.00977027 0.0307339 0.0324728 -0.0523648 0.0230279 0.0112535 -0.0222609 -0.0490087 0.0331626 0.025524 -0.0101606
internal_weight=2265.42 2108.69 1063.65 1045.04 879.322 755.455 123.866 728.888 108.109 26.5679 165.723 28.9386 136.785 66.6346 20.3305 1053.61 259.393 245.094 794.219 711.305 82.9136 70.1502 14.2986 156.732 72.8269 21.6276 14.2852 83.9048 51.1993 15.4145
internal_count=6355 6034 2512 3522 3123 2615 508 2444 421 171 399 86 313 174 69 2475 657 604 1818 1654 164 139 53 321 165 63 49 156 102 40
is_linear=0
shrinkage=0.05


Tree=55
num_leaves=31
num_cat=0
split_feature=19 30 5 32 27 35 91 38 14 24 22 18 22 34 35 1 11 32 2 9 32 32 18 9 86 91 38 37 17 19
split_gain=27.3857 29.036 25.294 26.0646 28.222 23.4861 21.1723 20.8524 18.081 17.4218 26.2622 19.7215 16.5912 32.0276 24.5609 16.4188 28.6474 14.1662 27.7973 28.2812 14.5688 26.8654 18.1583 13.0462 12.5967 11.1782 15.0302 9.75967 12.9041 16.4303
threshold=1.0000000180025095e-35 1.5000000000000002 1.0000000180025095e-35 0.85350000000000004 91.550000000000011 29250.000000000004 0.18267519813920716 0.95000000000000007 105.00000000000001 45.650000000000013 0.13350000000000004 67.750000000000014 0.24850000000000003 0.17650000000000002 29750.000000000004 1.5000000000000002 3.5000000000000004 2.6675000000000004 8.5000000000000018 655.50000000000011 0.9165000000000002 0.72250000000000003 94.450000000000017 722.50000000000011 -0.012826364801189148 0.1807561341783944 10.450000000000001 2.7255000000000007 1327050.0000000002 1.5000000000000002
decision_type=2 2 2 2 2 2 2 2 2 2 2 2 2 2 2 2 2 2 2 2 2 2 2 2 2 2 2 2 2 2
left_child=1 2 17 12 5 -5 9 -6 15 10 -3 -12 13 -4 -14 16 -8 20 19 -19 21 -1 -22 -17 -10 26 -11 28 -2 -30
right_child=27 6 3 4 7 -7 8 -9 24 25 11 -13 14 -15 -16 23 -18 18 -20 -21 22 -23 -24 -25 -26 -27 -28 -29 29 -31
leaf_value=0.0069024614209546907 0.013384455743531594 -0.048660296222061777 0.026861358005041271 -0.0022710893840890227 -0.027349089282011952 -0.039022437882750394 -0.015117337247153174 0.025950968446265432 0.061344039123665234 0.0068764179519316057 0.043513501586307853 -0.040102074378997529 -0.02742552963695364 -0.040419014450191824 0.014909417073229337 0.023019319949251191 0.061297127093754039 0.03835687119306383 -0.087028048589079324 -0.024508131768795655 0.021888258506396197 -0.042288693398857831 -0.049511692293587282 -0.0095577198436808831 -0.0026515064268056955 0.052957070595972267 0.066875116173465934 0.027462816855768686 -0.095215326552390275 0.015878313021234925
leaf_weight=262.57948115468025 287.46243169158697 16.714582040905952 20.307596527040005 217.57180446386337 21.469606757164001 54.341894999146461 157.98652977496386 120.56184096634388 22.515286549925804 43.077345713973045 32.45697945356369 8.8575178831815702 71.528580281883478 130.02083078026772 65.433104492723942 105.40743630379438 13.180050872266291 27.672136411070824 10.910105541348456 50.138968482613564 206.98981896042824 30.926851913332939 9.1720589548349363 43.044564358890057 11.41724608838558 58.806911416351795 13.792878821492193 133.50825451314449 6.2437422126531583 6.8181352615356445
leaf_count=709 655 64 65 621 69 198 528 286 30 116 65 30 345 655 244 261 24 47 42 143 422 108 31 142 28 116 21 273 27 14
internal_value=0.00490074 0.00221496 -0.00179683 -0.00824284 -0.000199073 -0.00964587 0.0121115 0.0178453 0.005068 0.0264075 0.00394382 0.0254127 -0.0198113 -0.0312852 -0.00716751 0.00136222 -0.00917177 0.00574883 -0.0126569 -0.0020666 0.00896449 0.00168951 0.018814 0.0135397 0.0397201 0.03762 0.0216077 0.0161908 0.0111591 -0.0371659
internal_weight=2260.91 1826.88 1299.62 701.235 413.945 271.914 527.257 142.031 353.551 173.706 58.0291 41.3145 287.29 150.328 136.962 319.619 171.167 598.389 88.7212 77.8111 509.668 293.506 216.162 148.452 33.9325 115.677 56.8702 434.033 300.524 13.0619
internal_count=6379 5410 3985 2483 1174 819 1425 355 1013 412 159 95 1309 720 589 955 552 1502 232 190 1270 817 453 403 58 253 137 969 696 41
is_linear=0
shrinkage=0.05


Tree=56
num_leaves=31
num_cat=0
split_feature=19 30 5 32 2 14 36 9 92 89 92 0 9 21 23 2 23 20 33 8 2 89 0 18 37 17 19 37 14 38
split_gain=24.8079 26.2699 22.9084 23.7908 27.5399 26.846 19.5814 17.0943 23.4109 19.4456 23.9246 18.6248 15.4336 14.8282 18.6204 17.6058 14.3065 13.6498 19.6043 17.8137 12.1869 11.0094 9.87159 9.55598 8.8921 11.7111 15.0268 12.5485 20.6968 15.8845
threshold=1.0000000180025095e-35 1.5000000000000002 1.0000000180025095e-35 0.85350000000000004 1.0000000180025095e-35 45.000000000000007 0.70750000000000013 637.50000000000011 0.19548378885620968 0.18178852567886658 0.16515669514672507 48.500000000000007 618.50000000000011 125500.00000000001 46500.000000000007 23.500000000000004 22500.000000000004 1.0000000180025095e-35 4.8055000000000012 9.3050000000000015 2.5000000000000004 0.1855403419572125 29.500000000000004 32.850000000000001 2.7255000000000007 1327050.0000000002 1.5000000000000002 2.2215000000000003 45.000000000000007 2.7500000000000004
decision_type=2 2 2 2 2 2 2 2 2 2 2 2 2 2 2 2 2 2 2 2 2 2 2 2 2 2 2 2 2 2
left_child=1 2 17 13 6 -6 -5 12 9 11 -11 -9 16 15 -15 -4 21 18 19 -1 -18 -3 -20 -14 25 27 -27 -2 29 -29
right_child=24 7 3 4 5 -7 -8 8 -10 10 -12 -13 23 14 -16 -17 20 -19 22 -21 -22 -23 -24 -25 -26 26 -28 28 -30 -31
leaf_value=-0.022615036404166379 0.018084213315945962 0.016002085150553558 -0.029024022993772713 0.039255880949517694 -0.018077960582952329 0.011730545645792761 -0.01160362076567957 0.024116229420431946 -0.062109718795615859 -0.085171081359498704 0.0013910175557751284 -0.038297212788919156 0.0046195042136257195 0.015804208202461281 -0.030243348687911654 0.076337413605231066 0.061855584004996911 0.025639607420581724 -0.006187605841384238 0.0028709032823158957 0.0092529360898508158 -0.036793781663201401 0.028139913691448276 0.07042049633128239 0.026219178914190667 -0.091436759244349811 0.0151610103356166 -0.075413323046853373 0.037213404762097065 -0.0070973270782352122
leaf_weight=87.288500532507896 227.58966662734747 25.34649857878685 189.55618567019701 63.663508743047714 203.60882179439068 119.75937996804714 26.669806927442551 181.35524443536997 11.909118220210074 8.2244280502200109 192.46340326964855 12.648788593709467 7.1722576916217795 55.435569040477276 36.177084036171436 3.9311101362109175 22.815326444804668 73.497303873300552 26.715908989310265 317.33232686668634 21.766691222786903 15.995160073041914 92.719161689281464 26.743393704295158 132.87012696266174 6.1823092997074109 6.7891687601804733 11.979226037859915 17.781070396304131 29.543534860014915
leaf_count=269 493 62 913 134 693 267 80 438 59 38 561 44 18 210 178 8 40 146 75 817 62 57 195 46 273 27 14 50 30 82
internal_value=0.00466613 0.00210764 -0.00171424 -0.007863 -0.000191295 -0.00702271 0.0241887 0.011527 0.00661604 0.00871759 -0.00217215 0.0200036 0.0281283 -0.0189737 -0.00233822 -0.0268192 0.0167369 0.0054681 0.00262521 -0.00261903 0.036363 -0.00434357 0.0204208 0.0567068 0.0154286 0.0106235 -0.0355727 0.0127413 -0.00767474 -0.0270603
internal_weight=2255.53 1822.79 1296.35 698.801 413.702 323.368 90.3333 526.44 406.601 394.692 200.688 194.004 119.839 285.1 91.6127 193.487 85.9237 597.553 524.056 404.621 44.582 41.3417 119.435 33.9157 432.735 299.865 12.9715 286.893 59.3038 41.5228
internal_count=6379 5410 3985 2483 1174 960 214 1425 1140 1081 599 482 285 1309 388 921 221 1502 1356 1086 102 119 270 64 969 696 41 655 162 132
is_linear=0
shrinkage=0.05


Tree=57
num_leaves=31
num_cat=0
split_feature=19 30 91 27 32 32 35 14 24 22 89 8 1 11 22 27 89 28 33 84 8 88 35 86 4 91 37 3 3 37
split_gain=22.5072 23.727 18.2747 18.0755 20.8499 25.4541 24.6381 16.6836 15.5831 23.847 14.9686 28.5228 14.5308 25.2566 14.2352 12.5609 23.023 21.9352 20.3226 18.8861 14.7567 12.5066 11.9462 11.5731 11.4052 9.90011 13.9956 10.6254 8.79663 9.88728
threshold=1.0000000180025095e-35 1.5000000000000002 0.18267519813920716 91.950000000000017 0.85350000000000004 0.64450000000000018 16250.000000000002 105.00000000000001 45.650000000000013 0.13350000000000004 0.17521450524319498 9.1650000000000009 1.5000000000000002 3.5000000000000004 0.26150000000000007 85.450000000000017 0.16844543020997246 31.500000000000004 4.7035000000000009 -0.030173592927519397 8.2250000000000032 0.092471305313124114 7850.0000000000009 -0.012826364801189148 2.5000000000000004 0.1807561341783944 2.9865000000000008 513500.00000000006 194500.00000000003 2.7255000000000007
decision_type=2 2 2 2 2 2 2 2 2 2 2 2 2 2 2 2 2 2 2 2 2 2 2 2 2 2 2 2 2 2
left_child=1 3 8 15 5 6 -5 12 9 -3 11 -6 13 -4 -11 17 -17 19 -19 -1 -18 -7 -14 -9 -12 26 -10 -27 -2 -30
right_child=28 2 7 4 10 21 -8 23 25 14 24 -13 22 -15 -16 16 20 18 -20 -21 -22 -23 -24 -25 -26 27 -28 -29 29 -31
leaf_value=0.020849367072860576 0.033521053712857629 -0.047272784961885049 -0.014662730067845749 -0.038461702256360426 0.028813552042485396 -0.082485481154289608 0.012631467280689063 0.058981235314133129 0.0043123362360729684 0.051567063263867376 0.035994678479690755 -0.077133649783712843 -0.025010374883541204 0.057026961536899984 -0.006968479082097666 0.059019647133708386 -0.061713381498106859 -0.022640091436835239 0.012441246908945814 -0.0019400493585747872 -0.01445882487696807 0.011897630529645736 0.01770582072350468 -0.0025429174785234435 0.011466783954187227 0.035657903535472373 0.060009813868735155 0.083502695284641104 0.006594528403744789 0.024264839421907401
leaf_weight=128.62512172758579 54.544886693358421 16.642641462385654 157.61579260975122 30.274059884250164 14.100904688239099 14.658571340143682 105.52944550663233 22.085443794727325 41.155958645045757 21.462554752826691 85.196980059146881 11.350834324955938 18.549310594797134 13.204767324030398 19.744536980986595 9.9911012127995473 17.837939560413361 174.59719958901405 53.785329513251781 308.36339123547077 225.37497631832957 4.4588750898838034 129.8195469379425 11.417214199900625 108.87324742972851 42.241016648709774 15.566707983613012 16.50042437016964 262.27460665255785 114.15238349884748
leaf_count=335 98 64 528 135 30 72 338 30 110 41 165 46 65 24 54 23 77 613 158 955 749 14 338 28 275 90 27 26 632 239
internal_value=0.00444318 0.00200551 0.0109589 -0.00163347 0.00761897 -0.00639985 0.00118479 0.0044058 0.0242553 0.00297085 0.0175335 -0.0183575 0.000861577 -0.0090616 0.0234495 -0.00541094 -0.0148894 -0.00179475 -0.0143545 0.00475968 -0.0179691 -0.0602644 0.0123184 0.0379207 0.0222733 0.0348641 0.0197644 0.0493015 0.0147175 0.0119714
internal_weight=2250 1819.02 526.006 1293.02 374.443 154.921 135.804 352.692 173.314 57.8497 219.522 25.4517 319.189 170.821 41.2071 918.575 253.204 665.371 228.383 436.989 243.213 19.1174 148.369 33.5027 194.07 115.464 56.7227 58.7414 430.972 376.427
internal_count=6379 5410 1425 3985 1075 559 473 1013 412 159 516 76 955 552 95 2910 849 2061 771 1290 826 86 403 58 440 253 137 116 969 871
is_linear=0
shrinkage=0.05


Tree=58
num_leaves=31
num_cat=0
split_feature=19 31 18 18 15 27 14 9 27 33 36 87 0 56 3 80 87 23 7 43 3 29 28 35 35 35 25 9 18 87
split_gain=20.3987 16.1959 15.615 21.5907 16.4998 15.054 14.075 13.2247 13.14 12.219 11.8851 18.21 14.5074 10.4125 8.08735 9.7008 9.55544 8.75857 17.7651 19.6274 9.72181 9.25084 11.6692 14.0489 13.2791 9.77598 15.4108 8.62937 3.85228 1.38864
threshold=1.0000000180025095e-35 3.5000000000000004 92.750000000000014 85.950000000000017 4.5000000000000009 92.050000000000011 105.00000000000001 638.50000000000011 75.950000000000017 2.3355000000000001 0.33850000000000008 0.0070746139465644505 47.500000000000007 1.0000000180025095e-35 194500.00000000003 1.0000000180025095e-35 1.0000000180025095e-35 14500.000000000002 54.000000000000007 12.805186429793727 296500.00000000006 20.050000000000004 26.500000000000004 18850.000000000004 17850.000000000004 17450.000000000004 59.850000000000001 686.50000000000011 53.350000000000001 0.0070746139465644505
decision_type=2 2 2 2 2 2 2 2 2 2 2 2 2 2 2 2 2 2 2 2 2 2 2 2 2 2 2 2 2 2
left_child=1 2 3 6 5 9 7 -1 -8 -4 11 -5 -12 -7 15 16 -2 18 20 -20 -16 22 23 -19 -24 27 -27 -23 -3 -17
right_child=14 28 4 10 -6 13 8 -9 -10 -11 12 -13 -14 -15 17 29 -18 21 19 -21 -22 25 24 -25 -26 26 -28 -29 -30 -31
leaf_value=0.0081834155219695972 0.045513802529072243 0.013947566738186213 -0.065064157170822909 0.021446890223364906 0.041159381839516451 -0.034571189930252738 -0.025035634435419854 -0.003399058850556606 0.022324375640481342 -0.020263066916512685 0.031851472143762924 -0.063571488459237144 -0.038438706614536806 0.026194470404986958 -0.015254556205792065 0.038582714841560305 -0.017588043975907418 0.013301033419240788 0.040819495999485547 -0.056254513088873484 -0.092477605833044499 0.011535348696147106 -0.012653588526355636 -0.059007062688092506 0.024109299379728995 -0.00076480958429072591 0.036286446916547234 0.047616060274887934 0.052606494630106297 0.062459675522727603
leaf_weight=319.05952763557434 10.141902297735216 10.607424139976503 24.738369554281235 17.278106108307842 10.746689453721045 10.690459541976454 16.592887297272682 1080.5412769056857 115.39248755574226 40.943012796342373 113.99180819839239 9.7500624507665616 7.6996044665575019 20.129794582724571 9.4743040800094622 14.19862772524357 14.268782198429106 12.330095171928408 19.949015557765964 6.9084760546684256 7.3804928362369528 25.70743490755558 37.32014212012291 14.345776550471781 70.764199279248714 79.162864297628403 43.160288631916046 49.187149554491043 18.554385423660278 15.44022613763809
leaf_count=896 16 24 121 44 24 43 47 3407 237 153 261 44 28 53 27 24 38 27 34 23 32 56 98 53 154 207 82 78 28 20
internal_value=0.00422854 0.00190773 0.00130076 0.00248436 -0.0171818 -0.0237664 0.000714267 -0.000754696 0.0163181 -0.0372863 0.0206674 -0.00915936 0.0273351 0.00491166 0.0140254 0.032147 0.0085036 0.0113971 -0.00955662 0.0155479 -0.0497104 0.0141732 0.00402578 -0.0254733 0.0113694 0.0210762 0.0122864 0.03533 0.0388111 0.0513576
internal_weight=2246.46 1816.72 1787.55 1680.31 107.248 96.5016 1531.59 1399.6 131.985 65.6814 148.72 27.0282 121.691 30.8203 429.74 54.0495 24.4107 375.69 43.7123 26.8575 16.8548 331.978 134.76 26.6759 108.084 197.218 122.323 74.8946 29.1618 29.6389
internal_count=6379 5410 5358 4964 394 370 4587 4303 284 274 377 88 289 96 969 98 54 871 116 57 59 755 332 80 252 423 289 134 52 44
is_linear=0
shrinkage=0.05


Tree=59
num_leaves=31
num_cat=0
split_feature=30 5 21 29 24 27 1 26 91 33 9 92 6 8 34 25 35 6 19 9 8 8 22 34 43 87 92 62 12 27
split_gain=18.8918 21.2323 19.3053 18.0361 17.233 16.2219 29.9867 16.9518 16.1876 18.9825 14.487 31.4924 16.4807 14.7361 16.0719 15.6696 14.1628 22.4389 13.7011 12.841 11.2128 18.602 13.3756 14.6538 12.8552 14.9208 11.4231 18.7944 18.2146 18.4935
threshold=1.5000000000000002 1.0000000180025095e-35 23500.000000000004 31.550000000000004 34.45000000000001 98.15000000000002 1.5000000000000002 2.5000000000000004 0.18552886743886743 2.1805000000000008 646.50000000000011 0.19548378885620968 1444500.0000000002 8.1250000000000018 0.5445000000000001 67.750000000000014 5250.0000000000009 100500.00000000001 1.5000000000000002 626.50000000000011 8.8250000000000011 7.8150000000000004 0.42250000000000004 0.6775000000000001 13.119862247171659 -0.031690448026959493 0.19058064585440668 1.0000000180025095e-35 10.500000000000002 83.850000000000009
decision_type=2 2 2 2 2 2 2 2 2 2 2 2 2 2 2 2 2 2 2 2 2 2 2 2 2 2 2 2 2 2
left_child=1 20 3 16 8 7 -7 -6 9 -4 12 13 -2 14 -12 18 17 -3 -15 -14 21 24 23 -23 25 -1 27 -22 29 -28
right_child=10 2 4 -5 5 6 -8 -9 -10 -11 11 -13 19 15 -16 -17 -18 -19 -20 -21 26 22 -24 -25 -26 -27 28 -29 -30 -31
leaf_value=0.05714116681841154 0.010663361534543487 0.038413430765150199 -0.064812610205607635 -0.026211315141925789 -0.014637860595008632 -0.035762996414422363 0.045032067265840886 0.013657162215458932 0.028040207162530296 0.009533521578891143 0.0046290334635536523 -0.066936243277147187 0.027444797321221577 0.010902981905177916 -0.065184957309317601 -0.04303721614525563 0.039191987686329706 -0.056838621501501589 0.04787321650537267 0.073734255761610648 0.017888795364707846 -0.012123571222095855 0.015017534967477828 -0.059478544803561732 0.062231775716562777 -0.028651826178335407 -0.0020808999188265151 -0.046349321771041598 0.0067734373851169099 -0.089441030975883032
leaf_weight=7.7890470921993264 98.213038302958012 13.211423344910147 12.028415903449057 20.226715624332428 562.62315164506435 17.310765214264393 33.44813959300518 58.170099578797817 62.933308787643909 29.066260993480682 21.117653593420982 13.937840610742567 47.01378557831049 381.04092755913734 13.286814875900744 12.565301671624182 60.250491969287395 11.42497183382511 26.851305544376373 22.48117059469223 361.2069248482585 67.123022794723511 29.313747689127922 21.710679985582829 14.881923317909239 14.051669299602509 14.627112209796907 11.622340753674505 172.76703669130802 10.395493566989897
leaf_count=12 252 28 58 71 2051 69 81 144 165 88 56 69 109 1009 59 43 128 47 43 32 798 188 69 82 21 45 44 40 432 46
internal_value=0.0040248 0.00113225 -0.00408153 0.0160031 -0.00681174 -0.00974936 0.0173633 -0.0119767 0.0120952 -0.0122107 0.0113148 0.00678545 0.0239344 0.00906963 -0.0222986 0.011653 0.0261397 -0.00560818 0.0133601 0.0425754 0.00746799 -0.00443865 -0.0141274 -0.0238071 0.0265508 0.0018376 0.0107085 0.015861 0.000967866 -0.0387847
internal_weight=2242.69 1606.18 880.694 105.114 775.58 671.552 50.7589 620.793 104.028 41.0947 636.508 468.8 167.708 454.862 34.4045 420.458 84.8869 24.6364 407.892 69.495 725.489 154.87 118.147 88.8337 36.7226 21.8407 570.619 372.829 197.79 25.0226
internal_count=6379 4707 2930 274 2656 2345 150 2195 311 146 1672 1279 393 1210 115 1095 203 75 1052 141 1777 417 339 270 78 57 1360 838 522 90
is_linear=0
shrinkage=0.05


Tree=60
num_leaves=31
num_cat=0
split_feature=26 21 36 31 92 4 15 5 33 87 22 16 5 12 10 92 24 91 8 23 32 91 4 12 24 24 28 88 85 29
split_gain=18.2242 19.7828 24.1425 17.8227 17.3983 15.5525 19.6996 18.9958 17.313 13.9996 13.7063 16.0115 13.4095 12.7458 12.7348 12.2974 11.9207 17.0089 13.3133 21.8517 13.6137 11.5071 11.1797 10.5464 9.13804 17.6824 9.6552 12.7721 12.0028 10.8197
threshold=1.5000000000000002 20500.000000000004 0.9255000000000001 3.5000000000000004 0.19288890078608964 14.500000000000002 5.5000000000000009 2.5000000000000004 2.5095000000000005 0.0070746139465644505 0.21650000000000003 4.5000000000000009 1.5000000000000002 13.500000000000002 1.0000000180025095e-35 0.18024884102216188 62.050000000000004 0.18921335627843924 10.065000000000003 31500.000000000004 2.0525000000000007 0.18331817834063543 9.5000000000000018 92.500000000000014 61.250000000000007 67.250000000000014 25.500000000000004 0.048786158779653657 1.0000000180025095e-35 36.650000000000013
decision_type=2 2 2 2 2 2 2 2 2 2 2 2 2 2 2 2 2 2 2 2 2 2 2 2 2 2 2 2 2 2
left_child=1 2 10 5 -4 6 14 8 -7 16 11 15 -13 -8 -3 -1 18 21 19 20 -2 -18 -20 -9 26 -26 27 -11 29 -28
right_child=9 3 4 -5 -6 7 13 23 -10 24 -12 12 -14 -15 -16 -17 17 -19 22 -21 -22 -23 -24 -25 25 -27 28 -29 -30 -31
leaf_value=0.06875915786304751 0.037499437470563335 0.020127572568889422 -0.048487176079809423 0.039746226576913964 0.026654331804117144 -0.032627631537686552 0.090517330696789952 -0.061011822398149201 0.012449907758545726 -0.0092476094006282913 0.042587990895928914 -0.066435441759596939 0.024588388435423325 0.020420112271256789 -6.8971160262288318e-05 0.0099988469100867512 0.0032984575486097577 0.043147904579131355 0.045986904093441659 -0.054792666349917932 -0.029369437227375825 -0.070818810290876319 -0.0041608967686007029 0.0041487710408891236 0.039659336224719455 -0.02594473293363448 -0.020832804507746355 -0.09019575292871905 0.022700919253188002 0.042391772815536494
leaf_weight=12.277092956006525 39.105486273765564 82.451909475028515 19.97921209782362 29.313479363918304 12.325043968856333 33.557962529361248 9.0592824816703779 28.395251221954823 57.77303209155798 20.272867515683178 75.294074103236198 10.224529661238195 6.4842929393053046 23.513324826955795 1422.9853237606585 32.877058297395706 11.101019412279131 12.195069357752798 93.751781150698662 10.452341042459009 9.2814515978097898 9.598456144332884 12.384077236056326 7.7444011941552153 38.73068767786026 13.790627121925352 46.187298439443111 6.4038027375936499 48.280512586236 7.7902561128139487
leaf_count=18 75 220 74 52 27 130 13 136 157 58 147 37 16 56 4249 82 28 23 173 43 27 39 35 28 78 42 149 29 109 15
internal_value=0.00483111 0.0027947 0.01908 0.00116236 -0.0196703 0.000477917 0.00187222 -0.0162943 -0.00407592 0.0148228 0.0282509 0.0106798 -0.0308777 0.0402864 0.00103512 0.0262025 0.0240243 -0.00331511 0.0295046 0.0102897 0.0245356 -0.031005 0.0400901 -0.0469376 0.00475371 0.022322 -0.00237569 -0.0291304 0.00457677 -0.011554
internal_weight=2243.58 1864.26 169.461 1694.79 32.3043 1665.48 1538.01 127.471 91.331 379.326 137.157 61.863 16.7088 32.5726 1505.44 45.1542 197.87 32.8945 164.975 58.8393 48.3869 20.6995 106.136 36.1397 181.456 52.5213 128.935 26.6767 102.258 53.9776
internal_count=6365 5442 401 5041 101 4989 4538 451 287 923 300 153 53 69 4469 100 443 90 353 145 102 67 208 164 480 120 360 87 273 164
is_linear=0
shrinkage=0.05


Tree=61
num_leaves=31
num_cat=0
split_feature=26 21 36 31 92 5 10 9 32 12 23 87 87 0 24 8 92 10 22 2 37 2 28 24 35 34 35 18 17 5
split_gain=16.5324 17.9326 21.8612 16.2633 15.7778 13.7591 17.8674 19.5123 16.39 15.5996 16.0513 14.0176 12.7538 18.6492 20.2169 17.1779 15.4876 14.5427 12.4232 15.4093 15.5884 10.6496 11.54 9.07275 9.06298 17.777 15.2722 11.6271 8.67204 13.0035
threshold=1.5000000000000002 20500.000000000004 0.9255000000000001 3.5000000000000004 0.19288890078608964 1.0000000180025095e-35 1.0000000180025095e-35 641.50000000000011 1.2595000000000003 167.50000000000003 30500.000000000004 -0.025264546212969748 0.0070746139465644505 28.500000000000004 62.45000000000001 9.5250000000000004 0.18407325585217613 1.5000000000000002 0.21650000000000003 1.5000000000000002 1.4240000000000002 8.5000000000000018 28.500000000000004 55.95000000000001 54950.000000000007 0.62850000000000017 34550.000000000007 23.350000000000005 461000.00000000006 1.5000000000000002
decision_type=2 2 2 2 2 2 2 2 2 2 2 2 2 2 2 2 2 2 2 2 2 2 2 2 2 2 2 2 2 2
left_child=1 2 18 5 -4 9 8 -8 -7 10 -3 -11 13 -2 15 17 -16 -15 19 -1 -21 24 -23 -17 26 -26 27 -14 29 -20
right_child=12 3 4 -5 -6 6 7 -9 -10 11 -12 -13 21 14 16 23 -18 -19 28 20 -22 22 -24 -25 25 -27 -28 -29 -30 -31
leaf_value=0.046338414726837973 0.046082788944075054 -0.0022030468354233999 -0.046250886364906915 0.038145396221330757 0.025438447525275909 -0.0040309689938516679 0.0073785937903741161 -0.0097313123942771064 0.048922634540142299 0.068077502325613312 0.013732793241047734 0.01265492607630451 0.023760178412458342 0.030937717570761733 0.00036707726701177786 0.021720280227599715 -0.09091671579523268 -0.035945592810320427 0.040613125352799401 0.010199455277322437 -0.060681330519414434 -0.01834339210195619 0.047291180114649341 0.05805915133005532 -0.01510823549067342 0.063710513596252863 -0.05788411772007547 -0.012070911076273231 0.059196857281918092 -0.025062211676734714
leaf_weight=19.880579710006714 60.417212471365929 433.32094695419073 19.904688909649849 29.02805295586586 12.274528615176676 28.089075990021229 223.46079198271036 651.57361637428403 29.966994807124138 17.781188488006592 248.23937897384167 32.507166713476181 32.651338510215282 13.283662527799605 11.971257589757444 58.417779296636581 7.3831915259361258 20.46958065032959 30.910153821110725 31.71942462772131 10.134648971259592 8.9581006765365583 24.891870833933353 24.875264048576355 14.197238162159922 14.100686416029928 13.185937739908693 73.162362307310104 34.345367565751076 9.7818688973784429
leaf_count=38 111 1132 74 52 27 103 677 2319 58 22 603 75 69 26 31 132 33 70 59 77 38 29 51 40 42 20 50 219 51 37
internal_value=0.00459595 0.00265782 0.0181881 0.00110494 -0.0187565 0.000453891 -0.00356813 -0.00535583 0.0232534 0.0055885 0.00359497 0.0324469 0.0141322 0.0229467 0.012636 0.0204935 -0.0344865 -0.00946219 0.0269242 0.0101781 -0.00694834 0.00452009 0.0297714 0.0326894 -0.00126517 0.0240767 -0.00734856 -0.000955172 0.0406032 0.0246803
internal_weight=2240.88 1862.92 168.951 1693.97 32.1792 1664.94 933.09 875.034 58.0561 731.849 681.56 50.2884 377.965 196.818 136.401 117.046 19.3544 33.7532 136.772 61.7347 41.8541 181.148 33.85 83.293 147.298 28.2979 119 105.814 75.0374 40.692
internal_count=6365 5442 401 5041 101 4989 3157 2996 161 1832 1735 97 923 443 332 268 64 96 300 153 115 480 80 172 400 62 338 288 147 96
is_linear=0
shrinkage=0.05


end of trees

feature_importances:
debt_to_income_ratio=78
credit_score=68
interest_rate=61
total_outstanding_debt=61
num_delinquent_accounts=60
secured_loan_percentage=60
num_written_off_accounts=59
credit_history_months=57
loan_to_income_ratio=57
emi_bounce_count_12m=55
years_with_current_employer=53
estimated_monthly_emi=52
salary_credit_regularity=50
essential_spending_pct=49
balance_volatility=47
savings_rate=46
credit_utilization=44
loan_purpose_target_enc=44
num_bounced_checks_12m=43
max_dpd_last_12m=42
avg_monthly_balance=42
emi_to_income_ratio=41
city_target_enc=40
employment_type_target_enc=37
years_employed=34
age=33
num_digital_txns_monthly=32
cash_withdrawal_pct=32
years_at_current_residence=31
loan_amount_requested=28
city_woe=28
annual_income=26
min_balance_breaches_12m=26
industry_target_enc=25
avg_monthly_spending=23
discretionary_spending_pct=22
loan_tenure_months=21
total_outstanding_debt_log=21
num_enquiries_12m=18
num_settled_accounts=18
industry_woe=18
account_age_factor=17
num_enquiries_6m=16
num_credit_accounts=12
annual_income_standardized=10
loan_amount_requested_log=10
employment_type_woe=10
dependents=9
avg_monthly_balance_standardized=8
num_active_accounts=7
education_score=7
loan_purpose_woe=7
estimated_monthly_emi_log=6
is_home_owner=6
education_woe=6
residence_type_woe=6
total_outstanding_debt_normalized=5
marital_status_normalized_SINGLE=4
is_secured_loan=3
is_male=3
loan_risk_category_MEDIUM_RISK=3
avg_monthly_spending_standardized=2
is_salaried=2
is_self_employed=2
employment_stability_score=2
is_married=2
residence_type_normalized_RENTED=2
loan_purpose_normalized_BUSINESS_LOAN=2
estimated_monthly_emi_normalized=1
is_business_owner=1
education_normalized_HIGH_SCHOOL=1
education_normalized_PHD=1
marital_status_normalized_WIDOWED=1
loan_purpose_normalized_CONSUMER_DURABLE=1
loan_purpose_normalized_HOME_LOAN=1
gender_woe=1
marital_status_woe=1

parameters:
[boosting: gbdt]
[objective: binary]
[metric: auc]
[tree_learner: serial]
[device_type: cpu]
[data_sample_strategy: bagging]
[data: ]
[valid: ]
[num_iterations: 1000]
[learning_rate: 0.05]
[num_leaves: 31]
[num_threads: -1]
[seed: 42]
[deterministic: 0]
[force_col_wise: 0]
[force_row_wise: 0]
[histogram_pool_size: -1]
[max_depth: 6]
[min_data_in_leaf: 20]
[min_sum_hessian_in_leaf: 0.001]
[bagging_fraction: 0.8]
[pos_bagging_fraction: 1]
[neg_bagging_fraction: 1]
[bagging_freq: 5]
[bagging_seed: 400]
[bagging_by_query: 0]
[feature_fraction: 0.8]
[feature_fraction_bynode: 1]
[feature_fraction_seed: 30056]
[extra_trees: 0]
[extra_seed: 12879]
[early_stopping_round: 0]
[early_stopping_min_delta: 0]
[first_metric_only: 0]
[max_delta_step: 0]
[lambda_l1: 0.1]
[lambda_l2: 0.1]
[linear_lambda: 0]
[min_gain_to_split: 0]
[drop_rate: 0.1]
[max_drop: 50]
[skip_drop: 0.5]
[xgboost_dart_mode: 0]
[uniform_drop: 0]
[drop_seed: 17869]
[top_rate: 0.2]
[other_rate: 0.1]
[min_data_per_group: 100]
[max_cat_threshold: 32]
[cat_l2: 10]
[cat_smooth: 10]
[max_cat_to_onehot: 4]
[top_k: 20]
[monotone_constraints: ]
[monotone_constraints_method: basic]
[monotone_penalty: 0]
[feature_contri: ]
[forcedsplits_filename: ]
[refit_decay_rate: 0.9]
[cegb_tradeoff: 1]
[cegb_penalty_split: 0]
[cegb_penalty_feature_lazy: ]
[cegb_penalty_feature_coupled: ]
[path_smooth: 0]
[interaction_constraints: ]
[verbosity: -1]
[saved_feature_importance_type: 0]
[use_quantized_grad: 0]
[num_grad_quant_bins: 4]
[quant_train_renew_leaf: 0]
[stochastic_rounding: 1]
[linear_tree: 0]
[max_bin: 255]
[max_bin_by_feature: ]
[min_data_in_bin: 3]
[bin_construct_sample_cnt: 200000]
[data_random_seed: 175]
[is_enable_sparse: 1]
[enable_bundle: 1]
[use_missing: 1]
[zero_as_missing: 0]
[feature_pre_filter: 1]
[pre_partition: 0]
[two_round: 0]
[header: 0]
[label_column: ]
[weight_column: ]
[group_column: ]
[ignore_column: ]
[categorical_feature: ]
[forcedbins_filename: ]
[precise_float_parser: 0]
[parser_config_file: ]
[objective_seed: 16083]
[num_class: 1]
[is_unbalance: 1]
[scale_pos_weight: 1]
[sigmoid: 1]
[boost_from_average: 1]
[reg_sqrt: 0]
[alpha: 0.9]
[fair_c: 1]
[poisson_max_delta_step: 0.7]
[tweedie_variance_power: 1.5]
[lambdarank_truncation_level: 30]
[lambdarank_norm: 1]
[label_gain: ]
[lambdarank_position_bias_regularization: 0]
[eval_at: ]
[multi_error_top_k: 1]
[auc_mu_weights: ]
[num_machines: 1]
[local_listen_port: 12400]
[time_out: 120]
[machine_list_filename: ]
[machines: ]
[gpu_platform_id: -1]
[gpu_device_id: -1]
[gpu_use_dp: 0]
[num_gpu: 1]

end of parameters

pandas_categorical:[]
